"DESCRIPTION","DURATION IN MS","NAME","PARENT SUITE","START TIME","STATUS","STOP TIME","SUB SUITE","SUITE","TEST CLASS","TEST METHOD"
"","0","testHttpAbsoluteOtherHttp","","Wed Jul 08 09:56:22 UTC 2026","passed","Wed Jul 08 09:56:22 UTC 2026","","eu.esdihumboldt.hale.io.xsd.reader.HumboldtURIResolverTest","eu.esdihumboldt.hale.io.xsd.reader.HumboldtURIResolverTest","testHttpAbsoluteOtherHttp"
"","0","testLimit2","","Wed Jul 08 09:43:38 UTC 2026","passed","Wed Jul 08 09:43:38 UTC 2026","","eu.esdihumboldt.hale.common.core.io.supplier.LookupStreamResourceTest","eu.esdihumboldt.hale.common.core.io.supplier.LookupStreamResourceTest","testLimit2"
"","73","testBaseAlignmentSaveLoad","","Wed Jul 08 09:42:09 UTC 2026","passed","Wed Jul 08 09:42:09 UTC 2026","","eu.esdihumboldt.hale.common.align.io.JaxbAlignmentIOTest","eu.esdihumboldt.hale.common.align.io.JaxbAlignmentIOTest","testBaseAlignmentSaveLoad"
"","8823","testNestingAll","","Wed Jul 08 09:45:42 UTC 2026","passed","Wed Jul 08 09:45:51 UTC 2026","","eu.esdihumboldt.hale.common.schema.groovy.DefinitionAccessorTest","eu.esdihumboldt.hale.common.schema.groovy.DefinitionAccessorTest","testNestingAll"
"","19","testEnabled","","Wed Jul 08 09:45:37 UTC 2026","passed","Wed Jul 08 09:45:37 UTC 2026","","eu.esdihumboldt.hale.common.schema.model.constraint.factory.type.HasValueFlagFactoryTest","eu.esdihumboldt.hale.common.schema.model.constraint.factory.type.HasValueFlagFactoryTest","testEnabled"
"","1","testNoGeom","","Wed Jul 08 09:45:37 UTC 2026","passed","Wed Jul 08 09:45:37 UTC 2026","","eu.esdihumboldt.hale.common.schema.model.constraint.factory.type.GeometryTypeFactoryTest","eu.esdihumboldt.hale.common.schema.model.constraint.factory.type.GeometryTypeFactoryTest","testNoGeom"
"","142","testFilterSame6","","Wed Jul 08 09:42:53 UTC 2026","passed","Wed Jul 08 09:42:53 UTC 2026","","eu.esdihumboldt.hale.common.align.merge.test.impl.DefaultMergeCellMigratorTest","eu.esdihumboldt.hale.common.align.merge.test.impl.DefaultMergeCellMigratorTest","testFilterSame6"
"","0","testPropertyMerge","","Wed Jul 08 09:47:03 UTC 2026","skipped","Wed Jul 08 09:47:03 UTC 2026","","eu.esdihumboldt.cst.internal.ConceptualSchemaTransformerTest","eu.esdihumboldt.cst.internal.ConceptualSchemaTransformerTest","testPropertyMerge"
"","0","testGeometryFlippedOnNULLCRS","","Wed Jul 08 09:56:54 UTC 2026","passed","Wed Jul 08 09:56:54 UTC 2026","","eu.esdihumboldt.util.geometry.WindingOrderTest","eu.esdihumboldt.util.geometry.WindingOrderTest","testGeometryFlippedOnNULLCRS"
"","8","testReadModeSingleObject","","Wed Jul 08 09:53:59 UTC 2026","passed","Wed Jul 08 09:53:59 UTC 2026","","eu.esdihumboldt.hale.io.json.test.JsonInstanceReaderTest","eu.esdihumboldt.hale.io.json.test.JsonInstanceReaderTest","testReadModeSingleObject"
"","0","testGeometry_2_Point","","Wed Jul 08 09:51:00 UTC 2026","skipped","Wed Jul 08 09:51:00 UTC 2026","","eu.esdihumboldt.hale.io.gml.writer.internal.StreamGmlWriterTest","eu.esdihumboldt.hale.io.gml.writer.internal.StreamGmlWriterTest","testGeometry_2_Point"
"","1","testInstanceReader","","Wed Jul 08 09:52:01 UTC 2026","skipped","Wed Jul 08 09:52:01 UTC 2026","","eu.esdihumboldt.hale.io.jdbc.mssql.test.MsSQLServer14Test","eu.esdihumboldt.hale.io.jdbc.mssql.test.MsSQLServer14Test","testInstanceReader"
"","1","testSample1","","Wed Jul 08 09:56:54 UTC 2026","passed","Wed Jul 08 09:56:54 UTC 2026","","eu.esdihumboldt.util.geometry.interpolation.grid.GridUtilTest","eu.esdihumboldt.util.geometry.interpolation.grid.GridUtilTest","testSample1"
"","64","testWriteSimpleSchemaWithByteArrayOutputStream","","Wed Jul 08 09:49:03 UTC 2026","passed","Wed Jul 08 09:49:04 UTC 2026","","eu.esdihumboldt.hale.io.csv.writer.CSVInstanceWriterTest","eu.esdihumboldt.hale.io.csv.writer.CSVInstanceWriterTest","testWriteSimpleSchemaWithByteArrayOutputStream"
"","25","testRead_shiporder_types","","Wed Jul 08 09:56:24 UTC 2026","passed","Wed Jul 08 09:56:24 UTC 2026","","eu.esdihumboldt.hale.io.xsd.reader.XmlSchemaReaderTest","eu.esdihumboldt.hale.io.xsd.reader.XmlSchemaReaderTest","testRead_shiporder_types"
"","50","testEmpty","","Wed Jul 08 09:45:37 UTC 2026","passed","Wed Jul 08 09:45:37 UTC 2026","","eu.esdihumboldt.hale.common.schema.model.constraint.factory.type.ValidationConstraintFactoryTest","eu.esdihumboldt.hale.common.schema.model.constraint.factory.type.ValidationConstraintFactoryTest","testEmpty"
"","6","testHalfCircle","","Wed Jul 08 09:56:55 UTC 2026","passed","Wed Jul 08 09:56:55 UTC 2026","","eu.esdihumboldt.util.geometry.interpolation.split.SplitInterpolationTest","eu.esdihumboldt.util.geometry.interpolation.split.SplitInterpolationTest","testHalfCircle"
"","38","testCallClosure","","Wed Jul 08 09:51:17 UTC 2026","passed","Wed Jul 08 09:51:17 UTC 2026","","eu.esdihumboldt.hale.io.groovy.snippets.GroovySnippetsTest","eu.esdihumboldt.hale.io.groovy.snippets.GroovySnippetsTest","testCallClosure"
"","1","testCurve2","","Wed Jul 08 09:47:43 UTC 2026","passed","Wed Jul 08 09:47:43 UTC 2026","","eu.esdihumboldt.cst.functions.geometric.test.InteriorPointTest","eu.esdihumboldt.cst.functions.geometric.test.InteriorPointTest","testCurve2"
"","3","testName","","Wed Jul 08 09:45:51 UTC 2026","passed","Wed Jul 08 09:45:51 UTC 2026","","eu.esdihumboldt.hale.common.schema.groovy.constraints.DisplayNameFactoryTest","eu.esdihumboldt.hale.common.schema.groovy.constraints.DisplayNameFactoryTest","testName"
"","133","testMergeAdditionalProp","","Wed Jul 08 09:47:04 UTC 2026","passed","Wed Jul 08 09:47:04 UTC 2026","","eu.esdihumboldt.cst.internal.ConceptualSchemaTransformerTest","eu.esdihumboldt.cst.internal.ConceptualSchemaTransformerTest","testMergeAdditionalProp"
"","92","testSimpleMerge","","Wed Jul 08 09:47:04 UTC 2026","passed","Wed Jul 08 09:47:04 UTC 2026","","eu.esdihumboldt.cst.internal.ConceptualSchemaTransformerTest","eu.esdihumboldt.cst.internal.ConceptualSchemaTransformerTest","testSimpleMerge"
"","5","testLoopArrayTypeSafe","","Wed Jul 08 09:57:09 UTC 2026","passed","Wed Jul 08 09:57:09 UTC 2026","","eu.esdihumboldt.util.groovy.json.JsonStreamBuilderTest","eu.esdihumboldt.util.groovy.json.JsonStreamBuilderTest","testLoopArrayTypeSafe"
"","425","testRequestNoCache","","Wed Jul 08 09:43:06 UTC 2026","passed","Wed Jul 08 09:43:06 UTC 2026","","eu.esdihumboldt.hale.common.cache.RequestTest","eu.esdihumboldt.hale.common.cache.RequestTest","testRequestNoCache"
"","2","testMerge3","","Wed Jul 08 09:43:38 UTC 2026","passed","Wed Jul 08 09:43:38 UTC 2026","","eu.esdihumboldt.hale.common.core.report.util.StatsMergeTest","eu.esdihumboldt.hale.common.core.report.util.StatsMergeTest","testMerge3"
"","0","testGeometryNormalOnCRS","","Wed Jul 08 09:56:54 UTC 2026","passed","Wed Jul 08 09:56:54 UTC 2026","","eu.esdihumboldt.util.geometry.WindingOrderTest","eu.esdihumboldt.util.geometry.WindingOrderTest","testGeometryNormalOnCRS"
"","125","migrateJoinGroovyRetype","","Wed Jul 08 09:42:57 UTC 2026","passed","Wed Jul 08 09:42:57 UTC 2026","","eu.esdihumboldt.hale.common.align.merge.test.impl.GroovyRetypeMergeTest","eu.esdihumboldt.hale.common.align.merge.test.impl.GroovyRetypeMergeTest","migrateJoinGroovyRetype"
"","332","testGeometryPrimitive_32_MultiPolygon_WindingOrder_CCW","","Wed Jul 08 09:50:58 UTC 2026","passed","Wed Jul 08 09:50:59 UTC 2026","","eu.esdihumboldt.hale.io.gml.writer.internal.StreamGmlWriterTest","eu.esdihumboldt.hale.io.gml.writer.internal.StreamGmlWriterTest","testGeometryPrimitive_32_MultiPolygon_WindingOrder_CCW"
"","4389","checkComplexOrder","","Wed Jul 08 09:52:43 UTC 2026","passed","Wed Jul 08 09:52:47 UTC 2026","","eu.esdihumboldt.hale.io.jdbc.postgresql.test.CheckComplexTypeOrderIT","eu.esdihumboldt.hale.io.jdbc.postgresql.test.CheckComplexTypeOrderIT","checkComplexOrder"
"","1","testDefault","","Wed Jul 08 09:45:37 UTC 2026","passed","Wed Jul 08 09:45:37 UTC 2026","","eu.esdihumboldt.hale.common.schema.model.constraint.factory.type.SkipValidationFactoryTest","eu.esdihumboldt.hale.common.schema.model.constraint.factory.type.SkipValidationFactoryTest","testDefault"
"","10","testDoubleConsume","","Wed Jul 08 09:43:38 UTC 2026","passed","Wed Jul 08 09:43:38 UTC 2026","","eu.esdihumboldt.hale.common.core.io.supplier.LookupStreamResourceTest","eu.esdihumboldt.hale.common.core.io.supplier.LookupStreamResourceTest","testDoubleConsume"
"","4","testElementHasListOfObjects2","","Wed Jul 08 09:57:09 UTC 2026","passed","Wed Jul 08 09:57:09 UTC 2026","","eu.esdihumboldt.util.groovy.json.JsonStreamBuilderTest","eu.esdihumboldt.util.groovy.json.JsonStreamBuilderTest","testElementHasListOfObjects2"
"","152","testWriteDocument","","Wed Jul 08 09:57:33 UTC 2026","passed","Wed Jul 08 09:57:33 UTC 2026","","eu.esdihumboldt.util.orient.embedded.LocalDocumentTest","eu.esdihumboldt.util.orient.embedded.LocalDocumentTest","testWriteDocument"
"","38","testSKOSFromRDF2","","Wed Jul 08 09:48:38 UTC 2026","passed","Wed Jul 08 09:48:38 UTC 2026","","eu.esdihumboldt.hale.io.codelist.skos.test.SkosCodeListTest","eu.esdihumboldt.hale.io.codelist.skos.test.SkosCodeListTest","testSKOSFromRDF2"
"","2","testNumberProperty","","Wed Jul 08 09:53:59 UTC 2026","passed","Wed Jul 08 09:53:59 UTC 2026","","eu.esdihumboldt.hale.io.json.test.JsonSchemaReaderTest","eu.esdihumboldt.hale.io.json.test.JsonSchemaReaderTest","testNumberProperty"
"","4","testNotEqualSimple","","Wed Jul 08 09:43:54 UTC 2026","passed","Wed Jul 08 09:43:54 UTC 2026","","eu.esdihumboldt.hale.common.filter.ECQLFilterTest","eu.esdihumboldt.hale.common.filter.ECQLFilterTest","testNotEqualSimple"
"","0","testGeometryPrimitive_32_CompositeCurve_MultiLineString","","Wed Jul 08 09:50:48 UTC 2026","skipped","Wed Jul 08 09:50:48 UTC 2026","","eu.esdihumboldt.hale.io.gml.writer.internal.StreamGmlWriter2Test","eu.esdihumboldt.hale.io.gml.writer.internal.StreamGmlWriter2Test","testGeometryPrimitive_32_CompositeCurve_MultiLineString"
"","703","testWriteRead","","Wed Jul 08 09:46:07 UTC 2026","passed","Wed Jul 08 09:46:08 UTC 2026","","eu.esdihumboldt.hale.common.schema.persist.hsd.test.HaleSchemaWriterTest","eu.esdihumboldt.hale.common.schema.persist.hsd.test.HaleSchemaWriterTest","testWriteRead"
"","4082","testArrayTypes","","Wed Jul 08 09:52:59 UTC 2026","passed","Wed Jul 08 09:53:04 UTC 2026","","eu.esdihumboldt.hale.io.jdbc.postgresql.test.OneDimensionalArraysIT","eu.esdihumboldt.hale.io.jdbc.postgresql.test.OneDimensionalArraysIT","testArrayTypes"
"","1","testStoreRestoreDefault","","Wed Jul 08 09:45:36 UTC 2026","passed","Wed Jul 08 09:45:36 UTC 2026","","eu.esdihumboldt.hale.common.schema.model.constraint.factory.DisplayNameFactoryTest","eu.esdihumboldt.hale.common.schema.model.constraint.factory.DisplayNameFactoryTest","testStoreRestoreDefault"
"","283","testWfsPaginationIgnoreNumberMatched","","Wed Jul 08 09:50:42 UTC 2026","passed","Wed Jul 08 09:50:42 UTC 2026","","eu.esdihumboldt.hale.io.gml.reader.internal.StreamGmlReaderTest","eu.esdihumboldt.hale.io.gml.reader.internal.StreamGmlReaderTest","testWfsPaginationIgnoreNumberMatched"
"","843","simpleSchemaTestCQL","","Wed Jul 08 09:43:56 UTC 2026","passed","Wed Jul 08 09:43:57 UTC 2026","","eu.esdihumboldt.hale.common.filter.FilterTest","eu.esdihumboldt.hale.common.filter.FilterTest","simpleSchemaTestCQL"
"","6","testComplexStructureFromTheGuardianTypeSafe","","Wed Jul 08 09:57:09 UTC 2026","passed","Wed Jul 08 09:57:09 UTC 2026","","eu.esdihumboldt.util.groovy.json.JsonStreamBuilderTest","eu.esdihumboldt.util.groovy.json.JsonStreamBuilderTest","testComplexStructureFromTheGuardianTypeSafe"
"","2078","testReadMultiSheetTypeSettingsNamedNoGeneralSkip","","Wed Jul 08 09:56:03 UTC 2026","passed","Wed Jul 08 09:56:05 UTC 2026","","eu.esdihumboldt.hale.io.xls.test.reader.XLSReaderTest","eu.esdihumboldt.hale.io.xls.test.reader.XLSReaderTest","testReadMultiSheetTypeSettingsNamedNoGeneralSkip"
"","42","testReadXsdInstancesTypenameAmbiguousLocalName","","Wed Jul 08 09:54:57 UTC 2026","passed","Wed Jul 08 09:54:57 UTC 2026","","eu.esdihumboldt.hale.io.shp.ShapeInstanceReaderTest","eu.esdihumboldt.hale.io.shp.ShapeInstanceReaderTest","testReadXsdInstancesTypenameAmbiguousLocalName"
"","1","testDefault","","Wed Jul 08 09:45:37 UTC 2026","passed","Wed Jul 08 09:45:37 UTC 2026","","eu.esdihumboldt.hale.common.schema.model.constraint.factory.type.HasValueFlagFactoryTest","eu.esdihumboldt.hale.common.schema.model.constraint.factory.type.HasValueFlagFactoryTest","testDefault"
"","4267","testTransformXml","","Wed Jul 08 09:40:54 UTC 2026","passed","Wed Jul 08 09:40:58 UTC 2026","","eu.esdihumboldt.hale.app.transform.test.ExecuteTest","eu.esdihumboldt.hale.app.transform.test.ExecuteTest","testTransformXml"
"","148","testSqlQuery","","Wed Jul 08 09:57:33 UTC 2026","passed","Wed Jul 08 09:57:33 UTC 2026","","eu.esdihumboldt.util.orient.embedded.LocalDocumentTest","eu.esdihumboldt.util.orient.embedded.LocalDocumentTest","testSqlQuery"
"","3","testInstanceNoValueNullNoSchema","","Wed Jul 08 09:43:54 UTC 2026","passed","Wed Jul 08 09:43:54 UTC 2026","","eu.esdihumboldt.hale.common.filter.ECQLFilterTest","eu.esdihumboldt.hale.common.filter.ECQLFilterTest","testInstanceNoValueNullNoSchema"
"","3434","testAdvCrsFactories","","Wed Jul 08 09:45:15 UTC 2026","passed","Wed Jul 08 09:45:18 UTC 2026","","eu.esdihumboldt.hale.common.referencing.factory.CrsAuthorityFactoryTest","eu.esdihumboldt.hale.common.referencing.factory.CrsAuthorityFactoryTest","testAdvCrsFactories"
"","16","testNumberList","","Wed Jul 08 09:43:53 UTC 2026","passed","Wed Jul 08 09:43:53 UTC 2026","","eu.esdihumboldt.hale.common.filter.CQLFilterTest","eu.esdihumboldt.hale.common.filter.CQLFilterTest","testNumberList"
"","104","testGmlReferencesMultiPartFill","","Wed Jul 08 09:44:25 UTC 2026","passed","Wed Jul 08 09:44:25 UTC 2026","","eu.esdihumboldt.hale.common.instance.graph.test.ReferenceGraphTest","eu.esdihumboldt.hale.common.instance.graph.test.ReferenceGraphTest","testGmlReferencesMultiPartFill"
"","1","testNested","","Wed Jul 08 09:56:46 UTC 2026","passed","Wed Jul 08 09:56:46 UTC 2026","","eu.esdihumboldt.util.config.ConfigMergerTest","eu.esdihumboldt.util.config.ConfigMergerTest","testNested"
"","67","testSchema","","Wed Jul 08 09:44:42 UTC 2026","passed","Wed Jul 08 09:44:42 UTC 2026","","eu.esdihumboldt.hale.common.instance.groovy.InstanceFamilyAccessorTest","eu.esdihumboldt.hale.common.instance.groovy.InstanceFamilyAccessorTest","testSchema"
"","0","testExistsSchema","","Wed Jul 08 09:43:54 UTC 2026","skipped","Wed Jul 08 09:43:54 UTC 2026","","eu.esdihumboldt.hale.common.filter.CQLFilterTest","eu.esdihumboldt.hale.common.filter.CQLFilterTest","testExistsSchema"
"","17","testBackwardCompatibilityRead","","Wed Jul 08 09:56:05 UTC 2026","passed","Wed Jul 08 09:56:05 UTC 2026","","eu.esdihumboldt.hale.io.xls.test.reader.XLSReaderTest","eu.esdihumboldt.hale.io.xls.test.reader.XLSReaderTest","testBackwardCompatibilityRead"
"","4","testDisabled","","Wed Jul 08 09:45:37 UTC 2026","passed","Wed Jul 08 09:45:37 UTC 2026","","eu.esdihumboldt.hale.common.schema.model.constraint.factory.type.MappableFlagFactoryTest","eu.esdihumboldt.hale.common.schema.model.constraint.factory.type.MappableFlagFactoryTest","testDisabled"
"","0","testGroup","","Wed Jul 08 09:46:51 UTC 2026","skipped","Wed Jul 08 09:46:51 UTC 2026","","eu.esdihumboldt.cst.internal.ConceptualSchemaTransformerTest","eu.esdihumboldt.cst.internal.ConceptualSchemaTransformerTest","testGroup"
"","76","testWriteDates","","Wed Jul 08 09:55:03 UTC 2026","passed","Wed Jul 08 09:55:04 UTC 2026","","eu.esdihumboldt.hale.io.shp.ShapefileInstanceWriterTest","eu.esdihumboldt.hale.io.shp.ShapefileInstanceWriterTest","testWriteDates"
"","271","testGroovy2","","Wed Jul 08 09:46:55 UTC 2026","passed","Wed Jul 08 09:46:55 UTC 2026","","eu.esdihumboldt.cst.internal.ConceptualSchemaTransformerTest","eu.esdihumboldt.cst.internal.ConceptualSchemaTransformerTest","testGroovy2"
"","124","testPropertyJoin","","Wed Jul 08 09:47:06 UTC 2026","passed","Wed Jul 08 09:47:06 UTC 2026","","eu.esdihumboldt.cst.internal.ConceptualSchemaTransformerTest","eu.esdihumboldt.cst.internal.ConceptualSchemaTransformerTest","testPropertyJoin"
"","172","testGroovyWarningMerge","","Wed Jul 08 09:42:53 UTC 2026","passed","Wed Jul 08 09:42:53 UTC 2026","","eu.esdihumboldt.hale.common.align.merge.test.impl.DefaultMergeCellMigratorTest","eu.esdihumboldt.hale.common.align.merge.test.impl.DefaultMergeCellMigratorTest","testGroovyWarningMerge"
"","88","testCMUnion3","","Wed Jul 08 09:47:05 UTC 2026","passed","Wed Jul 08 09:47:06 UTC 2026","","eu.esdihumboldt.cst.internal.ConceptualSchemaTransformerTest","eu.esdihumboldt.cst.internal.ConceptualSchemaTransformerTest","testCMUnion3"
"","0","testAschemaReader","","Wed Jul 08 09:52:01 UTC 2026","skipped","Wed Jul 08 09:52:01 UTC 2026","","eu.esdihumboldt.hale.io.jdbc.mssql.test.MsSQLServer14Test","eu.esdihumboldt.hale.io.jdbc.mssql.test.MsSQLServer14Test","testAschemaReader"
"","244","testMultiResult2","","Wed Jul 08 09:46:56 UTC 2026","passed","Wed Jul 08 09:46:56 UTC 2026","","eu.esdihumboldt.cst.internal.ConceptualSchemaTransformerTest","eu.esdihumboldt.cst.internal.ConceptualSchemaTransformerTest","testMultiResult2"
"","1","testIterateEmpty","","Wed Jul 08 09:44:08 UTC 2026","passed","Wed Jul 08 09:44:08 UTC 2026","","eu.esdihumboldt.hale.common.instance.tools.impl.SimplePartitionerTest","eu.esdihumboldt.hale.common.instance.tools.impl.SimplePartitionerTest","testIterateEmpty"
"","0","testMethodCallWithNamedArgumentsTypeSafe","","Wed Jul 08 09:57:09 UTC 2026","passed","Wed Jul 08 09:57:09 UTC 2026","","eu.esdihumboldt.util.groovy.json.JsonStreamBuilderTest","eu.esdihumboldt.util.groovy.json.JsonStreamBuilderTest","testMethodCallWithNamedArgumentsTypeSafe"
"","9","testSKOSFromRDF4_language_en","","Wed Jul 08 09:48:38 UTC 2026","passed","Wed Jul 08 09:48:38 UTC 2026","","eu.esdihumboldt.hale.io.codelist.skos.test.SkosCodeListTest","eu.esdihumboldt.hale.io.codelist.skos.test.SkosCodeListTest","testSKOSFromRDF4_language_en"
"","20","testShapefileInstanceFromFile","","Wed Jul 08 09:54:57 UTC 2026","passed","Wed Jul 08 09:54:57 UTC 2026","","eu.esdihumboldt.hale.io.shp.ShapeInstanceReaderTest","eu.esdihumboldt.hale.io.shp.ShapeInstanceReaderTest","testShapefileInstanceFromFile"
"","31","testWriteReadDateTime","","Wed Jul 08 09:55:07 UTC 2026","passed","Wed Jul 08 09:55:07 UTC 2026","","eu.esdihumboldt.hale.io.shp.ShapefileInstanceWriterTest","eu.esdihumboldt.hale.io.shp.ShapefileInstanceWriterTest","testWriteReadDateTime"
"","70","testWriteDocument","","Wed Jul 08 09:57:34 UTC 2026","passed","Wed Jul 08 09:57:34 UTC 2026","","eu.esdihumboldt.util.orient.embedded.MemoryDocumentTest","eu.esdihumboldt.util.orient.embedded.MemoryDocumentTest","testWriteDocument"
"","0","testSame","","Wed Jul 08 09:43:26 UTC 2026","passed","Wed Jul 08 09:43:26 UTC 2026","","eu.esdihumboldt.hale.common.core.io.PathUpdateTest","eu.esdihumboldt.hale.common.core.io.PathUpdateTest","testSame"
"","12","testGeoJsonSimpleMoreThan_14","","Wed Jul 08 09:53:56 UTC 2026","passed","Wed Jul 08 09:53:56 UTC 2026","","eu.esdihumboldt.hale.io.json.test.InstanceToJsonTest","eu.esdihumboldt.hale.io.json.test.InstanceToJsonTest","testGeoJsonSimpleMoreThan_14"
"","43","testLoadChoice2","","Wed Jul 08 09:49:52 UTC 2026","passed","Wed Jul 08 09:49:52 UTC 2026","","eu.esdihumboldt.hale.io.gml.reader.internal.GmlInstanceCollectionTest","eu.esdihumboldt.hale.io.gml.reader.internal.GmlInstanceCollectionTest","testLoadChoice2"
"","4","testGeoCrosses","","Wed Jul 08 09:43:54 UTC 2026","passed","Wed Jul 08 09:43:54 UTC 2026","","eu.esdihumboldt.hale.common.filter.ECQLFilterTest","eu.esdihumboldt.hale.common.filter.ECQLFilterTest","testGeoCrosses"
"","12","testDefault","","Wed Jul 08 09:45:36 UTC 2026","passed","Wed Jul 08 09:45:36 UTC 2026","","eu.esdihumboldt.hale.common.schema.model.constraint.factory.property.ChoiceFlagFactoryTest","eu.esdihumboldt.hale.common.schema.model.constraint.factory.property.ChoiceFlagFactoryTest","testDefault"
"","15","testReadVersion4","","Wed Jul 08 09:53:36 UTC 2026","passed","Wed Jul 08 09:53:36 UTC 2026","","eu.esdihumboldt.hale.io.jdbc.spatialite.reader.internal.SpatiaLiteInstanceReaderTest","eu.esdihumboldt.hale.io.jdbc.spatialite.reader.internal.SpatiaLiteInstanceReaderTest","testReadVersion4"
"","7","testReadModeDefault","","Wed Jul 08 09:53:59 UTC 2026","passed","Wed Jul 08 09:53:59 UTC 2026","","eu.esdihumboldt.hale.io.json.test.JsonInstanceReaderTest","eu.esdihumboldt.hale.io.json.test.JsonInstanceReaderTest","testReadModeDefault"
"","2335","testWriteNotNestedProperties","","Wed Jul 08 09:56:05 UTC 2026","passed","Wed Jul 08 09:56:08 UTC 2026","","eu.esdihumboldt.hale.io.xls.test.writer.XLSInstanceWriterTest","eu.esdihumboldt.hale.io.xls.test.writer.XLSInstanceWriterTest","testWriteNotNestedProperties"
"","15","testValuesAllowOthers","","Wed Jul 08 09:45:37 UTC 2026","passed","Wed Jul 08 09:45:37 UTC 2026","","eu.esdihumboldt.hale.common.schema.model.constraint.factory.type.EnumerationFactoryTest","eu.esdihumboldt.hale.common.schema.model.constraint.factory.type.EnumerationFactoryTest","testValuesAllowOthers"
"","2411","testValid","","Wed Jul 08 09:54:11 UTC 2026","passed","Wed Jul 08 09:54:13 UTC 2026","","eu.esdihumboldt.hale.io.schematron.SchematronInstanceValidatorTest","eu.esdihumboldt.hale.io.schematron.SchematronInstanceValidatorTest","testValid"
"","5","testSchemaLessInstance","","Wed Jul 08 09:44:42 UTC 2026","passed","Wed Jul 08 09:44:42 UTC 2026","","eu.esdihumboldt.hale.common.instance.groovy.InstanceBuilderTest","eu.esdihumboldt.hale.common.instance.groovy.InstanceBuilderTest","testSchemaLessInstance"
"","0","testComplexWrite","","Wed Jul 08 09:57:34 UTC 2026","skipped","Wed Jul 08 09:57:34 UTC 2026","","eu.esdihumboldt.util.orient.embedded.MemoryDocumentTest","eu.esdihumboldt.util.orient.embedded.MemoryDocumentTest","testComplexWrite"
"","328","testGeometryPrimitive_32_MultiLineString_Curve2","","Wed Jul 08 09:50:56 UTC 2026","passed","Wed Jul 08 09:50:56 UTC 2026","","eu.esdihumboldt.hale.io.gml.writer.internal.StreamGmlWriterTest","eu.esdihumboldt.hale.io.gml.writer.internal.StreamGmlWriterTest","testGeometryPrimitive_32_MultiLineString_Curve2"
"","7","testReadPoint","","Wed Jul 08 09:53:59 UTC 2026","passed","Wed Jul 08 09:53:59 UTC 2026","","eu.esdihumboldt.hale.io.json.test.JsonToInstanceTest","eu.esdihumboldt.hale.io.json.test.JsonToInstanceTest","testReadPoint"
"","23","testGeoBboxList","","Wed Jul 08 09:43:54 UTC 2026","passed","Wed Jul 08 09:43:54 UTC 2026","","eu.esdihumboldt.hale.common.filter.CQLFilterTest","eu.esdihumboldt.hale.common.filter.CQLFilterTest","testGeoBboxList"
"","3","testLikeNoSchema","","Wed Jul 08 09:43:54 UTC 2026","passed","Wed Jul 08 09:43:54 UTC 2026","","eu.esdihumboldt.hale.common.filter.CQLFilterTest","eu.esdihumboldt.hale.common.filter.CQLFilterTest","testLikeNoSchema"
"","0","testInstanceExistsSchema","","Wed Jul 08 09:43:54 UTC 2026","skipped","Wed Jul 08 09:43:54 UTC 2026","","eu.esdihumboldt.hale.common.filter.CQLFilterTest","eu.esdihumboldt.hale.common.filter.CQLFilterTest","testInstanceExistsSchema"
"","0","testLoadShiporderCQL","","Wed Jul 08 09:43:57 UTC 2026","skipped","Wed Jul 08 09:43:57 UTC 2026","","eu.esdihumboldt.hale.common.filter.FilterTest","eu.esdihumboldt.hale.common.filter.FilterTest","testLoadShiporderCQL"
"","149","testReadSimpleArray","","Wed Jul 08 09:53:59 UTC 2026","passed","Wed Jul 08 09:53:59 UTC 2026","","eu.esdihumboldt.hale.io.json.test.JsonToInstanceTest","eu.esdihumboldt.hale.io.json.test.JsonToInstanceTest","testReadSimpleArray"
"","5","testRange","","Wed Jul 08 09:45:52 UTC 2026","passed","Wed Jul 08 09:45:52 UTC 2026","","eu.esdihumboldt.hale.common.schema.groovy.constraints.EnumerationFactoryTest","eu.esdihumboldt.hale.common.schema.groovy.constraints.EnumerationFactoryTest","testRange"
"","0","testIterateRest","","Wed Jul 08 09:44:08 UTC 2026","passed","Wed Jul 08 09:44:08 UTC 2026","","eu.esdihumboldt.hale.common.instance.tools.impl.SimplePartitionerTest","eu.esdihumboldt.hale.common.instance.tools.impl.SimplePartitionerTest","testIterateRest"
"","25","testReadSchema","","Wed Jul 08 09:49:39 UTC 2026","passed","Wed Jul 08 09:49:39 UTC 2026","","eu.esdihumboldt.hale.io.geopackage.GeopackageSchemaReaderTest","eu.esdihumboldt.hale.io.geopackage.GeopackageSchemaReaderTest","testReadSchema"
"","6","testValuePropertiesList","","Wed Jul 08 09:43:37 UTC 2026","passed","Wed Jul 08 09:43:37 UTC 2026","","eu.esdihumboldt.hale.common.core.io.impl.ValuePropertiesTypeTest","eu.esdihumboldt.hale.common.core.io.impl.ValuePropertiesTypeTest","testValuePropertiesList"
"","1","testDefault","","Wed Jul 08 09:45:36 UTC 2026","passed","Wed Jul 08 09:45:36 UTC 2026","","eu.esdihumboldt.hale.common.schema.model.constraint.factory.property.UniqueConstraintFactoryTest","eu.esdihumboldt.hale.common.schema.model.constraint.factory.property.UniqueConstraintFactoryTest","testDefault"
"","1","testCCW1","","Wed Jul 08 09:56:55 UTC 2026","passed","Wed Jul 08 09:56:55 UTC 2026","","eu.esdihumboldt.util.geometry.interpolation.model.impl.ArcByCenterPointImplTest","eu.esdihumboldt.util.geometry.interpolation.model.impl.ArcByCenterPointImplTest","testCCW1"
"","3","testCW1","","Wed Jul 08 09:56:54 UTC 2026","passed","Wed Jul 08 09:56:54 UTC 2026","","eu.esdihumboldt.util.geometry.interpolation.model.impl.ArcByCenterPointImplTest","eu.esdihumboldt.util.geometry.interpolation.model.impl.ArcByCenterPointImplTest","testCW1"
"","1462","testLoadShiporderWrapped","","Wed Jul 08 09:44:07 UTC 2026","passed","Wed Jul 08 09:44:08 UTC 2026","","eu.esdihumboldt.hale.common.instance.helper.PropertyResolverTest","eu.esdihumboldt.hale.common.instance.helper.PropertyResolverTest","testLoadShiporderWrapped"
"","392","testReadJsonArray","","Wed Jul 08 09:53:58 UTC 2026","passed","Wed Jul 08 09:53:58 UTC 2026","","eu.esdihumboldt.hale.io.json.test.JsonInstanceCollectionTest","eu.esdihumboldt.hale.io.json.test.JsonInstanceCollectionTest","testReadJsonArray"
"","27","testJsonBuilderSameNameFail","","Wed Jul 08 09:57:09 UTC 2026","passed","Wed Jul 08 09:57:09 UTC 2026","","eu.esdihumboldt.util.groovy.json.JsonStreamBuilderTest","eu.esdihumboldt.util.groovy.json.JsonStreamBuilderTest","testJsonBuilderSameNameFail"
"","163","testNativeQuery","","Wed Jul 08 09:57:33 UTC 2026","passed","Wed Jul 08 09:57:33 UTC 2026","","eu.esdihumboldt.util.orient.embedded.LocalDocumentTest","eu.esdihumboldt.util.orient.embedded.LocalDocumentTest","testNativeQuery"
"","1","testCurve","","Wed Jul 08 09:47:43 UTC 2026","passed","Wed Jul 08 09:47:43 UTC 2026","","eu.esdihumboldt.cst.functions.geometric.test.InteriorPointTest","eu.esdihumboldt.cst.functions.geometric.test.InteriorPointTest","testCurve"
"","113","testCMMulti4","","Wed Jul 08 09:47:05 UTC 2026","passed","Wed Jul 08 09:47:05 UTC 2026","","eu.esdihumboldt.cst.internal.ConceptualSchemaTransformerTest","eu.esdihumboldt.cst.internal.ConceptualSchemaTransformerTest","testCMMulti4"
"","6","testMerge2","","Wed Jul 08 09:43:38 UTC 2026","passed","Wed Jul 08 09:43:38 UTC 2026","","eu.esdihumboldt.hale.common.core.report.util.StatsMergeTest","eu.esdihumboldt.hale.common.core.report.util.StatsMergeTest","testMerge2"
"","320","testGeometryPrimitive_32_Point","","Wed Jul 08 09:50:58 UTC 2026","passed","Wed Jul 08 09:50:58 UTC 2026","","eu.esdihumboldt.hale.io.gml.writer.internal.StreamGmlWriterTest","eu.esdihumboldt.hale.io.gml.writer.internal.StreamGmlWriterTest","testGeometryPrimitive_32_Point"
"","0","testHasNext","","Wed Jul 08 09:57:32 UTC 2026","skipped","Wed Jul 08 09:57:32 UTC 2026","","eu.esdihumboldt.util.orient.embedded.BrowseClassIterateTest","eu.esdihumboldt.util.orient.embedded.BrowseClassIterateTest","testHasNext"
"","0","testFormatter[7]","","Wed Jul 08 09:56:50 UTC 2026","passed","Wed Jul 08 09:56:50 UTC 2026","","eu.esdihumboldt.util.geometry.DecimalFormatUtilTest","eu.esdihumboldt.util.geometry.DecimalFormatUtilTest","testFormatter[7]"
"","22","testConstraints","","Wed Jul 08 09:45:51 UTC 2026","passed","Wed Jul 08 09:45:51 UTC 2026","","eu.esdihumboldt.hale.common.schema.groovy.SchemaBuilderTest","eu.esdihumboldt.hale.common.schema.groovy.SchemaBuilderTest","testConstraints"
"","9","testInstanceNoValueNullNoSchema","","Wed Jul 08 09:43:54 UTC 2026","passed","Wed Jul 08 09:43:54 UTC 2026","","eu.esdihumboldt.hale.common.filter.CQLFilterTest","eu.esdihumboldt.hale.common.filter.CQLFilterTest","testInstanceNoValueNullNoSchema"
"","101","testFormatstring","","Wed Jul 08 09:47:06 UTC 2026","passed","Wed Jul 08 09:47:06 UTC 2026","","eu.esdihumboldt.cst.internal.ConceptualSchemaTransformerTest","eu.esdihumboldt.cst.internal.ConceptualSchemaTransformerTest","testFormatstring"
"","26","testLoopArrayPrettyPrint","","Wed Jul 08 09:57:09 UTC 2026","passed","Wed Jul 08 09:57:09 UTC 2026","","eu.esdihumboldt.util.groovy.json.JsonStreamBuilderTest","eu.esdihumboldt.util.groovy.json.JsonStreamBuilderTest","testLoopArrayPrettyPrint"
"","32","testValueMap","","Wed Jul 08 09:43:37 UTC 2026","passed","Wed Jul 08 09:43:37 UTC 2026","","eu.esdihumboldt.hale.common.core.io.impl.ValueMapTypeTest","eu.esdihumboldt.hale.common.core.io.impl.ValueMapTypeTest","testValueMap"
"","6","testGeoJson","","Wed Jul 08 09:53:59 UTC 2026","passed","Wed Jul 08 09:53:59 UTC 2026","","eu.esdihumboldt.hale.io.json.test.JsonSchemaReaderTest","eu.esdihumboldt.hale.io.json.test.JsonSchemaReaderTest","testGeoJson"
"","77","testMathExpression","","Wed Jul 08 09:47:07 UTC 2026","passed","Wed Jul 08 09:47:07 UTC 2026","","eu.esdihumboldt.cst.internal.ConceptualSchemaTransformerTest","eu.esdihumboldt.cst.internal.ConceptualSchemaTransformerTest","testMathExpression"
"","0","testBeforeList","","Wed Jul 08 09:43:54 UTC 2026","skipped","Wed Jul 08 09:43:54 UTC 2026","","eu.esdihumboldt.hale.common.filter.ECQLFilterTest","eu.esdihumboldt.hale.common.filter.ECQLFilterTest","testBeforeList"
"","6","testNumberList","","Wed Jul 08 09:43:54 UTC 2026","passed","Wed Jul 08 09:43:54 UTC 2026","","eu.esdihumboldt.hale.common.filter.ECQLFilterTest","eu.esdihumboldt.hale.common.filter.ECQLFilterTest","testNumberList"
"","18","testArray","","Wed Jul 08 09:45:36 UTC 2026","passed","Wed Jul 08 09:45:36 UTC 2026","","eu.esdihumboldt.hale.common.schema.model.constraint.factory.type.BindingFactoryTest","eu.esdihumboldt.hale.common.schema.model.constraint.factory.type.BindingFactoryTest","testArray"
"","0","testGeometry_2_MultiPoint","","Wed Jul 08 09:50:59 UTC 2026","skipped","Wed Jul 08 09:50:59 UTC 2026","","eu.esdihumboldt.hale.io.gml.writer.internal.StreamGmlWriterTest","eu.esdihumboldt.hale.io.gml.writer.internal.StreamGmlWriterTest","testGeometry_2_MultiPoint"
"","55","testLoadWVAIgnoreNamespace","","Wed Jul 08 09:49:52 UTC 2026","passed","Wed Jul 08 09:49:53 UTC 2026","","eu.esdihumboldt.hale.io.gml.reader.internal.GmlInstanceCollectionTest","eu.esdihumboldt.hale.io.gml.reader.internal.GmlInstanceCollectionTest","testLoadWVAIgnoreNamespace"
"","33","testRead_shiporder_unqualified","","Wed Jul 08 09:56:24 UTC 2026","passed","Wed Jul 08 09:56:24 UTC 2026","","eu.esdihumboldt.hale.io.xsd.reader.XmlSchemaReaderTest","eu.esdihumboldt.hale.io.xsd.reader.XmlSchemaReaderTest","testRead_shiporder_unqualified"
"","0","testInstanceReader","","Wed Jul 08 09:52:01 UTC 2026","skipped","Wed Jul 08 09:52:01 UTC 2026","","eu.esdihumboldt.hale.io.jdbc.mssql.test.MsSqlDataReaderTest","eu.esdihumboldt.hale.io.jdbc.mssql.test.MsSqlDataReaderTest","testInstanceReader"
"","3163","testArgsFileWOFilterForMultiTypesSource","","Wed Jul 08 09:41:02 UTC 2026","passed","Wed Jul 08 09:41:05 UTC 2026","","eu.esdihumboldt.hale.app.transform.test.ExecuteTest","eu.esdihumboldt.hale.app.transform.test.ExecuteTest","testArgsFileWOFilterForMultiTypesSource"
"","190","testRetypeCondition","","Wed Jul 08 09:42:59 UTC 2026","passed","Wed Jul 08 09:42:59 UTC 2026","","eu.esdihumboldt.hale.common.align.merge.test.impl.JoinRetainConditionsTest","eu.esdihumboldt.hale.common.align.merge.test.impl.JoinRetainConditionsTest","testRetypeCondition"
"","0","testReverseGroupsKeysBySharedValue","","Wed Jul 08 09:45:02 UTC 2026","passed","Wed Jul 08 09:45:02 UTC 2026","","eu.esdihumboldt.hale.common.lookup.impl.LookupTableImplTest","eu.esdihumboldt.hale.common.lookup.impl.LookupTableImplTest","testReverseGroupsKeysBySharedValue"
"","112","testGroovyWarningCreateTarget","","Wed Jul 08 09:42:57 UTC 2026","passed","Wed Jul 08 09:42:57 UTC 2026","","eu.esdihumboldt.hale.common.align.merge.test.impl.DefaultMergeCellMigratorTest","eu.esdihumboldt.hale.common.align.merge.test.impl.DefaultMergeCellMigratorTest","testGroovyWarningCreateTarget"
"","1","testDefault","","Wed Jul 08 09:45:36 UTC 2026","passed","Wed Jul 08 09:45:36 UTC 2026","","eu.esdihumboldt.hale.common.schema.model.constraint.factory.type.AbstractFlagFactoryTest","eu.esdihumboldt.hale.common.schema.model.constraint.factory.type.AbstractFlagFactoryTest","testDefault"
"","1","testDisabled","","Wed Jul 08 09:45:37 UTC 2026","passed","Wed Jul 08 09:45:37 UTC 2026","","eu.esdihumboldt.hale.common.schema.model.constraint.factory.type.MappingRelevantFlagFactoryTest","eu.esdihumboldt.hale.common.schema.model.constraint.factory.type.MappingRelevantFlagFactoryTest","testDisabled"
"","276","testRef","","Wed Jul 08 09:45:36 UTC 2026","passed","Wed Jul 08 09:45:36 UTC 2026","","eu.esdihumboldt.hale.common.schema.model.constraint.factory.property.ReferenceFactoryTest","eu.esdihumboldt.hale.common.schema.model.constraint.factory.property.ReferenceFactoryTest","testRef"
"","13","testReadFirstArray","","Wed Jul 08 09:53:58 UTC 2026","passed","Wed Jul 08 09:53:58 UTC 2026","","eu.esdihumboldt.hale.io.json.test.JsonInstanceCollectionTest","eu.esdihumboldt.hale.io.json.test.JsonInstanceCollectionTest","testReadFirstArray"
"","1","testString","","Wed Jul 08 09:45:36 UTC 2026","passed","Wed Jul 08 09:45:36 UTC 2026","","eu.esdihumboldt.hale.common.schema.model.constraint.factory.type.BindingFactoryTest","eu.esdihumboldt.hale.common.schema.model.constraint.factory.type.BindingFactoryTest","testString"
"","5","testNumber","","Wed Jul 08 09:43:54 UTC 2026","passed","Wed Jul 08 09:43:54 UTC 2026","","eu.esdihumboldt.hale.common.filter.ECQLFilterTest","eu.esdihumboldt.hale.common.filter.ECQLFilterTest","testNumber"
"","394","testValueListValueListJson","","Wed Jul 08 09:43:36 UTC 2026","passed","Wed Jul 08 09:43:37 UTC 2026","","eu.esdihumboldt.hale.common.core.io.impl.ValueListTypeTest","eu.esdihumboldt.hale.common.core.io.impl.ValueListTypeTest","testValueListValueListJson"
"","92","testGeoBbox","","Wed Jul 08 09:43:53 UTC 2026","passed","Wed Jul 08 09:43:53 UTC 2026","","eu.esdihumboldt.hale.common.filter.CQLFilterTest","eu.esdihumboldt.hale.common.filter.CQLFilterTest","testGeoBbox"
"","212","testLarge","","Wed Jul 08 09:56:55 UTC 2026","passed","Wed Jul 08 09:56:55 UTC 2026","","eu.esdihumboldt.util.geometry.interpolation.split.SplitInterpolationTest","eu.esdihumboldt.util.geometry.interpolation.split.SplitInterpolationTest","testLarge"
"","6","testHalfCircle","","Wed Jul 08 09:56:54 UTC 2026","passed","Wed Jul 08 09:56:54 UTC 2026","","eu.esdihumboldt.util.geometry.interpolation.grid.GridInterpolationTest","eu.esdihumboldt.util.geometry.interpolation.grid.GridInterpolationTest","testHalfCircle"
"","9","testNestedListMap","","Wed Jul 08 09:57:09 UTC 2026","passed","Wed Jul 08 09:57:09 UTC 2026","","eu.esdihumboldt.util.groovy.json.JsonStreamBuilderTest","eu.esdihumboldt.util.groovy.json.JsonStreamBuilderTest","testNestedListMap"
"","72","testBaseNameFromFile","","Wed Jul 08 09:54:47 UTC 2026","passed","Wed Jul 08 09:54:47 UTC 2026","","eu.esdihumboldt.hale.io.shp.ShapeInstanceReaderTest","eu.esdihumboldt.hale.io.shp.ShapeInstanceReaderTest","testBaseNameFromFile"
"","4374","testLoadImgeo_Scheiding","","Wed Jul 08 09:49:48 UTC 2026","passed","Wed Jul 08 09:49:52 UTC 2026","","eu.esdihumboldt.hale.io.gml.reader.internal.GmlInstanceCollectionTest","eu.esdihumboldt.hale.io.gml.reader.internal.GmlInstanceCollectionTest","testLoadImgeo_Scheiding"
"","11099","test1","","Wed Jul 08 09:46:14 UTC 2026","passed","Wed Jul 08 09:46:25 UTC 2026","","eu.esdihumboldt.hale.common.service.helper.test.PopulationCountTest","eu.esdihumboldt.hale.common.service.helper.test.PopulationCountTest","test1"
"","9","testSKOSFromRDF3","","Wed Jul 08 09:48:38 UTC 2026","passed","Wed Jul 08 09:48:38 UTC 2026","","eu.esdihumboldt.hale.io.codelist.skos.test.SkosCodeListTest","eu.esdihumboldt.hale.io.codelist.skos.test.SkosCodeListTest","testSKOSFromRDF3"
"","1","testMerge5","","Wed Jul 08 09:43:38 UTC 2026","passed","Wed Jul 08 09:43:38 UTC 2026","","eu.esdihumboldt.hale.common.core.report.util.StatsMergeTest","eu.esdihumboldt.hale.common.core.report.util.StatsMergeTest","testMerge5"
"","66","testSingleGeometryWithMissingProperties","","Wed Jul 08 09:55:03 UTC 2026","passed","Wed Jul 08 09:55:03 UTC 2026","","eu.esdihumboldt.hale.io.shp.ShapefileInstanceWriterTest","eu.esdihumboldt.hale.io.shp.ShapefileInstanceWriterTest","testSingleGeometryWithMissingProperties"
"","6","testEqualityList","","Wed Jul 08 09:43:54 UTC 2026","passed","Wed Jul 08 09:43:54 UTC 2026","","eu.esdihumboldt.hale.common.filter.CQLFilterTest","eu.esdihumboldt.hale.common.filter.CQLFilterTest","testEqualityList"
"","104","testWriteReadDateTime","","Wed Jul 08 09:49:38 UTC 2026","passed","Wed Jul 08 09:49:38 UTC 2026","","eu.esdihumboldt.hale.io.geopackage.GeopackageInstanceWriterTest","eu.esdihumboldt.hale.io.geopackage.GeopackageInstanceWriterTest","testWriteReadDateTime"
"","3","testIntKeys","","Wed Jul 08 09:48:05 UTC 2026","passed","Wed Jul 08 09:48:05 UTC 2026","","eu.esdihumboldt.cst.functions.groovy.helpers.util.CollectorTest","eu.esdihumboldt.cst.functions.groovy.helpers.util.CollectorTest","testIntKeys"
"","165","testFilterSame3","","Wed Jul 08 09:42:52 UTC 2026","passed","Wed Jul 08 09:42:52 UTC 2026","","eu.esdihumboldt.hale.common.align.merge.test.impl.DefaultMergeCellMigratorTest","eu.esdihumboldt.hale.common.align.merge.test.impl.DefaultMergeCellMigratorTest","testFilterSame3"
"","122","testNotes1","","Wed Jul 08 09:42:56 UTC 2026","passed","Wed Jul 08 09:42:56 UTC 2026","","eu.esdihumboldt.hale.common.align.merge.test.impl.DefaultMergeCellMigratorTest","eu.esdihumboldt.hale.common.align.merge.test.impl.DefaultMergeCellMigratorTest","testNotes1"
"","42","testWriteBigNumbers","","Wed Jul 08 09:49:38 UTC 2026","passed","Wed Jul 08 09:49:38 UTC 2026","","eu.esdihumboldt.hale.io.geopackage.GeopackageInstanceWriterTest","eu.esdihumboldt.hale.io.geopackage.GeopackageInstanceWriterTest","testWriteBigNumbers"
"","80","testWriteComplexSchema","","Wed Jul 08 09:56:08 UTC 2026","passed","Wed Jul 08 09:56:08 UTC 2026","","eu.esdihumboldt.hale.io.xls.test.writer.XLSInstanceWriterTest","eu.esdihumboldt.hale.io.xls.test.writer.XLSInstanceWriterTest","testWriteComplexSchema"
"","10719","testParentBindung","","Wed Jul 08 09:51:05 UTC 2026","passed","Wed Jul 08 09:51:16 UTC 2026","","eu.esdihumboldt.hale.io.groovy.snippets.GroovySnippetsTest","eu.esdihumboldt.hale.io.groovy.snippets.GroovySnippetsTest","testParentBindung"
"","9","testReadComplex","","Wed Jul 08 09:53:59 UTC 2026","passed","Wed Jul 08 09:53:59 UTC 2026","","eu.esdihumboldt.hale.io.json.test.JsonToInstanceTest","eu.esdihumboldt.hale.io.json.test.JsonToInstanceTest","testReadComplex"
"","11084","testFindPropertyIgnoreNamespace","","Wed Jul 08 09:45:23 UTC 2026","passed","Wed Jul 08 09:45:34 UTC 2026","","eu.esdihumboldt.hale.common.schema.helper.DefinitionResolverTest","eu.esdihumboldt.hale.common.schema.helper.DefinitionResolverTest","testFindPropertyIgnoreNamespace"
"","0","testInnerJoinNasIndexBased","","Wed Jul 08 09:46:54 UTC 2026","skipped","Wed Jul 08 09:46:54 UTC 2026","","eu.esdihumboldt.cst.internal.ConceptualSchemaTransformerTest","eu.esdihumboldt.cst.internal.ConceptualSchemaTransformerTest","testInnerJoinNasIndexBased"
"","112","test2","","Wed Jul 08 09:46:26 UTC 2026","passed","Wed Jul 08 09:46:26 UTC 2026","","eu.esdihumboldt.hale.common.service.helper.test.PopulationCountTest","eu.esdihumboldt.hale.common.service.helper.test.PopulationCountTest","test2"
"","55","testReadMultiSheetTypeSkipSettings","","Wed Jul 08 09:56:05 UTC 2026","passed","Wed Jul 08 09:56:05 UTC 2026","","eu.esdihumboldt.hale.io.xls.test.reader.XLSReaderTest","eu.esdihumboldt.hale.io.xls.test.reader.XLSReaderTest","testReadMultiSheetTypeSkipSettings"
"","10","testDefinedTypeReference","","Wed Jul 08 09:45:51 UTC 2026","passed","Wed Jul 08 09:45:51 UTC 2026","","eu.esdihumboldt.hale.common.schema.groovy.SchemaBuilderTest","eu.esdihumboldt.hale.common.schema.groovy.SchemaBuilderTest","testDefinedTypeReference"
"","5","testEnabled","","Wed Jul 08 09:45:36 UTC 2026","passed","Wed Jul 08 09:45:36 UTC 2026","","eu.esdihumboldt.hale.common.schema.model.constraint.factory.property.UniqueConstraintFactoryTest","eu.esdihumboldt.hale.common.schema.model.constraint.factory.property.UniqueConstraintFactoryTest","testEnabled"
"","291","testJoinsCondition","","Wed Jul 08 09:42:57 UTC 2026","passed","Wed Jul 08 09:42:58 UTC 2026","","eu.esdihumboldt.hale.common.align.merge.test.impl.JoinFocusRetainConditionTest","eu.esdihumboldt.hale.common.align.merge.test.impl.JoinFocusRetainConditionTest","testJoinsCondition"
"","73","groovyStuffDisallowed","","Wed Jul 08 09:57:26 UTC 2026","passed","Wed Jul 08 09:57:26 UTC 2026","","eu.esdihumboldt.util.groovy.sandbox.test.internal.GroovySandboxTest","eu.esdihumboldt.util.groovy.sandbox.test.internal.GroovySandboxTest","groovyStuffDisallowed"
"","4232","testTransformXmlInline","","Wed Jul 08 09:41:05 UTC 2026","passed","Wed Jul 08 09:41:10 UTC 2026","","eu.esdihumboldt.hale.app.transform.test.ExecuteTest","eu.esdihumboldt.hale.app.transform.test.ExecuteTest","testTransformXmlInline"
"","0","testUnifyWOHoles","","Wed Jul 08 09:56:54 UTC 2026","passed","Wed Jul 08 09:56:54 UTC 2026","","eu.esdihumboldt.util.geometry.WindingOrderTest","eu.esdihumboldt.util.geometry.WindingOrderTest","testUnifyWOHoles"
"","3","testElementHasListOfObjects","","Wed Jul 08 09:57:09 UTC 2026","passed","Wed Jul 08 09:57:09 UTC 2026","","eu.esdihumboldt.util.groovy.json.JsonStreamBuilderTest","eu.esdihumboldt.util.groovy.json.JsonStreamBuilderTest","testElementHasListOfObjects"
"","52","testWriteBigNumbers","","Wed Jul 08 09:55:07 UTC 2026","passed","Wed Jul 08 09:55:07 UTC 2026","","eu.esdihumboldt.hale.io.shp.ShapefileInstanceWriterTest","eu.esdihumboldt.hale.io.shp.ShapefileInstanceWriterTest","testWriteBigNumbers"
"","511","testSaveLoad","","Wed Jul 08 09:43:37 UTC 2026","passed","Wed Jul 08 09:43:38 UTC 2026","","eu.esdihumboldt.hale.common.core.io.project.ProjectTest","eu.esdihumboldt.hale.common.core.io.project.ProjectTest","testSaveLoad"
"","3","testNullList","","Wed Jul 08 09:43:54 UTC 2026","passed","Wed Jul 08 09:43:54 UTC 2026","","eu.esdihumboldt.hale.common.filter.ECQLFilterTest","eu.esdihumboldt.hale.common.filter.ECQLFilterTest","testNullList"
"","1","testStreetOuter","","Wed Jul 08 09:47:43 UTC 2026","passed","Wed Jul 08 09:47:43 UTC 2026","","eu.esdihumboldt.cst.functions.geometric.test.InteriorPointTest","eu.esdihumboldt.cst.functions.geometric.test.InteriorPointTest","testStreetOuter"
"","17","testReadPolygonWithHole","","Wed Jul 08 09:53:59 UTC 2026","passed","Wed Jul 08 09:53:59 UTC 2026","","eu.esdihumboldt.hale.io.json.test.JsonToInstanceTest","eu.esdihumboldt.hale.io.json.test.JsonToInstanceTest","testReadPolygonWithHole"
"","172","testPreparedQuery","","Wed Jul 08 09:57:33 UTC 2026","passed","Wed Jul 08 09:57:33 UTC 2026","","eu.esdihumboldt.util.orient.embedded.LocalDocumentTest","eu.esdihumboldt.util.orient.embedded.LocalDocumentTest","testPreparedQuery"
"","4","testDuring","","Wed Jul 08 09:43:54 UTC 2026","passed","Wed Jul 08 09:43:54 UTC 2026","","eu.esdihumboldt.hale.common.filter.ECQLFilterTest","eu.esdihumboldt.hale.common.filter.ECQLFilterTest","testDuring"
"","1","testDefault","","Wed Jul 08 09:45:37 UTC 2026","passed","Wed Jul 08 09:45:37 UTC 2026","","eu.esdihumboldt.hale.common.schema.model.constraint.factory.type.PrimaryKeyFactoryTest","eu.esdihumboldt.hale.common.schema.model.constraint.factory.type.PrimaryKeyFactoryTest","testDefault"
"","193","testMergeWithoutAdditionalProp","","Wed Jul 08 09:47:03 UTC 2026","passed","Wed Jul 08 09:47:03 UTC 2026","","eu.esdihumboldt.cst.internal.ConceptualSchemaTransformerTest","eu.esdihumboldt.cst.internal.ConceptualSchemaTransformerTest","testMergeWithoutAdditionalProp"
"","94","testWriteReadBoolean","","Wed Jul 08 09:49:38 UTC 2026","passed","Wed Jul 08 09:49:38 UTC 2026","","eu.esdihumboldt.hale.io.geopackage.GeopackageInstanceWriterTest","eu.esdihumboldt.hale.io.geopackage.GeopackageInstanceWriterTest","testWriteReadBoolean"
"","0","testHalfmoon","","Wed Jul 08 09:47:43 UTC 2026","passed","Wed Jul 08 09:47:43 UTC 2026","","eu.esdihumboldt.cst.functions.geometric.test.InteriorPointTest","eu.esdihumboldt.cst.functions.geometric.test.InteriorPointTest","testHalfmoon"
"","12122","testWriteSimpleSchemaDelimiter","","Wed Jul 08 09:48:51 UTC 2026","passed","Wed Jul 08 09:49:03 UTC 2026","","eu.esdihumboldt.hale.io.csv.writer.CSVInstanceWriterTest","eu.esdihumboldt.hale.io.csv.writer.CSVInstanceWriterTest","testWriteSimpleSchemaDelimiter"
"","0","testQ4","","Wed Jul 08 09:56:54 UTC 2026","passed","Wed Jul 08 09:56:54 UTC 2026","","eu.esdihumboldt.util.geometry.interpolation.grid.GridUtilTest","eu.esdihumboldt.util.geometry.interpolation.grid.GridUtilTest","testQ4"
"","522","testReadVersion3","","Wed Jul 08 09:53:35 UTC 2026","passed","Wed Jul 08 09:53:36 UTC 2026","","eu.esdihumboldt.hale.io.jdbc.spatialite.reader.internal.SpatiaLiteInstanceReaderTest","eu.esdihumboldt.hale.io.jdbc.spatialite.reader.internal.SpatiaLiteInstanceReaderTest","testReadVersion3"
"","136","mergeRenameFormattedString","","Wed Jul 08 09:42:57 UTC 2026","passed","Wed Jul 08 09:42:57 UTC 2026","","eu.esdihumboldt.hale.common.align.merge.test.impl.FormattedStringMergeTest","eu.esdihumboldt.hale.common.align.merge.test.impl.FormattedStringMergeTest","mergeRenameFormattedString"
"","6","testReadSameFileDiffSheet","","Wed Jul 08 09:56:05 UTC 2026","passed","Wed Jul 08 09:56:05 UTC 2026","","eu.esdihumboldt.hale.io.xls.test.reader.XLSReaderTest","eu.esdihumboldt.hale.io.xls.test.reader.XLSReaderTest","testReadSameFileDiffSheet"
"","338","testGeometryPrimitive_32_Curve_LineString","","Wed Jul 08 09:50:48 UTC 2026","passed","Wed Jul 08 09:50:48 UTC 2026","","eu.esdihumboldt.hale.io.gml.writer.internal.StreamGmlWriter2Test","eu.esdihumboldt.hale.io.gml.writer.internal.StreamGmlWriter2Test","testGeometryPrimitive_32_Curve_LineString"
"","9","testEqualitySimpleNoSchema","","Wed Jul 08 09:43:54 UTC 2026","passed","Wed Jul 08 09:43:54 UTC 2026","","eu.esdihumboldt.hale.common.filter.ECQLFilterTest","eu.esdihumboldt.hale.common.filter.ECQLFilterTest","testEqualitySimpleNoSchema"
"","28","testRead_shiporder_one","","Wed Jul 08 09:56:24 UTC 2026","passed","Wed Jul 08 09:56:24 UTC 2026","","eu.esdihumboldt.hale.io.xsd.reader.XmlSchemaReaderTest","eu.esdihumboldt.hale.io.xsd.reader.XmlSchemaReaderTest","testRead_shiporder_one"
"","6","testLoad","","Wed Jul 08 09:56:22 UTC 2026","passed","Wed Jul 08 09:56:22 UTC 2026","","eu.esdihumboldt.hale.io.xsd.anytype.valuetypes.CustomTypeContentConfigurationTypeTest","eu.esdihumboldt.hale.io.xsd.anytype.valuetypes.CustomTypeContentConfigurationTypeTest","testLoad"
"","10","testRootArrayObjectNested","","Wed Jul 08 09:57:09 UTC 2026","passed","Wed Jul 08 09:57:09 UTC 2026","","eu.esdihumboldt.util.groovy.json.JsonStreamBuilderTest","eu.esdihumboldt.util.groovy.json.JsonStreamBuilderTest","testRootArrayObjectNested"
"","36","testSKOSFromRDF4_language_de","","Wed Jul 08 09:48:38 UTC 2026","passed","Wed Jul 08 09:48:38 UTC 2026","","eu.esdihumboldt.hale.io.codelist.skos.test.SkosCodeListTest","eu.esdihumboldt.hale.io.codelist.skos.test.SkosCodeListTest","testSKOSFromRDF4_language_de"
"","87","testCardinalityMerge_2","","Wed Jul 08 09:47:04 UTC 2026","passed","Wed Jul 08 09:47:04 UTC 2026","","eu.esdihumboldt.cst.internal.ConceptualSchemaTransformerTest","eu.esdihumboldt.cst.internal.ConceptualSchemaTransformerTest","testCardinalityMerge_2"
"","85","testSimpleAssign","","Wed Jul 08 09:47:05 UTC 2026","passed","Wed Jul 08 09:47:05 UTC 2026","","eu.esdihumboldt.cst.internal.ConceptualSchemaTransformerTest","eu.esdihumboldt.cst.internal.ConceptualSchemaTransformerTest","testSimpleAssign"
"","0","testFormatter[11]","","Wed Jul 08 09:56:50 UTC 2026","passed","Wed Jul 08 09:56:50 UTC 2026","","eu.esdihumboldt.util.geometry.DecimalFormatUtilTest","eu.esdihumboldt.util.geometry.DecimalFormatUtilTest","testFormatter[11]"
"","32","testGmlReferencesMultiPart","","Wed Jul 08 09:44:25 UTC 2026","passed","Wed Jul 08 09:44:25 UTC 2026","","eu.esdihumboldt.hale.common.instance.graph.test.ReferenceGraphTest","eu.esdihumboldt.hale.common.instance.graph.test.ReferenceGraphTest","testGmlReferencesMultiPart"
"","3143","testFiltersForMultiType4","","Wed Jul 08 09:41:16 UTC 2026","passed","Wed Jul 08 09:41:19 UTC 2026","","eu.esdihumboldt.hale.app.transform.test.ExecuteTest","eu.esdihumboldt.hale.app.transform.test.ExecuteTest","testFiltersForMultiType4"
"","10241","testWriteRead","","Wed Jul 08 09:47:13 UTC 2026","passed","Wed Jul 08 09:47:23 UTC 2026","","eu.esdihumboldt.cst.functions.custom.test.internal.DefaultCustomPropertyFunctionTypeTest","eu.esdihumboldt.cst.functions.custom.test.internal.DefaultCustomPropertyFunctionTypeTest","testWriteRead"
"","2","testTrueFalse","","Wed Jul 08 09:45:52 UTC 2026","passed","Wed Jul 08 09:45:52 UTC 2026","","eu.esdihumboldt.hale.common.schema.groovy.constraints.TypeAbstractFactoryTest","eu.esdihumboldt.hale.common.schema.groovy.constraints.TypeAbstractFactoryTest","testTrueFalse"
"","191","testDuplicateRule","","Wed Jul 08 09:54:14 UTC 2026","passed","Wed Jul 08 09:54:14 UTC 2026","","eu.esdihumboldt.hale.io.schematron.SchematronInstanceValidatorTest","eu.esdihumboldt.hale.io.schematron.SchematronInstanceValidatorTest","testDuplicateRule"
"","0","testSchemaReader","","Wed Jul 08 09:52:01 UTC 2026","skipped","Wed Jul 08 09:52:01 UTC 2026","","eu.esdihumboldt.hale.io.jdbc.mssql.test.MsSqlDataReaderTest","eu.esdihumboldt.hale.io.jdbc.mssql.test.MsSqlDataReaderTest","testSchemaReader"
"","55","testNamespaceIndexChildContextType","","Wed Jul 08 09:42:27 UTC 2026","passed","Wed Jul 08 09:42:28 UTC 2026","","eu.esdihumboldt.hale.common.align.groovy.accessor.EntityAccessorTest","eu.esdihumboldt.hale.common.align.groovy.accessor.EntityAccessorTest","testNamespaceIndexChildContextType"
"","2","testCW2","","Wed Jul 08 09:56:54 UTC 2026","passed","Wed Jul 08 09:56:55 UTC 2026","","eu.esdihumboldt.util.geometry.interpolation.model.impl.ArcByCenterPointImplTest","eu.esdihumboldt.util.geometry.interpolation.model.impl.ArcByCenterPointImplTest","testCW2"
"","4300","writeRead","","Wed Jul 08 09:53:21 UTC 2026","passed","Wed Jul 08 09:53:25 UTC 2026","","eu.esdihumboldt.hale.io.jdbc.postgresql.test.ReadWriteIT","eu.esdihumboldt.hale.io.jdbc.postgresql.test.ReadWriteIT","writeRead"
"","5","testNamespaceIndex","","Wed Jul 08 09:42:28 UTC 2026","passed","Wed Jul 08 09:42:28 UTC 2026","","eu.esdihumboldt.hale.common.align.groovy.accessor.EntityAccessorTest","eu.esdihumboldt.hale.common.align.groovy.accessor.EntityAccessorTest","testNamespaceIndex"
"","2","testFixed","","Wed Jul 08 09:45:51 UTC 2026","passed","Wed Jul 08 09:45:51 UTC 2026","","eu.esdihumboldt.hale.common.schema.groovy.constraints.CardinalityFactoryTest","eu.esdihumboldt.hale.common.schema.groovy.constraints.CardinalityFactoryTest","testFixed"
"","10654","testFromWKT","","Wed Jul 08 09:47:29 UTC 2026","passed","Wed Jul 08 09:47:40 UTC 2026","","eu.esdihumboldt.cst.functions.geometric.test.CRSHelperFunctionsTest","eu.esdihumboldt.cst.functions.geometric.test.CRSHelperFunctionsTest","testFromWKT"
"","185","testTypeFilter5Present","","Wed Jul 08 09:42:56 UTC 2026","passed","Wed Jul 08 09:42:57 UTC 2026","","eu.esdihumboldt.hale.common.align.merge.test.impl.DefaultMergeCellMigratorTest","eu.esdihumboldt.hale.common.align.merge.test.impl.DefaultMergeCellMigratorTest","testTypeFilter5Present"
"","1","testCircle1","","Wed Jul 08 09:56:55 UTC 2026","passed","Wed Jul 08 09:56:55 UTC 2026","","eu.esdihumboldt.util.geometry.interpolation.model.impl.ArcByCenterPointImplTest","eu.esdihumboldt.util.geometry.interpolation.model.impl.ArcByCenterPointImplTest","testCircle1"
"","1","testHalfmoonThin","","Wed Jul 08 09:47:43 UTC 2026","passed","Wed Jul 08 09:47:43 UTC 2026","","eu.esdihumboldt.cst.functions.geometric.test.InteriorPointTest","eu.esdihumboldt.cst.functions.geometric.test.InteriorPointTest","testHalfmoonThin"
"","0","testGeoJsonSimple","","Wed Jul 08 09:53:56 UTC 2026","skipped","Wed Jul 08 09:53:56 UTC 2026","","eu.esdihumboldt.hale.io.json.test.InstanceToJsonTest","eu.esdihumboldt.hale.io.json.test.InstanceToJsonTest","testGeoJsonSimple"
"","2214","testInspireCodespaceAutoAddDefault","","Wed Jul 08 09:50:42 UTC 2026","passed","Wed Jul 08 09:50:44 UTC 2026","","eu.esdihumboldt.hale.io.gml.writer.internal.StreamGmlWriter2Test","eu.esdihumboldt.hale.io.gml.writer.internal.StreamGmlWriter2Test","testInspireCodespaceAutoAddDefault"
"","13","testEnabled","","Wed Jul 08 09:45:37 UTC 2026","passed","Wed Jul 08 09:45:37 UTC 2026","","eu.esdihumboldt.hale.common.schema.model.constraint.factory.type.SkipValidationFactoryTest","eu.esdihumboldt.hale.common.schema.model.constraint.factory.type.SkipValidationFactoryTest","testEnabled"
"","27","testLoadMixed","","Wed Jul 08 09:49:56 UTC 2026","passed","Wed Jul 08 09:49:56 UTC 2026","","eu.esdihumboldt.hale.io.gml.reader.internal.GmlInstanceCollectionTest","eu.esdihumboldt.hale.io.gml.reader.internal.GmlInstanceCollectionTest","testLoadMixed"
"","2984","testReadInstances","","Wed Jul 08 09:49:33 UTC 2026","passed","Wed Jul 08 09:49:36 UTC 2026","","eu.esdihumboldt.hale.io.geopackage.GeopackageInstanceReaderTest","eu.esdihumboldt.hale.io.geopackage.GeopackageInstanceReaderTest","testReadInstances"
"","167","testPersonWriteValidate","","Wed Jul 08 09:46:08 UTC 2026","passed","Wed Jul 08 09:46:08 UTC 2026","","eu.esdihumboldt.hale.common.schema.persist.hsd.test.json.HaleSchemaWriterJsonTest","eu.esdihumboldt.hale.common.schema.persist.hsd.test.json.HaleSchemaWriterJsonTest","testPersonWriteValidate"
"","7","testLoadWFS11Capabilities","","Wed Jul 08 09:55:44 UTC 2026","passed","Wed Jul 08 09:55:44 UTC 2026","","eu.esdihumboldt.hale.io.wfs.test.capabilities.CapabilitiesHelperTest","eu.esdihumboldt.hale.io.wfs.test.capabilities.CapabilitiesHelperTest","testLoadWFS11Capabilities"
"","3","testMixedProperty","","Wed Jul 08 09:53:59 UTC 2026","passed","Wed Jul 08 09:53:59 UTC 2026","","eu.esdihumboldt.hale.io.json.test.JsonSchemaReaderTest","eu.esdihumboldt.hale.io.json.test.JsonSchemaReaderTest","testMixedProperty"
"","2","testTrueFalse","","Wed Jul 08 09:45:51 UTC 2026","passed","Wed Jul 08 09:45:51 UTC 2026","","eu.esdihumboldt.hale.common.schema.groovy.constraints.AugmentedValueFactoryTest","eu.esdihumboldt.hale.common.schema.groovy.constraints.AugmentedValueFactoryTest","testTrueFalse"
"","7","testReadSimplePolygon","","Wed Jul 08 09:53:59 UTC 2026","passed","Wed Jul 08 09:53:59 UTC 2026","","eu.esdihumboldt.hale.io.json.test.JsonToInstanceTest","eu.esdihumboldt.hale.io.json.test.JsonToInstanceTest","testReadSimplePolygon"
"","148","mergeJoinsWithJoin_abstract1","","Wed Jul 08 09:42:58 UTC 2026","passed","Wed Jul 08 09:42:58 UTC 2026","","eu.esdihumboldt.hale.common.align.merge.test.impl.JoinMergeTest","eu.esdihumboldt.hale.common.align.merge.test.impl.JoinMergeTest","mergeJoinsWithJoin_abstract1"
"","81","testWriteMultiSchemasWithMultiGeom","","Wed Jul 08 09:55:07 UTC 2026","passed","Wed Jul 08 09:55:07 UTC 2026","","eu.esdihumboldt.hale.io.shp.ShapefileInstanceWriterTest","eu.esdihumboldt.hale.io.shp.ShapefileInstanceWriterTest","testWriteMultiSchemasWithMultiGeom"
"","5","testDescriptions","","Wed Jul 08 09:45:51 UTC 2026","passed","Wed Jul 08 09:45:51 UTC 2026","","eu.esdihumboldt.hale.common.schema.groovy.SchemaBuilderTest","eu.esdihumboldt.hale.common.schema.groovy.SchemaBuilderTest","testDescriptions"
"","19","testInvalidKey1","","Wed Jul 08 09:56:46 UTC 2026","passed","Wed Jul 08 09:56:46 UTC 2026","","eu.esdihumboldt.util.config.ConfigTest","eu.esdihumboldt.util.config.ConfigTest","testInvalidKey1"
"","134","testSchemaCollection","","Wed Jul 08 09:44:42 UTC 2026","passed","Wed Jul 08 09:44:42 UTC 2026","","eu.esdihumboldt.hale.common.instance.groovy.InstanceBuilderTest","eu.esdihumboldt.hale.common.instance.groovy.InstanceBuilderTest","testSchemaCollection"
"","31","testRead_definitive_substitution","","Wed Jul 08 09:56:24 UTC 2026","passed","Wed Jul 08 09:56:24 UTC 2026","","eu.esdihumboldt.hale.io.xsd.reader.XmlSchemaReaderTest","eu.esdihumboldt.hale.io.xsd.reader.XmlSchemaReaderTest","testRead_definitive_substitution"
"","1","testOrderHolesCCW","","Wed Jul 08 09:56:54 UTC 2026","passed","Wed Jul 08 09:56:54 UTC 2026","","eu.esdihumboldt.util.geometry.WindingOrderTest","eu.esdihumboldt.util.geometry.WindingOrderTest","testOrderHolesCCW"
"","294","testWfsPaginationBasinFeatures","","Wed Jul 08 09:50:38 UTC 2026","passed","Wed Jul 08 09:50:38 UTC 2026","","eu.esdihumboldt.hale.io.gml.reader.internal.StreamGmlReaderTest","eu.esdihumboldt.hale.io.gml.reader.internal.StreamGmlReaderTest","testWfsPaginationBasinFeatures"
"","3","testMultipleProperties","","Wed Jul 08 09:53:59 UTC 2026","passed","Wed Jul 08 09:53:59 UTC 2026","","eu.esdihumboldt.hale.io.json.test.JsonSchemaReaderTest","eu.esdihumboldt.hale.io.json.test.JsonSchemaReaderTest","testMultipleProperties"
"","124","testSimpleAttribute","","Wed Jul 08 09:47:04 UTC 2026","passed","Wed Jul 08 09:47:04 UTC 2026","","eu.esdihumboldt.cst.internal.ConceptualSchemaTransformerTest","eu.esdihumboldt.cst.internal.ConceptualSchemaTransformerTest","testSimpleAttribute"
"","1","testText","","Wed Jul 08 09:45:51 UTC 2026","passed","Wed Jul 08 09:45:51 UTC 2026","","eu.esdihumboldt.hale.common.schema.groovy.constraints.CardinalityFactoryTest","eu.esdihumboldt.hale.common.schema.groovy.constraints.CardinalityFactoryTest","testText"
"","18041","testFormattingStringInstance","","Wed Jul 08 09:46:33 UTC 2026","passed","Wed Jul 08 09:46:51 UTC 2026","","eu.esdihumboldt.cst.internal.ConceptualSchemaTransformerTest","eu.esdihumboldt.cst.internal.ConceptualSchemaTransformerTest","testFormattingStringInstance"
"","267","testReadMultipleValues","","Wed Jul 08 09:56:05 UTC 2026","passed","Wed Jul 08 09:56:05 UTC 2026","","eu.esdihumboldt.hale.io.xls.test.reader.XLSReaderTest","eu.esdihumboldt.hale.io.xls.test.reader.XLSReaderTest","testReadMultipleValues"
"","3","testRootArrayEmpty","","Wed Jul 08 09:57:09 UTC 2026","passed","Wed Jul 08 09:57:09 UTC 2026","","eu.esdihumboldt.util.groovy.json.JsonStreamBuilderTest","eu.esdihumboldt.util.groovy.json.JsonStreamBuilderTest","testRootArrayEmpty"
"","0","testQ2","","Wed Jul 08 09:56:54 UTC 2026","passed","Wed Jul 08 09:56:54 UTC 2026","","eu.esdihumboldt.util.geometry.interpolation.grid.GridUtilTest","eu.esdihumboldt.util.geometry.interpolation.grid.GridUtilTest","testQ2"
"","33","notAllowedClassesDisallowed","","Wed Jul 08 09:57:26 UTC 2026","passed","Wed Jul 08 09:57:26 UTC 2026","","eu.esdihumboldt.util.groovy.sandbox.test.internal.GroovySandboxTest","eu.esdihumboldt.util.groovy.sandbox.test.internal.GroovySandboxTest","notAllowedClassesDisallowed"
"","9","testReadBlankCells","","Wed Jul 08 09:56:05 UTC 2026","passed","Wed Jul 08 09:56:05 UTC 2026","","eu.esdihumboldt.hale.io.xls.test.reader.XLSReaderTest","eu.esdihumboldt.hale.io.xls.test.reader.XLSReaderTest","testReadBlankCells"
"","263","testTypeFilter6Present","","Wed Jul 08 09:42:55 UTC 2026","passed","Wed Jul 08 09:42:55 UTC 2026","","eu.esdihumboldt.hale.common.align.merge.test.impl.DefaultMergeCellMigratorTest","eu.esdihumboldt.hale.common.align.merge.test.impl.DefaultMergeCellMigratorTest","testTypeFilter6Present"
"","178","testPropertyJoinIntFloat","","Wed Jul 08 09:46:55 UTC 2026","passed","Wed Jul 08 09:46:56 UTC 2026","","eu.esdihumboldt.cst.internal.ConceptualSchemaTransformerTest","eu.esdihumboldt.cst.internal.ConceptualSchemaTransformerTest","testPropertyJoinIntFloat"
"","43","testGroup","","Wed Jul 08 09:45:51 UTC 2026","passed","Wed Jul 08 09:45:51 UTC 2026","","eu.esdihumboldt.hale.common.schema.groovy.SchemaBuilderTest","eu.esdihumboldt.hale.common.schema.groovy.SchemaBuilderTest","testGroup"
"","0","testSubfolder","","Wed Jul 08 09:43:26 UTC 2026","passed","Wed Jul 08 09:43:26 UTC 2026","","eu.esdihumboldt.hale.common.core.io.PathUpdateTest","eu.esdihumboldt.hale.common.core.io.PathUpdateTest","testSubfolder"
"","1","testProjectSubfolder","","Wed Jul 08 09:43:26 UTC 2026","passed","Wed Jul 08 09:43:26 UTC 2026","","eu.esdihumboldt.hale.common.core.io.PathUpdateTest","eu.esdihumboldt.hale.common.core.io.PathUpdateTest","testProjectSubfolder"
"","1","testFootprint2Hole","","Wed Jul 08 09:47:43 UTC 2026","passed","Wed Jul 08 09:47:43 UTC 2026","","eu.esdihumboldt.cst.functions.geometric.test.InteriorPointTest","eu.esdihumboldt.cst.functions.geometric.test.InteriorPointTest","testFootprint2Hole"
"","4","testByPoints2AllGrid","","Wed Jul 08 09:56:54 UTC 2026","passed","Wed Jul 08 09:56:54 UTC 2026","","eu.esdihumboldt.util.geometry.interpolation.grid.GridInterpolationTest","eu.esdihumboldt.util.geometry.interpolation.grid.GridInterpolationTest","testByPoints2AllGrid"
"","8","testSize","","Wed Jul 08 09:44:08 UTC 2026","passed","Wed Jul 08 09:44:08 UTC 2026","","eu.esdihumboldt.hale.common.instance.tools.impl.SimplePartitionerTest","eu.esdihumboldt.hale.common.instance.tools.impl.SimplePartitionerTest","testSize"
"","12847","test","","Wed Jul 08 09:55:49 UTC 2026","passed","Wed Jul 08 09:56:02 UTC 2026","","eu.esdihumboldt.hale.io.xls.test.XLSInstanceIOTest","eu.esdihumboldt.hale.io.xls.test.XLSInstanceIOTest","test"
"","7189","testShapefileInstanceFromNginxUrl","","Wed Jul 08 09:54:49 UTC 2026","passed","Wed Jul 08 09:54:57 UTC 2026","","eu.esdihumboldt.hale.io.shp.ShapeInstanceReaderTest","eu.esdihumboldt.hale.io.shp.ShapeInstanceReaderTest","testShapefileInstanceFromNginxUrl"
"","75","testStructuralRename1","","Wed Jul 08 09:47:07 UTC 2026","passed","Wed Jul 08 09:47:07 UTC 2026","","eu.esdihumboldt.cst.internal.ConceptualSchemaTransformerTest","eu.esdihumboldt.cst.internal.ConceptualSchemaTransformerTest","testStructuralRename1"
"","59","testRunsInHale","","Wed Jul 08 09:51:17 UTC 2026","passed","Wed Jul 08 09:51:17 UTC 2026","","eu.esdihumboldt.hale.io.groovy.snippets.GroovySnippetsTest","eu.esdihumboldt.hale.io.groovy.snippets.GroovySnippetsTest","testRunsInHale"
"","123","testLoadWVA","","Wed Jul 08 09:49:52 UTC 2026","passed","Wed Jul 08 09:49:52 UTC 2026","","eu.esdihumboldt.hale.io.gml.reader.internal.GmlInstanceCollectionTest","eu.esdihumboldt.hale.io.gml.reader.internal.GmlInstanceCollectionTest","testLoadWVA"
"","2","testTrueFalse","","Wed Jul 08 09:45:52 UTC 2026","passed","Wed Jul 08 09:45:52 UTC 2026","","eu.esdihumboldt.hale.common.schema.groovy.constraints.NillableFactoryTest","eu.esdihumboldt.hale.common.schema.groovy.constraints.NillableFactoryTest","testTrueFalse"
"","19","testSimpleSchemaNames","","Wed Jul 08 09:45:51 UTC 2026","passed","Wed Jul 08 09:45:51 UTC 2026","","eu.esdihumboldt.hale.common.schema.groovy.SchemaBuilderTest","eu.esdihumboldt.hale.common.schema.groovy.SchemaBuilderTest","testSimpleSchemaNames"
"","206","testInnerJoinFirstLevel","","Wed Jul 08 09:47:03 UTC 2026","passed","Wed Jul 08 09:47:04 UTC 2026","","eu.esdihumboldt.cst.internal.ConceptualSchemaTransformerTest","eu.esdihumboldt.cst.internal.ConceptualSchemaTransformerTest","testInnerJoinFirstLevel"
"","6","testRootArrayObjects","","Wed Jul 08 09:57:09 UTC 2026","passed","Wed Jul 08 09:57:09 UTC 2026","","eu.esdihumboldt.util.groovy.json.JsonStreamBuilderTest","eu.esdihumboldt.util.groovy.json.JsonStreamBuilderTest","testRootArrayObjects"
"","4","testNullNotExistsSchema","","Wed Jul 08 09:43:54 UTC 2026","passed","Wed Jul 08 09:43:54 UTC 2026","","eu.esdihumboldt.hale.common.filter.CQLFilterTest","eu.esdihumboldt.hale.common.filter.CQLFilterTest","testNullNotExistsSchema"
"","877","testWriteFeaturesTargetCRS","","Wed Jul 08 09:49:37 UTC 2026","passed","Wed Jul 08 09:49:38 UTC 2026","","eu.esdihumboldt.hale.io.geopackage.GeopackageInstanceWriterTest","eu.esdihumboldt.hale.io.geopackage.GeopackageInstanceWriterTest","testWriteFeaturesTargetCRS"
"","1","testRead","","Wed Jul 08 09:48:51 UTC 2026","passed","Wed Jul 08 09:48:51 UTC 2026","","eu.esdihumboldt.hale.io.csv.CSVSchemaReaderTest","eu.esdihumboldt.hale.io.csv.CSVSchemaReaderTest","testRead"
"","0","testFormatter[1]","","Wed Jul 08 09:56:50 UTC 2026","passed","Wed Jul 08 09:56:50 UTC 2026","","eu.esdihumboldt.util.geometry.DecimalFormatUtilTest","eu.esdihumboldt.util.geometry.DecimalFormatUtilTest","testFormatter[1]"
"","9492","testAccessNullProperties","","Wed Jul 08 09:44:31 UTC 2026","passed","Wed Jul 08 09:44:41 UTC 2026","","eu.esdihumboldt.hale.common.instance.groovy.InstanceAccessorTest","eu.esdihumboldt.hale.common.instance.groovy.InstanceAccessorTest","testAccessNullProperties"
"","2","testNoBinding","","Wed Jul 08 09:45:37 UTC 2026","passed","Wed Jul 08 09:45:37 UTC 2026","","eu.esdihumboldt.hale.common.schema.model.constraint.factory.type.ElementTypeFactoryTest","eu.esdihumboldt.hale.common.schema.model.constraint.factory.type.ElementTypeFactoryTest","testNoBinding"
"","100","testReadMultiSheetTypeSettingsNamed","","Wed Jul 08 09:56:05 UTC 2026","passed","Wed Jul 08 09:56:05 UTC 2026","","eu.esdihumboldt.hale.io.xls.test.reader.XLSReaderTest","eu.esdihumboldt.hale.io.xls.test.reader.XLSReaderTest","testReadMultiSheetTypeSettingsNamed"
"","0","testInstanceValueExistsSchema","","Wed Jul 08 09:43:54 UTC 2026","skipped","Wed Jul 08 09:43:54 UTC 2026","","eu.esdihumboldt.hale.common.filter.ECQLFilterTest","eu.esdihumboldt.hale.common.filter.ECQLFilterTest","testInstanceValueExistsSchema"
"","51","testDefaultSrs","","Wed Jul 08 09:50:39 UTC 2026","passed","Wed Jul 08 09:50:39 UTC 2026","","eu.esdihumboldt.hale.io.gml.reader.internal.StreamGmlReaderTest","eu.esdihumboldt.hale.io.gml.reader.internal.StreamGmlReaderTest","testDefaultSrs"
"","712","testNotInspireCodespaceNotAdd","","Wed Jul 08 09:50:46 UTC 2026","passed","Wed Jul 08 09:50:47 UTC 2026","","eu.esdihumboldt.hale.io.gml.writer.internal.StreamGmlWriter2Test","eu.esdihumboldt.hale.io.gml.writer.internal.StreamGmlWriter2Test","testNotInspireCodespaceNotAdd"
"","64","testGeoIntersects","","Wed Jul 08 09:43:53 UTC 2026","passed","Wed Jul 08 09:43:53 UTC 2026","","eu.esdihumboldt.hale.common.filter.CQLFilterTest","eu.esdihumboldt.hale.common.filter.CQLFilterTest","testGeoIntersects"
"","223","testMultiResult1","","Wed Jul 08 09:46:56 UTC 2026","passed","Wed Jul 08 09:46:56 UTC 2026","","eu.esdihumboldt.cst.internal.ConceptualSchemaTransformerTest","eu.esdihumboldt.cst.internal.ConceptualSchemaTransformerTest","testMultiResult1"
"","426","testReadInstancesXsdGmlConflict","","Wed Jul 08 09:49:36 UTC 2026","passed","Wed Jul 08 09:49:37 UTC 2026","","eu.esdihumboldt.hale.io.geopackage.GeopackageInstanceReaderTest","eu.esdihumboldt.hale.io.geopackage.GeopackageInstanceReaderTest","testReadInstancesXsdGmlConflict"
"","136","testNonNullValuesUnaffectedByNullEntry","","Wed Jul 08 09:45:01 UTC 2026","passed","Wed Jul 08 09:45:01 UTC 2026","","eu.esdihumboldt.hale.common.lookup.impl.LookupTableImplTest","eu.esdihumboldt.hale.common.lookup.impl.LookupTableImplTest","testNonNullValuesUnaffectedByNullEntry"
"","3","testByPoints3","","Wed Jul 08 09:56:54 UTC 2026","passed","Wed Jul 08 09:56:54 UTC 2026","","eu.esdihumboldt.util.geometry.interpolation.grid.GridInterpolationTest","eu.esdihumboldt.util.geometry.interpolation.grid.GridInterpolationTest","testByPoints3"
"","50","testPolygon","","Wed Jul 08 09:45:52 UTC 2026","passed","Wed Jul 08 09:45:52 UTC 2026","","eu.esdihumboldt.hale.common.schema.groovy.constraints.GeometryFactoryTest","eu.esdihumboldt.hale.common.schema.groovy.constraints.GeometryFactoryTest","testPolygon"
"","10","testDoubleObject2","","Wed Jul 08 09:57:09 UTC 2026","passed","Wed Jul 08 09:57:09 UTC 2026","","eu.esdihumboldt.util.groovy.json.JsonStreamBuilderTest","eu.esdihumboldt.util.groovy.json.JsonStreamBuilderTest","testDoubleObject2"
"","73","testGenerateUID","","Wed Jul 08 09:47:06 UTC 2026","passed","Wed Jul 08 09:47:06 UTC 2026","","eu.esdihumboldt.cst.internal.ConceptualSchemaTransformerTest","eu.esdihumboldt.cst.internal.ConceptualSchemaTransformerTest","testGenerateUID"
"","2","testCCW2","","Wed Jul 08 09:56:55 UTC 2026","passed","Wed Jul 08 09:56:55 UTC 2026","","eu.esdihumboldt.util.geometry.interpolation.model.impl.ArcByCenterPointImplTest","eu.esdihumboldt.util.geometry.interpolation.model.impl.ArcByCenterPointImplTest","testCCW2"
"","4","testNumberBetween","","Wed Jul 08 09:43:54 UTC 2026","passed","Wed Jul 08 09:43:54 UTC 2026","","eu.esdihumboldt.hale.common.filter.CQLFilterTest","eu.esdihumboldt.hale.common.filter.CQLFilterTest","testNumberBetween"
"","1","testSimple","","Wed Jul 08 09:56:22 UTC 2026","passed","Wed Jul 08 09:56:22 UTC 2026","","eu.esdihumboldt.hale.io.xsd.anytype.valuetypes.CustomTypeContentTypeTest","eu.esdihumboldt.hale.io.xsd.anytype.valuetypes.CustomTypeContentTypeTest","testSimple"
"","80","testWriteFeatures","","Wed Jul 08 09:49:39 UTC 2026","passed","Wed Jul 08 09:49:39 UTC 2026","","eu.esdihumboldt.hale.io.geopackage.GeopackageInstanceWriterTest","eu.esdihumboldt.hale.io.geopackage.GeopackageInstanceWriterTest","testWriteFeatures"
"","119","testWriteMultiSchemasWithOneMissingGeom","","Wed Jul 08 09:55:04 UTC 2026","passed","Wed Jul 08 09:55:04 UTC 2026","","eu.esdihumboldt.hale.io.shp.ShapefileInstanceWriterTest","eu.esdihumboldt.hale.io.shp.ShapefileInstanceWriterTest","testWriteMultiSchemasWithOneMissingGeom"
"","8551","testLoadWFS2Capabilities","","Wed Jul 08 09:55:35 UTC 2026","passed","Wed Jul 08 09:55:43 UTC 2026","","eu.esdihumboldt.hale.io.wfs.test.capabilities.CapabilitiesHelperTest","eu.esdihumboldt.hale.io.wfs.test.capabilities.CapabilitiesHelperTest","testLoadWFS2Capabilities"
"","30","testSimpleSingleStrictFail","","Wed Jul 08 09:45:51 UTC 2026","passed","Wed Jul 08 09:45:51 UTC 2026","","eu.esdihumboldt.hale.common.schema.groovy.DefinitionAccessorTest","eu.esdihumboldt.hale.common.schema.groovy.DefinitionAccessorTest","testSimpleSingleStrictFail"
"","9331","testDimensionRule","","Wed Jul 08 09:54:14 UTC 2026","passed","Wed Jul 08 09:54:23 UTC 2026","","eu.esdihumboldt.hale.io.schematron.SchematronInstanceValidatorTest","eu.esdihumboldt.hale.io.schematron.SchematronInstanceValidatorTest","testDimensionRule"
"","162","testGroovyWarningMergeTarget","","Wed Jul 08 09:42:56 UTC 2026","passed","Wed Jul 08 09:42:56 UTC 2026","","eu.esdihumboldt.hale.common.align.merge.test.impl.DefaultMergeCellMigratorTest","eu.esdihumboldt.hale.common.align.merge.test.impl.DefaultMergeCellMigratorTest","testGroovyWarningMergeTarget"
"","10","testReadFeatureCollection","","Wed Jul 08 09:53:58 UTC 2026","passed","Wed Jul 08 09:53:58 UTC 2026","","eu.esdihumboldt.hale.io.json.test.JsonInstanceCollectionTest","eu.esdihumboldt.hale.io.json.test.JsonInstanceCollectionTest","testReadFeatureCollection"
"","669","testInvalidMaxNodes","","Wed Jul 08 09:56:55 UTC 2026","passed","Wed Jul 08 09:56:56 UTC 2026","","eu.esdihumboldt.util.geometry.quadtree.QuadtreeTest","eu.esdihumboldt.util.geometry.quadtree.QuadtreeTest","testInvalidMaxNodes"
"","259","testPropertyJoinNonMatchingTypes","","Wed Jul 08 09:46:54 UTC 2026","passed","Wed Jul 08 09:46:54 UTC 2026","","eu.esdihumboldt.cst.internal.ConceptualSchemaTransformerTest","eu.esdihumboldt.cst.internal.ConceptualSchemaTransformerTest","testPropertyJoinNonMatchingTypes"
"","317","testGeometryPrimitive_32_LineString","","Wed Jul 08 09:50:59 UTC 2026","passed","Wed Jul 08 09:50:59 UTC 2026","","eu.esdihumboldt.hale.io.gml.writer.internal.StreamGmlWriterTest","eu.esdihumboldt.hale.io.gml.writer.internal.StreamGmlWriterTest","testGeometryPrimitive_32_LineString"
"","0","testInputLookupAndConsume","","Wed Jul 08 09:43:38 UTC 2026","passed","Wed Jul 08 09:43:38 UTC 2026","","eu.esdihumboldt.hale.common.core.io.supplier.LookupStreamResourceTest","eu.esdihumboldt.hale.common.core.io.supplier.LookupStreamResourceTest","testInputLookupAndConsume"
"","222","mergeJoinWithRetypeDef","","Wed Jul 08 09:42:55 UTC 2026","passed","Wed Jul 08 09:42:55 UTC 2026","","eu.esdihumboldt.hale.common.align.merge.test.impl.DefaultMergeCellMigratorTest","eu.esdihumboldt.hale.common.align.merge.test.impl.DefaultMergeCellMigratorTest","mergeJoinWithRetypeDef"
"","482","testGeometryPrimitive_32_CompositeCurve_LineString","","Wed Jul 08 09:50:44 UTC 2026","passed","Wed Jul 08 09:50:45 UTC 2026","","eu.esdihumboldt.hale.io.gml.writer.internal.StreamGmlWriter2Test","eu.esdihumboldt.hale.io.gml.writer.internal.StreamGmlWriter2Test","testGeometryPrimitive_32_CompositeCurve_LineString"
"","6363","testInnerJoinNas","","Wed Jul 08 09:46:56 UTC 2026","passed","Wed Jul 08 09:47:03 UTC 2026","","eu.esdihumboldt.cst.internal.ConceptualSchemaTransformerTest","eu.esdihumboldt.cst.internal.ConceptualSchemaTransformerTest","testInnerJoinNas"
"","1","testFormatter[2]","","Wed Jul 08 09:56:50 UTC 2026","passed","Wed Jul 08 09:56:50 UTC 2026","","eu.esdihumboldt.util.geometry.DecimalFormatUtilTest","eu.esdihumboldt.util.geometry.DecimalFormatUtilTest","testFormatter[2]"
"","0","testFileRelative1","","Wed Jul 08 09:56:22 UTC 2026","passed","Wed Jul 08 09:56:22 UTC 2026","","eu.esdihumboldt.hale.io.xsd.reader.HumboldtURIResolverTest","eu.esdihumboldt.hale.io.xsd.reader.HumboldtURIResolverTest","testFileRelative1"
"","1647","testLoadFile","","Wed Jul 08 09:49:14 UTC 2026","passed","Wed Jul 08 09:49:15 UTC 2026","","eu.esdihumboldt.hale.io.geopackage.GeopackageApiTest","eu.esdihumboldt.hale.io.geopackage.GeopackageApiTest","testLoadFile"
"","163","migrateRenameFormattedString","","Wed Jul 08 09:42:57 UTC 2026","passed","Wed Jul 08 09:42:57 UTC 2026","","eu.esdihumboldt.hale.common.align.merge.test.impl.FormattedStringMergeTest","eu.esdihumboldt.hale.common.align.merge.test.impl.FormattedStringMergeTest","migrateRenameFormattedString"
"","14","testReadVersion4","","Wed Jul 08 09:53:36 UTC 2026","passed","Wed Jul 08 09:53:36 UTC 2026","","eu.esdihumboldt.hale.io.jdbc.spatialite.reader.internal.SpatiaLiteSchemaReaderTest","eu.esdihumboldt.hale.io.jdbc.spatialite.reader.internal.SpatiaLiteSchemaReaderTest","testReadVersion4"
"","2696","testFromCode","","Wed Jul 08 09:47:40 UTC 2026","passed","Wed Jul 08 09:47:43 UTC 2026","","eu.esdihumboldt.cst.functions.geometric.test.CRSHelperFunctionsTest","eu.esdihumboldt.cst.functions.geometric.test.CRSHelperFunctionsTest","testFromCode"
"","279","testSaveLoad","","Wed Jul 08 09:42:09 UTC 2026","passed","Wed Jul 08 09:42:09 UTC 2026","","eu.esdihumboldt.hale.common.align.io.JaxbAlignmentIOTest","eu.esdihumboldt.hale.common.align.io.JaxbAlignmentIOTest","testSaveLoad"
"","3","testTimeEquals","","Wed Jul 08 09:43:54 UTC 2026","passed","Wed Jul 08 09:43:54 UTC 2026","","eu.esdihumboldt.hale.common.filter.ECQLFilterTest","eu.esdihumboldt.hale.common.filter.ECQLFilterTest","testTimeEquals"
"","4","testJsonBuilderRawJson","","Wed Jul 08 09:57:09 UTC 2026","passed","Wed Jul 08 09:57:09 UTC 2026","","eu.esdihumboldt.util.groovy.json.JsonStreamBuilderTest","eu.esdihumboldt.util.groovy.json.JsonStreamBuilderTest","testJsonBuilderRawJson"
"","578","testJoin","","Wed Jul 08 09:46:53 UTC 2026","passed","Wed Jul 08 09:46:54 UTC 2026","","eu.esdihumboldt.cst.internal.ConceptualSchemaTransformerTest","eu.esdihumboldt.cst.internal.ConceptualSchemaTransformerTest","testJoin"
"","90","testSimpleRename","","Wed Jul 08 09:47:06 UTC 2026","passed","Wed Jul 08 09:47:06 UTC 2026","","eu.esdihumboldt.cst.internal.ConceptualSchemaTransformerTest","eu.esdihumboldt.cst.internal.ConceptualSchemaTransformerTest","testSimpleRename"
"","21","testRead_definitive_choice","","Wed Jul 08 09:56:24 UTC 2026","passed","Wed Jul 08 09:56:24 UTC 2026","","eu.esdihumboldt.hale.io.xsd.reader.XmlSchemaReaderTest","eu.esdihumboldt.hale.io.xsd.reader.XmlSchemaReaderTest","testRead_definitive_choice"
"","9200","testAddRemoveMappingMultipleProperties","","Wed Jul 08 09:44:46 UTC 2026","passed","Wed Jul 08 09:44:56 UTC 2026","","eu.esdihumboldt.hale.common.instance.index.MultimapInstanceIndexTest","eu.esdihumboldt.hale.common.instance.index.MultimapInstanceIndexTest","testAddRemoveMappingMultipleProperties"
"","0","testFootprint2","","Wed Jul 08 09:47:43 UTC 2026","passed","Wed Jul 08 09:47:43 UTC 2026","","eu.esdihumboldt.cst.functions.geometric.test.InteriorPointTest","eu.esdihumboldt.cst.functions.geometric.test.InteriorPointTest","testFootprint2"
"","33","testBothWays","","Wed Jul 08 09:56:22 UTC 2026","passed","Wed Jul 08 09:56:22 UTC 2026","","eu.esdihumboldt.hale.io.xsd.anytype.valuetypes.CustomTypeContentConfigurationTypeTest","eu.esdihumboldt.hale.io.xsd.anytype.valuetypes.CustomTypeContentConfigurationTypeTest","testBothWays"
"","899","testReadWithCommaDecimal","","Wed Jul 08 09:48:50 UTC 2026","passed","Wed Jul 08 09:48:50 UTC 2026","","eu.esdihumboldt.hale.io.csv.CSVInstanceReaderTest","eu.esdihumboldt.hale.io.csv.CSVInstanceReaderTest","testReadWithCommaDecimal"
"","15","testEnabled","","Wed Jul 08 09:45:36 UTC 2026","passed","Wed Jul 08 09:45:36 UTC 2026","","eu.esdihumboldt.hale.common.schema.model.constraint.factory.type.AbstractFlagFactoryTest","eu.esdihumboldt.hale.common.schema.model.constraint.factory.type.AbstractFlagFactoryTest","testEnabled"
"","31","testValueListValueList","","Wed Jul 08 09:43:37 UTC 2026","passed","Wed Jul 08 09:43:37 UTC 2026","","eu.esdihumboldt.hale.common.core.io.impl.ValueListTypeTest","eu.esdihumboldt.hale.common.core.io.impl.ValueListTypeTest","testValueListValueList"
"","1","testHttpAbsolute1","","Wed Jul 08 09:56:22 UTC 2026","passed","Wed Jul 08 09:56:22 UTC 2026","","eu.esdihumboldt.hale.io.xsd.reader.HumboldtURIResolverTest","eu.esdihumboldt.hale.io.xsd.reader.HumboldtURIResolverTest","testHttpAbsolute1"
"","1","testObject","","Wed Jul 08 09:45:36 UTC 2026","passed","Wed Jul 08 09:45:36 UTC 2026","","eu.esdihumboldt.hale.common.schema.model.constraint.factory.type.BindingFactoryTest","eu.esdihumboldt.hale.common.schema.model.constraint.factory.type.BindingFactoryTest","testObject"
"","0","testDescent","","Wed Jul 08 09:51:00 UTC 2026","skipped","Wed Jul 08 09:51:00 UTC 2026","","eu.esdihumboldt.hale.io.gml.writer.internal.geometry.writers.PatternTest","eu.esdihumboldt.hale.io.gml.writer.internal.geometry.writers.PatternTest","testDescent"
"","130","testExportMultiFeatureToExcel","","Wed Jul 08 09:56:08 UTC 2026","passed","Wed Jul 08 09:56:08 UTC 2026","","eu.esdihumboldt.hale.io.xls.test.writer.XLSInstanceWriterTest","eu.esdihumboldt.hale.io.xls.test.writer.XLSInstanceWriterTest","testExportMultiFeatureToExcel"
"","3","testNumberBetween","","Wed Jul 08 09:43:54 UTC 2026","passed","Wed Jul 08 09:43:54 UTC 2026","","eu.esdihumboldt.hale.common.filter.ECQLFilterTest","eu.esdihumboldt.hale.common.filter.ECQLFilterTest","testNumberBetween"
"","1","testSplitMulti_Mixed","","Wed Jul 08 09:47:43 UTC 2026","passed","Wed Jul 08 09:47:43 UTC 2026","","eu.esdihumboldt.cst.functions.geometric.test.GeometryHelperFunctionsTest","eu.esdihumboldt.cst.functions.geometric.test.GeometryHelperFunctionsTest","testSplitMulti_Mixed"
"","211","mergeRenameFormattedString","","Wed Jul 08 09:48:32 UTC 2026","passed","Wed Jul 08 09:48:32 UTC 2026","","eu.esdihumboldt.hale.adv.merge.test.AdVMeasurementMergeTest","eu.esdihumboldt.hale.adv.merge.test.AdVMeasurementMergeTest","mergeRenameFormattedString"
"","0","testTimeEqualsList","","Wed Jul 08 09:43:54 UTC 2026","skipped","Wed Jul 08 09:43:54 UTC 2026","","eu.esdihumboldt.hale.common.filter.CQLFilterTest","eu.esdihumboldt.hale.common.filter.CQLFilterTest","testTimeEqualsList"
"","110","testPropertyFilter","","Wed Jul 08 09:47:07 UTC 2026","passed","Wed Jul 08 09:47:07 UTC 2026","","eu.esdihumboldt.cst.internal.ConceptualSchemaTransformerTest","eu.esdihumboldt.cst.internal.ConceptualSchemaTransformerTest","testPropertyFilter"
"","90","testCardinalityRename","","Wed Jul 08 09:47:07 UTC 2026","passed","Wed Jul 08 09:47:08 UTC 2026","","eu.esdihumboldt.cst.internal.ConceptualSchemaTransformerTest","eu.esdihumboldt.cst.internal.ConceptualSchemaTransformerTest","testCardinalityRename"
"","209","mergeJoinsWithJoin_sample_hydro","","Wed Jul 08 09:42:58 UTC 2026","passed","Wed Jul 08 09:42:58 UTC 2026","","eu.esdihumboldt.hale.common.align.merge.test.impl.JoinMergeTest","eu.esdihumboldt.hale.common.align.merge.test.impl.JoinMergeTest","mergeJoinsWithJoin_sample_hydro"
"","48","testMerge","","Wed Jul 08 09:43:38 UTC 2026","passed","Wed Jul 08 09:43:38 UTC 2026","","eu.esdihumboldt.hale.common.core.report.util.StatsMergeTest","eu.esdihumboldt.hale.common.core.report.util.StatsMergeTest","testMerge"
"","992","testReadXsdInstancesTypenameWithNamespace","","Wed Jul 08 09:55:00 UTC 2026","passed","Wed Jul 08 09:55:01 UTC 2026","","eu.esdihumboldt.hale.io.shp.ShapeInstanceReaderTest","eu.esdihumboldt.hale.io.shp.ShapeInstanceReaderTest","testReadXsdInstancesTypenameWithNamespace"
"","0","testDuringList","","Wed Jul 08 09:43:53 UTC 2026","skipped","Wed Jul 08 09:43:53 UTC 2026","","eu.esdihumboldt.hale.common.filter.CQLFilterTest","eu.esdihumboldt.hale.common.filter.CQLFilterTest","testDuringList"
"","8726","testLists","","Wed Jul 08 09:56:36 UTC 2026","passed","Wed Jul 08 09:56:45 UTC 2026","","eu.esdihumboldt.util.config.ConfigMergerTest","eu.esdihumboldt.util.config.ConfigMergerTest","testLists"
"","335","testReadXsdInstancesName","","Wed Jul 08 09:54:57 UTC 2026","passed","Wed Jul 08 09:54:57 UTC 2026","","eu.esdihumboldt.hale.io.shp.ShapeInstanceReaderTest","eu.esdihumboldt.hale.io.shp.ShapeInstanceReaderTest","testReadXsdInstancesName"
"","0","testInstanceNoValueExistsSchema","","Wed Jul 08 09:43:54 UTC 2026","skipped","Wed Jul 08 09:43:54 UTC 2026","","eu.esdihumboldt.hale.common.filter.ECQLFilterTest","eu.esdihumboldt.hale.common.filter.ECQLFilterTest","testInstanceNoValueExistsSchema"
"","83","testCardinalityMove","","Wed Jul 08 09:47:06 UTC 2026","passed","Wed Jul 08 09:47:06 UTC 2026","","eu.esdihumboldt.cst.internal.ConceptualSchemaTransformerTest","eu.esdihumboldt.cst.internal.ConceptualSchemaTransformerTest","testCardinalityMove"
"","1975","testComplexInstancesECQL","","Wed Jul 08 09:43:54 UTC 2026","passed","Wed Jul 08 09:43:56 UTC 2026","","eu.esdihumboldt.hale.common.filter.FilterTest","eu.esdihumboldt.hale.common.filter.FilterTest","testComplexInstancesECQL"
"","33","testSinglePolyGeometryWithLongAlphanumericNamesWithMultipleInstancesWithMissingData","","Wed Jul 08 09:55:07 UTC 2026","passed","Wed Jul 08 09:55:07 UTC 2026","","eu.esdihumboldt.hale.io.shp.ShapefileInstanceWriterTest","eu.esdihumboldt.hale.io.shp.ShapefileInstanceWriterTest","testSinglePolyGeometryWithLongAlphanumericNamesWithMultipleInstancesWithMissingData"
"","68","testReadFromFolder","","Wed Jul 08 09:55:01 UTC 2026","passed","Wed Jul 08 09:55:01 UTC 2026","","eu.esdihumboldt.hale.io.shp.ShapeInstanceReaderTest","eu.esdihumboldt.hale.io.shp.ShapeInstanceReaderTest","testReadFromFolder"
"","1","testDisabled","","Wed Jul 08 09:45:36 UTC 2026","passed","Wed Jul 08 09:45:36 UTC 2026","","eu.esdihumboldt.hale.common.schema.model.constraint.factory.type.AugmentedValueFlagFactoryTest","eu.esdihumboldt.hale.common.schema.model.constraint.factory.type.AugmentedValueFlagFactoryTest","testDisabled"
"","2","testNullNotExistsSchema","","Wed Jul 08 09:43:54 UTC 2026","passed","Wed Jul 08 09:43:54 UTC 2026","","eu.esdihumboldt.hale.common.filter.ECQLFilterTest","eu.esdihumboldt.hale.common.filter.ECQLFilterTest","testNullNotExistsSchema"
"","9","testSpecifyType","","Wed Jul 08 09:53:59 UTC 2026","passed","Wed Jul 08 09:53:59 UTC 2026","","eu.esdihumboldt.hale.io.json.test.JsonToInstanceTest","eu.esdihumboldt.hale.io.json.test.JsonToInstanceTest","testSpecifyType"
"","16","testGString","","Wed Jul 08 09:48:05 UTC 2026","passed","Wed Jul 08 09:48:05 UTC 2026","","eu.esdihumboldt.cst.functions.groovy.helpers.util.CollectorTest","eu.esdihumboldt.cst.functions.groovy.helpers.util.CollectorTest","testGString"
"","0","testUnifyMultiPolygon","","Wed Jul 08 09:56:54 UTC 2026","passed","Wed Jul 08 09:56:54 UTC 2026","","eu.esdihumboldt.util.geometry.WindingOrderTest","eu.esdihumboldt.util.geometry.WindingOrderTest","testUnifyMultiPolygon"
"","315","testGeometryAggregate_32_MultiLineString","","Wed Jul 08 09:50:59 UTC 2026","passed","Wed Jul 08 09:50:59 UTC 2026","","eu.esdihumboldt.hale.io.gml.writer.internal.StreamGmlWriterTest","eu.esdihumboldt.hale.io.gml.writer.internal.StreamGmlWriterTest","testGeometryAggregate_32_MultiLineString"
"","9","testGeoContains","","Wed Jul 08 09:43:54 UTC 2026","passed","Wed Jul 08 09:43:54 UTC 2026","","eu.esdihumboldt.hale.common.filter.CQLFilterTest","eu.esdihumboldt.hale.common.filter.CQLFilterTest","testGeoContains"
"","310","testGeometryAggregate_32_Point","","Wed Jul 08 09:50:58 UTC 2026","passed","Wed Jul 08 09:50:58 UTC 2026","","eu.esdihumboldt.hale.io.gml.writer.internal.StreamGmlWriterTest","eu.esdihumboldt.hale.io.gml.writer.internal.StreamGmlWriterTest","testGeometryAggregate_32_Point"
"","234","testTypeFilter3Present","","Wed Jul 08 09:42:53 UTC 2026","passed","Wed Jul 08 09:42:53 UTC 2026","","eu.esdihumboldt.hale.common.align.merge.test.impl.DefaultMergeCellMigratorTest","eu.esdihumboldt.hale.common.align.merge.test.impl.DefaultMergeCellMigratorTest","testTypeFilter3Present"
"","417","testByPointsToCenterAllGrid","","Wed Jul 08 09:56:54 UTC 2026","passed","Wed Jul 08 09:56:54 UTC 2026","","eu.esdihumboldt.util.geometry.interpolation.grid.GridInterpolationTest","eu.esdihumboldt.util.geometry.interpolation.grid.GridInterpolationTest","testByPointsToCenterAllGrid"
"","3","testNumberString","","Wed Jul 08 09:43:54 UTC 2026","passed","Wed Jul 08 09:43:54 UTC 2026","","eu.esdihumboldt.hale.common.filter.ECQLFilterTest","eu.esdihumboldt.hale.common.filter.ECQLFilterTest","testNumberString"
"","12","testReadArrayNested","","Wed Jul 08 09:53:59 UTC 2026","passed","Wed Jul 08 09:53:59 UTC 2026","","eu.esdihumboldt.hale.io.json.test.JsonToInstanceTest","eu.esdihumboldt.hale.io.json.test.JsonToInstanceTest","testReadArrayNested"
"","724","testInspireCodespaceNoAutoAdd","","Wed Jul 08 09:50:47 UTC 2026","passed","Wed Jul 08 09:50:48 UTC 2026","","eu.esdihumboldt.hale.io.gml.writer.internal.StreamGmlWriter2Test","eu.esdihumboldt.hale.io.gml.writer.internal.StreamGmlWriter2Test","testInspireCodespaceNoAutoAdd"
"","1429","testSKOSFromRDF5_language_de","","Wed Jul 08 09:48:36 UTC 2026","passed","Wed Jul 08 09:48:38 UTC 2026","","eu.esdihumboldt.hale.io.codelist.skos.test.SkosCodeListTest","eu.esdihumboldt.hale.io.codelist.skos.test.SkosCodeListTest","testSKOSFromRDF5_language_de"
"","3","testNullNoSchema","","Wed Jul 08 09:43:54 UTC 2026","passed","Wed Jul 08 09:43:54 UTC 2026","","eu.esdihumboldt.hale.common.filter.ECQLFilterTest","eu.esdihumboldt.hale.common.filter.ECQLFilterTest","testNullNoSchema"
"","6","testGeoBbox","","Wed Jul 08 09:43:54 UTC 2026","passed","Wed Jul 08 09:43:54 UTC 2026","","eu.esdihumboldt.hale.common.filter.ECQLFilterTest","eu.esdihumboldt.hale.common.filter.ECQLFilterTest","testGeoBbox"
"","87","testLikeSchema","","Wed Jul 08 09:43:53 UTC 2026","passed","Wed Jul 08 09:43:53 UTC 2026","","eu.esdihumboldt.hale.common.filter.CQLFilterTest","eu.esdihumboldt.hale.common.filter.CQLFilterTest","testLikeSchema"
"","38","testGmlOverflow","","Wed Jul 08 09:44:25 UTC 2026","passed","Wed Jul 08 09:44:25 UTC 2026","","eu.esdihumboldt.hale.common.instance.graph.test.ReferenceGraphTest","eu.esdihumboldt.hale.common.instance.graph.test.ReferenceGraphTest","testGmlOverflow"
"","5810","testDataTypesSql","","Wed Jul 08 09:53:15 UTC 2026","passed","Wed Jul 08 09:53:21 UTC 2026","","eu.esdihumboldt.hale.io.jdbc.postgresql.test.PostDataTypesIT","eu.esdihumboldt.hale.io.jdbc.postgresql.test.PostDataTypesIT","testDataTypesSql"
"","3","testNamespaceIndexChildContext","","Wed Jul 08 09:42:28 UTC 2026","passed","Wed Jul 08 09:42:28 UTC 2026","","eu.esdihumboldt.hale.common.align.groovy.accessor.EntityAccessorTest","eu.esdihumboldt.hale.common.align.groovy.accessor.EntityAccessorTest","testNamespaceIndexChildContext"
"","41","testReadSimple","","Wed Jul 08 09:56:05 UTC 2026","passed","Wed Jul 08 09:56:05 UTC 2026","","eu.esdihumboldt.hale.io.xls.test.reader.XLSReaderTest","eu.esdihumboldt.hale.io.xls.test.reader.XLSReaderTest","testReadSimple"
"","12","testWriteReadTypeSafe","","Wed Jul 08 09:57:09 UTC 2026","passed","Wed Jul 08 09:57:09 UTC 2026","","eu.esdihumboldt.util.groovy.xml.NSDOMBuilderTest","eu.esdihumboldt.util.groovy.xml.NSDOMBuilderTest","testWriteReadTypeSafe"
"","61","testNativeQuery","","Wed Jul 08 09:57:34 UTC 2026","passed","Wed Jul 08 09:57:34 UTC 2026","","eu.esdihumboldt.util.orient.embedded.MemoryDocumentTest","eu.esdihumboldt.util.orient.embedded.MemoryDocumentTest","testNativeQuery"
"","4","testNumberBetweenList","","Wed Jul 08 09:43:54 UTC 2026","passed","Wed Jul 08 09:43:54 UTC 2026","","eu.esdihumboldt.hale.common.filter.ECQLFilterTest","eu.esdihumboldt.hale.common.filter.ECQLFilterTest","testNumberBetweenList"
"","5","testNullNotExistsNoSchema","","Wed Jul 08 09:43:54 UTC 2026","passed","Wed Jul 08 09:43:54 UTC 2026","","eu.esdihumboldt.hale.common.filter.CQLFilterTest","eu.esdihumboldt.hale.common.filter.CQLFilterTest","testNullNotExistsNoSchema"
"","13","testReadNestedGeometry","","Wed Jul 08 09:53:59 UTC 2026","passed","Wed Jul 08 09:53:59 UTC 2026","","eu.esdihumboldt.hale.io.json.test.JsonToInstanceTest","eu.esdihumboldt.hale.io.json.test.JsonToInstanceTest","testReadNestedGeometry"
"","3","testPath2","","Wed Jul 08 09:45:37 UTC 2026","passed","Wed Jul 08 09:45:37 UTC 2026","","eu.esdihumboldt.hale.common.schema.model.constraint.factory.type.PrimaryKeyFactoryTest","eu.esdihumboldt.hale.common.schema.model.constraint.factory.type.PrimaryKeyFactoryTest","testPath2"
"","16","testReadEmptySheet","","Wed Jul 08 09:56:05 UTC 2026","passed","Wed Jul 08 09:56:05 UTC 2026","","eu.esdihumboldt.hale.io.xls.test.reader.XLSReaderTest","eu.esdihumboldt.hale.io.xls.test.reader.XLSReaderTest","testReadEmptySheet"
"","841","testGroovy1","","Wed Jul 08 09:46:54 UTC 2026","passed","Wed Jul 08 09:46:55 UTC 2026","","eu.esdihumboldt.cst.internal.ConceptualSchemaTransformerTest","eu.esdihumboldt.cst.internal.ConceptualSchemaTransformerTest","testGroovy1"
"","36","testEnabled","","Wed Jul 08 09:45:36 UTC 2026","passed","Wed Jul 08 09:45:36 UTC 2026","","eu.esdihumboldt.hale.common.schema.model.constraint.factory.property.ChoiceFlagFactoryTest","eu.esdihumboldt.hale.common.schema.model.constraint.factory.property.ChoiceFlagFactoryTest","testEnabled"
"","1","testNullTargetValueIsPreserved","","Wed Jul 08 09:45:02 UTC 2026","passed","Wed Jul 08 09:45:02 UTC 2026","","eu.esdihumboldt.hale.common.lookup.impl.LookupTableImplTest","eu.esdihumboldt.hale.common.lookup.impl.LookupTableImplTest","testNullTargetValueIsPreserved"
"","9857","testPersonWriteValidate","","Wed Jul 08 09:45:57 UTC 2026","passed","Wed Jul 08 09:46:07 UTC 2026","","eu.esdihumboldt.hale.common.schema.persist.hsd.test.HaleSchemaWriterTest","eu.esdihumboldt.hale.common.schema.persist.hsd.test.HaleSchemaWriterTest","testPersonWriteValidate"
"","49","testGmlOverflow3","","Wed Jul 08 09:44:25 UTC 2026","passed","Wed Jul 08 09:44:25 UTC 2026","","eu.esdihumboldt.hale.common.instance.graph.test.ReferenceGraphTest","eu.esdihumboldt.hale.common.instance.graph.test.ReferenceGraphTest","testGmlOverflow3"
"","536","testGmlIndependent","","Wed Jul 08 09:44:24 UTC 2026","passed","Wed Jul 08 09:44:24 UTC 2026","","eu.esdihumboldt.hale.common.instance.graph.test.ReferenceGraphTest","eu.esdihumboldt.hale.common.instance.graph.test.ReferenceGraphTest","testGmlIndependent"
"","32","testCallMethod","","Wed Jul 08 09:51:17 UTC 2026","passed","Wed Jul 08 09:51:17 UTC 2026","","eu.esdihumboldt.hale.io.groovy.snippets.GroovySnippetsTest","eu.esdihumboldt.hale.io.groovy.snippets.GroovySnippetsTest","testCallMethod"
"","17","testArcString","","Wed Jul 08 09:56:54 UTC 2026","passed","Wed Jul 08 09:56:54 UTC 2026","","eu.esdihumboldt.util.geometry.interpolation.grid.GridInterpolationTest","eu.esdihumboldt.util.geometry.interpolation.grid.GridInterpolationTest","testArcString"
"","762","testInspireCodespaceAutoAdd","","Wed Jul 08 09:50:46 UTC 2026","passed","Wed Jul 08 09:50:46 UTC 2026","","eu.esdihumboldt.hale.io.gml.writer.internal.StreamGmlWriter2Test","eu.esdihumboldt.hale.io.gml.writer.internal.StreamGmlWriter2Test","testInspireCodespaceAutoAdd"
"","1","testMerge6","","Wed Jul 08 09:43:38 UTC 2026","passed","Wed Jul 08 09:43:38 UTC 2026","","eu.esdihumboldt.hale.common.core.report.util.StatsMergeTest","eu.esdihumboldt.hale.common.core.report.util.StatsMergeTest","testMerge6"
"","0","testGeometry_2_Polygon","","Wed Jul 08 09:50:57 UTC 2026","skipped","Wed Jul 08 09:50:57 UTC 2026","","eu.esdihumboldt.hale.io.gml.writer.internal.StreamGmlWriterTest","eu.esdihumboldt.hale.io.gml.writer.internal.StreamGmlWriterTest","testGeometry_2_Polygon"
"","1","testIterateEven","","Wed Jul 08 09:44:08 UTC 2026","passed","Wed Jul 08 09:44:08 UTC 2026","","eu.esdihumboldt.hale.common.instance.tools.impl.SimplePartitionerTest","eu.esdihumboldt.hale.common.instance.tools.impl.SimplePartitionerTest","testIterateEven"
"","3366","testArgsFileForHydro","","Wed Jul 08 09:41:39 UTC 2026","passed","Wed Jul 08 09:41:42 UTC 2026","","eu.esdihumboldt.hale.app.transform.test.ExecuteTest","eu.esdihumboldt.hale.app.transform.test.ExecuteTest","testArgsFileForHydro"
"","24","testRead_definitive_annotated","","Wed Jul 08 09:56:24 UTC 2026","passed","Wed Jul 08 09:56:24 UTC 2026","","eu.esdihumboldt.hale.io.xsd.reader.XmlSchemaReaderTest","eu.esdihumboldt.hale.io.xsd.reader.XmlSchemaReaderTest","testRead_definitive_annotated"
"","0","testMsAccessSchemaReaderForAccdbTest","","Wed Jul 08 09:51:56 UTC 2026","skipped","Wed Jul 08 09:51:56 UTC 2026","","eu.esdihumboldt.hale.io.jdbc.msaccess.reader.MsAccessSchemaReaderTest","eu.esdihumboldt.hale.io.jdbc.msaccess.reader.MsAccessSchemaReaderTest","testMsAccessSchemaReaderForAccdbTest"
"","505","testGeometryPrimitive_32_Polygon","","Wed Jul 08 09:50:55 UTC 2026","passed","Wed Jul 08 09:50:55 UTC 2026","","eu.esdihumboldt.hale.io.gml.writer.internal.StreamGmlWriterTest","eu.esdihumboldt.hale.io.gml.writer.internal.StreamGmlWriterTest","testGeometryPrimitive_32_Polygon"
"","73","testWfsResolvedepthResponseStructure","","Wed Jul 08 09:50:40 UTC 2026","passed","Wed Jul 08 09:50:40 UTC 2026","","eu.esdihumboldt.hale.io.gml.reader.internal.StreamGmlReaderTest","eu.esdihumboldt.hale.io.gml.reader.internal.StreamGmlReaderTest","testWfsResolvedepthResponseStructure"
"","251","testWriteRead","","Wed Jul 08 09:46:08 UTC 2026","passed","Wed Jul 08 09:46:08 UTC 2026","","eu.esdihumboldt.hale.common.schema.persist.hsd.test.json.HaleSchemaWriterJsonTest","eu.esdihumboldt.hale.common.schema.persist.hsd.test.json.HaleSchemaWriterJsonTest","testWriteRead"
"","6","testInstanceValueNullSchema","","Wed Jul 08 09:43:53 UTC 2026","passed","Wed Jul 08 09:43:53 UTC 2026","","eu.esdihumboldt.hale.common.filter.CQLFilterTest","eu.esdihumboldt.hale.common.filter.CQLFilterTest","testInstanceValueNullSchema"
"","153","testFilterSame4","","Wed Jul 08 09:42:52 UTC 2026","passed","Wed Jul 08 09:42:52 UTC 2026","","eu.esdihumboldt.hale.common.align.merge.test.impl.DefaultMergeCellMigratorTest","eu.esdihumboldt.hale.common.align.merge.test.impl.DefaultMergeCellMigratorTest","testFilterSame4"
"","0","testLocales1","","Wed Jul 08 09:42:11 UTC 2026","skipped","Wed Jul 08 09:42:11 UTC 2026","","eu.esdihumboldt.hale.common.align.model.impl.mdexpl.MarkdownCellExplanationTest","eu.esdihumboldt.hale.common.align.model.impl.mdexpl.MarkdownCellExplanationTest","testLocales1"
"","333","testGeometryPrimitive_32_MultiLineString_Curve1","","Wed Jul 08 09:50:55 UTC 2026","passed","Wed Jul 08 09:50:56 UTC 2026","","eu.esdihumboldt.hale.io.gml.writer.internal.StreamGmlWriterTest","eu.esdihumboldt.hale.io.gml.writer.internal.StreamGmlWriterTest","testGeometryPrimitive_32_MultiLineString_Curve1"
"","10206","testCellDisableSaveLoad","","Wed Jul 08 09:41:59 UTC 2026","passed","Wed Jul 08 09:42:09 UTC 2026","","eu.esdihumboldt.hale.common.align.io.JaxbAlignmentIOTest","eu.esdihumboldt.hale.common.align.io.JaxbAlignmentIOTest","testCellDisableSaveLoad"
"","1","simpleFilterTestCQL","","Wed Jul 08 09:43:56 UTC 2026","passed","Wed Jul 08 09:43:56 UTC 2026","","eu.esdihumboldt.hale.common.filter.FilterTest","eu.esdihumboldt.hale.common.filter.FilterTest","simpleFilterTestCQL"
"","59","testCustomClass","","Wed Jul 08 09:51:17 UTC 2026","passed","Wed Jul 08 09:51:17 UTC 2026","","eu.esdihumboldt.hale.io.groovy.snippets.GroovySnippetsTest","eu.esdihumboldt.hale.io.groovy.snippets.GroovySnippetsTest","testCustomClass"
"","10","testStringCompare","","Wed Jul 08 09:43:53 UTC 2026","passed","Wed Jul 08 09:43:53 UTC 2026","","eu.esdihumboldt.hale.common.filter.CQLFilterTest","eu.esdihumboldt.hale.common.filter.CQLFilterTest","testStringCompare"
"","184","testTypeFilter2","","Wed Jul 08 09:42:53 UTC 2026","passed","Wed Jul 08 09:42:54 UTC 2026","","eu.esdihumboldt.hale.common.align.merge.test.impl.DefaultMergeCellMigratorTest","eu.esdihumboldt.hale.common.align.merge.test.impl.DefaultMergeCellMigratorTest","testTypeFilter2"
"","4129","testWriteRead","","Wed Jul 08 09:53:04 UTC 2026","passed","Wed Jul 08 09:53:08 UTC 2026","","eu.esdihumboldt.hale.io.jdbc.postgresql.test.OneDimensionalArraysIT","eu.esdihumboldt.hale.io.jdbc.postgresql.test.OneDimensionalArraysIT","testWriteRead"
"","0","testGeometryPrimitive_3_Polygon","","Wed Jul 08 09:50:59 UTC 2026","skipped","Wed Jul 08 09:50:59 UTC 2026","","eu.esdihumboldt.hale.io.gml.writer.internal.StreamGmlWriterTest","eu.esdihumboldt.hale.io.gml.writer.internal.StreamGmlWriterTest","testGeometryPrimitive_3_Polygon"
"","0","testFormatter[9]","","Wed Jul 08 09:56:50 UTC 2026","passed","Wed Jul 08 09:56:50 UTC 2026","","eu.esdihumboldt.util.geometry.DecimalFormatUtilTest","eu.esdihumboldt.util.geometry.DecimalFormatUtilTest","testFormatter[9]"
"","1","testCircle","","Wed Jul 08 09:56:55 UTC 2026","passed","Wed Jul 08 09:56:55 UTC 2026","","eu.esdihumboldt.util.geometry.interpolation.model.impl.ArcByPointsImplTest","eu.esdihumboldt.util.geometry.interpolation.model.impl.ArcByPointsImplTest","testCircle"
"","12","testSKOSFromRDF5_language_en","","Wed Jul 08 09:48:38 UTC 2026","passed","Wed Jul 08 09:48:38 UTC 2026","","eu.esdihumboldt.hale.io.codelist.skos.test.SkosCodeListTest","eu.esdihumboldt.hale.io.codelist.skos.test.SkosCodeListTest","testSKOSFromRDF5_language_en"
"","46","testReadDouble","","Wed Jul 08 09:53:59 UTC 2026","passed","Wed Jul 08 09:53:59 UTC 2026","","eu.esdihumboldt.hale.io.json.test.JsonToInstanceTest","eu.esdihumboldt.hale.io.json.test.JsonToInstanceTest","testReadDouble"
"","353","testGeometryAggregate_32_MultiPolygon","","Wed Jul 08 09:50:56 UTC 2026","passed","Wed Jul 08 09:50:56 UTC 2026","","eu.esdihumboldt.hale.io.gml.writer.internal.StreamGmlWriterTest","eu.esdihumboldt.hale.io.gml.writer.internal.StreamGmlWriterTest","testGeometryAggregate_32_MultiPolygon"
"","2","testOptional","","Wed Jul 08 09:45:36 UTC 2026","passed","Wed Jul 08 09:45:36 UTC 2026","","eu.esdihumboldt.hale.common.schema.model.constraint.factory.property.CardinalityFactoryTest","eu.esdihumboldt.hale.common.schema.model.constraint.factory.property.CardinalityFactoryTest","testOptional"
"","21","testGmlNoId","","Wed Jul 08 09:44:25 UTC 2026","passed","Wed Jul 08 09:44:25 UTC 2026","","eu.esdihumboldt.hale.common.instance.graph.test.ReferenceGraphTest","eu.esdihumboldt.hale.common.instance.graph.test.ReferenceGraphTest","testGmlNoId"
"","52","testLoadAllGroup","","Wed Jul 08 09:49:52 UTC 2026","passed","Wed Jul 08 09:49:52 UTC 2026","","eu.esdihumboldt.hale.io.gml.reader.internal.GmlInstanceCollectionTest","eu.esdihumboldt.hale.io.gml.reader.internal.GmlInstanceCollectionTest","testLoadAllGroup"
"","7","testMerge4","","Wed Jul 08 09:43:38 UTC 2026","passed","Wed Jul 08 09:43:38 UTC 2026","","eu.esdihumboldt.hale.common.core.report.util.StatsMergeTest","eu.esdihumboldt.hale.common.core.report.util.StatsMergeTest","testMerge4"
"","1312","testExplanation","","Wed Jul 08 09:42:10 UTC 2026","passed","Wed Jul 08 09:42:11 UTC 2026","","eu.esdihumboldt.hale.common.align.model.impl.mdexpl.MarkdownCellExplanationTest","eu.esdihumboldt.hale.common.align.model.impl.mdexpl.MarkdownCellExplanationTest","testExplanation"
"","112","testCMMulti1","","Wed Jul 08 09:47:05 UTC 2026","passed","Wed Jul 08 09:47:05 UTC 2026","","eu.esdihumboldt.cst.internal.ConceptualSchemaTransformerTest","eu.esdihumboldt.cst.internal.ConceptualSchemaTransformerTest","testCMMulti1"
"","1","testPrimitiveArray2","","Wed Jul 08 09:45:36 UTC 2026","passed","Wed Jul 08 09:45:36 UTC 2026","","eu.esdihumboldt.hale.common.schema.model.constraint.factory.type.BindingFactoryTest","eu.esdihumboldt.hale.common.schema.model.constraint.factory.type.BindingFactoryTest","testPrimitiveArray2"
"","5","testNestedObjectsPrettyPrint","","Wed Jul 08 09:57:09 UTC 2026","passed","Wed Jul 08 09:57:09 UTC 2026","","eu.esdihumboldt.util.groovy.json.JsonStreamBuilderTest","eu.esdihumboldt.util.groovy.json.JsonStreamBuilderTest","testNestedObjectsPrettyPrint"
"","0","testGeometry_2_MultiPolygon","","Wed Jul 08 09:50:59 UTC 2026","skipped","Wed Jul 08 09:50:59 UTC 2026","","eu.esdihumboldt.hale.io.gml.writer.internal.StreamGmlWriterTest","eu.esdihumboldt.hale.io.gml.writer.internal.StreamGmlWriterTest","testGeometry_2_MultiPolygon"
"","153","testBaseAlignmentSaveLoad","","Wed Jul 08 09:41:58 UTC 2026","passed","Wed Jul 08 09:41:59 UTC 2026","","eu.esdihumboldt.hale.common.align.io.CastorAlignmentIOTest","eu.esdihumboldt.hale.common.align.io.CastorAlignmentIOTest","testBaseAlignmentSaveLoad"
"","1928","testMerge","","Wed Jul 08 09:46:51 UTC 2026","passed","Wed Jul 08 09:46:53 UTC 2026","","eu.esdihumboldt.cst.internal.ConceptualSchemaTransformerTest","eu.esdihumboldt.cst.internal.ConceptualSchemaTransformerTest","testMerge"
"","1","testCircle2","","Wed Jul 08 09:56:55 UTC 2026","passed","Wed Jul 08 09:56:55 UTC 2026","","eu.esdihumboldt.util.geometry.interpolation.model.impl.ArcByCenterPointImplTest","eu.esdihumboldt.util.geometry.interpolation.model.impl.ArcByCenterPointImplTest","testCircle2"
"","2","testBackwardCompatibilityRead","","Wed Jul 08 09:48:51 UTC 2026","passed","Wed Jul 08 09:48:51 UTC 2026","","eu.esdihumboldt.hale.io.csv.CSVInstanceReaderTest","eu.esdihumboldt.hale.io.csv.CSVInstanceReaderTest","testBackwardCompatibilityRead"
"","9","testNumber","","Wed Jul 08 09:43:54 UTC 2026","passed","Wed Jul 08 09:43:54 UTC 2026","","eu.esdihumboldt.hale.common.filter.CQLFilterTest","eu.esdihumboldt.hale.common.filter.CQLFilterTest","testNumber"
"","4","testByPoints3AllGrid","","Wed Jul 08 09:56:54 UTC 2026","passed","Wed Jul 08 09:56:54 UTC 2026","","eu.esdihumboldt.util.geometry.interpolation.grid.GridInterpolationTest","eu.esdihumboldt.util.geometry.interpolation.grid.GridInterpolationTest","testByPoints3AllGrid"
"","9","testSimpleSingleStrictFail","","Wed Jul 08 09:42:28 UTC 2026","passed","Wed Jul 08 09:42:28 UTC 2026","","eu.esdihumboldt.hale.common.align.groovy.accessor.EntityAccessorTest","eu.esdihumboldt.hale.common.align.groovy.accessor.EntityAccessorTest","testSimpleSingleStrictFail"
"","70","testStructuralRename3","","Wed Jul 08 09:47:07 UTC 2026","passed","Wed Jul 08 09:47:07 UTC 2026","","eu.esdihumboldt.cst.internal.ConceptualSchemaTransformerTest","eu.esdihumboldt.cst.internal.ConceptualSchemaTransformerTest","testStructuralRename3"
"","334","testMatchCondition1","","Wed Jul 08 09:42:51 UTC 2026","passed","Wed Jul 08 09:42:52 UTC 2026","","eu.esdihumboldt.hale.common.align.merge.test.impl.DefaultMergeCellMigratorTest","eu.esdihumboldt.hale.common.align.merge.test.impl.DefaultMergeCellMigratorTest","testMatchCondition1"
"","173","testTypeFilter4","","Wed Jul 08 09:42:54 UTC 2026","passed","Wed Jul 08 09:42:54 UTC 2026","","eu.esdihumboldt.hale.common.align.merge.test.impl.DefaultMergeCellMigratorTest","eu.esdihumboldt.hale.common.align.merge.test.impl.DefaultMergeCellMigratorTest","testTypeFilter4"
"","122","testImplicitAssign","","Wed Jul 08 09:47:04 UTC 2026","passed","Wed Jul 08 09:47:04 UTC 2026","","eu.esdihumboldt.cst.internal.ConceptualSchemaTransformerTest","eu.esdihumboldt.cst.internal.ConceptualSchemaTransformerTest","testImplicitAssign"
"","3","testStringBetween","","Wed Jul 08 09:43:54 UTC 2026","passed","Wed Jul 08 09:43:54 UTC 2026","","eu.esdihumboldt.hale.common.filter.ECQLFilterTest","eu.esdihumboldt.hale.common.filter.ECQLFilterTest","testStringBetween"
"","8","testEmpty","","Wed Jul 08 09:45:37 UTC 2026","passed","Wed Jul 08 09:45:37 UTC 2026","","eu.esdihumboldt.hale.common.schema.model.constraint.factory.type.EnumerationFactoryTest","eu.esdihumboldt.hale.common.schema.model.constraint.factory.type.EnumerationFactoryTest","testEmpty"
"","9","testCreateTypeIndex","","Wed Jul 08 09:45:51 UTC 2026","passed","Wed Jul 08 09:45:51 UTC 2026","","eu.esdihumboldt.hale.common.schema.groovy.SchemaBuilderTest","eu.esdihumboldt.hale.common.schema.groovy.SchemaBuilderTest","testCreateTypeIndex"
"","23","testRead_definitive_sequencegroup","","Wed Jul 08 09:56:24 UTC 2026","passed","Wed Jul 08 09:56:24 UTC 2026","","eu.esdihumboldt.hale.io.xsd.reader.XmlSchemaReaderTest","eu.esdihumboldt.hale.io.xsd.reader.XmlSchemaReaderTest","testRead_definitive_sequencegroup"
"","0","testTimeEqualsList","","Wed Jul 08 09:43:54 UTC 2026","skipped","Wed Jul 08 09:43:54 UTC 2026","","eu.esdihumboldt.hale.common.filter.ECQLFilterTest","eu.esdihumboldt.hale.common.filter.ECQLFilterTest","testTimeEqualsList"
"","10","testMultiType","","Wed Jul 08 09:53:59 UTC 2026","passed","Wed Jul 08 09:53:59 UTC 2026","","eu.esdihumboldt.hale.io.json.test.JsonSchemaReaderTest","eu.esdihumboldt.hale.io.json.test.JsonSchemaReaderTest","testMultiType"
"","9","testReadLineString","","Wed Jul 08 09:53:59 UTC 2026","passed","Wed Jul 08 09:53:59 UTC 2026","","eu.esdihumboldt.hale.io.json.test.JsonToInstanceTest","eu.esdihumboldt.hale.io.json.test.JsonToInstanceTest","testReadLineString"
"","4","testAfter","","Wed Jul 08 09:43:54 UTC 2026","passed","Wed Jul 08 09:43:54 UTC 2026","","eu.esdihumboldt.hale.common.filter.ECQLFilterTest","eu.esdihumboldt.hale.common.filter.ECQLFilterTest","testAfter"
"","15","testComplexInstancesCQL","","Wed Jul 08 09:43:57 UTC 2026","passed","Wed Jul 08 09:43:57 UTC 2026","","eu.esdihumboldt.hale.common.filter.FilterTest","eu.esdihumboldt.hale.common.filter.FilterTest","testComplexInstancesCQL"
"","1","testLookupAndConsumeMark","","Wed Jul 08 09:43:38 UTC 2026","passed","Wed Jul 08 09:43:38 UTC 2026","","eu.esdihumboldt.hale.common.core.io.supplier.LookupStreamResourceTest","eu.esdihumboldt.hale.common.core.io.supplier.LookupStreamResourceTest","testLookupAndConsumeMark"
"","31","testPrimitive2","","Wed Jul 08 09:45:36 UTC 2026","passed","Wed Jul 08 09:45:36 UTC 2026","","eu.esdihumboldt.hale.common.schema.model.constraint.factory.type.BindingFactoryTest","eu.esdihumboldt.hale.common.schema.model.constraint.factory.type.BindingFactoryTest","testPrimitive2"
"","2","testElements","","Wed Jul 08 09:56:22 UTC 2026","passed","Wed Jul 08 09:56:22 UTC 2026","","eu.esdihumboldt.hale.io.xsd.anytype.valuetypes.CustomTypeContentTypeTest","eu.esdihumboldt.hale.io.xsd.anytype.valuetypes.CustomTypeContentTypeTest","testElements"
"","1","testQ3","","Wed Jul 08 09:56:54 UTC 2026","passed","Wed Jul 08 09:56:54 UTC 2026","","eu.esdihumboldt.util.geometry.interpolation.grid.GridUtilTest","eu.esdihumboldt.util.geometry.interpolation.grid.GridUtilTest","testQ3"
"","22","testReadXsdInstancesTypenameAmbiguousLocalNameWithNamespace","","Wed Jul 08 09:55:01 UTC 2026","passed","Wed Jul 08 09:55:01 UTC 2026","","eu.esdihumboldt.hale.io.shp.ShapeInstanceReaderTest","eu.esdihumboldt.hale.io.shp.ShapeInstanceReaderTest","testReadXsdInstancesTypenameAmbiguousLocalNameWithNamespace"
"","1","testValueProperties","","Wed Jul 08 09:43:37 UTC 2026","passed","Wed Jul 08 09:43:37 UTC 2026","","eu.esdihumboldt.hale.common.core.io.impl.ValuePropertiesTypeTest","eu.esdihumboldt.hale.common.core.io.impl.ValuePropertiesTypeTest","testValueProperties"
"","39","testGeom","","Wed Jul 08 09:45:37 UTC 2026","passed","Wed Jul 08 09:45:37 UTC 2026","","eu.esdihumboldt.hale.common.schema.model.constraint.factory.type.GeometryTypeFactoryTest","eu.esdihumboldt.hale.common.schema.model.constraint.factory.type.GeometryTypeFactoryTest","testGeom"
"","0","testCenter","","Wed Jul 08 09:56:54 UTC 2026","passed","Wed Jul 08 09:56:54 UTC 2026","","eu.esdihumboldt.util.geometry.interpolation.grid.GridUtilTest","eu.esdihumboldt.util.geometry.interpolation.grid.GridUtilTest","testCenter"
"","14","testReadSimpleChoice","","Wed Jul 08 09:53:59 UTC 2026","passed","Wed Jul 08 09:53:59 UTC 2026","","eu.esdihumboldt.hale.io.json.test.JsonToInstanceTest","eu.esdihumboldt.hale.io.json.test.JsonToInstanceTest","testReadSimpleChoice"
"","4","testEqualityList","","Wed Jul 08 09:43:54 UTC 2026","passed","Wed Jul 08 09:43:54 UTC 2026","","eu.esdihumboldt.hale.common.filter.ECQLFilterTest","eu.esdihumboldt.hale.common.filter.ECQLFilterTest","testEqualityList"
"","12","testGeoJsonSimple_7_andLess","","Wed Jul 08 09:53:56 UTC 2026","passed","Wed Jul 08 09:53:56 UTC 2026","","eu.esdihumboldt.hale.io.json.test.InstanceToJsonTest","eu.esdihumboldt.hale.io.json.test.InstanceToJsonTest","testGeoJsonSimple_7_andLess"
"","360","testGeometryAggregate_32_LineString","","Wed Jul 08 09:50:57 UTC 2026","passed","Wed Jul 08 09:50:57 UTC 2026","","eu.esdihumboldt.hale.io.gml.writer.internal.StreamGmlWriterTest","eu.esdihumboldt.hale.io.gml.writer.internal.StreamGmlWriterTest","testGeometryAggregate_32_LineString"
"","8","testTimeEquals","","Wed Jul 08 09:43:53 UTC 2026","passed","Wed Jul 08 09:43:53 UTC 2026","","eu.esdihumboldt.hale.common.filter.CQLFilterTest","eu.esdihumboldt.hale.common.filter.CQLFilterTest","testTimeEquals"
"","0","testMulti1","","Wed Jul 08 09:47:43 UTC 2026","passed","Wed Jul 08 09:47:43 UTC 2026","","eu.esdihumboldt.cst.functions.geometric.test.InteriorPointTest","eu.esdihumboldt.cst.functions.geometric.test.InteriorPointTest","testMulti1"
"","0","testGeoIntersect","","Wed Jul 08 09:43:54 UTC 2026","skipped","Wed Jul 08 09:43:54 UTC 2026","","eu.esdihumboldt.hale.common.filter.ECQLFilterTest","eu.esdihumboldt.hale.common.filter.ECQLFilterTest","testGeoIntersect"
"","0","testLimit","","Wed Jul 08 09:43:38 UTC 2026","passed","Wed Jul 08 09:43:38 UTC 2026","","eu.esdihumboldt.hale.common.core.io.supplier.LookupStreamResourceTest","eu.esdihumboldt.hale.common.core.io.supplier.LookupStreamResourceTest","testLimit"
"","4190","testInstanceWriteOrder","","Wed Jul 08 09:53:25 UTC 2026","passed","Wed Jul 08 09:53:30 UTC 2026","","eu.esdihumboldt.hale.io.jdbc.postgresql.test.WriteInstanceOrderIT","eu.esdihumboldt.hale.io.jdbc.postgresql.test.WriteInstanceOrderIT","testInstanceWriteOrder"
"","4","testNullSchema","","Wed Jul 08 09:43:54 UTC 2026","passed","Wed Jul 08 09:43:54 UTC 2026","","eu.esdihumboldt.hale.common.filter.ECQLFilterTest","eu.esdihumboldt.hale.common.filter.ECQLFilterTest","testNullSchema"
"","124","testNullValue","","Wed Jul 08 09:47:07 UTC 2026","passed","Wed Jul 08 09:47:07 UTC 2026","","eu.esdihumboldt.cst.internal.ConceptualSchemaTransformerTest","eu.esdihumboldt.cst.internal.ConceptualSchemaTransformerTest","testNullValue"
"","4","testNumberString","","Wed Jul 08 09:43:54 UTC 2026","passed","Wed Jul 08 09:43:54 UTC 2026","","eu.esdihumboldt.hale.common.filter.CQLFilterTest","eu.esdihumboldt.hale.common.filter.CQLFilterTest","testNumberString"
"","0","testSuccessSaveDDL","","Wed Jul 08 09:49:09 UTC 2026","skipped","Wed Jul 08 09:49:09 UTC 2026","","eu.esdihumboldt.hale.io.deegree.mapping.MappingWriterTest","eu.esdihumboldt.hale.io.deegree.mapping.MappingWriterTest","testSuccessSaveDDL"
"","4333","testStatistics","","Wed Jul 08 09:40:58 UTC 2026","passed","Wed Jul 08 09:41:02 UTC 2026","","eu.esdihumboldt.hale.app.transform.test.ExecuteTest","eu.esdihumboldt.hale.app.transform.test.ExecuteTest","testStatistics"
"","2","testInvalidKey2","","Wed Jul 08 09:56:46 UTC 2026","passed","Wed Jul 08 09:56:46 UTC 2026","","eu.esdihumboldt.util.config.ConfigTest","eu.esdihumboldt.util.config.ConfigTest","testInvalidKey2"
"","0","testInstanceExistsSchema","","Wed Jul 08 09:43:54 UTC 2026","skipped","Wed Jul 08 09:43:54 UTC 2026","","eu.esdihumboldt.hale.common.filter.ECQLFilterTest","eu.esdihumboldt.hale.common.filter.ECQLFilterTest","testInstanceExistsSchema"
"","250","testWfsPaginationCountWithFeaturesPerRequest","","Wed Jul 08 09:50:40 UTC 2026","passed","Wed Jul 08 09:50:40 UTC 2026","","eu.esdihumboldt.hale.io.gml.reader.internal.StreamGmlReaderTest","eu.esdihumboldt.hale.io.gml.reader.internal.StreamGmlReaderTest","testWfsPaginationCountWithFeaturesPerRequest"
"","1","testRead4","","Wed Jul 08 09:48:51 UTC 2026","passed","Wed Jul 08 09:48:51 UTC 2026","","eu.esdihumboldt.hale.io.csv.CSVSchemaReaderTest","eu.esdihumboldt.hale.io.csv.CSVSchemaReaderTest","testRead4"
"","234","testWfsNonPaginated","","Wed Jul 08 09:50:41 UTC 2026","passed","Wed Jul 08 09:50:42 UTC 2026","","eu.esdihumboldt.hale.io.gml.reader.internal.StreamGmlReaderTest","eu.esdihumboldt.hale.io.gml.reader.internal.StreamGmlReaderTest","testWfsNonPaginated"
"","300","testWriteReadTypeSafeQName","","Wed Jul 08 09:57:09 UTC 2026","passed","Wed Jul 08 09:57:09 UTC 2026","","eu.esdihumboldt.util.groovy.xml.NSDOMBuilderTest","eu.esdihumboldt.util.groovy.xml.NSDOMBuilderTest","testWriteReadTypeSafeQName"
"","561","testSchema","","Wed Jul 08 09:44:42 UTC 2026","passed","Wed Jul 08 09:44:42 UTC 2026","","eu.esdihumboldt.hale.common.instance.groovy.InstanceAccessorTest","eu.esdihumboldt.hale.common.instance.groovy.InstanceAccessorTest","testSchema"
"","39","testGeoCrosses","","Wed Jul 08 09:43:54 UTC 2026","passed","Wed Jul 08 09:43:54 UTC 2026","","eu.esdihumboldt.hale.common.filter.CQLFilterTest","eu.esdihumboldt.hale.common.filter.CQLFilterTest","testGeoCrosses"
"","9","testNullList","","Wed Jul 08 09:43:53 UTC 2026","passed","Wed Jul 08 09:43:53 UTC 2026","","eu.esdihumboldt.hale.common.filter.CQLFilterTest","eu.esdihumboldt.hale.common.filter.CQLFilterTest","testNullList"
"","16224","testTypeFilter2Property","","Wed Jul 08 09:42:34 UTC 2026","passed","Wed Jul 08 09:42:51 UTC 2026","","eu.esdihumboldt.hale.common.align.merge.test.impl.DefaultMergeCellMigratorTest","eu.esdihumboldt.hale.common.align.merge.test.impl.DefaultMergeCellMigratorTest","testTypeFilter2Property"
"","6","testUnbounded","","Wed Jul 08 09:45:36 UTC 2026","passed","Wed Jul 08 09:45:36 UTC 2026","","eu.esdihumboldt.hale.common.schema.model.constraint.factory.property.CardinalityFactoryTest","eu.esdihumboldt.hale.common.schema.model.constraint.factory.property.CardinalityFactoryTest","testUnbounded"
"","86","testReadMultiSheetTypeSettingsIndex","","Wed Jul 08 09:56:05 UTC 2026","passed","Wed Jul 08 09:56:05 UTC 2026","","eu.esdihumboldt.hale.io.xls.test.reader.XLSReaderTest","eu.esdihumboldt.hale.io.xls.test.reader.XLSReaderTest","testReadMultiSheetTypeSettingsIndex"
"","0","testGeometryPrimitive_32_Curve_MultiLineString","","Wed Jul 08 09:50:48 UTC 2026","skipped","Wed Jul 08 09:50:48 UTC 2026","","eu.esdihumboldt.hale.io.gml.writer.internal.StreamGmlWriter2Test","eu.esdihumboldt.hale.io.gml.writer.internal.StreamGmlWriter2Test","testGeometryPrimitive_32_Curve_MultiLineString"
"","46","testBuilder","","Wed Jul 08 09:56:56 UTC 2026","passed","Wed Jul 08 09:56:56 UTC 2026","","eu.esdihumboldt.util.geometry.quadtree.QuadtreeTest","eu.esdihumboldt.util.geometry.quadtree.QuadtreeTest","testBuilder"
"","6","testFindPropertyNamespace","","Wed Jul 08 09:45:35 UTC 2026","passed","Wed Jul 08 09:45:35 UTC 2026","","eu.esdihumboldt.hale.common.schema.helper.DefinitionResolverTest","eu.esdihumboldt.hale.common.schema.helper.DefinitionResolverTest","testFindPropertyNamespace"
"","10280","testSha256_String","","Wed Jul 08 09:47:54 UTC 2026","passed","Wed Jul 08 09:48:04 UTC 2026","","eu.esdihumboldt.cst.functions.groovy.helpers.CryptoHelpersTest","eu.esdihumboldt.cst.functions.groovy.helpers.CryptoHelpersTest","testSha256_String"
"","2","testDefault","","Wed Jul 08 09:45:36 UTC 2026","passed","Wed Jul 08 09:45:36 UTC 2026","","eu.esdihumboldt.hale.common.schema.model.constraint.factory.type.AugmentedValueFlagFactoryTest","eu.esdihumboldt.hale.common.schema.model.constraint.factory.type.AugmentedValueFlagFactoryTest","testDefault"
"","8","testNestedArrayPrettyPrint","","Wed Jul 08 09:57:09 UTC 2026","passed","Wed Jul 08 09:57:09 UTC 2026","","eu.esdihumboldt.util.groovy.json.JsonStreamBuilderTest","eu.esdihumboldt.util.groovy.json.JsonStreamBuilderTest","testNestedArrayPrettyPrint"
"","2","testListAndValue","","Wed Jul 08 09:56:46 UTC 2026","passed","Wed Jul 08 09:56:46 UTC 2026","","eu.esdihumboldt.util.config.ConfigMergerTest","eu.esdihumboldt.util.config.ConfigMergerTest","testListAndValue"
"","240","testComplexLookupJson","","Wed Jul 08 09:45:11 UTC 2026","passed","Wed Jul 08 09:45:11 UTC 2026","","eu.esdihumboldt.hale.common.lookup.internal.LookupTableTypeTest","eu.esdihumboldt.hale.common.lookup.internal.LookupTableTypeTest","testComplexLookupJson"
"","3","testFindPoints","","Wed Jul 08 09:47:43 UTC 2026","passed","Wed Jul 08 09:47:43 UTC 2026","","eu.esdihumboldt.cst.functions.geometric.test.GeometryHelperFunctionsTest","eu.esdihumboldt.cst.functions.geometric.test.GeometryHelperFunctionsTest","testFindPoints"
"","4","testTypeBinding","","Wed Jul 08 09:45:36 UTC 2026","passed","Wed Jul 08 09:45:37 UTC 2026","","eu.esdihumboldt.hale.common.schema.model.constraint.factory.type.ElementTypeFactoryTest","eu.esdihumboldt.hale.common.schema.model.constraint.factory.type.ElementTypeFactoryTest","testTypeBinding"
"","229","testCondition1","","Wed Jul 08 09:42:52 UTC 2026","passed","Wed Jul 08 09:42:52 UTC 2026","","eu.esdihumboldt.hale.common.align.merge.test.impl.DefaultMergeCellMigratorTest","eu.esdihumboldt.hale.common.align.merge.test.impl.DefaultMergeCellMigratorTest","testCondition1"
"","1","testDisabled","","Wed Jul 08 09:45:36 UTC 2026","passed","Wed Jul 08 09:45:36 UTC 2026","","eu.esdihumboldt.hale.common.schema.model.constraint.factory.property.ChoiceFlagFactoryTest","eu.esdihumboldt.hale.common.schema.model.constraint.factory.property.ChoiceFlagFactoryTest","testDisabled"
"","2","testEmptyObject","","Wed Jul 08 09:57:09 UTC 2026","passed","Wed Jul 08 09:57:09 UTC 2026","","eu.esdihumboldt.util.groovy.json.JsonStreamBuilderTest","eu.esdihumboldt.util.groovy.json.JsonStreamBuilderTest","testEmptyObject"
"","34963","testReferenceWriting","","Wed Jul 08 09:52:07 UTC 2026","passed","Wed Jul 08 09:52:42 UTC 2026","","eu.esdihumboldt.hale.io.jdbc.postgresql.test.AutoGenKeyReferenceIT","eu.esdihumboldt.hale.io.jdbc.postgresql.test.AutoGenKeyReferenceIT","testReferenceWriting"
"","60","testStructuralRename2","","Wed Jul 08 09:47:07 UTC 2026","passed","Wed Jul 08 09:47:07 UTC 2026","","eu.esdihumboldt.cst.internal.ConceptualSchemaTransformerTest","eu.esdihumboldt.cst.internal.ConceptualSchemaTransformerTest","testStructuralRename2"
"","24","testComplexStructureFromTheGuardian","","Wed Jul 08 09:57:09 UTC 2026","passed","Wed Jul 08 09:57:09 UTC 2026","","eu.esdihumboldt.util.groovy.json.JsonStreamBuilderTest","eu.esdihumboldt.util.groovy.json.JsonStreamBuilderTest","testComplexStructureFromTheGuardian"
"","404","testWfsPaginationPageSizeLargerThanTotal","","Wed Jul 08 09:50:41 UTC 2026","passed","Wed Jul 08 09:50:41 UTC 2026","","eu.esdihumboldt.hale.io.gml.reader.internal.StreamGmlReaderTest","eu.esdihumboldt.hale.io.gml.reader.internal.StreamGmlReaderTest","testWfsPaginationPageSizeLargerThanTotal"
"","10","testUnifyCCWWithHoles","","Wed Jul 08 09:56:54 UTC 2026","passed","Wed Jul 08 09:56:54 UTC 2026","","eu.esdihumboldt.util.geometry.WindingOrderTest","eu.esdihumboldt.util.geometry.WindingOrderTest","testUnifyCCWWithHoles"
"","3086","testFiltersForMultiType3","","Wed Jul 08 09:41:13 UTC 2026","passed","Wed Jul 08 09:41:16 UTC 2026","","eu.esdihumboldt.hale.app.transform.test.ExecuteTest","eu.esdihumboldt.hale.app.transform.test.ExecuteTest","testFiltersForMultiType3"
"","966","testWfsPaginationWithResolvedepth","","Wed Jul 08 09:50:40 UTC 2026","passed","Wed Jul 08 09:50:41 UTC 2026","","eu.esdihumboldt.hale.io.gml.reader.internal.StreamGmlReaderTest","eu.esdihumboldt.hale.io.gml.reader.internal.StreamGmlReaderTest","testWfsPaginationWithResolvedepth"
"","100","testDupeAssign","","Wed Jul 08 09:47:05 UTC 2026","passed","Wed Jul 08 09:47:05 UTC 2026","","eu.esdihumboldt.cst.internal.ConceptualSchemaTransformerTest","eu.esdihumboldt.cst.internal.ConceptualSchemaTransformerTest","testDupeAssign"
"","2","testJsonBuilderSameNameFail2","","Wed Jul 08 09:57:09 UTC 2026","passed","Wed Jul 08 09:57:09 UTC 2026","","eu.esdihumboldt.util.groovy.json.JsonStreamBuilderTest","eu.esdihumboldt.util.groovy.json.JsonStreamBuilderTest","testJsonBuilderSameNameFail2"
"","637","testWfsPaginationPageSizeEqualsTotal","","Wed Jul 08 09:50:37 UTC 2026","passed","Wed Jul 08 09:50:38 UTC 2026","","eu.esdihumboldt.hale.io.gml.reader.internal.StreamGmlReaderTest","eu.esdihumboldt.hale.io.gml.reader.internal.StreamGmlReaderTest","testWfsPaginationPageSizeEqualsTotal"
"","3929","testEvaluateSuccess2","","Wed Jul 08 09:41:35 UTC 2026","passed","Wed Jul 08 09:41:39 UTC 2026","","eu.esdihumboldt.hale.app.transform.test.ExecuteTest","eu.esdihumboldt.hale.app.transform.test.ExecuteTest","testEvaluateSuccess2"
"","38","testSinglePolyGeometry","","Wed Jul 08 09:55:07 UTC 2026","passed","Wed Jul 08 09:55:07 UTC 2026","","eu.esdihumboldt.hale.io.shp.ShapefileInstanceWriterTest","eu.esdihumboldt.hale.io.shp.ShapefileInstanceWriterTest","testSinglePolyGeometry"
"","1","testFindPolygons","","Wed Jul 08 09:47:43 UTC 2026","passed","Wed Jul 08 09:47:43 UTC 2026","","eu.esdihumboldt.cst.functions.geometric.test.GeometryHelperFunctionsTest","eu.esdihumboldt.cst.functions.geometric.test.GeometryHelperFunctionsTest","testFindPolygons"
"","4","failTest2","","Wed Jul 08 09:48:51 UTC 2026","passed","Wed Jul 08 09:48:51 UTC 2026","","eu.esdihumboldt.hale.io.csv.CSVSchemaReaderTest","eu.esdihumboldt.hale.io.csv.CSVSchemaReaderTest","failTest2"
"","108","testSqlQuery","","Wed Jul 08 09:57:33 UTC 2026","passed","Wed Jul 08 09:57:34 UTC 2026","","eu.esdihumboldt.util.orient.embedded.MemoryDocumentTest","eu.esdihumboldt.util.orient.embedded.MemoryDocumentTest","testSqlQuery"
"","654","testExportPropertyJoin","","Wed Jul 08 09:51:40 UTC 2026","passed","Wed Jul 08 09:51:41 UTC 2026","","eu.esdihumboldt.hale.io.html.svg.json.JsonMappingExporterTest","eu.esdihumboldt.hale.io.html.svg.json.JsonMappingExporterTest","testExportPropertyJoin"
"","0","testChoice","","Wed Jul 08 09:47:07 UTC 2026","skipped","Wed Jul 08 09:47:07 UTC 2026","","eu.esdihumboldt.cst.internal.ConceptualSchemaTransformerTest","eu.esdihumboldt.cst.internal.ConceptualSchemaTransformerTest","testChoice"
"","3","testValueListValueListJsonGroovy","","Wed Jul 08 09:43:37 UTC 2026","passed","Wed Jul 08 09:43:37 UTC 2026","","eu.esdihumboldt.hale.common.core.io.impl.ValueListTypeTest","eu.esdihumboldt.hale.common.core.io.impl.ValueListTypeTest","testValueListValueListJsonGroovy"
"","3","testExportNullTargetValue","","Wed Jul 08 09:49:04 UTC 2026","passed","Wed Jul 08 09:49:04 UTC 2026","","eu.esdihumboldt.hale.io.csv.writer.CSVLookupWriterTest","eu.esdihumboldt.hale.io.csv.writer.CSVLookupWriterTest","testExportNullTargetValue"
"","108","testRegexAnalysis","","Wed Jul 08 09:47:07 UTC 2026","passed","Wed Jul 08 09:47:07 UTC 2026","","eu.esdihumboldt.cst.internal.ConceptualSchemaTransformerTest","eu.esdihumboldt.cst.internal.ConceptualSchemaTransformerTest","testRegexAnalysis"
"","130","testRetypeConditionRenameTypeInherited","","Wed Jul 08 09:42:59 UTC 2026","passed","Wed Jul 08 09:42:59 UTC 2026","","eu.esdihumboldt.hale.common.align.merge.test.impl.JoinRetainConditionsTest","eu.esdihumboldt.hale.common.align.merge.test.impl.JoinRetainConditionsTest","testRetypeConditionRenameTypeInherited"
"","0","testPropertiesMix2","","Wed Jul 08 09:46:56 UTC 2026","skipped","Wed Jul 08 09:46:56 UTC 2026","","eu.esdihumboldt.cst.internal.ConceptualSchemaTransformerTest","eu.esdihumboldt.cst.internal.ConceptualSchemaTransformerTest","testPropertiesMix2"
"","4","testNotEqualList","","Wed Jul 08 09:43:54 UTC 2026","passed","Wed Jul 08 09:43:54 UTC 2026","","eu.esdihumboldt.hale.common.filter.CQLFilterTest","eu.esdihumboldt.hale.common.filter.CQLFilterTest","testNotEqualList"
"","186","testArray","","Wed Jul 08 09:53:59 UTC 2026","passed","Wed Jul 08 09:53:59 UTC 2026","","eu.esdihumboldt.hale.io.json.test.JsonSchemaReaderTest","eu.esdihumboldt.hale.io.json.test.JsonSchemaReaderTest","testArray"
"","54","testLoadShiporder","","Wed Jul 08 09:44:08 UTC 2026","passed","Wed Jul 08 09:44:08 UTC 2026","","eu.esdihumboldt.hale.common.instance.helper.PropertyResolverTest","eu.esdihumboldt.hale.common.instance.helper.PropertyResolverTest","testLoadShiporder"
"","2","testStreetHole","","Wed Jul 08 09:47:43 UTC 2026","passed","Wed Jul 08 09:47:43 UTC 2026","","eu.esdihumboldt.cst.functions.geometric.test.InteriorPointTest","eu.esdihumboldt.cst.functions.geometric.test.InteriorPointTest","testStreetHole"
"","1","testDisabled","","Wed Jul 08 09:45:37 UTC 2026","passed","Wed Jul 08 09:45:37 UTC 2026","","eu.esdihumboldt.hale.common.schema.model.constraint.factory.type.SkipValidationFactoryTest","eu.esdihumboldt.hale.common.schema.model.constraint.factory.type.SkipValidationFactoryTest","testDisabled"
"","4","testDefault","","Wed Jul 08 09:45:37 UTC 2026","passed","Wed Jul 08 09:45:37 UTC 2026","","eu.esdihumboldt.hale.common.schema.model.constraint.factory.type.MappableFlagFactoryTest","eu.esdihumboldt.hale.common.schema.model.constraint.factory.type.MappableFlagFactoryTest","testDefault"
"","22","testRead_shiporder_divided","","Wed Jul 08 09:56:24 UTC 2026","passed","Wed Jul 08 09:56:24 UTC 2026","","eu.esdihumboldt.hale.io.xsd.reader.XmlSchemaReaderTest","eu.esdihumboldt.hale.io.xsd.reader.XmlSchemaReaderTest","testRead_shiporder_divided"
"","20","testEdgeCases","","Wed Jul 08 09:57:09 UTC 2026","passed","Wed Jul 08 09:57:09 UTC 2026","","eu.esdihumboldt.util.groovy.json.JsonStreamBuilderTest","eu.esdihumboldt.util.groovy.json.JsonStreamBuilderTest","testEdgeCases"
"","71","testWriteSimpleSchema","","Wed Jul 08 09:49:03 UTC 2026","passed","Wed Jul 08 09:49:03 UTC 2026","","eu.esdihumboldt.hale.io.csv.writer.CSVInstanceWriterTest","eu.esdihumboldt.hale.io.csv.writer.CSVInstanceWriterTest","testWriteSimpleSchema"
"","0","testLocalING4479","","Wed Jul 08 09:41:42 UTC 2026","skipped","Wed Jul 08 09:41:42 UTC 2026","","eu.esdihumboldt.hale.app.transform.test.ExecuteTest","eu.esdihumboldt.hale.app.transform.test.ExecuteTest","testLocalING4479"
"","16","testFormatter[0]","","Wed Jul 08 09:56:50 UTC 2026","passed","Wed Jul 08 09:56:50 UTC 2026","","eu.esdihumboldt.util.geometry.DecimalFormatUtilTest","eu.esdihumboldt.util.geometry.DecimalFormatUtilTest","testFormatter[0]"
"","26","testRead_definitive_all","","Wed Jul 08 09:56:24 UTC 2026","passed","Wed Jul 08 09:56:24 UTC 2026","","eu.esdihumboldt.hale.io.xsd.reader.XmlSchemaReaderTest","eu.esdihumboldt.hale.io.xsd.reader.XmlSchemaReaderTest","testRead_definitive_all"
"","100","testOverwriteFailsWhenFileCannotBeDeleted","","Wed Jul 08 09:49:38 UTC 2026","passed","Wed Jul 08 09:49:39 UTC 2026","","eu.esdihumboldt.hale.io.geopackage.GeopackageInstanceWriterTest","eu.esdihumboldt.hale.io.geopackage.GeopackageInstanceWriterTest","testOverwriteFailsWhenFileCannotBeDeleted"
"","3880","testMsAccessSchemaReaderForMdbTest","","Wed Jul 08 09:51:51 UTC 2026","passed","Wed Jul 08 09:51:55 UTC 2026","","eu.esdihumboldt.hale.io.jdbc.msaccess.reader.MsAccessInstanceReaderTest","eu.esdihumboldt.hale.io.jdbc.msaccess.reader.MsAccessInstanceReaderTest","testMsAccessSchemaReaderForMdbTest"
"","33","testWriteRead","","Wed Jul 08 09:57:09 UTC 2026","passed","Wed Jul 08 09:57:09 UTC 2026","","eu.esdihumboldt.util.groovy.xml.NSDOMBuilderTest","eu.esdihumboldt.util.groovy.xml.NSDOMBuilderTest","testWriteRead"
"","1","testDuringList","","Wed Jul 08 09:43:54 UTC 2026","skipped","Wed Jul 08 09:43:54 UTC 2026","","eu.esdihumboldt.hale.common.filter.ECQLFilterTest","eu.esdihumboldt.hale.common.filter.ECQLFilterTest","testDuringList"
"","589","testStoreRestoreCustomName","","Wed Jul 08 09:45:35 UTC 2026","passed","Wed Jul 08 09:45:36 UTC 2026","","eu.esdihumboldt.hale.common.schema.model.constraint.factory.DisplayNameFactoryTest","eu.esdihumboldt.hale.common.schema.model.constraint.factory.DisplayNameFactoryTest","testStoreRestoreCustomName"
"","219","testJoinCondition","","Wed Jul 08 09:42:58 UTC 2026","passed","Wed Jul 08 09:42:58 UTC 2026","","eu.esdihumboldt.hale.common.align.merge.test.impl.JoinFocusRetainConditionTest","eu.esdihumboldt.hale.common.align.merge.test.impl.JoinFocusRetainConditionTest","testJoinCondition"
"","1369","testToFrom","","Wed Jul 08 09:47:44 UTC 2026","passed","Wed Jul 08 09:47:45 UTC 2026","","eu.esdihumboldt.cst.functions.geometric.test.join.SpatialJoinParameterTest","eu.esdihumboldt.cst.functions.geometric.test.join.SpatialJoinParameterTest","testToFrom"
"","1","testDefault","","Wed Jul 08 09:45:37 UTC 2026","passed","Wed Jul 08 09:45:37 UTC 2026","","eu.esdihumboldt.hale.common.schema.model.constraint.factory.type.MappingRelevantFlagFactoryTest","eu.esdihumboldt.hale.common.schema.model.constraint.factory.type.MappingRelevantFlagFactoryTest","testDefault"
"","6885","testNumbers","","Wed Jul 08 09:50:48 UTC 2026","passed","Wed Jul 08 09:50:55 UTC 2026","","eu.esdihumboldt.hale.io.gml.writer.internal.StreamGmlWriter2Test","eu.esdihumboldt.hale.io.gml.writer.internal.StreamGmlWriter2Test","testNumbers"
"","151","testPreparedQuery","","Wed Jul 08 09:57:33 UTC 2026","passed","Wed Jul 08 09:57:33 UTC 2026","","eu.esdihumboldt.util.orient.embedded.MemoryDocumentTest","eu.esdihumboldt.util.orient.embedded.MemoryDocumentTest","testPreparedQuery"
"","21","testReadPointGeoJson","","Wed Jul 08 09:53:59 UTC 2026","passed","Wed Jul 08 09:53:59 UTC 2026","","eu.esdihumboldt.hale.io.json.test.JsonToInstanceTest","eu.esdihumboldt.hale.io.json.test.JsonToInstanceTest","testReadPointGeoJson"
"","42","testOffsetBig","","Wed Jul 08 09:56:54 UTC 2026","passed","Wed Jul 08 09:56:54 UTC 2026","","eu.esdihumboldt.util.geometry.interpolation.grid.GridInterpolationTest","eu.esdihumboldt.util.geometry.interpolation.grid.GridInterpolationTest","testOffsetBig"
"","141","testParentMappingGeometry","","Wed Jul 08 09:42:53 UTC 2026","passed","Wed Jul 08 09:42:53 UTC 2026","","eu.esdihumboldt.hale.common.align.merge.test.impl.DefaultMergeCellMigratorTest","eu.esdihumboldt.hale.common.align.merge.test.impl.DefaultMergeCellMigratorTest","testParentMappingGeometry"
"","87","testCMUnion5","","Wed Jul 08 09:47:06 UTC 2026","passed","Wed Jul 08 09:47:06 UTC 2026","","eu.esdihumboldt.cst.internal.ConceptualSchemaTransformerTest","eu.esdihumboldt.cst.internal.ConceptualSchemaTransformerTest","testCMUnion5"
"","2","testNestedKey","","Wed Jul 08 09:56:46 UTC 2026","passed","Wed Jul 08 09:56:46 UTC 2026","","eu.esdihumboldt.util.config.ConfigTest","eu.esdihumboldt.util.config.ConfigTest","testNestedKey"
"","1609","testRequestCache","","Wed Jul 08 09:43:03 UTC 2026","passed","Wed Jul 08 09:43:05 UTC 2026","","eu.esdihumboldt.hale.common.cache.RequestTest","eu.esdihumboldt.hale.common.cache.RequestTest","testRequestCache"
"","0","testUnifyCCWSimple","","Wed Jul 08 09:56:54 UTC 2026","passed","Wed Jul 08 09:56:54 UTC 2026","","eu.esdihumboldt.util.geometry.WindingOrderTest","eu.esdihumboldt.util.geometry.WindingOrderTest","testUnifyCCWSimple"
"","4","testByPoints1","","Wed Jul 08 09:56:54 UTC 2026","passed","Wed Jul 08 09:56:54 UTC 2026","","eu.esdihumboldt.util.geometry.interpolation.grid.GridInterpolationTest","eu.esdihumboldt.util.geometry.interpolation.grid.GridInterpolationTest","testByPoints1"
"","0","testSubfolder2","","Wed Jul 08 09:43:26 UTC 2026","passed","Wed Jul 08 09:43:26 UTC 2026","","eu.esdihumboldt.hale.common.core.io.PathUpdateTest","eu.esdihumboldt.hale.common.core.io.PathUpdateTest","testSubfolder2"
"","9","testReadSimple","","Wed Jul 08 09:48:51 UTC 2026","passed","Wed Jul 08 09:48:51 UTC 2026","","eu.esdihumboldt.hale.io.csv.CSVInstanceReaderTest","eu.esdihumboldt.hale.io.csv.CSVInstanceReaderTest","testReadSimple"
"","3","testNullNotExistsNoSchema","","Wed Jul 08 09:43:54 UTC 2026","passed","Wed Jul 08 09:43:54 UTC 2026","","eu.esdihumboldt.hale.common.filter.ECQLFilterTest","eu.esdihumboldt.hale.common.filter.ECQLFilterTest","testNullNotExistsNoSchema"
"","375","testToFrom","","Wed Jul 08 09:42:09 UTC 2026","passed","Wed Jul 08 09:42:10 UTC 2026","","eu.esdihumboldt.hale.common.align.model.functions.join.JoinParameterTest","eu.esdihumboldt.hale.common.align.model.functions.join.JoinParameterTest","testToFrom"
"","1","testNull","","Wed Jul 08 09:44:41 UTC 2026","passed","Wed Jul 08 09:44:41 UTC 2026","","eu.esdihumboldt.hale.common.instance.groovy.InstanceAccessorTest","eu.esdihumboldt.hale.common.instance.groovy.InstanceAccessorTest","testNull"
"","23","testRead_definitive_groups","","Wed Jul 08 09:56:24 UTC 2026","passed","Wed Jul 08 09:56:24 UTC 2026","","eu.esdihumboldt.hale.io.xsd.reader.XmlSchemaReaderTest","eu.esdihumboldt.hale.io.xsd.reader.XmlSchemaReaderTest","testRead_definitive_groups"
"","1893","testLoadChoice","","Wed Jul 08 09:49:45 UTC 2026","passed","Wed Jul 08 09:49:47 UTC 2026","","eu.esdihumboldt.hale.io.gml.reader.internal.GmlInstanceCollectionTest","eu.esdihumboldt.hale.io.gml.reader.internal.GmlInstanceCollectionTest","testLoadChoice"
"","2446","testReadXsdInstances","","Wed Jul 08 09:54:47 UTC 2026","passed","Wed Jul 08 09:54:49 UTC 2026","","eu.esdihumboldt.hale.io.shp.ShapeInstanceReaderTest","eu.esdihumboldt.hale.io.shp.ShapeInstanceReaderTest","testReadXsdInstances"
"","0","testInstanceNoValueExistsSchema","","Wed Jul 08 09:43:53 UTC 2026","skipped","Wed Jul 08 09:43:53 UTC 2026","","eu.esdihumboldt.hale.common.filter.CQLFilterTest","eu.esdihumboldt.hale.common.filter.CQLFilterTest","testInstanceNoValueExistsSchema"
"","8","testNamespace","","Wed Jul 08 09:45:51 UTC 2026","passed","Wed Jul 08 09:45:51 UTC 2026","","eu.esdihumboldt.hale.common.schema.groovy.DefinitionAccessorTest","eu.esdihumboldt.hale.common.schema.groovy.DefinitionAccessorTest","testNamespace"
"","0","testBeforeList","","Wed Jul 08 09:43:53 UTC 2026","skipped","Wed Jul 08 09:43:53 UTC 2026","","eu.esdihumboldt.hale.common.filter.CQLFilterTest","eu.esdihumboldt.hale.common.filter.CQLFilterTest","testBeforeList"
"","134","testRetypeConditionRenameTypeFilteredTranslated","","Wed Jul 08 09:43:00 UTC 2026","passed","Wed Jul 08 09:43:00 UTC 2026","","eu.esdihumboldt.hale.common.align.merge.test.impl.JoinRetainConditionsTest","eu.esdihumboldt.hale.common.align.merge.test.impl.JoinRetainConditionsTest","testRetypeConditionRenameTypeFilteredTranslated"
"","0","testBox","","Wed Jul 08 09:51:00 UTC 2026","passed","Wed Jul 08 09:51:00 UTC 2026","","eu.esdihumboldt.hale.io.gml.writer.internal.geometry.converters.PolygonToLineStringTest","eu.esdihumboldt.hale.io.gml.writer.internal.geometry.converters.PolygonToLineStringTest","testBox"
"","4","testHttpRelative1","","Wed Jul 08 09:56:22 UTC 2026","passed","Wed Jul 08 09:56:22 UTC 2026","","eu.esdihumboldt.hale.io.xsd.reader.HumboldtURIResolverTest","eu.esdihumboldt.hale.io.xsd.reader.HumboldtURIResolverTest","testHttpRelative1"
"","2","testValuePropertiesListJson","","Wed Jul 08 09:43:37 UTC 2026","passed","Wed Jul 08 09:43:37 UTC 2026","","eu.esdihumboldt.hale.common.core.io.impl.ValuePropertiesTypeTest","eu.esdihumboldt.hale.common.core.io.impl.ValuePropertiesTypeTest","testValuePropertiesListJson"
"","4","testSerializeCompact","","Wed Jul 08 09:57:09 UTC 2026","passed","Wed Jul 08 09:57:09 UTC 2026","","eu.esdihumboldt.util.groovy.collector.StatsCollectorTest","eu.esdihumboldt.util.groovy.collector.StatsCollectorTest","testSerializeCompact"
"","472","testGeometryPrimitive_32_MultiPolygon_WindingOrder_CW","","Wed Jul 08 09:50:56 UTC 2026","passed","Wed Jul 08 09:50:57 UTC 2026","","eu.esdihumboldt.hale.io.gml.writer.internal.StreamGmlWriterTest","eu.esdihumboldt.hale.io.gml.writer.internal.StreamGmlWriterTest","testGeometryPrimitive_32_MultiPolygon_WindingOrder_CW"
"","5","testByPoints3","","Wed Jul 08 09:56:55 UTC 2026","passed","Wed Jul 08 09:56:55 UTC 2026","","eu.esdihumboldt.util.geometry.interpolation.split.SplitInterpolationTest","eu.esdihumboldt.util.geometry.interpolation.split.SplitInterpolationTest","testByPoints3"
"","1899","testCount","","Wed Jul 08 09:57:30 UTC 2026","passed","Wed Jul 08 09:57:32 UTC 2026","","eu.esdihumboldt.util.orient.embedded.BrowseClassIterateTest","eu.esdihumboldt.util.orient.embedded.BrowseClassIterateTest","testCount"
"","242","testTypeFilter6","","Wed Jul 08 09:42:54 UTC 2026","passed","Wed Jul 08 09:42:55 UTC 2026","","eu.esdihumboldt.hale.common.align.merge.test.impl.DefaultMergeCellMigratorTest","eu.esdihumboldt.hale.common.align.merge.test.impl.DefaultMergeCellMigratorTest","testTypeFilter6"
"","3823","testConnection","","Wed Jul 08 09:52:47 UTC 2026","passed","Wed Jul 08 09:52:51 UTC 2026","","eu.esdihumboldt.hale.io.jdbc.postgresql.test.DatabaseIT","eu.esdihumboldt.hale.io.jdbc.postgresql.test.DatabaseIT","testConnection"
"","9","testNotEqualSimple","","Wed Jul 08 09:43:53 UTC 2026","passed","Wed Jul 08 09:43:53 UTC 2026","","eu.esdihumboldt.hale.common.filter.CQLFilterTest","eu.esdihumboldt.hale.common.filter.CQLFilterTest","testNotEqualSimple"
"","7171","testGroovyContextFilterForHydro","","Wed Jul 08 09:40:42 UTC 2026","passed","Wed Jul 08 09:40:49 UTC 2026","","eu.esdihumboldt.hale.app.transform.test.ExecuteTest","eu.esdihumboldt.hale.app.transform.test.ExecuteTest","testGroovyContextFilterForHydro"
"","131","testSplitMulti_Singles","","Wed Jul 08 09:47:43 UTC 2026","passed","Wed Jul 08 09:47:43 UTC 2026","","eu.esdihumboldt.cst.functions.geometric.test.GeometryHelperFunctionsTest","eu.esdihumboldt.cst.functions.geometric.test.GeometryHelperFunctionsTest","testSplitMulti_Singles"
"","473","testBadEnvelope","","Wed Jul 08 09:56:56 UTC 2026","passed","Wed Jul 08 09:56:56 UTC 2026","","eu.esdihumboldt.util.geometry.quadtree.QuadtreeTest","eu.esdihumboldt.util.geometry.quadtree.QuadtreeTest","testBadEnvelope"
"","0","testFormatter[6]","","Wed Jul 08 09:56:50 UTC 2026","passed","Wed Jul 08 09:56:50 UTC 2026","","eu.esdihumboldt.util.geometry.DecimalFormatUtilTest","eu.esdihumboldt.util.geometry.DecimalFormatUtilTest","testFormatter[6]"
"","1253","testReadXsdInstancesResultPrefix1","","Wed Jul 08 09:54:57 UTC 2026","passed","Wed Jul 08 09:54:58 UTC 2026","","eu.esdihumboldt.hale.io.shp.ShapeInstanceReaderTest","eu.esdihumboldt.hale.io.shp.ShapeInstanceReaderTest","testReadXsdInstancesResultPrefix1"
"","10","testStringLookupJson","","Wed Jul 08 09:45:11 UTC 2026","passed","Wed Jul 08 09:45:11 UTC 2026","","eu.esdihumboldt.hale.common.lookup.internal.LookupTableTypeTest","eu.esdihumboldt.hale.common.lookup.internal.LookupTableTypeTest","testStringLookupJson"
"","1","testNotOrigin","","Wed Jul 08 09:56:55 UTC 2026","passed","Wed Jul 08 09:56:55 UTC 2026","","eu.esdihumboldt.util.geometry.interpolation.model.impl.ArcByPointsImplTest","eu.esdihumboldt.util.geometry.interpolation.model.impl.ArcByPointsImplTest","testNotOrigin"
"","326","testGeometryPrimitive_32_MultiPolygon_WindingOrder","","Wed Jul 08 09:50:57 UTC 2026","passed","Wed Jul 08 09:50:58 UTC 2026","","eu.esdihumboldt.hale.io.gml.writer.internal.StreamGmlWriterTest","eu.esdihumboldt.hale.io.gml.writer.internal.StreamGmlWriterTest","testGeometryPrimitive_32_MultiPolygon_WindingOrder"
"","83","testSrs","","Wed Jul 08 09:50:38 UTC 2026","passed","Wed Jul 08 09:50:38 UTC 2026","","eu.esdihumboldt.hale.io.gml.reader.internal.StreamGmlReaderTest","eu.esdihumboldt.hale.io.gml.reader.internal.StreamGmlReaderTest","testSrs"
"","120","testIDSaveLoad","","Wed Jul 08 09:41:58 UTC 2026","passed","Wed Jul 08 09:41:58 UTC 2026","","eu.esdihumboldt.hale.common.align.io.CastorAlignmentIOTest","eu.esdihumboldt.hale.common.align.io.CastorAlignmentIOTest","testIDSaveLoad"
"","6","testGetReferencesSimple","","Wed Jul 08 09:43:53 UTC 2026","passed","Wed Jul 08 09:43:53 UTC 2026","","eu.esdihumboldt.hale.common.filter.CQLFilterTest","eu.esdihumboldt.hale.common.filter.CQLFilterTest","testGetReferencesSimple"
"","0","testUnifyEmpty","","Wed Jul 08 09:56:54 UTC 2026","passed","Wed Jul 08 09:56:54 UTC 2026","","eu.esdihumboldt.util.geometry.WindingOrderTest","eu.esdihumboldt.util.geometry.WindingOrderTest","testUnifyEmpty"
"","5","testReadString","","Wed Jul 08 09:53:59 UTC 2026","passed","Wed Jul 08 09:53:59 UTC 2026","","eu.esdihumboldt.hale.io.json.test.JsonToInstanceTest","eu.esdihumboldt.hale.io.json.test.JsonToInstanceTest","testReadString"
"","6","testLikeSchema","","Wed Jul 08 09:43:54 UTC 2026","passed","Wed Jul 08 09:43:54 UTC 2026","","eu.esdihumboldt.hale.common.filter.ECQLFilterTest","eu.esdihumboldt.hale.common.filter.ECQLFilterTest","testLikeSchema"
"","0","testLoadShiporderECQL","","Wed Jul 08 09:43:57 UTC 2026","skipped","Wed Jul 08 09:43:57 UTC 2026","","eu.esdihumboldt.hale.common.filter.FilterTest","eu.esdihumboldt.hale.common.filter.FilterTest","testLoadShiporderECQL"
"","3888","testTransform","","Wed Jul 08 09:41:45 UTC 2026","passed","Wed Jul 08 09:41:49 UTC 2026","","eu.esdihumboldt.hale.app.transform.test.ExecuteTest","eu.esdihumboldt.hale.app.transform.test.ExecuteTest","testTransform"
"","53","testWriteAttributes","","Wed Jul 08 09:49:39 UTC 2026","passed","Wed Jul 08 09:49:39 UTC 2026","","eu.esdihumboldt.hale.io.geopackage.GeopackageInstanceWriterTest","eu.esdihumboldt.hale.io.geopackage.GeopackageInstanceWriterTest","testWriteAttributes"
"","45","testNestedObjects","","Wed Jul 08 09:57:09 UTC 2026","passed","Wed Jul 08 09:57:09 UTC 2026","","eu.esdihumboldt.util.groovy.json.JsonStreamBuilderTest","eu.esdihumboldt.util.groovy.json.JsonStreamBuilderTest","testNestedObjects"
"","4","testWith","","Wed Jul 08 09:47:43 UTC 2026","passed","Wed Jul 08 09:47:43 UTC 2026","","eu.esdihumboldt.cst.functions.geometric.test.GeometryHelperFunctionsTest","eu.esdihumboldt.cst.functions.geometric.test.GeometryHelperFunctionsTest","testWith"
"","86","testSimpleComplex","","Wed Jul 08 09:47:07 UTC 2026","passed","Wed Jul 08 09:47:07 UTC 2026","","eu.esdihumboldt.cst.internal.ConceptualSchemaTransformerTest","eu.esdihumboldt.cst.internal.ConceptualSchemaTransformerTest","testSimpleComplex"
"","172","testFilterSame1","","Wed Jul 08 09:42:52 UTC 2026","passed","Wed Jul 08 09:42:52 UTC 2026","","eu.esdihumboldt.hale.common.align.merge.test.impl.DefaultMergeCellMigratorTest","eu.esdihumboldt.hale.common.align.merge.test.impl.DefaultMergeCellMigratorTest","testFilterSame1"
"","3","testStringCompare","","Wed Jul 08 09:43:54 UTC 2026","passed","Wed Jul 08 09:43:54 UTC 2026","","eu.esdihumboldt.hale.common.filter.ECQLFilterTest","eu.esdihumboldt.hale.common.filter.ECQLFilterTest","testStringCompare"
"","13","testJsonBuilderTypeSafe","","Wed Jul 08 09:57:09 UTC 2026","passed","Wed Jul 08 09:57:09 UTC 2026","","eu.esdihumboldt.util.groovy.json.JsonStreamBuilderTest","eu.esdihumboldt.util.groovy.json.JsonStreamBuilderTest","testJsonBuilderTypeSafe"
"","25","testGmlReferences","","Wed Jul 08 09:44:25 UTC 2026","passed","Wed Jul 08 09:44:25 UTC 2026","","eu.esdihumboldt.hale.common.instance.graph.test.ReferenceGraphTest","eu.esdihumboldt.hale.common.instance.graph.test.ReferenceGraphTest","testGmlReferences"
"","25","testRead","","Wed Jul 08 09:43:37 UTC 2026","passed","Wed Jul 08 09:43:37 UTC 2026","","eu.esdihumboldt.hale.common.core.io.impl.ValueListTypeTest","eu.esdihumboldt.hale.common.core.io.impl.ValueListTypeTest","testRead"
"","0","testFormatter[5]","","Wed Jul 08 09:56:50 UTC 2026","passed","Wed Jul 08 09:56:50 UTC 2026","","eu.esdihumboldt.util.geometry.DecimalFormatUtilTest","eu.esdihumboldt.util.geometry.DecimalFormatUtilTest","testFormatter[5]"
"","3","testEqualityListNoSchema","","Wed Jul 08 09:43:54 UTC 2026","passed","Wed Jul 08 09:43:54 UTC 2026","","eu.esdihumboldt.hale.common.filter.ECQLFilterTest","eu.esdihumboldt.hale.common.filter.ECQLFilterTest","testEqualityListNoSchema"
"","132","testRetypeConditionRenameTypeFiltered","","Wed Jul 08 09:42:59 UTC 2026","passed","Wed Jul 08 09:43:00 UTC 2026","","eu.esdihumboldt.hale.common.align.merge.test.impl.JoinRetainConditionsTest","eu.esdihumboldt.hale.common.align.merge.test.impl.JoinRetainConditionsTest","testRetypeConditionRenameTypeFiltered"
"","53","testNullMixed","","Wed Jul 08 09:44:42 UTC 2026","passed","Wed Jul 08 09:44:42 UTC 2026","","eu.esdihumboldt.hale.common.instance.groovy.InstanceAccessorTest","eu.esdihumboldt.hale.common.instance.groovy.InstanceAccessorTest","testNullMixed"
"","0","testCRSFlipped","","Wed Jul 08 09:56:54 UTC 2026","passed","Wed Jul 08 09:56:54 UTC 2026","","eu.esdihumboldt.util.geometry.WindingOrderTest","eu.esdihumboldt.util.geometry.WindingOrderTest","testCRSFlipped"
"","2980","testEpsgCrsAxisOrder","","Wed Jul 08 09:44:02 UTC 2026","passed","Wed Jul 08 09:44:05 UTC 2026","","eu.esdihumboldt.hale.common.instance.geometry.CRSDefinitionUtilTest","eu.esdihumboldt.hale.common.instance.geometry.CRSDefinitionUtilTest","testEpsgCrsAxisOrder"
"","113","testWriteMultiSchemasWithDifferentGeometryTypes","","Wed Jul 08 09:55:07 UTC 2026","passed","Wed Jul 08 09:55:07 UTC 2026","","eu.esdihumboldt.hale.io.shp.ShapefileInstanceWriterTest","eu.esdihumboldt.hale.io.shp.ShapefileInstanceWriterTest","testWriteMultiSchemasWithDifferentGeometryTypes"
"","1","testFootprint","","Wed Jul 08 09:47:43 UTC 2026","passed","Wed Jul 08 09:47:43 UTC 2026","","eu.esdihumboldt.cst.functions.geometric.test.InteriorPointTest","eu.esdihumboldt.cst.functions.geometric.test.InteriorPointTest","testFootprint"
"","174","testGroovyRetypeCondition","","Wed Jul 08 09:42:58 UTC 2026","passed","Wed Jul 08 09:42:58 UTC 2026","","eu.esdihumboldt.hale.common.align.merge.test.impl.JoinFocusRetainConditionTest","eu.esdihumboldt.hale.common.align.merge.test.impl.JoinFocusRetainConditionTest","testGroovyRetypeCondition"
"","4","testGetReferencesNested","","Wed Jul 08 09:43:54 UTC 2026","passed","Wed Jul 08 09:43:54 UTC 2026","","eu.esdihumboldt.hale.common.filter.ECQLFilterTest","eu.esdihumboldt.hale.common.filter.ECQLFilterTest","testGetReferencesNested"
"","0","testQ1","","Wed Jul 08 09:56:54 UTC 2026","passed","Wed Jul 08 09:56:54 UTC 2026","","eu.esdihumboldt.util.geometry.interpolation.grid.GridUtilTest","eu.esdihumboldt.util.geometry.interpolation.grid.GridUtilTest","testQ1"
"","7526","testDataTypes","","Wed Jul 08 09:53:08 UTC 2026","passed","Wed Jul 08 09:53:15 UTC 2026","","eu.esdihumboldt.hale.io.jdbc.postgresql.test.PostDataTypesIT","eu.esdihumboldt.hale.io.jdbc.postgresql.test.PostDataTypesIT","testDataTypes"
"","6","testLoopArray","","Wed Jul 08 09:57:09 UTC 2026","passed","Wed Jul 08 09:57:09 UTC 2026","","eu.esdihumboldt.util.groovy.json.JsonStreamBuilderTest","eu.esdihumboldt.util.groovy.json.JsonStreamBuilderTest","testLoopArray"
"","360","testWfsPaginationWithCountLimit","","Wed Jul 08 09:50:39 UTC 2026","passed","Wed Jul 08 09:50:39 UTC 2026","","eu.esdihumboldt.hale.io.gml.reader.internal.StreamGmlReaderTest","eu.esdihumboldt.hale.io.gml.reader.internal.StreamGmlReaderTest","testWfsPaginationWithCountLimit"
"","2","testCMNested1","","Wed Jul 08 09:46:32 UTC 2026","skipped","Wed Jul 08 09:46:32 UTC 2026","","eu.esdihumboldt.cst.internal.ConceptualSchemaTransformerTest","eu.esdihumboldt.cst.internal.ConceptualSchemaTransformerTest","testCMNested1"
"","64","testConsumeList","","Wed Jul 08 09:48:05 UTC 2026","passed","Wed Jul 08 09:48:05 UTC 2026","","eu.esdihumboldt.cst.functions.groovy.helpers.util.CollectorTest","eu.esdihumboldt.cst.functions.groovy.helpers.util.CollectorTest","testConsumeList"
"","1","testLargeArc","","Wed Jul 08 09:56:55 UTC 2026","passed","Wed Jul 08 09:56:55 UTC 2026","","eu.esdihumboldt.util.geometry.interpolation.model.impl.ArcByPointsImplTest","eu.esdihumboldt.util.geometry.interpolation.model.impl.ArcByPointsImplTest","testLargeArc"
"","22","testOverrideBindung","","Wed Jul 08 09:51:17 UTC 2026","passed","Wed Jul 08 09:51:17 UTC 2026","","eu.esdihumboldt.hale.io.groovy.snippets.GroovySnippetsTest","eu.esdihumboldt.hale.io.groovy.snippets.GroovySnippetsTest","testOverrideBindung"
"","134","testPropertyCondition1","","Wed Jul 08 09:47:06 UTC 2026","passed","Wed Jul 08 09:47:06 UTC 2026","","eu.esdihumboldt.cst.internal.ConceptualSchemaTransformerTest","eu.esdihumboldt.cst.internal.ConceptualSchemaTransformerTest","testPropertyCondition1"
"","0","testLookupAndConsume","","Wed Jul 08 09:43:38 UTC 2026","passed","Wed Jul 08 09:43:38 UTC 2026","","eu.esdihumboldt.hale.common.core.io.supplier.LookupStreamResourceTest","eu.esdihumboldt.hale.common.core.io.supplier.LookupStreamResourceTest","testLookupAndConsume"
"","1","testFindLines","","Wed Jul 08 09:47:43 UTC 2026","passed","Wed Jul 08 09:47:43 UTC 2026","","eu.esdihumboldt.cst.functions.geometric.test.GeometryHelperFunctionsTest","eu.esdihumboldt.cst.functions.geometric.test.GeometryHelperFunctionsTest","testFindLines"
"","13","testValuePropertiesJson","","Wed Jul 08 09:43:37 UTC 2026","passed","Wed Jul 08 09:43:37 UTC 2026","","eu.esdihumboldt.hale.common.core.io.impl.ValuePropertiesTypeTest","eu.esdihumboldt.hale.common.core.io.impl.ValuePropertiesTypeTest","testValuePropertiesJson"
"","23","testEnabled","","Wed Jul 08 09:45:37 UTC 2026","passed","Wed Jul 08 09:45:37 UTC 2026","","eu.esdihumboldt.hale.common.schema.model.constraint.factory.type.MappableFlagFactoryTest","eu.esdihumboldt.hale.common.schema.model.constraint.factory.type.MappableFlagFactoryTest","testEnabled"
"","27","testGeoJsonSimple_2","","Wed Jul 08 09:53:56 UTC 2026","passed","Wed Jul 08 09:53:56 UTC 2026","","eu.esdihumboldt.hale.io.json.test.InstanceToJsonTest","eu.esdihumboldt.hale.io.json.test.InstanceToJsonTest","testGeoJsonSimple_2"
"","140","testMethodCallWithNamedArguments","","Wed Jul 08 09:57:09 UTC 2026","passed","Wed Jul 08 09:57:09 UTC 2026","","eu.esdihumboldt.util.groovy.json.JsonStreamBuilderTest","eu.esdihumboldt.util.groovy.json.JsonStreamBuilderTest","testMethodCallWithNamedArguments"
"","0","testCMUnion2","","Wed Jul 08 09:46:54 UTC 2026","skipped","Wed Jul 08 09:46:54 UTC 2026","","eu.esdihumboldt.cst.internal.ConceptualSchemaTransformerTest","eu.esdihumboldt.cst.internal.ConceptualSchemaTransformerTest","testCMUnion2"
"","0","testSimpleContentAttribute","","Wed Jul 08 09:47:03 UTC 2026","skipped","Wed Jul 08 09:47:03 UTC 2026","","eu.esdihumboldt.cst.internal.ConceptualSchemaTransformerTest","eu.esdihumboldt.cst.internal.ConceptualSchemaTransformerTest","testSimpleContentAttribute"
"","4","testSKOSFromRDF1","","Wed Jul 08 09:48:38 UTC 2026","passed","Wed Jul 08 09:48:38 UTC 2026","","eu.esdihumboldt.hale.io.codelist.skos.test.SkosCodeListTest","eu.esdihumboldt.hale.io.codelist.skos.test.SkosCodeListTest","testSKOSFromRDF1"
"","1509","testConvertJson2PB","","Wed Jul 08 09:54:03 UTC 2026","passed","Wed Jul 08 09:54:05 UTC 2026","","eu.esdihumboldt.hale.io.pb.test.ProtocolBufferInstanceWriterTest","eu.esdihumboldt.hale.io.pb.test.ProtocolBufferInstanceWriterTest","testConvertJson2PB"
"","10","testReadSimpleWithDate","","Wed Jul 08 09:56:05 UTC 2026","passed","Wed Jul 08 09:56:05 UTC 2026","","eu.esdihumboldt.hale.io.xls.test.reader.XLSReaderTest","eu.esdihumboldt.hale.io.xls.test.reader.XLSReaderTest","testReadSimpleWithDate"
"","205","testInnerJoin","","Wed Jul 08 09:46:56 UTC 2026","passed","Wed Jul 08 09:46:56 UTC 2026","","eu.esdihumboldt.cst.internal.ConceptualSchemaTransformerTest","eu.esdihumboldt.cst.internal.ConceptualSchemaTransformerTest","testInnerJoin"
"","249","closureStuffDisallowed","","Wed Jul 08 09:57:25 UTC 2026","passed","Wed Jul 08 09:57:26 UTC 2026","","eu.esdihumboldt.util.groovy.sandbox.test.internal.GroovySandboxTest","eu.esdihumboldt.util.groovy.sandbox.test.internal.GroovySandboxTest","closureStuffDisallowed"
"","9","testDefaultPropertyTypes","","Wed Jul 08 09:45:51 UTC 2026","passed","Wed Jul 08 09:45:51 UTC 2026","","eu.esdihumboldt.hale.common.schema.groovy.SchemaBuilderTest","eu.esdihumboldt.hale.common.schema.groovy.SchemaBuilderTest","testDefaultPropertyTypes"
"","35","testSinglePolyGeometryWithLongAlphanumericNamesWithMultipleInstances","","Wed Jul 08 09:55:07 UTC 2026","passed","Wed Jul 08 09:55:07 UTC 2026","","eu.esdihumboldt.hale.io.shp.ShapefileInstanceWriterTest","eu.esdihumboldt.hale.io.shp.ShapefileInstanceWriterTest","testSinglePolyGeometryWithLongAlphanumericNamesWithMultipleInstances"
"","104","testRun","","Wed Jul 08 09:51:17 UTC 2026","passed","Wed Jul 08 09:51:17 UTC 2026","","eu.esdihumboldt.hale.io.groovy.snippets.GroovySnippetsTest","eu.esdihumboldt.hale.io.groovy.snippets.GroovySnippetsTest","testRun"
"","1","testPrimitiveArray","","Wed Jul 08 09:45:36 UTC 2026","passed","Wed Jul 08 09:45:36 UTC 2026","","eu.esdihumboldt.hale.common.schema.model.constraint.factory.type.BindingFactoryTest","eu.esdihumboldt.hale.common.schema.model.constraint.factory.type.BindingFactoryTest","testPrimitiveArray"
"","16773","testUnconditionalFilterForHydro","","Wed Jul 08 09:40:22 UTC 2026","passed","Wed Jul 08 09:40:38 UTC 2026","","eu.esdihumboldt.hale.app.transform.test.ExecuteTest","eu.esdihumboldt.hale.app.transform.test.ExecuteTest","testUnconditionalFilterForHydro"
"","9","testReadDefaultTypeOverride","","Wed Jul 08 09:53:59 UTC 2026","passed","Wed Jul 08 09:53:59 UTC 2026","","eu.esdihumboldt.hale.io.json.test.JsonInstanceReaderTest","eu.esdihumboldt.hale.io.json.test.JsonInstanceReaderTest","testReadDefaultTypeOverride"
"","5","testSimpleAll","","Wed Jul 08 09:45:51 UTC 2026","passed","Wed Jul 08 09:45:51 UTC 2026","","eu.esdihumboldt.hale.common.schema.groovy.DefinitionAccessorTest","eu.esdihumboldt.hale.common.schema.groovy.DefinitionAccessorTest","testSimpleAll"
"","30","testReuse","","Wed Jul 08 09:43:26 UTC 2026","passed","Wed Jul 08 09:43:26 UTC 2026","","eu.esdihumboldt.hale.common.core.io.PathUpdateTest","eu.esdihumboldt.hale.common.core.io.PathUpdateTest","testReuse"
"","5","testUsage","","Wed Jul 08 09:40:42 UTC 2026","passed","Wed Jul 08 09:40:42 UTC 2026","","eu.esdihumboldt.hale.app.transform.test.ExecuteTest","eu.esdihumboldt.hale.app.transform.test.ExecuteTest","testUsage"
"","4","testLikeList","","Wed Jul 08 09:43:54 UTC 2026","passed","Wed Jul 08 09:43:54 UTC 2026","","eu.esdihumboldt.hale.common.filter.ECQLFilterTest","eu.esdihumboldt.hale.common.filter.ECQLFilterTest","testLikeList"
"","1","testSimpleOverride","","Wed Jul 08 09:56:46 UTC 2026","passed","Wed Jul 08 09:56:46 UTC 2026","","eu.esdihumboldt.util.config.ConfigMergerTest","eu.esdihumboldt.util.config.ConfigMergerTest","testSimpleOverride"
"","3926","testLoadFilterNoDuplicates","","Wed Jul 08 09:49:53 UTC 2026","passed","Wed Jul 08 09:49:56 UTC 2026","","eu.esdihumboldt.hale.io.gml.reader.internal.GmlInstanceCollectionTest","eu.esdihumboldt.hale.io.gml.reader.internal.GmlInstanceCollectionTest","testLoadFilterNoDuplicates"
"","298","testGeometryAggregate_32_MultiPoint","","Wed Jul 08 09:51:00 UTC 2026","passed","Wed Jul 08 09:51:00 UTC 2026","","eu.esdihumboldt.hale.io.gml.writer.internal.StreamGmlWriterTest","eu.esdihumboldt.hale.io.gml.writer.internal.StreamGmlWriterTest","testGeometryAggregate_32_MultiPoint"
"","59","testGmlOverflow2","","Wed Jul 08 09:44:25 UTC 2026","passed","Wed Jul 08 09:44:25 UTC 2026","","eu.esdihumboldt.hale.common.instance.graph.test.ReferenceGraphTest","eu.esdihumboldt.hale.common.instance.graph.test.ReferenceGraphTest","testGmlOverflow2"
"","2","testGetVersion","","Wed Jul 08 09:43:25 UTC 2026","skipped","Wed Jul 08 09:43:25 UTC 2026","","eu.esdihumboldt.hale.common.core.HalePlatformTest","eu.esdihumboldt.hale.common.core.HalePlatformTest","testGetVersion"
"","8","testReadInteger","","Wed Jul 08 09:53:59 UTC 2026","passed","Wed Jul 08 09:53:59 UTC 2026","","eu.esdihumboldt.hale.io.json.test.JsonToInstanceTest","eu.esdihumboldt.hale.io.json.test.JsonToInstanceTest","testReadInteger"
"","96","testAfter","","Wed Jul 08 09:43:53 UTC 2026","passed","Wed Jul 08 09:43:53 UTC 2026","","eu.esdihumboldt.hale.common.filter.CQLFilterTest","eu.esdihumboldt.hale.common.filter.CQLFilterTest","testAfter"
"","8","testSimpleSingleLax","","Wed Jul 08 09:45:51 UTC 2026","passed","Wed Jul 08 09:45:51 UTC 2026","","eu.esdihumboldt.hale.common.schema.groovy.DefinitionAccessorTest","eu.esdihumboldt.hale.common.schema.groovy.DefinitionAccessorTest","testSimpleSingleLax"
"","4170","testEvaluateSuccess1","","Wed Jul 08 09:41:30 UTC 2026","passed","Wed Jul 08 09:41:35 UTC 2026","","eu.esdihumboldt.hale.app.transform.test.ExecuteTest","eu.esdihumboldt.hale.app.transform.test.ExecuteTest","testEvaluateSuccess1"
"","0","testExistsNoSchema","","Wed Jul 08 09:43:54 UTC 2026","skipped","Wed Jul 08 09:43:54 UTC 2026","","eu.esdihumboldt.hale.common.filter.ECQLFilterTest","eu.esdihumboldt.hale.common.filter.ECQLFilterTest","testExistsNoSchema"
"","34","testWriteSimpleSchemaColOrder","","Wed Jul 08 09:56:08 UTC 2026","passed","Wed Jul 08 09:56:08 UTC 2026","","eu.esdihumboldt.hale.io.xls.test.writer.XLSInstanceWriterTest","eu.esdihumboldt.hale.io.xls.test.writer.XLSInstanceWriterTest","testWriteSimpleSchemaColOrder"
"","12","testClass","","Wed Jul 08 09:45:51 UTC 2026","passed","Wed Jul 08 09:45:51 UTC 2026","","eu.esdihumboldt.hale.common.schema.groovy.constraints.BindingFactoryTest","eu.esdihumboldt.hale.common.schema.groovy.constraints.BindingFactoryTest","testClass"
"","3","testNested","","Wed Jul 08 09:53:59 UTC 2026","passed","Wed Jul 08 09:53:59 UTC 2026","","eu.esdihumboldt.hale.io.json.test.JsonSchemaReaderTest","eu.esdihumboldt.hale.io.json.test.JsonSchemaReaderTest","testNested"
"","0","testHttpAbsoluteOtherJar","","Wed Jul 08 09:56:22 UTC 2026","passed","Wed Jul 08 09:56:22 UTC 2026","","eu.esdihumboldt.hale.io.xsd.reader.HumboldtURIResolverTest","eu.esdihumboldt.hale.io.xsd.reader.HumboldtURIResolverTest","testHttpAbsoluteOtherJar"
"","1","testDisabled","","Wed Jul 08 09:45:36 UTC 2026","passed","Wed Jul 08 09:45:36 UTC 2026","","eu.esdihumboldt.hale.common.schema.model.constraint.factory.property.NillableFlagFactoryTest","eu.esdihumboldt.hale.common.schema.model.constraint.factory.property.NillableFlagFactoryTest","testDisabled"
"","112","testMergeComplexPropKey","","Wed Jul 08 09:47:04 UTC 2026","passed","Wed Jul 08 09:47:04 UTC 2026","","eu.esdihumboldt.cst.internal.ConceptualSchemaTransformerTest","eu.esdihumboldt.cst.internal.ConceptualSchemaTransformerTest","testMergeComplexPropKey"
"","2","eu.esdihumboldt.util.blueprints.entities.test.VertexEntityTransformationTest","","Wed Jul 08 09:56:32 UTC 2026","skipped","Wed Jul 08 09:56:32 UTC 2026","","eu.esdihumboldt.util.blueprints.entities.test.VertexEntityTransformationTest","eu.esdihumboldt.util.blueprints.entities.test.VertexEntityTransformationTest","eu.esdihumboldt.util.blueprints.entities.test.VertexEntityTransformationTest"
"","68","testStructuralRetype1","","Wed Jul 08 09:47:07 UTC 2026","passed","Wed Jul 08 09:47:07 UTC 2026","","eu.esdihumboldt.cst.internal.ConceptualSchemaTransformerTest","eu.esdihumboldt.cst.internal.ConceptualSchemaTransformerTest","testStructuralRetype1"
"","0","testOrigin","","Wed Jul 08 09:56:54 UTC 2026","passed","Wed Jul 08 09:56:54 UTC 2026","","eu.esdihumboldt.util.geometry.interpolation.grid.GridUtilTest","eu.esdihumboldt.util.geometry.interpolation.grid.GridUtilTest","testOrigin"
"","11","testNullSchema","","Wed Jul 08 09:43:54 UTC 2026","passed","Wed Jul 08 09:43:54 UTC 2026","","eu.esdihumboldt.hale.common.filter.CQLFilterTest","eu.esdihumboldt.hale.common.filter.CQLFilterTest","testNullSchema"
"","3","testReadSimpleWithDate","","Wed Jul 08 09:48:51 UTC 2026","passed","Wed Jul 08 09:48:51 UTC 2026","","eu.esdihumboldt.hale.io.csv.CSVInstanceReaderTest","eu.esdihumboldt.hale.io.csv.CSVInstanceReaderTest","testReadSimpleWithDate"
"","2","testCCW","","Wed Jul 08 09:56:55 UTC 2026","passed","Wed Jul 08 09:56:55 UTC 2026","","eu.esdihumboldt.util.geometry.interpolation.model.impl.ArcByPointsImplTest","eu.esdihumboldt.util.geometry.interpolation.model.impl.ArcByPointsImplTest","testCCW"
"","54","testOffsetBig","","Wed Jul 08 09:56:55 UTC 2026","passed","Wed Jul 08 09:56:55 UTC 2026","","eu.esdihumboldt.util.geometry.interpolation.split.SplitInterpolationTest","eu.esdihumboldt.util.geometry.interpolation.split.SplitInterpolationTest","testOffsetBig"
"","1","testFormatter[3]","","Wed Jul 08 09:56:50 UTC 2026","passed","Wed Jul 08 09:56:50 UTC 2026","","eu.esdihumboldt.util.geometry.DecimalFormatUtilTest","eu.esdihumboldt.util.geometry.DecimalFormatUtilTest","testFormatter[3]"
"","234","testJoinMultiCond_1","","Wed Jul 08 09:47:08 UTC 2026","passed","Wed Jul 08 09:47:08 UTC 2026","","eu.esdihumboldt.cst.internal.ConceptualSchemaTransformerTest","eu.esdihumboldt.cst.internal.ConceptualSchemaTransformerTest","testJoinMultiCond_1"
"","8182","testSerialize","","Wed Jul 08 09:57:00 UTC 2026","passed","Wed Jul 08 09:57:08 UTC 2026","","eu.esdihumboldt.util.groovy.collector.StatsCollectorTest","eu.esdihumboldt.util.groovy.collector.StatsCollectorTest","testSerialize"
"","1","testFootprint3","","Wed Jul 08 09:47:43 UTC 2026","passed","Wed Jul 08 09:47:43 UTC 2026","","eu.esdihumboldt.cst.functions.geometric.test.InteriorPointTest","eu.esdihumboldt.cst.functions.geometric.test.InteriorPointTest","testFootprint3"
"","12","testPointGeometry","","Wed Jul 08 09:53:59 UTC 2026","passed","Wed Jul 08 09:53:59 UTC 2026","","eu.esdihumboldt.hale.io.json.test.JsonSchemaReaderTest","eu.esdihumboldt.hale.io.json.test.JsonSchemaReaderTest","testPointGeometry"
"","9","testPropertyType","","Wed Jul 08 09:56:05 UTC 2026","passed","Wed Jul 08 09:56:05 UTC 2026","","eu.esdihumboldt.hale.io.xls.test.reader.XLSReaderTest","eu.esdihumboldt.hale.io.xls.test.reader.XLSReaderTest","testPropertyType"
"","3523","testGroovyFilterForHydro","","Wed Jul 08 09:41:19 UTC 2026","passed","Wed Jul 08 09:41:22 UTC 2026","","eu.esdihumboldt.hale.app.transform.test.ExecuteTest","eu.esdihumboldt.hale.app.transform.test.ExecuteTest","testGroovyFilterForHydro"
"","14","testEnabled","","Wed Jul 08 09:45:37 UTC 2026","passed","Wed Jul 08 09:45:37 UTC 2026","","eu.esdihumboldt.hale.common.schema.model.constraint.factory.type.MappingRelevantFlagFactoryTest","eu.esdihumboldt.hale.common.schema.model.constraint.factory.type.MappingRelevantFlagFactoryTest","testEnabled"
"","3","testNoRef","","Wed Jul 08 09:45:36 UTC 2026","passed","Wed Jul 08 09:45:36 UTC 2026","","eu.esdihumboldt.hale.common.schema.model.constraint.factory.property.ReferenceFactoryTest","eu.esdihumboldt.hale.common.schema.model.constraint.factory.property.ReferenceFactoryTest","testNoRef"
"","0","testUnifyHoles","","Wed Jul 08 09:56:54 UTC 2026","passed","Wed Jul 08 09:56:54 UTC 2026","","eu.esdihumboldt.util.geometry.WindingOrderTest","eu.esdihumboldt.util.geometry.WindingOrderTest","testUnifyHoles"
"","121","testReadGeoJsonArray","","Wed Jul 08 09:53:58 UTC 2026","passed","Wed Jul 08 09:53:58 UTC 2026","","eu.esdihumboldt.hale.io.json.test.JsonInstanceCollectionTest","eu.esdihumboldt.hale.io.json.test.JsonInstanceCollectionTest","testReadGeoJsonArray"
"","0","testOrderCounterClockwise","","Wed Jul 08 09:56:54 UTC 2026","passed","Wed Jul 08 09:56:54 UTC 2026","","eu.esdihumboldt.util.geometry.WindingOrderTest","eu.esdihumboldt.util.geometry.WindingOrderTest","testOrderCounterClockwise"
"","0","testGeoCross","","Wed Jul 08 09:43:53 UTC 2026","skipped","Wed Jul 08 09:43:53 UTC 2026","","eu.esdihumboldt.hale.common.filter.CQLFilterTest","eu.esdihumboldt.hale.common.filter.CQLFilterTest","testGeoCross"
"","0","testGeometryFlippedOnCRS","","Wed Jul 08 09:56:54 UTC 2026","passed","Wed Jul 08 09:56:54 UTC 2026","","eu.esdihumboldt.util.geometry.WindingOrderTest","eu.esdihumboldt.util.geometry.WindingOrderTest","testGeometryFlippedOnCRS"
"","0","testInstanceValueExistsSchema","","Wed Jul 08 09:43:53 UTC 2026","skipped","Wed Jul 08 09:43:53 UTC 2026","","eu.esdihumboldt.hale.common.filter.CQLFilterTest","eu.esdihumboldt.hale.common.filter.CQLFilterTest","testInstanceValueExistsSchema"
"","66","testReadMultiSheetDetectType","","Wed Jul 08 09:56:05 UTC 2026","passed","Wed Jul 08 09:56:05 UTC 2026","","eu.esdihumboldt.hale.io.xls.test.reader.XLSReaderTest","eu.esdihumboldt.hale.io.xls.test.reader.XLSReaderTest","testReadMultiSheetDetectType"
"","318","testGeometryPrimitive_32_MultiPolygon","","Wed Jul 08 09:51:00 UTC 2026","passed","Wed Jul 08 09:51:00 UTC 2026","","eu.esdihumboldt.hale.io.gml.writer.internal.StreamGmlWriterTest","eu.esdihumboldt.hale.io.gml.writer.internal.StreamGmlWriterTest","testGeometryPrimitive_32_MultiPolygon"
"","3097","testFiltersForMultiType2","","Wed Jul 08 09:41:10 UTC 2026","passed","Wed Jul 08 09:41:13 UTC 2026","","eu.esdihumboldt.hale.app.transform.test.ExecuteTest","eu.esdihumboldt.hale.app.transform.test.ExecuteTest","testFiltersForMultiType2"
"","156","testGroovyWarningRetypeTarget","","Wed Jul 08 09:42:55 UTC 2026","passed","Wed Jul 08 09:42:55 UTC 2026","","eu.esdihumboldt.hale.common.align.merge.test.impl.DefaultMergeCellMigratorTest","eu.esdihumboldt.hale.common.align.merge.test.impl.DefaultMergeCellMigratorTest","testGroovyWarningRetypeTarget"
"","0","testRange","","Wed Jul 08 09:45:51 UTC 2026","passed","Wed Jul 08 09:45:51 UTC 2026","","eu.esdihumboldt.hale.common.schema.groovy.constraints.CardinalityFactoryTest","eu.esdihumboldt.hale.common.schema.groovy.constraints.CardinalityFactoryTest","testRange"
"","196","testTypeFilter3","","Wed Jul 08 09:42:54 UTC 2026","passed","Wed Jul 08 09:42:54 UTC 2026","","eu.esdihumboldt.hale.common.align.merge.test.impl.DefaultMergeCellMigratorTest","eu.esdihumboldt.hale.common.align.merge.test.impl.DefaultMergeCellMigratorTest","testTypeFilter3"
"","0","testSubfolder3","","Wed Jul 08 09:43:26 UTC 2026","passed","Wed Jul 08 09:43:26 UTC 2026","","eu.esdihumboldt.hale.common.core.io.PathUpdateTest","eu.esdihumboldt.hale.common.core.io.PathUpdateTest","testSubfolder3"
"","0","testGeoIntersect","","Wed Jul 08 09:43:53 UTC 2026","skipped","Wed Jul 08 09:43:53 UTC 2026","","eu.esdihumboldt.hale.common.filter.CQLFilterTest","eu.esdihumboldt.hale.common.filter.CQLFilterTest","testGeoIntersect"
"","283","testWfsPaginationWithStartIndex","","Wed Jul 08 09:50:39 UTC 2026","passed","Wed Jul 08 09:50:39 UTC 2026","","eu.esdihumboldt.hale.io.gml.reader.internal.StreamGmlReaderTest","eu.esdihumboldt.hale.io.gml.reader.internal.StreamGmlReaderTest","testWfsPaginationWithStartIndex"
"","1","testOrigin","","Wed Jul 08 09:56:55 UTC 2026","passed","Wed Jul 08 09:56:55 UTC 2026","","eu.esdihumboldt.util.geometry.interpolation.model.impl.ArcByPointsImplTest","eu.esdihumboldt.util.geometry.interpolation.model.impl.ArcByPointsImplTest","testOrigin"
"","375","testReadXsdInstancesResultPrefix2","","Wed Jul 08 09:54:58 UTC 2026","passed","Wed Jul 08 09:54:59 UTC 2026","","eu.esdihumboldt.hale.io.shp.ShapeInstanceReaderTest","eu.esdihumboldt.hale.io.shp.ShapeInstanceReaderTest","testReadXsdInstancesResultPrefix2"
"","164","testMergeMultiPropKey","","Wed Jul 08 09:47:03 UTC 2026","passed","Wed Jul 08 09:47:03 UTC 2026","","eu.esdihumboldt.cst.internal.ConceptualSchemaTransformerTest","eu.esdihumboldt.cst.internal.ConceptualSchemaTransformerTest","testMergeMultiPropKey"
"","1036","testSkipFeatureCollection","","Wed Jul 08 09:53:57 UTC 2026","passed","Wed Jul 08 09:53:58 UTC 2026","","eu.esdihumboldt.hale.io.json.test.JsonInstanceCollectionTest","eu.esdihumboldt.hale.io.json.test.JsonInstanceCollectionTest","testSkipFeatureCollection"
"","4","testInstanceNullSchema","","Wed Jul 08 09:43:54 UTC 2026","passed","Wed Jul 08 09:43:54 UTC 2026","","eu.esdihumboldt.hale.common.filter.ECQLFilterTest","eu.esdihumboldt.hale.common.filter.ECQLFilterTest","testInstanceNullSchema"
"","3","testProblemCase","","Wed Jul 08 09:47:43 UTC 2026","passed","Wed Jul 08 09:47:43 UTC 2026","","eu.esdihumboldt.cst.functions.geometric.test.InteriorPointTest","eu.esdihumboldt.cst.functions.geometric.test.InteriorPointTest","testProblemCase"
"","1","testStringValueListJson","","Wed Jul 08 09:43:37 UTC 2026","passed","Wed Jul 08 09:43:37 UTC 2026","","eu.esdihumboldt.hale.common.core.io.impl.ValueListTypeTest","eu.esdihumboldt.hale.common.core.io.impl.ValueListTypeTest","testStringValueListJson"
"","17","testGmlUnresolvableReferences","","Wed Jul 08 09:44:25 UTC 2026","passed","Wed Jul 08 09:44:25 UTC 2026","","eu.esdihumboldt.hale.common.instance.graph.test.ReferenceGraphTest","eu.esdihumboldt.hale.common.instance.graph.test.ReferenceGraphTest","testGmlUnresolvableReferences"
"","8757","testComplexLookupJsonGroovy","","Wed Jul 08 09:45:02 UTC 2026","passed","Wed Jul 08 09:45:11 UTC 2026","","eu.esdihumboldt.hale.common.lookup.internal.LookupTableTypeTest","eu.esdihumboldt.hale.common.lookup.internal.LookupTableTypeTest","testComplexLookupJsonGroovy"
"","11","testJsonSimple","","Wed Jul 08 09:53:56 UTC 2026","passed","Wed Jul 08 09:53:56 UTC 2026","","eu.esdihumboldt.hale.io.json.test.InstanceToJsonTest","eu.esdihumboldt.hale.io.json.test.InstanceToJsonTest","testJsonSimple"
"","4","test90Deegrees","","Wed Jul 08 09:56:54 UTC 2026","passed","Wed Jul 08 09:56:54 UTC 2026","","eu.esdihumboldt.util.geometry.interpolation.grid.GridInterpolationTest","eu.esdihumboldt.util.geometry.interpolation.grid.GridInterpolationTest","test90Deegrees"
"","213","testValueMapJson","","Wed Jul 08 09:43:37 UTC 2026","passed","Wed Jul 08 09:43:37 UTC 2026","","eu.esdihumboldt.hale.common.core.io.impl.ValueMapTypeTest","eu.esdihumboldt.hale.common.core.io.impl.ValueMapTypeTest","testValueMapJson"
"","4","testMixedKeys","","Wed Jul 08 09:48:05 UTC 2026","passed","Wed Jul 08 09:48:05 UTC 2026","","eu.esdihumboldt.cst.functions.groovy.helpers.util.CollectorTest","eu.esdihumboldt.cst.functions.groovy.helpers.util.CollectorTest","testMixedKeys"
"","0","testFormatter[12]","","Wed Jul 08 09:56:50 UTC 2026","passed","Wed Jul 08 09:56:50 UTC 2026","","eu.esdihumboldt.util.geometry.DecimalFormatUtilTest","eu.esdihumboldt.util.geometry.DecimalFormatUtilTest","testFormatter[12]"
"","3","testNotEqualList","","Wed Jul 08 09:43:54 UTC 2026","passed","Wed Jul 08 09:43:54 UTC 2026","","eu.esdihumboldt.hale.common.filter.ECQLFilterTest","eu.esdihumboldt.hale.common.filter.ECQLFilterTest","testNotEqualList"
"","1","simpleFilterTestECQL","","Wed Jul 08 09:43:57 UTC 2026","passed","Wed Jul 08 09:43:57 UTC 2026","","eu.esdihumboldt.hale.common.filter.FilterTest","eu.esdihumboldt.hale.common.filter.FilterTest","simpleFilterTestECQL"
"","663","testWriteFeaturesTargetCRS","","Wed Jul 08 09:55:03 UTC 2026","passed","Wed Jul 08 09:55:03 UTC 2026","","eu.esdihumboldt.hale.io.shp.ShapefileInstanceWriterTest","eu.esdihumboldt.hale.io.shp.ShapefileInstanceWriterTest","testWriteFeaturesTargetCRS"
"","23","testReadVersion3","","Wed Jul 08 09:53:36 UTC 2026","passed","Wed Jul 08 09:53:36 UTC 2026","","eu.esdihumboldt.hale.io.jdbc.spatialite.reader.internal.SpatiaLiteSchemaReaderTest","eu.esdihumboldt.hale.io.jdbc.spatialite.reader.internal.SpatiaLiteSchemaReaderTest","testReadVersion3"
"","152","testGeometryPrimitive_32_MultiLineString","","Wed Jul 08 09:50:59 UTC 2026","passed","Wed Jul 08 09:50:59 UTC 2026","","eu.esdihumboldt.hale.io.gml.writer.internal.StreamGmlWriterTest","eu.esdihumboldt.hale.io.gml.writer.internal.StreamGmlWriterTest","testGeometryPrimitive_32_MultiLineString"
"","3","testGetReferencesSimple","","Wed Jul 08 09:43:54 UTC 2026","passed","Wed Jul 08 09:43:54 UTC 2026","","eu.esdihumboldt.hale.common.filter.ECQLFilterTest","eu.esdihumboldt.hale.common.filter.ECQLFilterTest","testGetReferencesSimple"
"","608","testWfsPaginationInstanceContent","","Wed Jul 08 09:50:38 UTC 2026","passed","Wed Jul 08 09:50:39 UTC 2026","","eu.esdihumboldt.hale.io.gml.reader.internal.StreamGmlReaderTest","eu.esdihumboldt.hale.io.gml.reader.internal.StreamGmlReaderTest","testWfsPaginationInstanceContent"
"","16340","testReadInstancesXSDQualified","","Wed Jul 08 09:49:17 UTC 2026","passed","Wed Jul 08 09:49:33 UTC 2026","","eu.esdihumboldt.hale.io.geopackage.GeopackageInstanceReaderTest","eu.esdihumboldt.hale.io.geopackage.GeopackageInstanceReaderTest","testReadInstancesXSDQualified"
"","139","testLarge","","Wed Jul 08 09:56:54 UTC 2026","passed","Wed Jul 08 09:56:54 UTC 2026","","eu.esdihumboldt.util.geometry.interpolation.grid.GridInterpolationTest","eu.esdihumboldt.util.geometry.interpolation.grid.GridInterpolationTest","testLarge"
"","13","testReadMultiPoint","","Wed Jul 08 09:53:59 UTC 2026","passed","Wed Jul 08 09:53:59 UTC 2026","","eu.esdihumboldt.hale.io.json.test.JsonToInstanceTest","eu.esdihumboldt.hale.io.json.test.JsonToInstanceTest","testReadMultiPoint"
"","8","testEqualityListNoSchema","","Wed Jul 08 09:43:53 UTC 2026","passed","Wed Jul 08 09:43:53 UTC 2026","","eu.esdihumboldt.hale.common.filter.CQLFilterTest","eu.esdihumboldt.hale.common.filter.CQLFilterTest","testEqualityListNoSchema"
"","8","testReadBoolean","","Wed Jul 08 09:53:59 UTC 2026","passed","Wed Jul 08 09:53:59 UTC 2026","","eu.esdihumboldt.hale.io.json.test.JsonToInstanceTest","eu.esdihumboldt.hale.io.json.test.JsonToInstanceTest","testReadBoolean"
"","10","testEachCollector","","Wed Jul 08 09:48:05 UTC 2026","passed","Wed Jul 08 09:48:05 UTC 2026","","eu.esdihumboldt.cst.functions.groovy.helpers.util.CollectorTest","eu.esdihumboldt.cst.functions.groovy.helpers.util.CollectorTest","testEachCollector"
"","207","testMergeMultiPropKeyWithComplexAtt","","Wed Jul 08 09:46:54 UTC 2026","passed","Wed Jul 08 09:46:54 UTC 2026","","eu.esdihumboldt.cst.internal.ConceptualSchemaTransformerTest","eu.esdihumboldt.cst.internal.ConceptualSchemaTransformerTest","testMergeMultiPropKeyWithComplexAtt"
"","1","testRead2","","Wed Jul 08 09:48:51 UTC 2026","passed","Wed Jul 08 09:48:51 UTC 2026","","eu.esdihumboldt.hale.io.csv.CSVSchemaReaderTest","eu.esdihumboldt.hale.io.csv.CSVSchemaReaderTest","testRead2"
"","55","checkCyclicTypes","","Wed Jul 08 09:52:47 UTC 2026","passed","Wed Jul 08 09:52:47 UTC 2026","","eu.esdihumboldt.hale.io.jdbc.postgresql.test.CheckSortingForCyclicTypesTest","eu.esdihumboldt.hale.io.jdbc.postgresql.test.CheckSortingForCyclicTypesTest","checkCyclicTypes"
"","27","testRead_definitive_chapter03","","Wed Jul 08 09:56:24 UTC 2026","passed","Wed Jul 08 09:56:24 UTC 2026","","eu.esdihumboldt.hale.io.xsd.reader.XmlSchemaReaderTest","eu.esdihumboldt.hale.io.xsd.reader.XmlSchemaReaderTest","testRead_definitive_chapter03"
"","8","testSKOSFromRDF4_language_nl","","Wed Jul 08 09:48:38 UTC 2026","passed","Wed Jul 08 09:48:38 UTC 2026","","eu.esdihumboldt.hale.io.codelist.skos.test.SkosCodeListTest","eu.esdihumboldt.hale.io.codelist.skos.test.SkosCodeListTest","testSKOSFromRDF4_language_nl"
"","0","testPropertiesMix","","Wed Jul 08 09:46:56 UTC 2026","skipped","Wed Jul 08 09:46:56 UTC 2026","","eu.esdihumboldt.cst.internal.ConceptualSchemaTransformerTest","eu.esdihumboldt.cst.internal.ConceptualSchemaTransformerTest","testPropertiesMix"
"","53","testWriteVersion3","","Wed Jul 08 09:53:36 UTC 2026","passed","Wed Jul 08 09:53:36 UTC 2026","","eu.esdihumboldt.hale.io.jdbc.spatialite.writer.internal.SpatiaLiteInstanceWriterTest","eu.esdihumboldt.hale.io.jdbc.spatialite.writer.internal.SpatiaLiteInstanceWriterTest","testWriteVersion3"
"","3","testNullNoSchema","","Wed Jul 08 09:43:54 UTC 2026","passed","Wed Jul 08 09:43:54 UTC 2026","","eu.esdihumboldt.hale.common.filter.CQLFilterTest","eu.esdihumboldt.hale.common.filter.CQLFilterTest","testNullNoSchema"
"","46","testEqualitySimple","","Wed Jul 08 09:43:54 UTC 2026","passed","Wed Jul 08 09:43:54 UTC 2026","","eu.esdihumboldt.hale.common.filter.ECQLFilterTest","eu.esdihumboldt.hale.common.filter.ECQLFilterTest","testEqualitySimple"
"","8816","testConvert","","Wed Jul 08 09:43:12 UTC 2026","passed","Wed Jul 08 09:43:21 UTC 2026","","eu.esdihumboldt.hale.common.config.ConfigValueTest","eu.esdihumboldt.hale.common.config.ConfigValueTest","testConvert"
"","107","testRTreeSpatialIndexCreation","","Wed Jul 08 09:49:39 UTC 2026","passed","Wed Jul 08 09:49:39 UTC 2026","","eu.esdihumboldt.hale.io.geopackage.GeopackageInstanceWriterTest","eu.esdihumboldt.hale.io.geopackage.GeopackageInstanceWriterTest","testRTreeSpatialIndexCreation"
"","5","testExampleFromTheGep7Page","","Wed Jul 08 09:57:09 UTC 2026","passed","Wed Jul 08 09:57:09 UTC 2026","","eu.esdihumboldt.util.groovy.json.JsonStreamBuilderTest","eu.esdihumboldt.util.groovy.json.JsonStreamBuilderTest","testExampleFromTheGep7Page"
"","7","testInstanceNoValueNullSchema","","Wed Jul 08 09:43:53 UTC 2026","passed","Wed Jul 08 09:43:53 UTC 2026","","eu.esdihumboldt.hale.common.filter.CQLFilterTest","eu.esdihumboldt.hale.common.filter.CQLFilterTest","testInstanceNoValueNullSchema"
"","0","testGeometry_2_MultiLineString","","Wed Jul 08 09:50:55 UTC 2026","skipped","Wed Jul 08 09:50:55 UTC 2026","","eu.esdihumboldt.hale.io.gml.writer.internal.StreamGmlWriterTest","eu.esdihumboldt.hale.io.gml.writer.internal.StreamGmlWriterTest","testGeometry_2_MultiLineString"
"","7","testGeoIntersects","","Wed Jul 08 09:43:54 UTC 2026","passed","Wed Jul 08 09:43:54 UTC 2026","","eu.esdihumboldt.hale.common.filter.ECQLFilterTest","eu.esdihumboldt.hale.common.filter.ECQLFilterTest","testGeoIntersects"
"","0","testOrderClockwise","","Wed Jul 08 09:56:54 UTC 2026","passed","Wed Jul 08 09:56:54 UTC 2026","","eu.esdihumboldt.util.geometry.WindingOrderTest","eu.esdihumboldt.util.geometry.WindingOrderTest","testOrderClockwise"
"","3621","testTypedFilterForHydro","","Wed Jul 08 09:41:22 UTC 2026","passed","Wed Jul 08 09:41:26 UTC 2026","","eu.esdihumboldt.hale.app.transform.test.ExecuteTest","eu.esdihumboldt.hale.app.transform.test.ExecuteTest","testTypedFilterForHydro"
"","4","testRefTypes","","Wed Jul 08 09:45:36 UTC 2026","passed","Wed Jul 08 09:45:36 UTC 2026","","eu.esdihumboldt.hale.common.schema.model.constraint.factory.property.ReferenceFactoryTest","eu.esdihumboldt.hale.common.schema.model.constraint.factory.property.ReferenceFactoryTest","testRefTypes"
"","247","testComplexLookup","","Wed Jul 08 09:45:11 UTC 2026","passed","Wed Jul 08 09:45:11 UTC 2026","","eu.esdihumboldt.hale.common.lookup.internal.LookupTableTypeTest","eu.esdihumboldt.hale.common.lookup.internal.LookupTableTypeTest","testComplexLookup"
"","71","testWriteSimpleSchemaColOrder","","Wed Jul 08 09:49:03 UTC 2026","passed","Wed Jul 08 09:49:03 UTC 2026","","eu.esdihumboldt.hale.io.csv.writer.CSVInstanceWriterTest","eu.esdihumboldt.hale.io.csv.writer.CSVInstanceWriterTest","testWriteSimpleSchemaColOrder"
"","521","testNesting","","Wed Jul 08 09:42:28 UTC 2026","passed","Wed Jul 08 09:42:28 UTC 2026","","eu.esdihumboldt.hale.common.align.groovy.accessor.EntityAccessorTest","eu.esdihumboldt.hale.common.align.groovy.accessor.EntityAccessorTest","testNesting"
"","79","testTriangle","","Wed Jul 08 09:47:43 UTC 2026","passed","Wed Jul 08 09:47:43 UTC 2026","","eu.esdihumboldt.cst.functions.geometric.test.InteriorPointTest","eu.esdihumboldt.cst.functions.geometric.test.InteriorPointTest","testTriangle"
"","1","testFormatter[8]","","Wed Jul 08 09:56:50 UTC 2026","passed","Wed Jul 08 09:56:50 UTC 2026","","eu.esdihumboldt.util.geometry.DecimalFormatUtilTest","eu.esdihumboldt.util.geometry.DecimalFormatUtilTest","testFormatter[8]"
"","22","testOffsetCircle","","Wed Jul 08 09:56:55 UTC 2026","passed","Wed Jul 08 09:56:55 UTC 2026","","eu.esdihumboldt.util.geometry.interpolation.split.SplitInterpolationTest","eu.esdihumboldt.util.geometry.interpolation.split.SplitInterpolationTest","testOffsetCircle"
"","287","testReadForceDefaultType","","Wed Jul 08 09:53:58 UTC 2026","passed","Wed Jul 08 09:53:59 UTC 2026","","eu.esdihumboldt.hale.io.json.test.JsonInstanceReaderTest","eu.esdihumboldt.hale.io.json.test.JsonInstanceReaderTest","testReadForceDefaultType"
"","3","testReadWithPointDecimal","","Wed Jul 08 09:48:51 UTC 2026","passed","Wed Jul 08 09:48:51 UTC 2026","","eu.esdihumboldt.hale.io.csv.CSVInstanceReaderTest","eu.esdihumboldt.hale.io.csv.CSVInstanceReaderTest","testReadWithPointDecimal"
"","37","testMetaClass","","Wed Jul 08 09:42:27 UTC 2026","passed","Wed Jul 08 09:42:27 UTC 2026","","eu.esdihumboldt.hale.common.align.groovy.accessor.EntityAccessorTest","eu.esdihumboldt.hale.common.align.groovy.accessor.EntityAccessorTest","testMetaClass"
"","2","testCW3","","Wed Jul 08 09:56:55 UTC 2026","passed","Wed Jul 08 09:56:55 UTC 2026","","eu.esdihumboldt.util.geometry.interpolation.model.impl.ArcByCenterPointImplTest","eu.esdihumboldt.util.geometry.interpolation.model.impl.ArcByCenterPointImplTest","testCW3"
"","0","testCMUnion1","","Wed Jul 08 09:46:54 UTC 2026","skipped","Wed Jul 08 09:46:54 UTC 2026","","eu.esdihumboldt.cst.internal.ConceptualSchemaTransformerTest","eu.esdihumboldt.cst.internal.ConceptualSchemaTransformerTest","testCMUnion1"
"","126","testStringValueList","","Wed Jul 08 09:43:37 UTC 2026","passed","Wed Jul 08 09:43:37 UTC 2026","","eu.esdihumboldt.hale.common.core.io.impl.ValueListTypeTest","eu.esdihumboldt.hale.common.core.io.impl.ValueListTypeTest","testStringValueList"
"","1503","testAppInfo","","Wed Jul 08 09:56:22 UTC 2026","passed","Wed Jul 08 09:56:23 UTC 2026","","eu.esdihumboldt.hale.io.xsd.reader.XmlSchemaReaderMoreTest","eu.esdihumboldt.hale.io.xsd.reader.XmlSchemaReaderMoreTest","testAppInfo"
"","10109","testToFrom","","Wed Jul 08 09:43:26 UTC 2026","passed","Wed Jul 08 09:43:36 UTC 2026","","eu.esdihumboldt.hale.common.core.io.impl.TextTypeJsonTest","eu.esdihumboldt.hale.common.core.io.impl.TextTypeJsonTest","testToFrom"
"","0","testOrder","","Wed Jul 08 09:56:28 UTC 2026","passed","Wed Jul 08 09:56:28 UTC 2026","","eu.esdihumboldt.util.DependencyOrderedListTest","eu.esdihumboldt.util.DependencyOrderedListTest","testOrder"
"","2","testDisabled","","Wed Jul 08 09:45:36 UTC 2026","passed","Wed Jul 08 09:45:36 UTC 2026","","eu.esdihumboldt.hale.common.schema.model.constraint.factory.type.AbstractFlagFactoryTest","eu.esdihumboldt.hale.common.schema.model.constraint.factory.type.AbstractFlagFactoryTest","testDisabled"
"","1","testDefault","","Wed Jul 08 09:45:36 UTC 2026","passed","Wed Jul 08 09:45:36 UTC 2026","","eu.esdihumboldt.hale.common.schema.model.constraint.factory.property.NillableFlagFactoryTest","eu.esdihumboldt.hale.common.schema.model.constraint.factory.property.NillableFlagFactoryTest","testDefault"
"","47","testSchemaLess","","Wed Jul 08 09:44:41 UTC 2026","passed","Wed Jul 08 09:44:41 UTC 2026","","eu.esdihumboldt.hale.common.instance.groovy.InstanceAccessorTest","eu.esdihumboldt.hale.common.instance.groovy.InstanceAccessorTest","testSchemaLess"
"","23","testReadXsdInstancesTypenameAmbiguousLocalNameWithNamespace2","","Wed Jul 08 09:54:59 UTC 2026","passed","Wed Jul 08 09:54:59 UTC 2026","","eu.esdihumboldt.hale.io.shp.ShapeInstanceReaderTest","eu.esdihumboldt.hale.io.shp.ShapeInstanceReaderTest","testReadXsdInstancesTypenameAmbiguousLocalNameWithNamespace2"
"","9","testSchemaLessSafeAPI","","Wed Jul 08 09:44:42 UTC 2026","passed","Wed Jul 08 09:44:42 UTC 2026","","eu.esdihumboldt.hale.common.instance.groovy.InstanceBuilderTest","eu.esdihumboldt.hale.common.instance.groovy.InstanceBuilderTest","testSchemaLessSafeAPI"
"","2","testBooleanProperty","","Wed Jul 08 09:53:59 UTC 2026","passed","Wed Jul 08 09:53:59 UTC 2026","","eu.esdihumboldt.hale.io.json.test.JsonSchemaReaderTest","eu.esdihumboldt.hale.io.json.test.JsonSchemaReaderTest","testBooleanProperty"
"","7","testDoubleObject","","Wed Jul 08 09:57:09 UTC 2026","passed","Wed Jul 08 09:57:09 UTC 2026","","eu.esdihumboldt.util.groovy.json.JsonStreamBuilderTest","eu.esdihumboldt.util.groovy.json.JsonStreamBuilderTest","testDoubleObject"
"","0","testFormatter[4]","","Wed Jul 08 09:56:50 UTC 2026","passed","Wed Jul 08 09:56:50 UTC 2026","","eu.esdihumboldt.util.geometry.DecimalFormatUtilTest","eu.esdihumboldt.util.geometry.DecimalFormatUtilTest","testFormatter[4]"
"","0","testExistsNoSchema","","Wed Jul 08 09:43:54 UTC 2026","skipped","Wed Jul 08 09:43:54 UTC 2026","","eu.esdihumboldt.hale.common.filter.CQLFilterTest","eu.esdihumboldt.hale.common.filter.CQLFilterTest","testExistsNoSchema"
"","5","testNullProperties","","Wed Jul 08 09:44:41 UTC 2026","passed","Wed Jul 08 09:44:41 UTC 2026","","eu.esdihumboldt.hale.common.instance.groovy.InstanceAccessorTest","eu.esdihumboldt.hale.common.instance.groovy.InstanceAccessorTest","testNullProperties"
"","137","testFilterSame5","","Wed Jul 08 09:42:52 UTC 2026","passed","Wed Jul 08 09:42:53 UTC 2026","","eu.esdihumboldt.hale.common.align.merge.test.impl.DefaultMergeCellMigratorTest","eu.esdihumboldt.hale.common.align.merge.test.impl.DefaultMergeCellMigratorTest","testFilterSame5"
"","1","testDirectFail","","Wed Jul 08 09:51:00 UTC 2026","passed","Wed Jul 08 09:51:00 UTC 2026","","eu.esdihumboldt.hale.io.gml.writer.internal.geometry.writers.PatternTest","eu.esdihumboldt.hale.io.gml.writer.internal.geometry.writers.PatternTest","testDirectFail"
"","286","testReadXsdInstancesTypenameWithoutNamespace","","Wed Jul 08 09:55:01 UTC 2026","passed","Wed Jul 08 09:55:01 UTC 2026","","eu.esdihumboldt.hale.io.shp.ShapeInstanceReaderTest","eu.esdihumboldt.hale.io.shp.ShapeInstanceReaderTest","testReadXsdInstancesTypenameWithoutNamespace"
"","33","testSingleGeometry","","Wed Jul 08 09:55:07 UTC 2026","passed","Wed Jul 08 09:55:07 UTC 2026","","eu.esdihumboldt.hale.io.shp.ShapefileInstanceWriterTest","eu.esdihumboldt.hale.io.shp.ShapefileInstanceWriterTest","testSingleGeometry"
"","9","testNumberBetweenList","","Wed Jul 08 09:43:54 UTC 2026","passed","Wed Jul 08 09:43:54 UTC 2026","","eu.esdihumboldt.hale.common.filter.CQLFilterTest","eu.esdihumboldt.hale.common.filter.CQLFilterTest","testNumberBetweenList"
"","9","testCycle","","Wed Jul 08 09:56:28 UTC 2026","passed","Wed Jul 08 09:56:28 UTC 2026","","eu.esdihumboldt.util.DependencyOrderedListTest","eu.esdihumboldt.util.DependencyOrderedListTest","testCycle"
"","2","testPrimitive","","Wed Jul 08 09:45:36 UTC 2026","passed","Wed Jul 08 09:45:36 UTC 2026","","eu.esdihumboldt.hale.common.schema.model.constraint.factory.type.BindingFactoryTest","eu.esdihumboldt.hale.common.schema.model.constraint.factory.type.BindingFactoryTest","testPrimitive"
"","33","testWriteVersion4","","Wed Jul 08 09:53:36 UTC 2026","passed","Wed Jul 08 09:53:36 UTC 2026","","eu.esdihumboldt.hale.io.jdbc.spatialite.writer.internal.SpatiaLiteInstanceWriterTest","eu.esdihumboldt.hale.io.jdbc.spatialite.writer.internal.SpatiaLiteInstanceWriterTest","testWriteVersion4"
"","6","testBefore","","Wed Jul 08 09:43:54 UTC 2026","passed","Wed Jul 08 09:43:54 UTC 2026","","eu.esdihumboldt.hale.common.filter.CQLFilterTest","eu.esdihumboldt.hale.common.filter.CQLFilterTest","testBefore"
"","1","testUnifyGeometryCollection","","Wed Jul 08 09:56:54 UTC 2026","passed","Wed Jul 08 09:56:54 UTC 2026","","eu.esdihumboldt.util.geometry.WindingOrderTest","eu.esdihumboldt.util.geometry.WindingOrderTest","testUnifyGeometryCollection"
"","110","testCMMulti3","","Wed Jul 08 09:47:05 UTC 2026","passed","Wed Jul 08 09:47:05 UTC 2026","","eu.esdihumboldt.cst.internal.ConceptualSchemaTransformerTest","eu.esdihumboldt.cst.internal.ConceptualSchemaTransformerTest","testCMMulti3"
"","0","testReverseSkipsNullValues","","Wed Jul 08 09:45:02 UTC 2026","passed","Wed Jul 08 09:45:02 UTC 2026","","eu.esdihumboldt.hale.common.lookup.impl.LookupTableImplTest","eu.esdihumboldt.hale.common.lookup.impl.LookupTableImplTest","testReverseSkipsNullValues"
"","3","testRootArrayObjectsFail","","Wed Jul 08 09:57:09 UTC 2026","passed","Wed Jul 08 09:57:09 UTC 2026","","eu.esdihumboldt.util.groovy.json.JsonStreamBuilderTest","eu.esdihumboldt.util.groovy.json.JsonStreamBuilderTest","testRootArrayObjectsFail"
"","262","testMsAccessSchemaReaderForMdbTest","","Wed Jul 08 09:51:56 UTC 2026","passed","Wed Jul 08 09:51:56 UTC 2026","","eu.esdihumboldt.hale.io.jdbc.msaccess.reader.MsAccessSchemaReaderTest","eu.esdihumboldt.hale.io.jdbc.msaccess.reader.MsAccessSchemaReaderTest","testMsAccessSchemaReaderForMdbTest"
"","582","testSaveLoad","","Wed Jul 08 09:41:58 UTC 2026","passed","Wed Jul 08 09:41:58 UTC 2026","","eu.esdihumboldt.hale.common.align.io.CastorAlignmentIOTest","eu.esdihumboldt.hale.common.align.io.CastorAlignmentIOTest","testSaveLoad"
"","105","testClassification1","","Wed Jul 08 09:47:04 UTC 2026","passed","Wed Jul 08 09:47:05 UTC 2026","","eu.esdihumboldt.cst.internal.ConceptualSchemaTransformerTest","eu.esdihumboldt.cst.internal.ConceptualSchemaTransformerTest","testClassification1"
"","10758","testSimpleAll","","Wed Jul 08 09:42:16 UTC 2026","passed","Wed Jul 08 09:42:27 UTC 2026","","eu.esdihumboldt.hale.common.align.groovy.accessor.EntityAccessorTest","eu.esdihumboldt.hale.common.align.groovy.accessor.EntityAccessorTest","testSimpleAll"
"","166","testFilterSame2","","Wed Jul 08 09:42:52 UTC 2026","passed","Wed Jul 08 09:42:52 UTC 2026","","eu.esdihumboldt.hale.common.align.merge.test.impl.DefaultMergeCellMigratorTest","eu.esdihumboldt.hale.common.align.merge.test.impl.DefaultMergeCellMigratorTest","testFilterSame2"
"","4","testBefore","","Wed Jul 08 09:43:54 UTC 2026","passed","Wed Jul 08 09:43:54 UTC 2026","","eu.esdihumboldt.hale.common.filter.ECQLFilterTest","eu.esdihumboldt.hale.common.filter.ECQLFilterTest","testBefore"
"","9","testDuring","","Wed Jul 08 09:43:54 UTC 2026","passed","Wed Jul 08 09:43:54 UTC 2026","","eu.esdihumboldt.hale.common.filter.CQLFilterTest","eu.esdihumboldt.hale.common.filter.CQLFilterTest","testDuring"
"","14","testGeoJsonSimple_14","","Wed Jul 08 09:53:56 UTC 2026","passed","Wed Jul 08 09:53:56 UTC 2026","","eu.esdihumboldt.hale.io.json.test.InstanceToJsonTest","eu.esdihumboldt.hale.io.json.test.InstanceToJsonTest","testGeoJsonSimple_14"
"","4","testVirtualRootPrettyPrint","","Wed Jul 08 09:57:09 UTC 2026","passed","Wed Jul 08 09:57:09 UTC 2026","","eu.esdihumboldt.util.groovy.json.JsonStreamBuilderTest","eu.esdihumboldt.util.groovy.json.JsonStreamBuilderTest","testVirtualRootPrettyPrint"
"","18","testReadComplexNested","","Wed Jul 08 09:53:59 UTC 2026","passed","Wed Jul 08 09:53:59 UTC 2026","","eu.esdihumboldt.hale.io.json.test.JsonToInstanceTest","eu.esdihumboldt.hale.io.json.test.JsonToInstanceTest","testReadComplexNested"
"","16695","testReadShapeInstances","","Wed Jul 08 09:54:30 UTC 2026","passed","Wed Jul 08 09:54:47 UTC 2026","","eu.esdihumboldt.hale.io.shp.ShapeInstanceReaderTest","eu.esdihumboldt.hale.io.shp.ShapeInstanceReaderTest","testReadShapeInstances"
"","17057","testExportPropertyJoin","","Wed Jul 08 09:51:23 UTC 2026","passed","Wed Jul 08 09:51:40 UTC 2026","","eu.esdihumboldt.hale.io.html.svg.MappingExporterTest","eu.esdihumboldt.hale.io.html.svg.MappingExporterTest","testExportPropertyJoin"
"","8229","testBothWays","","Wed Jul 08 09:56:13 UTC 2026","passed","Wed Jul 08 09:56:21 UTC 2026","","eu.esdihumboldt.hale.io.xsd.anytype.valuetypes.CustomTypeContentAssociationTypeTest","eu.esdihumboldt.hale.io.xsd.anytype.valuetypes.CustomTypeContentAssociationTypeTest","testBothWays"
"","19","testRead_definitive_attributegroup","","Wed Jul 08 09:56:24 UTC 2026","passed","Wed Jul 08 09:56:24 UTC 2026","","eu.esdihumboldt.hale.io.xsd.reader.XmlSchemaReaderTest","eu.esdihumboldt.hale.io.xsd.reader.XmlSchemaReaderTest","testRead_definitive_attributegroup"
"","0","testGeometry_2_LineString","","Wed Jul 08 09:50:55 UTC 2026","skipped","Wed Jul 08 09:50:55 UTC 2026","","eu.esdihumboldt.hale.io.gml.writer.internal.StreamGmlWriterTest","eu.esdihumboldt.hale.io.gml.writer.internal.StreamGmlWriterTest","testGeometry_2_LineString"
"","191","mergeJoinGroovyRetype","","Wed Jul 08 09:42:57 UTC 2026","passed","Wed Jul 08 09:42:57 UTC 2026","","eu.esdihumboldt.hale.common.align.merge.test.impl.GroovyRetypeMergeTest","eu.esdihumboldt.hale.common.align.merge.test.impl.GroovyRetypeMergeTest","mergeJoinGroovyRetype"
"","1242","testBaseNameFromURL","","Wed Jul 08 09:55:01 UTC 2026","passed","Wed Jul 08 09:55:03 UTC 2026","","eu.esdihumboldt.hale.io.shp.ShapeInstanceReaderTest","eu.esdihumboldt.hale.io.shp.ShapeInstanceReaderTest","testBaseNameFromURL"
"","118","testGroovyWarningScript","","Wed Jul 08 09:42:56 UTC 2026","passed","Wed Jul 08 09:42:56 UTC 2026","","eu.esdihumboldt.hale.common.align.merge.test.impl.DefaultMergeCellMigratorTest","eu.esdihumboldt.hale.common.align.merge.test.impl.DefaultMergeCellMigratorTest","testGroovyWarningScript"
"","169","testTypeFilter2Present","","Wed Jul 08 09:42:55 UTC 2026","passed","Wed Jul 08 09:42:56 UTC 2026","","eu.esdihumboldt.hale.common.align.merge.test.impl.DefaultMergeCellMigratorTest","eu.esdihumboldt.hale.common.align.merge.test.impl.DefaultMergeCellMigratorTest","testTypeFilter2Present"
"","159","testTypeFilter2PropertyPresent","","Wed Jul 08 09:42:56 UTC 2026","passed","Wed Jul 08 09:42:56 UTC 2026","","eu.esdihumboldt.hale.common.align.merge.test.impl.DefaultMergeCellMigratorTest","eu.esdihumboldt.hale.common.align.merge.test.impl.DefaultMergeCellMigratorTest","testTypeFilter2PropertyPresent"
"","54","testWriteSingleCorrectSchemasWithOneMissingGeom","","Wed Jul 08 09:55:07 UTC 2026","passed","Wed Jul 08 09:55:07 UTC 2026","","eu.esdihumboldt.hale.io.shp.ShapefileInstanceWriterTest","eu.esdihumboldt.hale.io.shp.ShapefileInstanceWriterTest","testWriteSingleCorrectSchemasWithOneMissingGeom"
"","15","testReadSingleObject","","Wed Jul 08 09:53:58 UTC 2026","passed","Wed Jul 08 09:53:58 UTC 2026","","eu.esdihumboldt.hale.io.json.test.JsonInstanceCollectionTest","eu.esdihumboldt.hale.io.json.test.JsonInstanceCollectionTest","testReadSingleObject"
"","57","testTemplate","","Wed Jul 08 09:42:11 UTC 2026","passed","Wed Jul 08 09:42:11 UTC 2026","","eu.esdihumboldt.hale.common.align.model.impl.mdexpl.MarkdownCellExplanationTest","eu.esdihumboldt.hale.common.align.model.impl.mdexpl.MarkdownCellExplanationTest","testTemplate"
"","5","testByPoints2","","Wed Jul 08 09:56:55 UTC 2026","passed","Wed Jul 08 09:56:55 UTC 2026","","eu.esdihumboldt.util.geometry.interpolation.split.SplitInterpolationTest","eu.esdihumboldt.util.geometry.interpolation.split.SplitInterpolationTest","testByPoints2"
"","57","testIDSaveLoad","","Wed Jul 08 09:42:09 UTC 2026","passed","Wed Jul 08 09:42:09 UTC 2026","","eu.esdihumboldt.hale.common.align.io.JaxbAlignmentIOTest","eu.esdihumboldt.hale.common.align.io.JaxbAlignmentIOTest","testIDSaveLoad"
"","5","testStringBetween","","Wed Jul 08 09:43:54 UTC 2026","passed","Wed Jul 08 09:43:54 UTC 2026","","eu.esdihumboldt.hale.common.filter.CQLFilterTest","eu.esdihumboldt.hale.common.filter.CQLFilterTest","testStringBetween"
"","1","testStraight","","Wed Jul 08 09:56:55 UTC 2026","passed","Wed Jul 08 09:56:55 UTC 2026","","eu.esdihumboldt.util.geometry.interpolation.model.impl.ArcByPointsImplTest","eu.esdihumboldt.util.geometry.interpolation.model.impl.ArcByPointsImplTest","testStraight"
"","1","testHttpAbsoluteOtherFile","","Wed Jul 08 09:56:22 UTC 2026","passed","Wed Jul 08 09:56:22 UTC 2026","","eu.esdihumboldt.hale.io.xsd.reader.HumboldtURIResolverTest","eu.esdihumboldt.hale.io.xsd.reader.HumboldtURIResolverTest","testHttpAbsoluteOtherFile"
"","209","testTypeFilter1","","Wed Jul 08 09:42:53 UTC 2026","passed","Wed Jul 08 09:42:53 UTC 2026","","eu.esdihumboldt.hale.common.align.merge.test.impl.DefaultMergeCellMigratorTest","eu.esdihumboldt.hale.common.align.merge.test.impl.DefaultMergeCellMigratorTest","testTypeFilter1"
"","0","testCopyISOTC211","","Wed Jul 08 09:43:38 UTC 2026","skipped","Wed Jul 08 09:43:38 UTC 2026","","eu.esdihumboldt.hale.common.core.io.project.util.XMLPathUpdaterTest","eu.esdihumboldt.hale.common.core.io.project.util.XMLPathUpdaterTest","testCopyISOTC211"
"","23","testFindPropertyCached","","Wed Jul 08 09:45:35 UTC 2026","passed","Wed Jul 08 09:45:35 UTC 2026","","eu.esdihumboldt.hale.common.schema.helper.DefinitionResolverTest","eu.esdihumboldt.hale.common.schema.helper.DefinitionResolverTest","testFindPropertyCached"
"","89","testCMUnion4","","Wed Jul 08 09:47:06 UTC 2026","passed","Wed Jul 08 09:47:06 UTC 2026","","eu.esdihumboldt.cst.internal.ConceptualSchemaTransformerTest","eu.esdihumboldt.cst.internal.ConceptualSchemaTransformerTest","testCMUnion4"
"","6","test90Deegrees","","Wed Jul 08 09:56:55 UTC 2026","passed","Wed Jul 08 09:56:55 UTC 2026","","eu.esdihumboldt.util.geometry.interpolation.split.SplitInterpolationTest","eu.esdihumboldt.util.geometry.interpolation.split.SplitInterpolationTest","test90Deegrees"
"","12","testInstanceNullSchema","","Wed Jul 08 09:43:53 UTC 2026","passed","Wed Jul 08 09:43:53 UTC 2026","","eu.esdihumboldt.hale.common.filter.CQLFilterTest","eu.esdihumboldt.hale.common.filter.CQLFilterTest","testInstanceNullSchema"
"","6","testConsumeMap","","Wed Jul 08 09:48:05 UTC 2026","passed","Wed Jul 08 09:48:05 UTC 2026","","eu.esdihumboldt.cst.functions.groovy.helpers.util.CollectorTest","eu.esdihumboldt.cst.functions.groovy.helpers.util.CollectorTest","testConsumeMap"
"","3","testStandardBuilderStyle","","Wed Jul 08 09:57:09 UTC 2026","passed","Wed Jul 08 09:57:09 UTC 2026","","eu.esdihumboldt.util.groovy.json.JsonStreamBuilderTest","eu.esdihumboldt.util.groovy.json.JsonStreamBuilderTest","testStandardBuilderStyle"
"","0","testExistsSchema","","Wed Jul 08 09:43:54 UTC 2026","skipped","Wed Jul 08 09:43:54 UTC 2026","","eu.esdihumboldt.hale.common.filter.ECQLFilterTest","eu.esdihumboldt.hale.common.filter.ECQLFilterTest","testExistsSchema"
"","169","testThread","","Wed Jul 08 09:57:32 UTC 2026","passed","Wed Jul 08 09:57:33 UTC 2026","","eu.esdihumboldt.util.orient.embedded.LocalDocumentTest","eu.esdihumboldt.util.orient.embedded.LocalDocumentTest","testThread"
"","0","testComplexWrite","","Wed Jul 08 09:57:33 UTC 2026","skipped","Wed Jul 08 09:57:33 UTC 2026","","eu.esdihumboldt.util.orient.embedded.LocalDocumentTest","eu.esdihumboldt.util.orient.embedded.LocalDocumentTest","testComplexWrite"
"","16","testNestedDefaultProperties","","Wed Jul 08 09:45:51 UTC 2026","passed","Wed Jul 08 09:45:51 UTC 2026","","eu.esdihumboldt.hale.common.schema.groovy.SchemaBuilderTest","eu.esdihumboldt.hale.common.schema.groovy.SchemaBuilderTest","testNestedDefaultProperties"
"","64","testTypeFilter","","Wed Jul 08 09:47:07 UTC 2026","passed","Wed Jul 08 09:47:07 UTC 2026","","eu.esdihumboldt.cst.internal.ConceptualSchemaTransformerTest","eu.esdihumboldt.cst.internal.ConceptualSchemaTransformerTest","testTypeFilter"
"","80","testWriteComplexSchema","","Wed Jul 08 09:49:03 UTC 2026","passed","Wed Jul 08 09:49:03 UTC 2026","","eu.esdihumboldt.hale.io.csv.writer.CSVInstanceWriterTest","eu.esdihumboldt.hale.io.csv.writer.CSVInstanceWriterTest","testWriteComplexSchema"
"","0","testIterateLess","","Wed Jul 08 09:44:08 UTC 2026","passed","Wed Jul 08 09:44:08 UTC 2026","","eu.esdihumboldt.hale.common.instance.tools.impl.SimplePartitionerTest","eu.esdihumboldt.hale.common.instance.tools.impl.SimplePartitionerTest","testIterateLess"
"","28","testAlias","","Wed Jul 08 09:51:46 UTC 2026","passed","Wed Jul 08 09:51:46 UTC 2026","","eu.esdihumboldt.hale.io.jdbc.test.constraints.factory.GeometryMetadataFactoryTest","eu.esdihumboldt.hale.io.jdbc.test.constraints.factory.GeometryMetadataFactoryTest","testAlias"
"","3068","testFiltersForMultiType","","Wed Jul 08 09:41:42 UTC 2026","passed","Wed Jul 08 09:41:45 UTC 2026","","eu.esdihumboldt.hale.app.transform.test.ExecuteTest","eu.esdihumboldt.hale.app.transform.test.ExecuteTest","testFiltersForMultiType"
"","4","testInstanceValueNullSchema","","Wed Jul 08 09:43:54 UTC 2026","passed","Wed Jul 08 09:43:54 UTC 2026","","eu.esdihumboldt.hale.common.filter.ECQLFilterTest","eu.esdihumboldt.hale.common.filter.ECQLFilterTest","testInstanceValueNullSchema"
"","28","testArcStringAllGrid","","Wed Jul 08 09:56:54 UTC 2026","passed","Wed Jul 08 09:56:54 UTC 2026","","eu.esdihumboldt.util.geometry.interpolation.grid.GridInterpolationTest","eu.esdihumboldt.util.geometry.interpolation.grid.GridInterpolationTest","testArcStringAllGrid"
"","1311","testReadNoNames","","Wed Jul 08 09:48:42 UTC 2026","passed","Wed Jul 08 09:48:43 UTC 2026","","eu.esdihumboldt.hale.io.codelist.xml.reader.XmlCodeListTest","eu.esdihumboldt.hale.io.codelist.xml.reader.XmlCodeListTest","testReadNoNames"
"","41","testAllChildren","","Wed Jul 08 09:44:41 UTC 2026","passed","Wed Jul 08 09:44:42 UTC 2026","","eu.esdihumboldt.hale.common.instance.groovy.InstanceAccessorTest","eu.esdihumboldt.hale.common.instance.groovy.InstanceAccessorTest","testAllChildren"
"","11377","gstringIntercepted","","Wed Jul 08 09:57:13 UTC 2026","passed","Wed Jul 08 09:57:24 UTC 2026","","eu.esdihumboldt.util.groovy.sandbox.test.internal.GroovySandboxTest","eu.esdihumboldt.util.groovy.sandbox.test.internal.GroovySandboxTest","gstringIntercepted"
"","95","testValidators","","Wed Jul 08 09:45:37 UTC 2026","passed","Wed Jul 08 09:45:37 UTC 2026","","eu.esdihumboldt.hale.common.schema.model.constraint.factory.type.ValidationConstraintFactoryTest","eu.esdihumboldt.hale.common.schema.model.constraint.factory.type.ValidationConstraintFactoryTest","testValidators"
"","4","testInstanceNoValueNullSchema","","Wed Jul 08 09:43:54 UTC 2026","passed","Wed Jul 08 09:43:54 UTC 2026","","eu.esdihumboldt.hale.common.filter.ECQLFilterTest","eu.esdihumboldt.hale.common.filter.ECQLFilterTest","testInstanceNoValueNullSchema"
"","4","testEqualitySimpleNoSchema","","Wed Jul 08 09:43:54 UTC 2026","passed","Wed Jul 08 09:43:54 UTC 2026","","eu.esdihumboldt.hale.common.filter.CQLFilterTest","eu.esdihumboldt.hale.common.filter.CQLFilterTest","testEqualitySimpleNoSchema"
"","3","testNestedOverride","","Wed Jul 08 09:56:46 UTC 2026","passed","Wed Jul 08 09:56:46 UTC 2026","","eu.esdihumboldt.util.config.ConfigMergerTest","eu.esdihumboldt.util.config.ConfigMergerTest","testNestedOverride"
"","391","testWfsPagination","","Wed Jul 08 09:50:39 UTC 2026","passed","Wed Jul 08 09:50:40 UTC 2026","","eu.esdihumboldt.hale.io.gml.reader.internal.StreamGmlReaderTest","eu.esdihumboldt.hale.io.gml.reader.internal.StreamGmlReaderTest","testWfsPagination"
"","3","testDoesNotExistSchema","","Wed Jul 08 09:43:54 UTC 2026","passed","Wed Jul 08 09:43:54 UTC 2026","","eu.esdihumboldt.hale.common.filter.ECQLFilterTest","eu.esdihumboldt.hale.common.filter.ECQLFilterTest","testDoesNotExistSchema"
"","101","testClassification3","","Wed Jul 08 09:47:05 UTC 2026","passed","Wed Jul 08 09:47:05 UTC 2026","","eu.esdihumboldt.cst.internal.ConceptualSchemaTransformerTest","eu.esdihumboldt.cst.internal.ConceptualSchemaTransformerTest","testClassification3"
"","2725","testCellDisableSaveLoad","","Wed Jul 08 09:41:54 UTC 2026","passed","Wed Jul 08 09:41:57 UTC 2026","","eu.esdihumboldt.hale.common.align.io.CastorAlignmentIOTest","eu.esdihumboldt.hale.common.align.io.CastorAlignmentIOTest","testCellDisableSaveLoad"
"","226","testJoinCondition","","Wed Jul 08 09:42:59 UTC 2026","passed","Wed Jul 08 09:42:59 UTC 2026","","eu.esdihumboldt.hale.common.align.merge.test.impl.JoinRetainConditionsTest","eu.esdihumboldt.hale.common.align.merge.test.impl.JoinRetainConditionsTest","testJoinCondition"
"","3","testLikeNoSchema","","Wed Jul 08 09:43:54 UTC 2026","passed","Wed Jul 08 09:43:54 UTC 2026","","eu.esdihumboldt.hale.common.filter.ECQLFilterTest","eu.esdihumboldt.hale.common.filter.ECQLFilterTest","testLikeNoSchema"
"","62","testWriteMultiSchemas","","Wed Jul 08 09:55:04 UTC 2026","passed","Wed Jul 08 09:55:04 UTC 2026","","eu.esdihumboldt.hale.io.shp.ShapefileInstanceWriterTest","eu.esdihumboldt.hale.io.shp.ShapefileInstanceWriterTest","testWriteMultiSchemas"
"","7","testTrendsFromTwitter","","Wed Jul 08 09:57:09 UTC 2026","passed","Wed Jul 08 09:57:09 UTC 2026","","eu.esdihumboldt.util.groovy.json.JsonStreamBuilderTest","eu.esdihumboldt.util.groovy.json.JsonStreamBuilderTest","testTrendsFromTwitter"
"","2941","simpleSchemaWriteTest","","Wed Jul 08 09:55:04 UTC 2026","passed","Wed Jul 08 09:55:07 UTC 2026","","eu.esdihumboldt.hale.io.shp.ShapefileInstanceWriterTest","eu.esdihumboldt.hale.io.shp.ShapefileInstanceWriterTest","simpleSchemaWriteTest"
"","1","testRead3","","Wed Jul 08 09:48:51 UTC 2026","passed","Wed Jul 08 09:48:51 UTC 2026","","eu.esdihumboldt.hale.io.csv.CSVSchemaReaderTest","eu.esdihumboldt.hale.io.csv.CSVSchemaReaderTest","testRead3"
"","384","testReadInstancesXSD","","Wed Jul 08 09:49:37 UTC 2026","passed","Wed Jul 08 09:49:37 UTC 2026","","eu.esdihumboldt.hale.io.geopackage.GeopackageInstanceReaderTest","eu.esdihumboldt.hale.io.geopackage.GeopackageInstanceReaderTest","testReadInstancesXSD"
"","1","testIterate2","","Wed Jul 08 09:44:08 UTC 2026","passed","Wed Jul 08 09:44:08 UTC 2026","","eu.esdihumboldt.hale.common.instance.tools.impl.SimplePartitionerTest","eu.esdihumboldt.hale.common.instance.tools.impl.SimplePartitionerTest","testIterate2"
"","6","testSpecifyTypeGeojson","","Wed Jul 08 09:53:59 UTC 2026","passed","Wed Jul 08 09:53:59 UTC 2026","","eu.esdihumboldt.hale.io.json.test.JsonToInstanceTest","eu.esdihumboldt.hale.io.json.test.JsonToInstanceTest","testSpecifyTypeGeojson"
"","7","testGeoBboxList","","Wed Jul 08 09:43:54 UTC 2026","passed","Wed Jul 08 09:43:54 UTC 2026","","eu.esdihumboldt.hale.common.filter.ECQLFilterTest","eu.esdihumboldt.hale.common.filter.ECQLFilterTest","testGeoBboxList"
"","0","testJarURI","","Wed Jul 08 09:56:22 UTC 2026","passed","Wed Jul 08 09:56:22 UTC 2026","","eu.esdihumboldt.hale.io.xsd.reader.HumboldtURIResolverTest","eu.esdihumboldt.hale.io.xsd.reader.HumboldtURIResolverTest","testJarURI"
"","198","testNotes2","","Wed Jul 08 09:42:56 UTC 2026","passed","Wed Jul 08 09:42:56 UTC 2026","","eu.esdihumboldt.hale.common.align.merge.test.impl.DefaultMergeCellMigratorTest","eu.esdihumboldt.hale.common.align.merge.test.impl.DefaultMergeCellMigratorTest","testNotes2"
"","21450","migrateRenameFormattedString","","Wed Jul 08 09:48:10 UTC 2026","passed","Wed Jul 08 09:48:31 UTC 2026","","eu.esdihumboldt.hale.adv.merge.test.AdVMeasurementMergeTest","eu.esdihumboldt.hale.adv.merge.test.AdVMeasurementMergeTest","migrateRenameFormattedString"
"","4245","testGroovyContextFilterExclusionForHydro","","Wed Jul 08 09:40:49 UTC 2026","passed","Wed Jul 08 09:40:54 UTC 2026","","eu.esdihumboldt.hale.app.transform.test.ExecuteTest","eu.esdihumboldt.hale.app.transform.test.ExecuteTest","testGroovyContextFilterExclusionForHydro"
"","7","testNestedListMap2","","Wed Jul 08 09:57:09 UTC 2026","passed","Wed Jul 08 09:57:09 UTC 2026","","eu.esdihumboldt.util.groovy.json.JsonStreamBuilderTest","eu.esdihumboldt.util.groovy.json.JsonStreamBuilderTest","testNestedListMap2"
"","263","testGeometryPrimitive_31_Polygon","","Wed Jul 08 09:50:59 UTC 2026","passed","Wed Jul 08 09:51:00 UTC 2026","","eu.esdihumboldt.hale.io.gml.writer.internal.StreamGmlWriterTest","eu.esdihumboldt.hale.io.gml.writer.internal.StreamGmlWriterTest","testGeometryPrimitive_31_Polygon"
"","55","testWriteMultipleGeometries","","Wed Jul 08 09:55:07 UTC 2026","passed","Wed Jul 08 09:55:07 UTC 2026","","eu.esdihumboldt.hale.io.shp.ShapefileInstanceWriterTest","eu.esdihumboldt.hale.io.shp.ShapefileInstanceWriterTest","testWriteMultipleGeometries"
"","33","testRead_shiporder_types_reverse","","Wed Jul 08 09:56:24 UTC 2026","passed","Wed Jul 08 09:56:24 UTC 2026","","eu.esdihumboldt.hale.io.xsd.reader.XmlSchemaReaderTest","eu.esdihumboldt.hale.io.xsd.reader.XmlSchemaReaderTest","testRead_shiporder_types_reverse"
"","219","mergeJoinsWithJoin_abstract2","","Wed Jul 08 09:42:58 UTC 2026","passed","Wed Jul 08 09:42:59 UTC 2026","","eu.esdihumboldt.hale.common.align.merge.test.impl.JoinMergeTest","eu.esdihumboldt.hale.common.align.merge.test.impl.JoinMergeTest","mergeJoinsWithJoin_abstract2"
"","15","testBinding","","Wed Jul 08 09:45:36 UTC 2026","passed","Wed Jul 08 09:45:36 UTC 2026","","eu.esdihumboldt.hale.common.schema.model.constraint.factory.type.ElementTypeFactoryTest","eu.esdihumboldt.hale.common.schema.model.constraint.factory.type.ElementTypeFactoryTest","testBinding"
"","0","testPropertiesUnMix","","Wed Jul 08 09:46:51 UTC 2026","skipped","Wed Jul 08 09:46:51 UTC 2026","","eu.esdihumboldt.cst.internal.ConceptualSchemaTransformerTest","eu.esdihumboldt.cst.internal.ConceptualSchemaTransformerTest","testPropertiesUnMix"
"","4","testBasicObject","","Wed Jul 08 09:57:09 UTC 2026","passed","Wed Jul 08 09:57:09 UTC 2026","","eu.esdihumboldt.util.groovy.json.JsonStreamBuilderTest","eu.esdihumboldt.util.groovy.json.JsonStreamBuilderTest","testBasicObject"
"","4554","testReproject","","Wed Jul 08 09:47:45 UTC 2026","passed","Wed Jul 08 09:47:50 UTC 2026","","eu.esdihumboldt.cst.functions.geometric.test.reprojectgeometry.ReprojectGeometryTest","eu.esdihumboldt.cst.functions.geometric.test.reprojectgeometry.ReprojectGeometryTest","testReproject"
"","6","testPath1","","Wed Jul 08 09:45:37 UTC 2026","passed","Wed Jul 08 09:45:37 UTC 2026","","eu.esdihumboldt.hale.common.schema.model.constraint.factory.type.PrimaryKeyFactoryTest","eu.esdihumboldt.hale.common.schema.model.constraint.factory.type.PrimaryKeyFactoryTest","testPath1"
"","168","testSinglePolyGeometryWithLongAttributeNamesWithSingleInstance","","Wed Jul 08 09:55:03 UTC 2026","passed","Wed Jul 08 09:55:03 UTC 2026","","eu.esdihumboldt.hale.io.shp.ShapefileInstanceWriterTest","eu.esdihumboldt.hale.io.shp.ShapefileInstanceWriterTest","testSinglePolyGeometryWithLongAttributeNamesWithSingleInstance"
"","3","testCreateType","","Wed Jul 08 09:45:51 UTC 2026","passed","Wed Jul 08 09:45:51 UTC 2026","","eu.esdihumboldt.hale.common.schema.groovy.SchemaBuilderTest","eu.esdihumboldt.hale.common.schema.groovy.SchemaBuilderTest","testCreateType"
"","1","testFileRelative2","","Wed Jul 08 09:56:22 UTC 2026","passed","Wed Jul 08 09:56:22 UTC 2026","","eu.esdihumboldt.hale.io.xsd.reader.HumboldtURIResolverTest","eu.esdihumboldt.hale.io.xsd.reader.HumboldtURIResolverTest","testFileRelative2"
"","435","testDoesNotExistSchema","","Wed Jul 08 09:43:53 UTC 2026","passed","Wed Jul 08 09:43:54 UTC 2026","","eu.esdihumboldt.hale.common.filter.CQLFilterTest","eu.esdihumboldt.hale.common.filter.CQLFilterTest","testDoesNotExistSchema"
"","6","testJsonBuilderPrettyPrint","","Wed Jul 08 09:57:09 UTC 2026","passed","Wed Jul 08 09:57:09 UTC 2026","","eu.esdihumboldt.util.groovy.json.JsonStreamBuilderTest","eu.esdihumboldt.util.groovy.json.JsonStreamBuilderTest","testJsonBuilderPrettyPrint"
"","3","testValues","","Wed Jul 08 09:45:37 UTC 2026","passed","Wed Jul 08 09:45:37 UTC 2026","","eu.esdihumboldt.hale.common.schema.model.constraint.factory.type.EnumerationFactoryTest","eu.esdihumboldt.hale.common.schema.model.constraint.factory.type.EnumerationFactoryTest","testValues"
"","10","testSKOSFromRDF5_language_nl","","Wed Jul 08 09:48:38 UTC 2026","passed","Wed Jul 08 09:48:38 UTC 2026","","eu.esdihumboldt.hale.io.codelist.skos.test.SkosCodeListTest","eu.esdihumboldt.hale.io.codelist.skos.test.SkosCodeListTest","testSKOSFromRDF5_language_nl"
"","4121","testArrayTypes","","Wed Jul 08 09:52:51 UTC 2026","passed","Wed Jul 08 09:52:55 UTC 2026","","eu.esdihumboldt.hale.io.jdbc.postgresql.test.MultiDimensionalArraysIT","eu.esdihumboldt.hale.io.jdbc.postgresql.test.MultiDimensionalArraysIT","testArrayTypes"
"","4","testMetaClass","","Wed Jul 08 09:45:51 UTC 2026","passed","Wed Jul 08 09:45:51 UTC 2026","","eu.esdihumboldt.hale.common.schema.groovy.DefinitionAccessorTest","eu.esdihumboldt.hale.common.schema.groovy.DefinitionAccessorTest","testMetaClass"
"","165","testGroovyWarningRetype","","Wed Jul 08 09:42:56 UTC 2026","passed","Wed Jul 08 09:42:56 UTC 2026","","eu.esdihumboldt.hale.common.align.merge.test.impl.DefaultMergeCellMigratorTest","eu.esdihumboldt.hale.common.align.merge.test.impl.DefaultMergeCellMigratorTest","testGroovyWarningRetype"
"","4","testByPoints1AllGrid","","Wed Jul 08 09:56:54 UTC 2026","passed","Wed Jul 08 09:56:54 UTC 2026","","eu.esdihumboldt.util.geometry.interpolation.grid.GridInterpolationTest","eu.esdihumboldt.util.geometry.interpolation.grid.GridInterpolationTest","testByPoints1AllGrid"
"","703","testInspireCodespaceAutoAddNoOverride","","Wed Jul 08 09:50:45 UTC 2026","passed","Wed Jul 08 09:50:46 UTC 2026","","eu.esdihumboldt.hale.io.gml.writer.internal.StreamGmlWriter2Test","eu.esdihumboldt.hale.io.gml.writer.internal.StreamGmlWriter2Test","testInspireCodespaceAutoAddNoOverride"
"","1","testSimple","","Wed Jul 08 09:56:46 UTC 2026","passed","Wed Jul 08 09:56:46 UTC 2026","","eu.esdihumboldt.util.config.ConfigMergerTest","eu.esdihumboldt.util.config.ConfigMergerTest","testSimple"
"","4298","testWriteRead","","Wed Jul 08 09:52:55 UTC 2026","passed","Wed Jul 08 09:52:59 UTC 2026","","eu.esdihumboldt.hale.io.jdbc.postgresql.test.MultiDimensionalArraysIT","eu.esdihumboldt.hale.io.jdbc.postgresql.test.MultiDimensionalArraysIT","testWriteRead"
"","4","testStringProperty","","Wed Jul 08 09:53:59 UTC 2026","passed","Wed Jul 08 09:53:59 UTC 2026","","eu.esdihumboldt.hale.io.json.test.JsonSchemaReaderTest","eu.esdihumboldt.hale.io.json.test.JsonSchemaReaderTest","testStringProperty"
"","3","testNested","","Wed Jul 08 09:48:05 UTC 2026","passed","Wed Jul 08 09:48:05 UTC 2026","","eu.esdihumboldt.cst.functions.groovy.helpers.util.CollectorTest","eu.esdihumboldt.cst.functions.groovy.helpers.util.CollectorTest","testNested"
"","279","testTypeFilter5","","Wed Jul 08 09:42:54 UTC 2026","passed","Wed Jul 08 09:42:54 UTC 2026","","eu.esdihumboldt.hale.common.align.merge.test.impl.DefaultMergeCellMigratorTest","eu.esdihumboldt.hale.common.align.merge.test.impl.DefaultMergeCellMigratorTest","testTypeFilter5"
"","0","testGeoCross","","Wed Jul 08 09:43:54 UTC 2026","skipped","Wed Jul 08 09:43:54 UTC 2026","","eu.esdihumboldt.hale.common.filter.ECQLFilterTest","eu.esdihumboldt.hale.common.filter.ECQLFilterTest","testGeoCross"
"","0","testCMUnion6","","Wed Jul 08 09:47:06 UTC 2026","skipped","Wed Jul 08 09:47:06 UTC 2026","","eu.esdihumboldt.cst.internal.ConceptualSchemaTransformerTest","eu.esdihumboldt.cst.internal.ConceptualSchemaTransformerTest","testCMUnion6"
"","7","testReadDefaultType","","Wed Jul 08 09:53:59 UTC 2026","passed","Wed Jul 08 09:53:59 UTC 2026","","eu.esdihumboldt.hale.io.json.test.JsonInstanceReaderTest","eu.esdihumboldt.hale.io.json.test.JsonInstanceReaderTest","testReadDefaultType"
"","7","testList","","Wed Jul 08 09:48:05 UTC 2026","passed","Wed Jul 08 09:48:05 UTC 2026","","eu.esdihumboldt.cst.functions.groovy.helpers.util.CollectorTest","eu.esdihumboldt.cst.functions.groovy.helpers.util.CollectorTest","testList"
"","3","testGeoContains","","Wed Jul 08 09:43:54 UTC 2026","passed","Wed Jul 08 09:43:54 UTC 2026","","eu.esdihumboldt.hale.common.filter.ECQLFilterTest","eu.esdihumboldt.hale.common.filter.ECQLFilterTest","testGeoContains"
"","12","testOffsetCircle","","Wed Jul 08 09:56:54 UTC 2026","passed","Wed Jul 08 09:56:54 UTC 2026","","eu.esdihumboldt.util.geometry.interpolation.grid.GridInterpolationTest","eu.esdihumboldt.util.geometry.interpolation.grid.GridInterpolationTest","testOffsetCircle"
"","16","testReadNestedGeometryGeoJson","","Wed Jul 08 09:53:59 UTC 2026","passed","Wed Jul 08 09:53:59 UTC 2026","","eu.esdihumboldt.hale.io.json.test.JsonToInstanceTest","eu.esdihumboldt.hale.io.json.test.JsonToInstanceTest","testReadNestedGeometryGeoJson"
"","15883","testWriteTopoJson","","Wed Jul 08 09:55:12 UTC 2026","passed","Wed Jul 08 09:55:28 UTC 2026","","eu.esdihumboldt.hale.io.topojson.test.TopoJsonInstanceWriterTest","eu.esdihumboldt.hale.io.topojson.test.TopoJsonInstanceWriterTest","testWriteTopoJson"
"","9291","testEqualitySimple","","Wed Jul 08 09:43:43 UTC 2026","passed","Wed Jul 08 09:43:52 UTC 2026","","eu.esdihumboldt.hale.common.filter.CQLFilterTest","eu.esdihumboldt.hale.common.filter.CQLFilterTest","testEqualitySimple"
"","224","testNgaSpatialIndexCreation","","Wed Jul 08 09:49:38 UTC 2026","passed","Wed Jul 08 09:49:38 UTC 2026","","eu.esdihumboldt.hale.io.geopackage.GeopackageInstanceWriterTest","eu.esdihumboldt.hale.io.geopackage.GeopackageInstanceWriterTest","testNgaSpatialIndexCreation"
"","6","testExportNullTargetValue","","Wed Jul 08 09:56:08 UTC 2026","passed","Wed Jul 08 09:56:08 UTC 2026","","eu.esdihumboldt.hale.io.xls.test.writer.XLSLookupTableWriterTest","eu.esdihumboldt.hale.io.xls.test.writer.XLSLookupTableWriterTest","testExportNullTargetValue"
"","4280","testExcludeTypeForHydro","","Wed Jul 08 09:41:26 UTC 2026","passed","Wed Jul 08 09:41:30 UTC 2026","","eu.esdihumboldt.hale.app.transform.test.ExecuteTest","eu.esdihumboldt.hale.app.transform.test.ExecuteTest","testExcludeTypeForHydro"
"","5","testLikeList","","Wed Jul 08 09:43:54 UTC 2026","passed","Wed Jul 08 09:43:54 UTC 2026","","eu.esdihumboldt.hale.common.filter.CQLFilterTest","eu.esdihumboldt.hale.common.filter.CQLFilterTest","testLikeList"
"","5","testByPoints1","","Wed Jul 08 09:56:55 UTC 2026","passed","Wed Jul 08 09:56:55 UTC 2026","","eu.esdihumboldt.util.geometry.interpolation.split.SplitInterpolationTest","eu.esdihumboldt.util.geometry.interpolation.split.SplitInterpolationTest","testByPoints1"
"","24","testEnabled","","Wed Jul 08 09:45:36 UTC 2026","passed","Wed Jul 08 09:45:36 UTC 2026","","eu.esdihumboldt.hale.common.schema.model.constraint.factory.type.AugmentedValueFlagFactoryTest","eu.esdihumboldt.hale.common.schema.model.constraint.factory.type.AugmentedValueFlagFactoryTest","testEnabled"
"","4","testByPoints2","","Wed Jul 08 09:56:54 UTC 2026","passed","Wed Jul 08 09:56:54 UTC 2026","","eu.esdihumboldt.util.geometry.interpolation.grid.GridInterpolationTest","eu.esdihumboldt.util.geometry.interpolation.grid.GridInterpolationTest","testByPoints2"
"","102","testCMMulti2","","Wed Jul 08 09:47:05 UTC 2026","passed","Wed Jul 08 09:47:05 UTC 2026","","eu.esdihumboldt.cst.internal.ConceptualSchemaTransformerTest","eu.esdihumboldt.cst.internal.ConceptualSchemaTransformerTest","testCMMulti2"
"","7","testStringLookup","","Wed Jul 08 09:45:11 UTC 2026","passed","Wed Jul 08 09:45:11 UTC 2026","","eu.esdihumboldt.hale.common.lookup.internal.LookupTableTypeTest","eu.esdihumboldt.hale.common.lookup.internal.LookupTableTypeTest","testStringLookup"
"","375","testInspireReferenceAppInfo","","Wed Jul 08 09:56:23 UTC 2026","passed","Wed Jul 08 09:56:24 UTC 2026","","eu.esdihumboldt.hale.io.xsd.reader.XmlSchemaReaderMoreTest","eu.esdihumboldt.hale.io.xsd.reader.XmlSchemaReaderMoreTest","testInspireReferenceAppInfo"
"","88","testWriteFeaturesPrimaryKey","","Wed Jul 08 09:49:39 UTC 2026","passed","Wed Jul 08 09:49:39 UTC 2026","","eu.esdihumboldt.hale.io.geopackage.GeopackageInstanceWriterTest","eu.esdihumboldt.hale.io.geopackage.GeopackageInstanceWriterTest","testWriteFeaturesPrimaryKey"
"","52","simpleSchemaTestECQL","","Wed Jul 08 09:43:57 UTC 2026","passed","Wed Jul 08 09:43:57 UTC 2026","","eu.esdihumboldt.hale.common.filter.FilterTest","eu.esdihumboldt.hale.common.filter.FilterTest","simpleSchemaTestECQL"
"","0","testLocales2","","Wed Jul 08 09:42:11 UTC 2026","skipped","Wed Jul 08 09:42:11 UTC 2026","","eu.esdihumboldt.hale.common.align.model.impl.mdexpl.MarkdownCellExplanationTest","eu.esdihumboldt.hale.common.align.model.impl.mdexpl.MarkdownCellExplanationTest","testLocales2"
"","10","testRootArrayObjectNestedPrettyPrint","","Wed Jul 08 09:57:09 UTC 2026","passed","Wed Jul 08 09:57:09 UTC 2026","","eu.esdihumboldt.util.groovy.json.JsonStreamBuilderTest","eu.esdihumboldt.util.groovy.json.JsonStreamBuilderTest","testRootArrayObjectNestedPrettyPrint"
"","5","testHalfCircleAllGrid","","Wed Jul 08 09:56:54 UTC 2026","passed","Wed Jul 08 09:56:54 UTC 2026","","eu.esdihumboldt.util.geometry.interpolation.grid.GridInterpolationTest","eu.esdihumboldt.util.geometry.interpolation.grid.GridInterpolationTest","testHalfCircleAllGrid"
"","15345","testGeoJsonSimpleMixed_7_and_14","","Wed Jul 08 09:53:40 UTC 2026","passed","Wed Jul 08 09:53:56 UTC 2026","","eu.esdihumboldt.hale.io.json.test.InstanceToJsonTest","eu.esdihumboldt.hale.io.json.test.InstanceToJsonTest","testGeoJsonSimpleMixed_7_and_14"
"","21","testRead_shiporder_types_cycle","","Wed Jul 08 09:56:24 UTC 2026","passed","Wed Jul 08 09:56:24 UTC 2026","","eu.esdihumboldt.hale.io.xsd.reader.XmlSchemaReaderTest","eu.esdihumboldt.hale.io.xsd.reader.XmlSchemaReaderTest","testRead_shiporder_types_cycle"
"","2","testDisabled","","Wed Jul 08 09:45:37 UTC 2026","passed","Wed Jul 08 09:45:37 UTC 2026","","eu.esdihumboldt.hale.common.schema.model.constraint.factory.type.HasValueFlagFactoryTest","eu.esdihumboldt.hale.common.schema.model.constraint.factory.type.HasValueFlagFactoryTest","testDisabled"
"","170","mergeJoinWithRetype","","Wed Jul 08 09:42:55 UTC 2026","passed","Wed Jul 08 09:42:55 UTC 2026","","eu.esdihumboldt.hale.common.align.merge.test.impl.DefaultMergeCellMigratorTest","eu.esdihumboldt.hale.common.align.merge.test.impl.DefaultMergeCellMigratorTest","mergeJoinWithRetype"
"","0","testHasNext2","","Wed Jul 08 09:57:32 UTC 2026","skipped","Wed Jul 08 09:57:32 UTC 2026","","eu.esdihumboldt.util.orient.embedded.BrowseClassIterateTest","eu.esdihumboldt.util.orient.embedded.BrowseClassIterateTest","testHasNext2"
"","13","testArcString","","Wed Jul 08 09:56:55 UTC 2026","passed","Wed Jul 08 09:56:55 UTC 2026","","eu.esdihumboldt.util.geometry.interpolation.split.SplitInterpolationTest","eu.esdihumboldt.util.geometry.interpolation.split.SplitInterpolationTest","testArcString"
"","172","testGroovy3","","Wed Jul 08 09:46:55 UTC 2026","passed","Wed Jul 08 09:46:55 UTC 2026","","eu.esdihumboldt.cst.internal.ConceptualSchemaTransformerTest","eu.esdihumboldt.cst.internal.ConceptualSchemaTransformerTest","testGroovy3"
"","322","basicClassesAllowed","","Wed Jul 08 09:57:26 UTC 2026","passed","Wed Jul 08 09:57:26 UTC 2026","","eu.esdihumboldt.util.groovy.sandbox.test.internal.GroovySandboxTest","eu.esdihumboldt.util.groovy.sandbox.test.internal.GroovySandboxTest","basicClassesAllowed"
"","75","testNoSpatialIndexCreation","","Wed Jul 08 09:49:39 UTC 2026","passed","Wed Jul 08 09:49:39 UTC 2026","","eu.esdihumboldt.hale.io.geopackage.GeopackageInstanceWriterTest","eu.esdihumboldt.hale.io.geopackage.GeopackageInstanceWriterTest","testNoSpatialIndexCreation"
"","101","testPriority","","Wed Jul 08 09:47:06 UTC 2026","passed","Wed Jul 08 09:47:06 UTC 2026","","eu.esdihumboldt.cst.internal.ConceptualSchemaTransformerTest","eu.esdihumboldt.cst.internal.ConceptualSchemaTransformerTest","testPriority"
"","2","testSuccessSaveConfig","","Wed Jul 08 09:49:08 UTC 2026","skipped","Wed Jul 08 09:49:08 UTC 2026","","eu.esdihumboldt.hale.io.deegree.mapping.MappingWriterTest","eu.esdihumboldt.hale.io.deegree.mapping.MappingWriterTest","testSuccessSaveConfig"
"","148","testPropertyCondition2","","Wed Jul 08 09:47:06 UTC 2026","passed","Wed Jul 08 09:47:07 UTC 2026","","eu.esdihumboldt.cst.internal.ConceptualSchemaTransformerTest","eu.esdihumboldt.cst.internal.ConceptualSchemaTransformerTest","testPropertyCondition2"
"","2","testTrueFalse","","Wed Jul 08 09:45:51 UTC 2026","passed","Wed Jul 08 09:45:51 UTC 2026","","eu.esdihumboldt.hale.common.schema.groovy.constraints.ChoiceFactoryTest","eu.esdihumboldt.hale.common.schema.groovy.constraints.ChoiceFactoryTest","testTrueFalse"
"","557","testInnerJoinConditions","","Wed Jul 08 09:47:03 UTC 2026","passed","Wed Jul 08 09:47:03 UTC 2026","","eu.esdihumboldt.cst.internal.ConceptualSchemaTransformerTest","eu.esdihumboldt.cst.internal.ConceptualSchemaTransformerTest","testInnerJoinConditions"
"","4","testJsonBuilderConstructor","","Wed Jul 08 09:57:09 UTC 2026","passed","Wed Jul 08 09:57:09 UTC 2026","","eu.esdihumboldt.util.groovy.json.JsonStreamBuilderTest","eu.esdihumboldt.util.groovy.json.JsonStreamBuilderTest","testJsonBuilderConstructor"
"","0","testDirect","","Wed Jul 08 09:51:00 UTC 2026","skipped","Wed Jul 08 09:51:00 UTC 2026","","eu.esdihumboldt.hale.io.gml.writer.internal.geometry.writers.PatternTest","eu.esdihumboldt.hale.io.gml.writer.internal.geometry.writers.PatternTest","testDirect"
"","1319","testShapefileInstanceFromNginxUrlWithoutFixFile","","Wed Jul 08 09:54:59 UTC 2026","passed","Wed Jul 08 09:55:00 UTC 2026","","eu.esdihumboldt.hale.io.shp.ShapeInstanceReaderTest","eu.esdihumboldt.hale.io.shp.ShapeInstanceReaderTest","testShapefileInstanceFromNginxUrlWithoutFixFile"
"","52","testReadMultiSheetTypeNames","","Wed Jul 08 09:56:05 UTC 2026","passed","Wed Jul 08 09:56:05 UTC 2026","","eu.esdihumboldt.hale.io.xls.test.reader.XLSReaderTest","eu.esdihumboldt.hale.io.xls.test.reader.XLSReaderTest","testReadMultiSheetTypeNames"
"","1","testFormatter[10]","","Wed Jul 08 09:56:50 UTC 2026","passed","Wed Jul 08 09:56:50 UTC 2026","","eu.esdihumboldt.util.geometry.DecimalFormatUtilTest","eu.esdihumboldt.util.geometry.DecimalFormatUtilTest","testFormatter[10]"
"","118","testClassification2","","Wed Jul 08 09:47:05 UTC 2026","passed","Wed Jul 08 09:47:05 UTC 2026","","eu.esdihumboldt.cst.internal.ConceptualSchemaTransformerTest","eu.esdihumboldt.cst.internal.ConceptualSchemaTransformerTest","testClassification2"
"","3416","testArgsFileForMultiTypesSource","","Wed Jul 08 09:40:39 UTC 2026","passed","Wed Jul 08 09:40:42 UTC 2026","","eu.esdihumboldt.hale.app.transform.test.ExecuteTest","eu.esdihumboldt.hale.app.transform.test.ExecuteTest","testArgsFileForMultiTypesSource"
"","9","testLoopStartArray","","Wed Jul 08 09:57:09 UTC 2026","passed","Wed Jul 08 09:57:09 UTC 2026","","eu.esdihumboldt.util.groovy.json.JsonStreamBuilderTest","eu.esdihumboldt.util.groovy.json.JsonStreamBuilderTest","testLoopStartArray"
"","16","testEnabled","","Wed Jul 08 09:45:36 UTC 2026","passed","Wed Jul 08 09:45:36 UTC 2026","","eu.esdihumboldt.hale.common.schema.model.constraint.factory.property.NillableFlagFactoryTest","eu.esdihumboldt.hale.common.schema.model.constraint.factory.property.NillableFlagFactoryTest","testEnabled"
"","207","testJoinFilter","","Wed Jul 08 09:42:59 UTC 2026","passed","Wed Jul 08 09:42:59 UTC 2026","","eu.esdihumboldt.hale.common.align.merge.test.impl.JoinMergeTest","eu.esdihumboldt.hale.common.align.merge.test.impl.JoinMergeTest","testJoinFilter"
"","28","testConflict","","Wed Jul 08 09:56:46 UTC 2026","passed","Wed Jul 08 09:56:46 UTC 2026","","eu.esdihumboldt.util.config.ConfigTest","eu.esdihumboldt.util.config.ConfigTest","testConflict"
"","87","testCardinalityMerge_1","","Wed Jul 08 09:47:04 UTC 2026","passed","Wed Jul 08 09:47:04 UTC 2026","","eu.esdihumboldt.cst.internal.ConceptualSchemaTransformerTest","eu.esdihumboldt.cst.internal.ConceptualSchemaTransformerTest","testCardinalityMerge_1"
"","1","testTriangleHole","","Wed Jul 08 09:47:43 UTC 2026","passed","Wed Jul 08 09:47:43 UTC 2026","","eu.esdihumboldt.cst.functions.geometric.test.InteriorPointTest","eu.esdihumboldt.cst.functions.geometric.test.InteriorPointTest","testTriangleHole"
"","39","testLoadShiporder","","Wed Jul 08 09:49:52 UTC 2026","passed","Wed Jul 08 09:49:52 UTC 2026","","eu.esdihumboldt.hale.io.gml.reader.internal.GmlInstanceCollectionTest","eu.esdihumboldt.hale.io.gml.reader.internal.GmlInstanceCollectionTest","testLoadShiporder"
"","66","testGetReferencesNested","","Wed Jul 08 09:43:53 UTC 2026","passed","Wed Jul 08 09:43:53 UTC 2026","","eu.esdihumboldt.hale.common.filter.CQLFilterTest","eu.esdihumboldt.hale.common.filter.CQLFilterTest","testGetReferencesNested"
"","0","testSimple","","Wed Jul 08 09:43:26 UTC 2026","passed","Wed Jul 08 09:43:26 UTC 2026","","eu.esdihumboldt.hale.common.core.io.PathUpdateTest","eu.esdihumboldt.hale.common.core.io.PathUpdateTest","testSimple"
"","24","testCallBindung","","Wed Jul 08 09:51:17 UTC 2026","passed","Wed Jul 08 09:51:17 UTC 2026","","eu.esdihumboldt.hale.io.groovy.snippets.GroovySnippetsTest","eu.esdihumboldt.hale.io.groovy.snippets.GroovySnippetsTest","testCallBindung"
