"DESCRIPTION","DURATION IN MS","NAME","PARENT SUITE","START TIME","STATUS","STOP TIME","SUB SUITE","SUITE","TEST CLASS","TEST METHOD"
"","0","testText","","Fri Jul 10 00:06:03 UTC 2026","passed","Fri Jul 10 00:06:03 UTC 2026","","eu.esdihumboldt.hale.common.schema.groovy.constraints.CardinalityFactoryTest","eu.esdihumboldt.hale.common.schema.groovy.constraints.CardinalityFactoryTest","testText"
"","2","testFindPoints","","Fri Jul 10 00:07:47 UTC 2026","passed","Fri Jul 10 00:07:47 UTC 2026","","eu.esdihumboldt.cst.functions.geometric.test.GeometryHelperFunctionsTest","eu.esdihumboldt.cst.functions.geometric.test.GeometryHelperFunctionsTest","testFindPoints"
"","41","groovyStuffDisallowed","","Fri Jul 10 00:17:19 UTC 2026","passed","Fri Jul 10 00:17:19 UTC 2026","","eu.esdihumboldt.util.groovy.sandbox.test.internal.GroovySandboxTest","eu.esdihumboldt.util.groovy.sandbox.test.internal.GroovySandboxTest","groovyStuffDisallowed"
"","541","testSaveLoad","","Fri Jul 10 00:02:19 UTC 2026","passed","Fri Jul 10 00:02:19 UTC 2026","","eu.esdihumboldt.hale.common.align.io.CastorAlignmentIOTest","eu.esdihumboldt.hale.common.align.io.CastorAlignmentIOTest","testSaveLoad"
"","115","testPropertyCondition2","","Fri Jul 10 00:07:11 UTC 2026","passed","Fri Jul 10 00:07:11 UTC 2026","","eu.esdihumboldt.cst.internal.ConceptualSchemaTransformerTest","eu.esdihumboldt.cst.internal.ConceptualSchemaTransformerTest","testPropertyCondition2"
"","900","testReadWithCommaDecimal","","Fri Jul 10 00:08:46 UTC 2026","passed","Fri Jul 10 00:08:47 UTC 2026","","eu.esdihumboldt.hale.io.csv.CSVInstanceReaderTest","eu.esdihumboldt.hale.io.csv.CSVInstanceReaderTest","testReadWithCommaDecimal"
"","38997","testReferenceWriting","","Fri Jul 10 00:11:57 UTC 2026","passed","Fri Jul 10 00:12:36 UTC 2026","","eu.esdihumboldt.hale.io.jdbc.postgresql.test.AutoGenKeyReferenceIT","eu.esdihumboldt.hale.io.jdbc.postgresql.test.AutoGenKeyReferenceIT","testReferenceWriting"
"","171","testPreparedQuery","","Fri Jul 10 00:17:26 UTC 2026","passed","Fri Jul 10 00:17:26 UTC 2026","","eu.esdihumboldt.util.orient.embedded.LocalDocumentTest","eu.esdihumboldt.util.orient.embedded.LocalDocumentTest","testPreparedQuery"
"","8","testEachCollector","","Fri Jul 10 00:08:07 UTC 2026","passed","Fri Jul 10 00:08:07 UTC 2026","","eu.esdihumboldt.cst.functions.groovy.helpers.util.CollectorTest","eu.esdihumboldt.cst.functions.groovy.helpers.util.CollectorTest","testEachCollector"
"","10","testEnabled","","Fri Jul 10 00:05:45 UTC 2026","passed","Fri Jul 10 00:05:45 UTC 2026","","eu.esdihumboldt.hale.common.schema.model.constraint.factory.type.MappableFlagFactoryTest","eu.esdihumboldt.hale.common.schema.model.constraint.factory.type.MappableFlagFactoryTest","testEnabled"
"","3","testNoRef","","Fri Jul 10 00:05:45 UTC 2026","passed","Fri Jul 10 00:05:45 UTC 2026","","eu.esdihumboldt.hale.common.schema.model.constraint.factory.property.ReferenceFactoryTest","eu.esdihumboldt.hale.common.schema.model.constraint.factory.property.ReferenceFactoryTest","testNoRef"
"","298","testReadForceDefaultType","","Fri Jul 10 00:13:51 UTC 2026","passed","Fri Jul 10 00:13:51 UTC 2026","","eu.esdihumboldt.hale.io.json.test.JsonInstanceReaderTest","eu.esdihumboldt.hale.io.json.test.JsonInstanceReaderTest","testReadForceDefaultType"
"","14943","testTypeFilter2Property","","Fri Jul 10 00:02:52 UTC 2026","passed","Fri Jul 10 00:03:07 UTC 2026","","eu.esdihumboldt.hale.common.align.merge.test.impl.DefaultMergeCellMigratorTest","eu.esdihumboldt.hale.common.align.merge.test.impl.DefaultMergeCellMigratorTest","testTypeFilter2Property"
"","101","testPropertyCondition1","","Fri Jul 10 00:07:11 UTC 2026","passed","Fri Jul 10 00:07:11 UTC 2026","","eu.esdihumboldt.cst.internal.ConceptualSchemaTransformerTest","eu.esdihumboldt.cst.internal.ConceptualSchemaTransformerTest","testPropertyCondition1"
"","41","testReadDouble","","Fri Jul 10 00:13:51 UTC 2026","passed","Fri Jul 10 00:13:51 UTC 2026","","eu.esdihumboldt.hale.io.json.test.JsonToInstanceTest","eu.esdihumboldt.hale.io.json.test.JsonToInstanceTest","testReadDouble"
"","34","testOffsetBig","","Fri Jul 10 00:16:45 UTC 2026","passed","Fri Jul 10 00:16:45 UTC 2026","","eu.esdihumboldt.util.geometry.interpolation.split.SplitInterpolationTest","eu.esdihumboldt.util.geometry.interpolation.split.SplitInterpolationTest","testOffsetBig"
"","6","testHalfCircle","","Fri Jul 10 00:16:45 UTC 2026","passed","Fri Jul 10 00:16:45 UTC 2026","","eu.esdihumboldt.util.geometry.interpolation.split.SplitInterpolationTest","eu.esdihumboldt.util.geometry.interpolation.split.SplitInterpolationTest","testHalfCircle"
"","0","testLookupAndConsume","","Fri Jul 10 00:03:53 UTC 2026","passed","Fri Jul 10 00:03:53 UTC 2026","","eu.esdihumboldt.hale.common.core.io.supplier.LookupStreamResourceTest","eu.esdihumboldt.hale.common.core.io.supplier.LookupStreamResourceTest","testLookupAndConsume"
"","207","testTypeFilter5Present","","Fri Jul 10 00:03:12 UTC 2026","passed","Fri Jul 10 00:03:13 UTC 2026","","eu.esdihumboldt.hale.common.align.merge.test.impl.DefaultMergeCellMigratorTest","eu.esdihumboldt.hale.common.align.merge.test.impl.DefaultMergeCellMigratorTest","testTypeFilter5Present"
"","16718","testReadShapeInstances","","Fri Jul 10 00:14:20 UTC 2026","passed","Fri Jul 10 00:14:37 UTC 2026","","eu.esdihumboldt.hale.io.shp.ShapeInstanceReaderTest","eu.esdihumboldt.hale.io.shp.ShapeInstanceReaderTest","testReadShapeInstances"
"","25","testRead_definitive_sequencegroup","","Fri Jul 10 00:16:18 UTC 2026","passed","Fri Jul 10 00:16:18 UTC 2026","","eu.esdihumboldt.hale.io.xsd.reader.XmlSchemaReaderTest","eu.esdihumboldt.hale.io.xsd.reader.XmlSchemaReaderTest","testRead_definitive_sequencegroup"
"","198","testJoinCondition","","Fri Jul 10 00:03:15 UTC 2026","passed","Fri Jul 10 00:03:15 UTC 2026","","eu.esdihumboldt.hale.common.align.merge.test.impl.JoinRetainConditionsTest","eu.esdihumboldt.hale.common.align.merge.test.impl.JoinRetainConditionsTest","testJoinCondition"
"","80","testCMUnion3","","Fri Jul 10 00:07:10 UTC 2026","passed","Fri Jul 10 00:07:11 UTC 2026","","eu.esdihumboldt.cst.internal.ConceptualSchemaTransformerTest","eu.esdihumboldt.cst.internal.ConceptualSchemaTransformerTest","testCMUnion3"
"","29","testSingleGeometryWithMissingProperties","","Fri Jul 10 00:14:57 UTC 2026","passed","Fri Jul 10 00:14:57 UTC 2026","","eu.esdihumboldt.hale.io.shp.ShapefileInstanceWriterTest","eu.esdihumboldt.hale.io.shp.ShapefileInstanceWriterTest","testSingleGeometryWithMissingProperties"
"","1","testFindPolygons","","Fri Jul 10 00:07:47 UTC 2026","passed","Fri Jul 10 00:07:47 UTC 2026","","eu.esdihumboldt.cst.functions.geometric.test.GeometryHelperFunctionsTest","eu.esdihumboldt.cst.functions.geometric.test.GeometryHelperFunctionsTest","testFindPolygons"
"","66","testLikeSchema","","Fri Jul 10 00:04:08 UTC 2026","passed","Fri Jul 10 00:04:08 UTC 2026","","eu.esdihumboldt.hale.common.filter.CQLFilterTest","eu.esdihumboldt.hale.common.filter.CQLFilterTest","testLikeSchema"
"","3","testMixedKeys","","Fri Jul 10 00:08:07 UTC 2026","passed","Fri Jul 10 00:08:07 UTC 2026","","eu.esdihumboldt.cst.functions.groovy.helpers.util.CollectorTest","eu.esdihumboldt.cst.functions.groovy.helpers.util.CollectorTest","testMixedKeys"
"","93","testTriangle","","Fri Jul 10 00:07:47 UTC 2026","passed","Fri Jul 10 00:07:47 UTC 2026","","eu.esdihumboldt.cst.functions.geometric.test.InteriorPointTest","eu.esdihumboldt.cst.functions.geometric.test.InteriorPointTest","testTriangle"
"","6","testGeoContains","","Fri Jul 10 00:04:09 UTC 2026","passed","Fri Jul 10 00:04:09 UTC 2026","","eu.esdihumboldt.hale.common.filter.CQLFilterTest","eu.esdihumboldt.hale.common.filter.CQLFilterTest","testGeoContains"
"","3","testEmpty","","Fri Jul 10 00:05:45 UTC 2026","passed","Fri Jul 10 00:05:45 UTC 2026","","eu.esdihumboldt.hale.common.schema.model.constraint.factory.type.EnumerationFactoryTest","eu.esdihumboldt.hale.common.schema.model.constraint.factory.type.EnumerationFactoryTest","testEmpty"
"","158","testTypeFilter2PropertyPresent","","Fri Jul 10 00:03:12 UTC 2026","passed","Fri Jul 10 00:03:12 UTC 2026","","eu.esdihumboldt.hale.common.align.merge.test.impl.DefaultMergeCellMigratorTest","eu.esdihumboldt.hale.common.align.merge.test.impl.DefaultMergeCellMigratorTest","testTypeFilter2PropertyPresent"
"","61","testBaseAlignmentSaveLoad","","Fri Jul 10 00:02:30 UTC 2026","passed","Fri Jul 10 00:02:30 UTC 2026","","eu.esdihumboldt.hale.common.align.io.JaxbAlignmentIOTest","eu.esdihumboldt.hale.common.align.io.JaxbAlignmentIOTest","testBaseAlignmentSaveLoad"
"","29","testGmlNoId","","Fri Jul 10 00:04:38 UTC 2026","passed","Fri Jul 10 00:04:38 UTC 2026","","eu.esdihumboldt.hale.common.instance.graph.test.ReferenceGraphTest","eu.esdihumboldt.hale.common.instance.graph.test.ReferenceGraphTest","testGmlNoId"
"","27","testNullMixed","","Fri Jul 10 00:04:53 UTC 2026","passed","Fri Jul 10 00:04:53 UTC 2026","","eu.esdihumboldt.hale.common.instance.groovy.InstanceAccessorTest","eu.esdihumboldt.hale.common.instance.groovy.InstanceAccessorTest","testNullMixed"
"","0","testGroup","","Fri Jul 10 00:06:58 UTC 2026","skipped","Fri Jul 10 00:06:58 UTC 2026","","eu.esdihumboldt.cst.internal.ConceptualSchemaTransformerTest","eu.esdihumboldt.cst.internal.ConceptualSchemaTransformerTest","testGroup"
"","3","testNotEqualList","","Fri Jul 10 00:04:09 UTC 2026","passed","Fri Jul 10 00:04:09 UTC 2026","","eu.esdihumboldt.hale.common.filter.ECQLFilterTest","eu.esdihumboldt.hale.common.filter.ECQLFilterTest","testNotEqualList"
"","0","testComplexWrite","","Fri Jul 10 00:17:26 UTC 2026","skipped","Fri Jul 10 00:17:26 UTC 2026","","eu.esdihumboldt.util.orient.embedded.LocalDocumentTest","eu.esdihumboldt.util.orient.embedded.LocalDocumentTest","testComplexWrite"
"","9557","testParentBindung","","Fri Jul 10 00:11:01 UTC 2026","passed","Fri Jul 10 00:11:10 UTC 2026","","eu.esdihumboldt.hale.io.groovy.snippets.GroovySnippetsTest","eu.esdihumboldt.hale.io.groovy.snippets.GroovySnippetsTest","testParentBindung"
"","7","testTimeEquals","","Fri Jul 10 00:04:08 UTC 2026","passed","Fri Jul 10 00:04:08 UTC 2026","","eu.esdihumboldt.hale.common.filter.CQLFilterTest","eu.esdihumboldt.hale.common.filter.CQLFilterTest","testTimeEquals"
"","10","testReadSimplePolygon","","Fri Jul 10 00:13:52 UTC 2026","passed","Fri Jul 10 00:13:52 UTC 2026","","eu.esdihumboldt.hale.io.json.test.JsonToInstanceTest","eu.esdihumboldt.hale.io.json.test.JsonToInstanceTest","testReadSimplePolygon"
"","7","testSize","","Fri Jul 10 00:04:21 UTC 2026","passed","Fri Jul 10 00:04:21 UTC 2026","","eu.esdihumboldt.hale.common.instance.tools.impl.SimplePartitionerTest","eu.esdihumboldt.hale.common.instance.tools.impl.SimplePartitionerTest","testSize"
"","5","testComplexStructureFromTheGuardianTypeSafe","","Fri Jul 10 00:17:02 UTC 2026","passed","Fri Jul 10 00:17:02 UTC 2026","","eu.esdihumboldt.util.groovy.json.JsonStreamBuilderTest","eu.esdihumboldt.util.groovy.json.JsonStreamBuilderTest","testComplexStructureFromTheGuardianTypeSafe"
"","1137","testToFrom","","Fri Jul 10 00:07:47 UTC 2026","passed","Fri Jul 10 00:07:48 UTC 2026","","eu.esdihumboldt.cst.functions.geometric.test.join.SpatialJoinParameterTest","eu.esdihumboldt.cst.functions.geometric.test.join.SpatialJoinParameterTest","testToFrom"
"","570","testWfsPaginationInstanceContent","","Fri Jul 10 00:10:34 UTC 2026","passed","Fri Jul 10 00:10:34 UTC 2026","","eu.esdihumboldt.hale.io.gml.reader.internal.StreamGmlReaderTest","eu.esdihumboldt.hale.io.gml.reader.internal.StreamGmlReaderTest","testWfsPaginationInstanceContent"
"","50","testGeoBbox","","Fri Jul 10 00:04:08 UTC 2026","passed","Fri Jul 10 00:04:08 UTC 2026","","eu.esdihumboldt.hale.common.filter.CQLFilterTest","eu.esdihumboldt.hale.common.filter.CQLFilterTest","testGeoBbox"
"","791","testInspireCodespaceNoAutoAdd","","Fri Jul 10 00:10:42 UTC 2026","passed","Fri Jul 10 00:10:43 UTC 2026","","eu.esdihumboldt.hale.io.gml.writer.internal.StreamGmlWriter2Test","eu.esdihumboldt.hale.io.gml.writer.internal.StreamGmlWriter2Test","testInspireCodespaceNoAutoAdd"
"","5","testBefore","","Fri Jul 10 00:04:09 UTC 2026","passed","Fri Jul 10 00:04:09 UTC 2026","","eu.esdihumboldt.hale.common.filter.CQLFilterTest","eu.esdihumboldt.hale.common.filter.CQLFilterTest","testBefore"
"","39","testSKOSFromRDF2","","Fri Jul 10 00:08:36 UTC 2026","passed","Fri Jul 10 00:08:36 UTC 2026","","eu.esdihumboldt.hale.io.codelist.skos.test.SkosCodeListTest","eu.esdihumboldt.hale.io.codelist.skos.test.SkosCodeListTest","testSKOSFromRDF2"
"","2","testRootArrayEmpty","","Fri Jul 10 00:17:02 UTC 2026","passed","Fri Jul 10 00:17:02 UTC 2026","","eu.esdihumboldt.util.groovy.json.JsonStreamBuilderTest","eu.esdihumboldt.util.groovy.json.JsonStreamBuilderTest","testRootArrayEmpty"
"","280","testWfsPaginationPageSizeLargerThanTotal","","Fri Jul 10 00:10:36 UTC 2026","passed","Fri Jul 10 00:10:37 UTC 2026","","eu.esdihumboldt.hale.io.gml.reader.internal.StreamGmlReaderTest","eu.esdihumboldt.hale.io.gml.reader.internal.StreamGmlReaderTest","testWfsPaginationPageSizeLargerThanTotal"
"","1","testValueListValueListJsonGroovy","","Fri Jul 10 00:03:52 UTC 2026","passed","Fri Jul 10 00:03:52 UTC 2026","","eu.esdihumboldt.hale.common.core.io.impl.ValueListTypeTest","eu.esdihumboldt.hale.common.core.io.impl.ValueListTypeTest","testValueListValueListJsonGroovy"
"","91","testIDSaveLoad","","Fri Jul 10 00:02:29 UTC 2026","passed","Fri Jul 10 00:02:30 UTC 2026","","eu.esdihumboldt.hale.common.align.io.JaxbAlignmentIOTest","eu.esdihumboldt.hale.common.align.io.JaxbAlignmentIOTest","testIDSaveLoad"
"","4","testRefTypes","","Fri Jul 10 00:05:45 UTC 2026","passed","Fri Jul 10 00:05:45 UTC 2026","","eu.esdihumboldt.hale.common.schema.model.constraint.factory.property.ReferenceFactoryTest","eu.esdihumboldt.hale.common.schema.model.constraint.factory.property.ReferenceFactoryTest","testRefTypes"
"","1992","testReadMultiSheetTypeSettingsNamedNoGeneralSkip","","Fri Jul 10 00:15:57 UTC 2026","passed","Fri Jul 10 00:15:59 UTC 2026","","eu.esdihumboldt.hale.io.xls.test.reader.XLSReaderTest","eu.esdihumboldt.hale.io.xls.test.reader.XLSReaderTest","testReadMultiSheetTypeSettingsNamedNoGeneralSkip"
"","25","notAllowedClassesDisallowed","","Fri Jul 10 00:17:19 UTC 2026","passed","Fri Jul 10 00:17:19 UTC 2026","","eu.esdihumboldt.util.groovy.sandbox.test.internal.GroovySandboxTest","eu.esdihumboldt.util.groovy.sandbox.test.internal.GroovySandboxTest","notAllowedClassesDisallowed"
"","3511","testAdvCrsFactories","","Fri Jul 10 00:05:24 UTC 2026","passed","Fri Jul 10 00:05:27 UTC 2026","","eu.esdihumboldt.hale.common.referencing.factory.CrsAuthorityFactoryTest","eu.esdihumboldt.hale.common.referencing.factory.CrsAuthorityFactoryTest","testAdvCrsFactories"
"","5","testRootArrayObjects","","Fri Jul 10 00:17:02 UTC 2026","passed","Fri Jul 10 00:17:02 UTC 2026","","eu.esdihumboldt.util.groovy.json.JsonStreamBuilderTest","eu.esdihumboldt.util.groovy.json.JsonStreamBuilderTest","testRootArrayObjects"
"","3","testStringLookup","","Fri Jul 10 00:05:20 UTC 2026","passed","Fri Jul 10 00:05:20 UTC 2026","","eu.esdihumboldt.hale.common.lookup.internal.LookupTableTypeTest","eu.esdihumboldt.hale.common.lookup.internal.LookupTableTypeTest","testStringLookup"
"","134","testGroovyWarningCreateTarget","","Fri Jul 10 00:03:13 UTC 2026","passed","Fri Jul 10 00:03:13 UTC 2026","","eu.esdihumboldt.hale.common.align.merge.test.impl.DefaultMergeCellMigratorTest","eu.esdihumboldt.hale.common.align.merge.test.impl.DefaultMergeCellMigratorTest","testGroovyWarningCreateTarget"
"","4486","testArrayTypes","","Fri Jul 10 00:12:55 UTC 2026","passed","Fri Jul 10 00:12:59 UTC 2026","","eu.esdihumboldt.hale.io.jdbc.postgresql.test.OneDimensionalArraysIT","eu.esdihumboldt.hale.io.jdbc.postgresql.test.OneDimensionalArraysIT","testArrayTypes"
"","21","testRead","","Fri Jul 10 00:03:52 UTC 2026","passed","Fri Jul 10 00:03:52 UTC 2026","","eu.esdihumboldt.hale.common.core.io.impl.ValueListTypeTest","eu.esdihumboldt.hale.common.core.io.impl.ValueListTypeTest","testRead"
"","102","testMergeMultiPropKey","","Fri Jul 10 00:07:09 UTC 2026","passed","Fri Jul 10 00:07:09 UTC 2026","","eu.esdihumboldt.cst.internal.ConceptualSchemaTransformerTest","eu.esdihumboldt.cst.internal.ConceptualSchemaTransformerTest","testMergeMultiPropKey"
"","3","testInstanceValueNullSchema","","Fri Jul 10 00:04:09 UTC 2026","passed","Fri Jul 10 00:04:09 UTC 2026","","eu.esdihumboldt.hale.common.filter.ECQLFilterTest","eu.esdihumboldt.hale.common.filter.ECQLFilterTest","testInstanceValueNullSchema"
"","403","testByPointsToCenterAllGrid","","Fri Jul 10 00:16:44 UTC 2026","passed","Fri Jul 10 00:16:45 UTC 2026","","eu.esdihumboldt.util.geometry.interpolation.grid.GridInterpolationTest","eu.esdihumboldt.util.geometry.interpolation.grid.GridInterpolationTest","testByPointsToCenterAllGrid"
"","42","testGmlOverflow3","","Fri Jul 10 00:04:38 UTC 2026","passed","Fri Jul 10 00:04:38 UTC 2026","","eu.esdihumboldt.hale.common.instance.graph.test.ReferenceGraphTest","eu.esdihumboldt.hale.common.instance.graph.test.ReferenceGraphTest","testGmlOverflow3"
"","3","testJsonBuilderConstructor","","Fri Jul 10 00:17:02 UTC 2026","passed","Fri Jul 10 00:17:02 UTC 2026","","eu.esdihumboldt.util.groovy.json.JsonStreamBuilderTest","eu.esdihumboldt.util.groovy.json.JsonStreamBuilderTest","testJsonBuilderConstructor"
"","213","testComplexLookup","","Fri Jul 10 00:05:20 UTC 2026","passed","Fri Jul 10 00:05:20 UTC 2026","","eu.esdihumboldt.hale.common.lookup.internal.LookupTableTypeTest","eu.esdihumboldt.hale.common.lookup.internal.LookupTableTypeTest","testComplexLookup"
"","161","testBaseAlignmentSaveLoad","","Fri Jul 10 00:02:19 UTC 2026","passed","Fri Jul 10 00:02:20 UTC 2026","","eu.esdihumboldt.hale.common.align.io.CastorAlignmentIOTest","eu.esdihumboldt.hale.common.align.io.CastorAlignmentIOTest","testBaseAlignmentSaveLoad"
"","144","testWriteDocument","","Fri Jul 10 00:17:26 UTC 2026","passed","Fri Jul 10 00:17:26 UTC 2026","","eu.esdihumboldt.util.orient.embedded.LocalDocumentTest","eu.esdihumboldt.util.orient.embedded.LocalDocumentTest","testWriteDocument"
"","7264","testDataTypes","","Fri Jul 10 00:13:04 UTC 2026","passed","Fri Jul 10 00:13:11 UTC 2026","","eu.esdihumboldt.hale.io.jdbc.postgresql.test.PostDataTypesIT","eu.esdihumboldt.hale.io.jdbc.postgresql.test.PostDataTypesIT","testDataTypes"
"","4526","testStatistics","","Fri Jul 10 00:01:19 UTC 2026","passed","Fri Jul 10 00:01:23 UTC 2026","","eu.esdihumboldt.hale.app.transform.test.ExecuteTest","eu.esdihumboldt.hale.app.transform.test.ExecuteTest","testStatistics"
"","1","testCMNested1","","Fri Jul 10 00:06:41 UTC 2026","skipped","Fri Jul 10 00:06:41 UTC 2026","","eu.esdihumboldt.cst.internal.ConceptualSchemaTransformerTest","eu.esdihumboldt.cst.internal.ConceptualSchemaTransformerTest","testCMNested1"
"","337","testReadXsdInstancesTypenameWithNamespace","","Fri Jul 10 00:14:53 UTC 2026","passed","Fri Jul 10 00:14:53 UTC 2026","","eu.esdihumboldt.hale.io.shp.ShapeInstanceReaderTest","eu.esdihumboldt.hale.io.shp.ShapeInstanceReaderTest","testReadXsdInstancesTypenameWithNamespace"
"","169","mergeRenameFormattedString","","Fri Jul 10 00:08:31 UTC 2026","passed","Fri Jul 10 00:08:31 UTC 2026","","eu.esdihumboldt.hale.adv.merge.test.AdVMeasurementMergeTest","eu.esdihumboldt.hale.adv.merge.test.AdVMeasurementMergeTest","mergeRenameFormattedString"
"","20","testRead_shiporder_unqualified","","Fri Jul 10 00:16:18 UTC 2026","passed","Fri Jul 10 00:16:18 UTC 2026","","eu.esdihumboldt.hale.io.xsd.reader.XmlSchemaReaderTest","eu.esdihumboldt.hale.io.xsd.reader.XmlSchemaReaderTest","testRead_shiporder_unqualified"
"","72","testReadFromFolder","","Fri Jul 10 00:14:55 UTC 2026","passed","Fri Jul 10 00:14:55 UTC 2026","","eu.esdihumboldt.hale.io.shp.ShapeInstanceReaderTest","eu.esdihumboldt.hale.io.shp.ShapeInstanceReaderTest","testReadFromFolder"
"","1","testMerge3","","Fri Jul 10 00:03:53 UTC 2026","passed","Fri Jul 10 00:03:53 UTC 2026","","eu.esdihumboldt.hale.common.core.report.util.StatsMergeTest","eu.esdihumboldt.hale.common.core.report.util.StatsMergeTest","testMerge3"
"","12","testReadSchema","","Fri Jul 10 00:09:31 UTC 2026","passed","Fri Jul 10 00:09:31 UTC 2026","","eu.esdihumboldt.hale.io.geopackage.GeopackageSchemaReaderTest","eu.esdihumboldt.hale.io.geopackage.GeopackageSchemaReaderTest","testReadSchema"
"","7","testDoubleObject2","","Fri Jul 10 00:17:02 UTC 2026","passed","Fri Jul 10 00:17:02 UTC 2026","","eu.esdihumboldt.util.groovy.json.JsonStreamBuilderTest","eu.esdihumboldt.util.groovy.json.JsonStreamBuilderTest","testDoubleObject2"
"","1","testDefault","","Fri Jul 10 00:05:45 UTC 2026","passed","Fri Jul 10 00:05:45 UTC 2026","","eu.esdihumboldt.hale.common.schema.model.constraint.factory.type.SkipValidationFactoryTest","eu.esdihumboldt.hale.common.schema.model.constraint.factory.type.SkipValidationFactoryTest","testDefault"
"","5","testByPoints2","","Fri Jul 10 00:16:45 UTC 2026","passed","Fri Jul 10 00:16:45 UTC 2026","","eu.esdihumboldt.util.geometry.interpolation.split.SplitInterpolationTest","eu.esdihumboldt.util.geometry.interpolation.split.SplitInterpolationTest","testByPoints2"
"","5","testValuePropertiesList","","Fri Jul 10 00:03:52 UTC 2026","passed","Fri Jul 10 00:03:52 UTC 2026","","eu.esdihumboldt.hale.common.core.io.impl.ValuePropertiesTypeTest","eu.esdihumboldt.hale.common.core.io.impl.ValuePropertiesTypeTest","testValuePropertiesList"
"","10","testSKOSFromRDF5_language_nl","","Fri Jul 10 00:08:36 UTC 2026","passed","Fri Jul 10 00:08:36 UTC 2026","","eu.esdihumboldt.hale.io.codelist.skos.test.SkosCodeListTest","eu.esdihumboldt.hale.io.codelist.skos.test.SkosCodeListTest","testSKOSFromRDF5_language_nl"
"","8","testStringCompare","","Fri Jul 10 00:04:08 UTC 2026","passed","Fri Jul 10 00:04:08 UTC 2026","","eu.esdihumboldt.hale.common.filter.CQLFilterTest","eu.esdihumboldt.hale.common.filter.CQLFilterTest","testStringCompare"
"","0","testLoadShiporderCQL","","Fri Jul 10 00:04:12 UTC 2026","skipped","Fri Jul 10 00:04:12 UTC 2026","","eu.esdihumboldt.hale.common.filter.FilterTest","eu.esdihumboldt.hale.common.filter.FilterTest","testLoadShiporderCQL"
"","527","testSaveLoad","","Fri Jul 10 00:03:52 UTC 2026","passed","Fri Jul 10 00:03:53 UTC 2026","","eu.esdihumboldt.hale.common.core.io.project.ProjectTest","eu.esdihumboldt.hale.common.core.io.project.ProjectTest","testSaveLoad"
"","10","testArcString","","Fri Jul 10 00:16:45 UTC 2026","passed","Fri Jul 10 00:16:45 UTC 2026","","eu.esdihumboldt.util.geometry.interpolation.split.SplitInterpolationTest","eu.esdihumboldt.util.geometry.interpolation.split.SplitInterpolationTest","testArcString"
"","313","testGeometryPrimitive_31_Polygon","","Fri Jul 10 00:10:55 UTC 2026","passed","Fri Jul 10 00:10:56 UTC 2026","","eu.esdihumboldt.hale.io.gml.writer.internal.StreamGmlWriterTest","eu.esdihumboldt.hale.io.gml.writer.internal.StreamGmlWriterTest","testGeometryPrimitive_31_Polygon"
"","125","testIDSaveLoad","","Fri Jul 10 00:02:19 UTC 2026","passed","Fri Jul 10 00:02:19 UTC 2026","","eu.esdihumboldt.hale.common.align.io.CastorAlignmentIOTest","eu.esdihumboldt.hale.common.align.io.CastorAlignmentIOTest","testIDSaveLoad"
"","8","testReadLineString","","Fri Jul 10 00:13:51 UTC 2026","passed","Fri Jul 10 00:13:51 UTC 2026","","eu.esdihumboldt.hale.io.json.test.JsonToInstanceTest","eu.esdihumboldt.hale.io.json.test.JsonToInstanceTest","testReadLineString"
"","0","testUnifyCCWSimple","","Fri Jul 10 00:16:44 UTC 2026","passed","Fri Jul 10 00:16:44 UTC 2026","","eu.esdihumboldt.util.geometry.WindingOrderTest","eu.esdihumboldt.util.geometry.WindingOrderTest","testUnifyCCWSimple"
"","358","testReadXsdInstancesName","","Fri Jul 10 00:14:49 UTC 2026","passed","Fri Jul 10 00:14:50 UTC 2026","","eu.esdihumboldt.hale.io.shp.ShapeInstanceReaderTest","eu.esdihumboldt.hale.io.shp.ShapeInstanceReaderTest","testReadXsdInstancesName"
"","3","testElementHasListOfObjects2","","Fri Jul 10 00:17:02 UTC 2026","passed","Fri Jul 10 00:17:02 UTC 2026","","eu.esdihumboldt.util.groovy.json.JsonStreamBuilderTest","eu.esdihumboldt.util.groovy.json.JsonStreamBuilderTest","testElementHasListOfObjects2"
"","3111","testArgsFileWOFilterForMultiTypesSource","","Fri Jul 10 00:01:23 UTC 2026","passed","Fri Jul 10 00:01:26 UTC 2026","","eu.esdihumboldt.hale.app.transform.test.ExecuteTest","eu.esdihumboldt.hale.app.transform.test.ExecuteTest","testArgsFileWOFilterForMultiTypesSource"
"","287","testWriteReadTypeSafeQName","","Fri Jul 10 00:17:02 UTC 2026","passed","Fri Jul 10 00:17:02 UTC 2026","","eu.esdihumboldt.util.groovy.xml.NSDOMBuilderTest","eu.esdihumboldt.util.groovy.xml.NSDOMBuilderTest","testWriteReadTypeSafeQName"
"","2","testInvalidKey2","","Fri Jul 10 00:16:38 UTC 2026","passed","Fri Jul 10 00:16:38 UTC 2026","","eu.esdihumboldt.util.config.ConfigTest","eu.esdihumboldt.util.config.ConfigTest","testInvalidKey2"
"","263","testSaveLoad","","Fri Jul 10 00:02:29 UTC 2026","passed","Fri Jul 10 00:02:29 UTC 2026","","eu.esdihumboldt.hale.common.align.io.JaxbAlignmentIOTest","eu.esdihumboldt.hale.common.align.io.JaxbAlignmentIOTest","testSaveLoad"
"","3","testHttpRelative1","","Fri Jul 10 00:16:16 UTC 2026","passed","Fri Jul 10 00:16:16 UTC 2026","","eu.esdihumboldt.hale.io.xsd.reader.HumboldtURIResolverTest","eu.esdihumboldt.hale.io.xsd.reader.HumboldtURIResolverTest","testHttpRelative1"
"","0","testGeometryFlippedOnNULLCRS","","Fri Jul 10 00:16:44 UTC 2026","passed","Fri Jul 10 00:16:44 UTC 2026","","eu.esdihumboldt.util.geometry.WindingOrderTest","eu.esdihumboldt.util.geometry.WindingOrderTest","testGeometryFlippedOnNULLCRS"
"","10","testJsonBuilderTypeSafe","","Fri Jul 10 00:17:02 UTC 2026","passed","Fri Jul 10 00:17:02 UTC 2026","","eu.esdihumboldt.util.groovy.json.JsonStreamBuilderTest","eu.esdihumboldt.util.groovy.json.JsonStreamBuilderTest","testJsonBuilderTypeSafe"
"","6","testReadDefaultType","","Fri Jul 10 00:13:51 UTC 2026","passed","Fri Jul 10 00:13:51 UTC 2026","","eu.esdihumboldt.hale.io.json.test.JsonInstanceReaderTest","eu.esdihumboldt.hale.io.json.test.JsonInstanceReaderTest","testReadDefaultType"
"","4","testRange","","Fri Jul 10 00:06:03 UTC 2026","passed","Fri Jul 10 00:06:03 UTC 2026","","eu.esdihumboldt.hale.common.schema.groovy.constraints.EnumerationFactoryTest","eu.esdihumboldt.hale.common.schema.groovy.constraints.EnumerationFactoryTest","testRange"
"","6","testNestedListMap2","","Fri Jul 10 00:17:02 UTC 2026","passed","Fri Jul 10 00:17:02 UTC 2026","","eu.esdihumboldt.util.groovy.json.JsonStreamBuilderTest","eu.esdihumboldt.util.groovy.json.JsonStreamBuilderTest","testNestedListMap2"
"","0","testIterateLess","","Fri Jul 10 00:04:21 UTC 2026","passed","Fri Jul 10 00:04:21 UTC 2026","","eu.esdihumboldt.hale.common.instance.tools.impl.SimplePartitionerTest","eu.esdihumboldt.hale.common.instance.tools.impl.SimplePartitionerTest","testIterateLess"
"","5","testLoopArrayTypeSafe","","Fri Jul 10 00:17:02 UTC 2026","passed","Fri Jul 10 00:17:02 UTC 2026","","eu.esdihumboldt.util.groovy.json.JsonStreamBuilderTest","eu.esdihumboldt.util.groovy.json.JsonStreamBuilderTest","testLoopArrayTypeSafe"
"","5","testSimpleAll","","Fri Jul 10 00:06:02 UTC 2026","passed","Fri Jul 10 00:06:02 UTC 2026","","eu.esdihumboldt.hale.common.schema.groovy.DefinitionAccessorTest","eu.esdihumboldt.hale.common.schema.groovy.DefinitionAccessorTest","testSimpleAll"
"","0","testInstanceExistsSchema","","Fri Jul 10 00:04:09 UTC 2026","skipped","Fri Jul 10 00:04:09 UTC 2026","","eu.esdihumboldt.hale.common.filter.ECQLFilterTest","eu.esdihumboldt.hale.common.filter.ECQLFilterTest","testInstanceExistsSchema"
"","5","testLoad","","Fri Jul 10 00:16:16 UTC 2026","passed","Fri Jul 10 00:16:16 UTC 2026","","eu.esdihumboldt.hale.io.xsd.anytype.valuetypes.CustomTypeContentConfigurationTypeTest","eu.esdihumboldt.hale.io.xsd.anytype.valuetypes.CustomTypeContentConfigurationTypeTest","testLoad"
"","3","testByPoints1","","Fri Jul 10 00:16:45 UTC 2026","passed","Fri Jul 10 00:16:45 UTC 2026","","eu.esdihumboldt.util.geometry.interpolation.grid.GridInterpolationTest","eu.esdihumboldt.util.geometry.interpolation.grid.GridInterpolationTest","testByPoints1"
"","2","testTrueFalse","","Fri Jul 10 00:06:03 UTC 2026","passed","Fri Jul 10 00:06:03 UTC 2026","","eu.esdihumboldt.hale.common.schema.groovy.constraints.ChoiceFactoryTest","eu.esdihumboldt.hale.common.schema.groovy.constraints.ChoiceFactoryTest","testTrueFalse"
"","2","testNested","","Fri Jul 10 00:16:38 UTC 2026","passed","Fri Jul 10 00:16:38 UTC 2026","","eu.esdihumboldt.util.config.ConfigMergerTest","eu.esdihumboldt.util.config.ConfigMergerTest","testNested"
"","3","testStringCompare","","Fri Jul 10 00:04:09 UTC 2026","passed","Fri Jul 10 00:04:09 UTC 2026","","eu.esdihumboldt.hale.common.filter.ECQLFilterTest","eu.esdihumboldt.hale.common.filter.ECQLFilterTest","testStringCompare"
"","4548","testWriteRead","","Fri Jul 10 00:12:59 UTC 2026","passed","Fri Jul 10 00:13:04 UTC 2026","","eu.esdihumboldt.hale.io.jdbc.postgresql.test.OneDimensionalArraysIT","eu.esdihumboldt.hale.io.jdbc.postgresql.test.OneDimensionalArraysIT","testWriteRead"
"","90","testDupeAssign","","Fri Jul 10 00:07:10 UTC 2026","passed","Fri Jul 10 00:07:10 UTC 2026","","eu.esdihumboldt.cst.internal.ConceptualSchemaTransformerTest","eu.esdihumboldt.cst.internal.ConceptualSchemaTransformerTest","testDupeAssign"
"","31","testGmlOverflow","","Fri Jul 10 00:04:38 UTC 2026","passed","Fri Jul 10 00:04:38 UTC 2026","","eu.esdihumboldt.hale.common.instance.graph.test.ReferenceGraphTest","eu.esdihumboldt.hale.common.instance.graph.test.ReferenceGraphTest","testGmlOverflow"
"","4","testSKOSFromRDF1","","Fri Jul 10 00:08:36 UTC 2026","passed","Fri Jul 10 00:08:36 UTC 2026","","eu.esdihumboldt.hale.io.codelist.skos.test.SkosCodeListTest","eu.esdihumboldt.hale.io.codelist.skos.test.SkosCodeListTest","testSKOSFromRDF1"
"","104","testMergeWithoutAdditionalProp","","Fri Jul 10 00:07:09 UTC 2026","passed","Fri Jul 10 00:07:09 UTC 2026","","eu.esdihumboldt.cst.internal.ConceptualSchemaTransformerTest","eu.esdihumboldt.cst.internal.ConceptualSchemaTransformerTest","testMergeWithoutAdditionalProp"
"","1","testLargeArc","","Fri Jul 10 00:16:45 UTC 2026","passed","Fri Jul 10 00:16:45 UTC 2026","","eu.esdihumboldt.util.geometry.interpolation.model.impl.ArcByPointsImplTest","eu.esdihumboldt.util.geometry.interpolation.model.impl.ArcByPointsImplTest","testLargeArc"
"","357","testGeometryAggregate_32_MultiPoint","","Fri Jul 10 00:10:56 UTC 2026","passed","Fri Jul 10 00:10:56 UTC 2026","","eu.esdihumboldt.hale.io.gml.writer.internal.StreamGmlWriterTest","eu.esdihumboldt.hale.io.gml.writer.internal.StreamGmlWriterTest","testGeometryAggregate_32_MultiPoint"
"","2","testPrimitive","","Fri Jul 10 00:05:45 UTC 2026","passed","Fri Jul 10 00:05:45 UTC 2026","","eu.esdihumboldt.hale.common.schema.model.constraint.factory.type.BindingFactoryTest","eu.esdihumboldt.hale.common.schema.model.constraint.factory.type.BindingFactoryTest","testPrimitive"
"","5","testUnbounded","","Fri Jul 10 00:05:45 UTC 2026","passed","Fri Jul 10 00:05:45 UTC 2026","","eu.esdihumboldt.hale.common.schema.model.constraint.factory.property.CardinalityFactoryTest","eu.esdihumboldt.hale.common.schema.model.constraint.factory.property.CardinalityFactoryTest","testUnbounded"
"","3","testNullProperties","","Fri Jul 10 00:04:53 UTC 2026","passed","Fri Jul 10 00:04:53 UTC 2026","","eu.esdihumboldt.hale.common.instance.groovy.InstanceAccessorTest","eu.esdihumboldt.hale.common.instance.groovy.InstanceAccessorTest","testNullProperties"
"","1","testGeoCross","","Fri Jul 10 00:04:08 UTC 2026","skipped","Fri Jul 10 00:04:08 UTC 2026","","eu.esdihumboldt.hale.common.filter.CQLFilterTest","eu.esdihumboldt.hale.common.filter.CQLFilterTest","testGeoCross"
"","161","testTypeFilter2","","Fri Jul 10 00:03:10 UTC 2026","passed","Fri Jul 10 00:03:10 UTC 2026","","eu.esdihumboldt.hale.common.align.merge.test.impl.DefaultMergeCellMigratorTest","eu.esdihumboldt.hale.common.align.merge.test.impl.DefaultMergeCellMigratorTest","testTypeFilter2"
"","0","testUnifyHoles","","Fri Jul 10 00:16:44 UTC 2026","passed","Fri Jul 10 00:16:44 UTC 2026","","eu.esdihumboldt.util.geometry.WindingOrderTest","eu.esdihumboldt.util.geometry.WindingOrderTest","testUnifyHoles"
"","0","testGeoJsonSimple","","Fri Jul 10 00:13:49 UTC 2026","skipped","Fri Jul 10 00:13:49 UTC 2026","","eu.esdihumboldt.hale.io.json.test.InstanceToJsonTest","eu.esdihumboldt.hale.io.json.test.InstanceToJsonTest","testGeoJsonSimple"
"","3057","testFiltersForMultiType","","Fri Jul 10 00:02:03 UTC 2026","passed","Fri Jul 10 00:02:06 UTC 2026","","eu.esdihumboldt.hale.app.transform.test.ExecuteTest","eu.esdihumboldt.hale.app.transform.test.ExecuteTest","testFiltersForMultiType"
"","10","testJsonSimple","","Fri Jul 10 00:13:49 UTC 2026","passed","Fri Jul 10 00:13:49 UTC 2026","","eu.esdihumboldt.hale.io.json.test.InstanceToJsonTest","eu.esdihumboldt.hale.io.json.test.InstanceToJsonTest","testJsonSimple"
"","201","testWriteRead","","Fri Jul 10 00:06:19 UTC 2026","passed","Fri Jul 10 00:06:19 UTC 2026","","eu.esdihumboldt.hale.common.schema.persist.hsd.test.json.HaleSchemaWriterJsonTest","eu.esdihumboldt.hale.common.schema.persist.hsd.test.json.HaleSchemaWriterJsonTest","testWriteRead"
"","0","testLimit","","Fri Jul 10 00:03:53 UTC 2026","passed","Fri Jul 10 00:03:53 UTC 2026","","eu.esdihumboldt.hale.common.core.io.supplier.LookupStreamResourceTest","eu.esdihumboldt.hale.common.core.io.supplier.LookupStreamResourceTest","testLimit"
"","72","testWriteSimpleSchema","","Fri Jul 10 00:08:58 UTC 2026","passed","Fri Jul 10 00:08:58 UTC 2026","","eu.esdihumboldt.hale.io.csv.writer.CSVInstanceWriterTest","eu.esdihumboldt.hale.io.csv.writer.CSVInstanceWriterTest","testWriteSimpleSchema"
"","24","testReadXsdInstancesTypenameAmbiguousLocalNameWithNamespace","","Fri Jul 10 00:14:53 UTC 2026","passed","Fri Jul 10 00:14:53 UTC 2026","","eu.esdihumboldt.hale.io.shp.ShapeInstanceReaderTest","eu.esdihumboldt.hale.io.shp.ShapeInstanceReaderTest","testReadXsdInstancesTypenameAmbiguousLocalNameWithNamespace"
"","27","testBothWays","","Fri Jul 10 00:16:16 UTC 2026","passed","Fri Jul 10 00:16:16 UTC 2026","","eu.esdihumboldt.hale.io.xsd.anytype.valuetypes.CustomTypeContentConfigurationTypeTest","eu.esdihumboldt.hale.io.xsd.anytype.valuetypes.CustomTypeContentConfigurationTypeTest","testBothWays"
"","3","testEqualityList","","Fri Jul 10 00:04:09 UTC 2026","passed","Fri Jul 10 00:04:09 UTC 2026","","eu.esdihumboldt.hale.common.filter.ECQLFilterTest","eu.esdihumboldt.hale.common.filter.ECQLFilterTest","testEqualityList"
"","0","testFileRelative1","","Fri Jul 10 00:16:16 UTC 2026","passed","Fri Jul 10 00:16:16 UTC 2026","","eu.esdihumboldt.hale.io.xsd.reader.HumboldtURIResolverTest","eu.esdihumboldt.hale.io.xsd.reader.HumboldtURIResolverTest","testFileRelative1"
"","9609","testWriteRead","","Fri Jul 10 00:07:18 UTC 2026","passed","Fri Jul 10 00:07:27 UTC 2026","","eu.esdihumboldt.cst.functions.custom.test.internal.DefaultCustomPropertyFunctionTypeTest","eu.esdihumboldt.cst.functions.custom.test.internal.DefaultCustomPropertyFunctionTypeTest","testWriteRead"
"","71","testFormatstring","","Fri Jul 10 00:07:11 UTC 2026","passed","Fri Jul 10 00:07:11 UTC 2026","","eu.esdihumboldt.cst.internal.ConceptualSchemaTransformerTest","eu.esdihumboldt.cst.internal.ConceptualSchemaTransformerTest","testFormatstring"
"","96","testMergeComplexPropKey","","Fri Jul 10 00:07:09 UTC 2026","passed","Fri Jul 10 00:07:09 UTC 2026","","eu.esdihumboldt.cst.internal.ConceptualSchemaTransformerTest","eu.esdihumboldt.cst.internal.ConceptualSchemaTransformerTest","testMergeComplexPropKey"
"","51","testCardinalityMove","","Fri Jul 10 00:07:11 UTC 2026","passed","Fri Jul 10 00:07:11 UTC 2026","","eu.esdihumboldt.cst.internal.ConceptualSchemaTransformerTest","eu.esdihumboldt.cst.internal.ConceptualSchemaTransformerTest","testCardinalityMove"
"","24","testReadPointGeoJson","","Fri Jul 10 00:13:51 UTC 2026","passed","Fri Jul 10 00:13:51 UTC 2026","","eu.esdihumboldt.hale.io.json.test.JsonToInstanceTest","eu.esdihumboldt.hale.io.json.test.JsonToInstanceTest","testReadPointGeoJson"
"","4999","testLoadFilterNoDuplicates","","Fri Jul 10 00:09:42 UTC 2026","passed","Fri Jul 10 00:09:47 UTC 2026","","eu.esdihumboldt.hale.io.gml.reader.internal.GmlInstanceCollectionTest","eu.esdihumboldt.hale.io.gml.reader.internal.GmlInstanceCollectionTest","testLoadFilterNoDuplicates"
"","47","testWriteBigNumbers","","Fri Jul 10 00:09:30 UTC 2026","passed","Fri Jul 10 00:09:30 UTC 2026","","eu.esdihumboldt.hale.io.geopackage.GeopackageInstanceWriterTest","eu.esdihumboldt.hale.io.geopackage.GeopackageInstanceWriterTest","testWriteBigNumbers"
"","110","testLarge","","Fri Jul 10 00:16:45 UTC 2026","passed","Fri Jul 10 00:16:45 UTC 2026","","eu.esdihumboldt.util.geometry.interpolation.grid.GridInterpolationTest","eu.esdihumboldt.util.geometry.interpolation.grid.GridInterpolationTest","testLarge"
"","2078","testComplexInstancesECQL","","Fri Jul 10 00:04:09 UTC 2026","passed","Fri Jul 10 00:04:11 UTC 2026","","eu.esdihumboldt.hale.common.filter.FilterTest","eu.esdihumboldt.hale.common.filter.FilterTest","testComplexInstancesECQL"
"","17","testGmlUnresolvableReferences","","Fri Jul 10 00:04:38 UTC 2026","passed","Fri Jul 10 00:04:38 UTC 2026","","eu.esdihumboldt.hale.common.instance.graph.test.ReferenceGraphTest","eu.esdihumboldt.hale.common.instance.graph.test.ReferenceGraphTest","testGmlUnresolvableReferences"
"","796","simpleSchemaTestCQL","","Fri Jul 10 00:04:11 UTC 2026","passed","Fri Jul 10 00:04:12 UTC 2026","","eu.esdihumboldt.hale.common.filter.FilterTest","eu.esdihumboldt.hale.common.filter.FilterTest","simpleSchemaTestCQL"
"","2","testNamespaceIndexChildContext","","Fri Jul 10 00:02:46 UTC 2026","passed","Fri Jul 10 00:02:46 UTC 2026","","eu.esdihumboldt.hale.common.align.groovy.accessor.EntityAccessorTest","eu.esdihumboldt.hale.common.align.groovy.accessor.EntityAccessorTest","testNamespaceIndexChildContext"
"","3","testGetReferencesSimple","","Fri Jul 10 00:04:09 UTC 2026","passed","Fri Jul 10 00:04:09 UTC 2026","","eu.esdihumboldt.hale.common.filter.ECQLFilterTest","eu.esdihumboldt.hale.common.filter.ECQLFilterTest","testGetReferencesSimple"
"","9174","testEqualitySimple","","Fri Jul 10 00:03:58 UTC 2026","passed","Fri Jul 10 00:04:07 UTC 2026","","eu.esdihumboldt.hale.common.filter.CQLFilterTest","eu.esdihumboldt.hale.common.filter.CQLFilterTest","testEqualitySimple"
"","1","testCCW","","Fri Jul 10 00:16:45 UTC 2026","passed","Fri Jul 10 00:16:45 UTC 2026","","eu.esdihumboldt.util.geometry.interpolation.model.impl.ArcByPointsImplTest","eu.esdihumboldt.util.geometry.interpolation.model.impl.ArcByPointsImplTest","testCCW"
"","4","testEnabled","","Fri Jul 10 00:05:45 UTC 2026","passed","Fri Jul 10 00:05:45 UTC 2026","","eu.esdihumboldt.hale.common.schema.model.constraint.factory.property.UniqueConstraintFactoryTest","eu.esdihumboldt.hale.common.schema.model.constraint.factory.property.UniqueConstraintFactoryTest","testEnabled"
"","52","testNestedObjects","","Fri Jul 10 00:17:02 UTC 2026","passed","Fri Jul 10 00:17:02 UTC 2026","","eu.esdihumboldt.util.groovy.json.JsonStreamBuilderTest","eu.esdihumboldt.util.groovy.json.JsonStreamBuilderTest","testNestedObjects"
"","4","testAfter","","Fri Jul 10 00:04:09 UTC 2026","passed","Fri Jul 10 00:04:09 UTC 2026","","eu.esdihumboldt.hale.common.filter.ECQLFilterTest","eu.esdihumboldt.hale.common.filter.ECQLFilterTest","testAfter"
"","3","testNumberString","","Fri Jul 10 00:04:09 UTC 2026","passed","Fri Jul 10 00:04:09 UTC 2026","","eu.esdihumboldt.hale.common.filter.CQLFilterTest","eu.esdihumboldt.hale.common.filter.CQLFilterTest","testNumberString"
"","4","testSerializeCompact","","Fri Jul 10 00:17:01 UTC 2026","passed","Fri Jul 10 00:17:01 UTC 2026","","eu.esdihumboldt.util.groovy.collector.StatsCollectorTest","eu.esdihumboldt.util.groovy.collector.StatsCollectorTest","testSerializeCompact"
"","10","testBinding","","Fri Jul 10 00:05:45 UTC 2026","passed","Fri Jul 10 00:05:45 UTC 2026","","eu.esdihumboldt.hale.common.schema.model.constraint.factory.type.ElementTypeFactoryTest","eu.esdihumboldt.hale.common.schema.model.constraint.factory.type.ElementTypeFactoryTest","testBinding"
"","43","testSimpleSchemaNames","","Fri Jul 10 00:06:02 UTC 2026","passed","Fri Jul 10 00:06:03 UTC 2026","","eu.esdihumboldt.hale.common.schema.groovy.SchemaBuilderTest","eu.esdihumboldt.hale.common.schema.groovy.SchemaBuilderTest","testSimpleSchemaNames"
"","21","testReadNestedGeometry","","Fri Jul 10 00:13:52 UTC 2026","passed","Fri Jul 10 00:13:52 UTC 2026","","eu.esdihumboldt.hale.io.json.test.JsonToInstanceTest","eu.esdihumboldt.hale.io.json.test.JsonToInstanceTest","testReadNestedGeometry"
"","341","testGeometryAggregate_32_MultiLineString","","Fri Jul 10 00:10:55 UTC 2026","passed","Fri Jul 10 00:10:55 UTC 2026","","eu.esdihumboldt.hale.io.gml.writer.internal.StreamGmlWriterTest","eu.esdihumboldt.hale.io.gml.writer.internal.StreamGmlWriterTest","testGeometryAggregate_32_MultiLineString"
"","0","testExistsNoSchema","","Fri Jul 10 00:04:09 UTC 2026","skipped","Fri Jul 10 00:04:09 UTC 2026","","eu.esdihumboldt.hale.common.filter.CQLFilterTest","eu.esdihumboldt.hale.common.filter.CQLFilterTest","testExistsNoSchema"
"","74","testCardinalityMerge_1","","Fri Jul 10 00:07:09 UTC 2026","passed","Fri Jul 10 00:07:10 UTC 2026","","eu.esdihumboldt.cst.internal.ConceptualSchemaTransformerTest","eu.esdihumboldt.cst.internal.ConceptualSchemaTransformerTest","testCardinalityMerge_1"
"","23","testGeom","","Fri Jul 10 00:05:45 UTC 2026","passed","Fri Jul 10 00:05:45 UTC 2026","","eu.esdihumboldt.hale.common.schema.model.constraint.factory.type.GeometryTypeFactoryTest","eu.esdihumboldt.hale.common.schema.model.constraint.factory.type.GeometryTypeFactoryTest","testGeom"
"","0","testOrder","","Fri Jul 10 00:16:22 UTC 2026","passed","Fri Jul 10 00:16:22 UTC 2026","","eu.esdihumboldt.util.DependencyOrderedListTest","eu.esdihumboldt.util.DependencyOrderedListTest","testOrder"
"","115","testWriteFeaturesPrimaryKey","","Fri Jul 10 00:09:30 UTC 2026","passed","Fri Jul 10 00:09:30 UTC 2026","","eu.esdihumboldt.hale.io.geopackage.GeopackageInstanceWriterTest","eu.esdihumboldt.hale.io.geopackage.GeopackageInstanceWriterTest","testWriteFeaturesPrimaryKey"
"","0","testSimpleContentAttribute","","Fri Jul 10 00:07:09 UTC 2026","skipped","Fri Jul 10 00:07:09 UTC 2026","","eu.esdihumboldt.cst.internal.ConceptualSchemaTransformerTest","eu.esdihumboldt.cst.internal.ConceptualSchemaTransformerTest","testSimpleContentAttribute"
"","3387","testArgsFileForHydro","","Fri Jul 10 00:02:00 UTC 2026","passed","Fri Jul 10 00:02:03 UTC 2026","","eu.esdihumboldt.hale.app.transform.test.ExecuteTest","eu.esdihumboldt.hale.app.transform.test.ExecuteTest","testArgsFileForHydro"
"","1","testDefault","","Fri Jul 10 00:05:45 UTC 2026","passed","Fri Jul 10 00:05:45 UTC 2026","","eu.esdihumboldt.hale.common.schema.model.constraint.factory.type.HasValueFlagFactoryTest","eu.esdihumboldt.hale.common.schema.model.constraint.factory.type.HasValueFlagFactoryTest","testDefault"
"","306","testDoesNotExistSchema","","Fri Jul 10 00:04:08 UTC 2026","passed","Fri Jul 10 00:04:09 UTC 2026","","eu.esdihumboldt.hale.common.filter.CQLFilterTest","eu.esdihumboldt.hale.common.filter.CQLFilterTest","testDoesNotExistSchema"
"","38","testOffsetBig","","Fri Jul 10 00:16:45 UTC 2026","passed","Fri Jul 10 00:16:45 UTC 2026","","eu.esdihumboldt.util.geometry.interpolation.grid.GridInterpolationTest","eu.esdihumboldt.util.geometry.interpolation.grid.GridInterpolationTest","testOffsetBig"
"","3","testLikeNoSchema","","Fri Jul 10 00:04:09 UTC 2026","passed","Fri Jul 10 00:04:09 UTC 2026","","eu.esdihumboldt.hale.common.filter.CQLFilterTest","eu.esdihumboldt.hale.common.filter.CQLFilterTest","testLikeNoSchema"
"","409","testInspireReferenceAppInfo","","Fri Jul 10 00:16:17 UTC 2026","passed","Fri Jul 10 00:16:18 UTC 2026","","eu.esdihumboldt.hale.io.xsd.reader.XmlSchemaReaderMoreTest","eu.esdihumboldt.hale.io.xsd.reader.XmlSchemaReaderMoreTest","testInspireReferenceAppInfo"
"","27","testValueMap","","Fri Jul 10 00:03:52 UTC 2026","passed","Fri Jul 10 00:03:52 UTC 2026","","eu.esdihumboldt.hale.common.core.io.impl.ValueMapTypeTest","eu.esdihumboldt.hale.common.core.io.impl.ValueMapTypeTest","testValueMap"
"","9","testEnabled","","Fri Jul 10 00:05:45 UTC 2026","passed","Fri Jul 10 00:05:45 UTC 2026","","eu.esdihumboldt.hale.common.schema.model.constraint.factory.type.AugmentedValueFlagFactoryTest","eu.esdihumboldt.hale.common.schema.model.constraint.factory.type.AugmentedValueFlagFactoryTest","testEnabled"
"","130","testFilterSame5","","Fri Jul 10 00:03:09 UTC 2026","passed","Fri Jul 10 00:03:09 UTC 2026","","eu.esdihumboldt.hale.common.align.merge.test.impl.DefaultMergeCellMigratorTest","eu.esdihumboldt.hale.common.align.merge.test.impl.DefaultMergeCellMigratorTest","testFilterSame5"
"","1302","testReadXsdInstancesResultPrefix1","","Fri Jul 10 00:14:50 UTC 2026","passed","Fri Jul 10 00:14:51 UTC 2026","","eu.esdihumboldt.hale.io.shp.ShapeInstanceReaderTest","eu.esdihumboldt.hale.io.shp.ShapeInstanceReaderTest","testReadXsdInstancesResultPrefix1"
"","2","testNumberBetween","","Fri Jul 10 00:04:09 UTC 2026","passed","Fri Jul 10 00:04:09 UTC 2026","","eu.esdihumboldt.hale.common.filter.ECQLFilterTest","eu.esdihumboldt.hale.common.filter.ECQLFilterTest","testNumberBetween"
"","7","testReadPoint","","Fri Jul 10 00:13:51 UTC 2026","passed","Fri Jul 10 00:13:51 UTC 2026","","eu.esdihumboldt.hale.io.json.test.JsonToInstanceTest","eu.esdihumboldt.hale.io.json.test.JsonToInstanceTest","testReadPoint"
"","16","testNestedDefaultProperties","","Fri Jul 10 00:06:03 UTC 2026","passed","Fri Jul 10 00:06:03 UTC 2026","","eu.esdihumboldt.hale.common.schema.groovy.SchemaBuilderTest","eu.esdihumboldt.hale.common.schema.groovy.SchemaBuilderTest","testNestedDefaultProperties"
"","1","testNestedKey","","Fri Jul 10 00:16:38 UTC 2026","passed","Fri Jul 10 00:16:38 UTC 2026","","eu.esdihumboldt.util.config.ConfigTest","eu.esdihumboldt.util.config.ConfigTest","testNestedKey"
"","116","testRetypeConditionRenameTypeFilteredTranslated","","Fri Jul 10 00:03:15 UTC 2026","passed","Fri Jul 10 00:03:16 UTC 2026","","eu.esdihumboldt.hale.common.align.merge.test.impl.JoinRetainConditionsTest","eu.esdihumboldt.hale.common.align.merge.test.impl.JoinRetainConditionsTest","testRetypeConditionRenameTypeFilteredTranslated"
"","0","testLimit2","","Fri Jul 10 00:03:53 UTC 2026","passed","Fri Jul 10 00:03:53 UTC 2026","","eu.esdihumboldt.hale.common.core.io.supplier.LookupStreamResourceTest","eu.esdihumboldt.hale.common.core.io.supplier.LookupStreamResourceTest","testLimit2"
"","139","testMultiResult2","","Fri Jul 10 00:07:02 UTC 2026","passed","Fri Jul 10 00:07:02 UTC 2026","","eu.esdihumboldt.cst.internal.ConceptualSchemaTransformerTest","eu.esdihumboldt.cst.internal.ConceptualSchemaTransformerTest","testMultiResult2"
"","74","testTemplate","","Fri Jul 10 00:02:31 UTC 2026","passed","Fri Jul 10 00:02:31 UTC 2026","","eu.esdihumboldt.hale.common.align.model.impl.mdexpl.MarkdownCellExplanationTest","eu.esdihumboldt.hale.common.align.model.impl.mdexpl.MarkdownCellExplanationTest","testTemplate"
"","1570","testAppInfo","","Fri Jul 10 00:16:16 UTC 2026","passed","Fri Jul 10 00:16:17 UTC 2026","","eu.esdihumboldt.hale.io.xsd.reader.XmlSchemaReaderMoreTest","eu.esdihumboldt.hale.io.xsd.reader.XmlSchemaReaderMoreTest","testAppInfo"
"","28","testAlias","","Fri Jul 10 00:11:38 UTC 2026","passed","Fri Jul 10 00:11:38 UTC 2026","","eu.esdihumboldt.hale.io.jdbc.test.constraints.factory.GeometryMetadataFactoryTest","eu.esdihumboldt.hale.io.jdbc.test.constraints.factory.GeometryMetadataFactoryTest","testAlias"
"","177","testValueMapJson","","Fri Jul 10 00:03:52 UTC 2026","passed","Fri Jul 10 00:03:52 UTC 2026","","eu.esdihumboldt.hale.common.core.io.impl.ValueMapTypeTest","eu.esdihumboldt.hale.common.core.io.impl.ValueMapTypeTest","testValueMapJson"
"","0","testHttpAbsolute1","","Fri Jul 10 00:16:16 UTC 2026","passed","Fri Jul 10 00:16:16 UTC 2026","","eu.esdihumboldt.hale.io.xsd.reader.HumboldtURIResolverTest","eu.esdihumboldt.hale.io.xsd.reader.HumboldtURIResolverTest","testHttpAbsolute1"
"","4","test90Deegrees","","Fri Jul 10 00:16:45 UTC 2026","passed","Fri Jul 10 00:16:45 UTC 2026","","eu.esdihumboldt.util.geometry.interpolation.grid.GridInterpolationTest","eu.esdihumboldt.util.geometry.interpolation.grid.GridInterpolationTest","test90Deegrees"
"","3","testNullSchema","","Fri Jul 10 00:04:09 UTC 2026","passed","Fri Jul 10 00:04:09 UTC 2026","","eu.esdihumboldt.hale.common.filter.ECQLFilterTest","eu.esdihumboldt.hale.common.filter.ECQLFilterTest","testNullSchema"
"","12153","testNestingAll","","Fri Jul 10 00:05:50 UTC 2026","passed","Fri Jul 10 00:06:02 UTC 2026","","eu.esdihumboldt.hale.common.schema.groovy.DefinitionAccessorTest","eu.esdihumboldt.hale.common.schema.groovy.DefinitionAccessorTest","testNestingAll"
"","64","testRun","","Fri Jul 10 00:11:11 UTC 2026","passed","Fri Jul 10 00:11:11 UTC 2026","","eu.esdihumboldt.hale.io.groovy.snippets.GroovySnippetsTest","eu.esdihumboldt.hale.io.groovy.snippets.GroovySnippetsTest","testRun"
"","1","testTriangleHole","","Fri Jul 10 00:07:47 UTC 2026","passed","Fri Jul 10 00:07:47 UTC 2026","","eu.esdihumboldt.cst.functions.geometric.test.InteriorPointTest","eu.esdihumboldt.cst.functions.geometric.test.InteriorPointTest","testTriangleHole"
"","1549","testShapefileInstanceFromNginxUrlWithoutFixFile","","Fri Jul 10 00:14:51 UTC 2026","passed","Fri Jul 10 00:14:53 UTC 2026","","eu.esdihumboldt.hale.io.shp.ShapeInstanceReaderTest","eu.esdihumboldt.hale.io.shp.ShapeInstanceReaderTest","testShapefileInstanceFromNginxUrlWithoutFixFile"
"","173","testThread","","Fri Jul 10 00:17:26 UTC 2026","passed","Fri Jul 10 00:17:26 UTC 2026","","eu.esdihumboldt.util.orient.embedded.LocalDocumentTest","eu.esdihumboldt.util.orient.embedded.LocalDocumentTest","testThread"
"","1","testSuccessSaveConfig","","Fri Jul 10 00:09:02 UTC 2026","skipped","Fri Jul 10 00:09:02 UTC 2026","","eu.esdihumboldt.hale.io.deegree.mapping.MappingWriterTest","eu.esdihumboldt.hale.io.deegree.mapping.MappingWriterTest","testSuccessSaveConfig"
"","706","testWfsPaginationWithResolvedepth","","Fri Jul 10 00:10:36 UTC 2026","passed","Fri Jul 10 00:10:36 UTC 2026","","eu.esdihumboldt.hale.io.gml.reader.internal.StreamGmlReaderTest","eu.esdihumboldt.hale.io.gml.reader.internal.StreamGmlReaderTest","testWfsPaginationWithResolvedepth"
"","9729","testToFrom","","Fri Jul 10 00:03:42 UTC 2026","passed","Fri Jul 10 00:03:51 UTC 2026","","eu.esdihumboldt.hale.common.core.io.impl.TextTypeJsonTest","eu.esdihumboldt.hale.common.core.io.impl.TextTypeJsonTest","testToFrom"
"","132","testFilterSame6","","Fri Jul 10 00:03:09 UTC 2026","passed","Fri Jul 10 00:03:09 UTC 2026","","eu.esdihumboldt.hale.common.align.merge.test.impl.DefaultMergeCellMigratorTest","eu.esdihumboldt.hale.common.align.merge.test.impl.DefaultMergeCellMigratorTest","testFilterSame6"
"","187","testGroovyWarningMerge","","Fri Jul 10 00:03:09 UTC 2026","passed","Fri Jul 10 00:03:10 UTC 2026","","eu.esdihumboldt.hale.common.align.merge.test.impl.DefaultMergeCellMigratorTest","eu.esdihumboldt.hale.common.align.merge.test.impl.DefaultMergeCellMigratorTest","testGroovyWarningMerge"
"","2","testDefault","","Fri Jul 10 00:05:45 UTC 2026","passed","Fri Jul 10 00:05:45 UTC 2026","","eu.esdihumboldt.hale.common.schema.model.constraint.factory.type.AugmentedValueFlagFactoryTest","eu.esdihumboldt.hale.common.schema.model.constraint.factory.type.AugmentedValueFlagFactoryTest","testDefault"
"","399","testWfsPaginationBasinFeatures","","Fri Jul 10 00:10:33 UTC 2026","passed","Fri Jul 10 00:10:34 UTC 2026","","eu.esdihumboldt.hale.io.gml.reader.internal.StreamGmlReaderTest","eu.esdihumboldt.hale.io.gml.reader.internal.StreamGmlReaderTest","testWfsPaginationBasinFeatures"
"","727","testInvalidMaxNodes","","Fri Jul 10 00:16:45 UTC 2026","passed","Fri Jul 10 00:16:46 UTC 2026","","eu.esdihumboldt.util.geometry.quadtree.QuadtreeTest","eu.esdihumboldt.util.geometry.quadtree.QuadtreeTest","testInvalidMaxNodes"
"","1","testFormatter[8]","","Fri Jul 10 00:16:42 UTC 2026","passed","Fri Jul 10 00:16:42 UTC 2026","","eu.esdihumboldt.util.geometry.DecimalFormatUtilTest","eu.esdihumboldt.util.geometry.DecimalFormatUtilTest","testFormatter[8]"
"","122","mergeJoinsWithJoin_abstract1","","Fri Jul 10 00:03:14 UTC 2026","passed","Fri Jul 10 00:03:14 UTC 2026","","eu.esdihumboldt.hale.common.align.merge.test.impl.JoinMergeTest","eu.esdihumboldt.hale.common.align.merge.test.impl.JoinMergeTest","mergeJoinsWithJoin_abstract1"
"","1726","testMerge","","Fri Jul 10 00:06:58 UTC 2026","passed","Fri Jul 10 00:06:59 UTC 2026","","eu.esdihumboldt.cst.internal.ConceptualSchemaTransformerTest","eu.esdihumboldt.cst.internal.ConceptualSchemaTransformerTest","testMerge"
"","1","testIterate2","","Fri Jul 10 00:04:21 UTC 2026","passed","Fri Jul 10 00:04:21 UTC 2026","","eu.esdihumboldt.hale.common.instance.tools.impl.SimplePartitionerTest","eu.esdihumboldt.hale.common.instance.tools.impl.SimplePartitionerTest","testIterate2"
"","142","testSplitMulti_Singles","","Fri Jul 10 00:07:47 UTC 2026","passed","Fri Jul 10 00:07:47 UTC 2026","","eu.esdihumboldt.cst.functions.geometric.test.GeometryHelperFunctionsTest","eu.esdihumboldt.cst.functions.geometric.test.GeometryHelperFunctionsTest","testSplitMulti_Singles"
"","5","testPath1","","Fri Jul 10 00:05:45 UTC 2026","passed","Fri Jul 10 00:05:45 UTC 2026","","eu.esdihumboldt.hale.common.schema.model.constraint.factory.type.PrimaryKeyFactoryTest","eu.esdihumboldt.hale.common.schema.model.constraint.factory.type.PrimaryKeyFactoryTest","testPath1"
"","3","failTest2","","Fri Jul 10 00:08:48 UTC 2026","passed","Fri Jul 10 00:08:48 UTC 2026","","eu.esdihumboldt.hale.io.csv.CSVSchemaReaderTest","eu.esdihumboldt.hale.io.csv.CSVSchemaReaderTest","failTest2"
"","17813","migrateRenameFormattedString","","Fri Jul 10 00:08:12 UTC 2026","passed","Fri Jul 10 00:08:30 UTC 2026","","eu.esdihumboldt.hale.adv.merge.test.AdVMeasurementMergeTest","eu.esdihumboldt.hale.adv.merge.test.AdVMeasurementMergeTest","migrateRenameFormattedString"
"","12062","testFindPropertyIgnoreNamespace","","Fri Jul 10 00:05:31 UTC 2026","passed","Fri Jul 10 00:05:43 UTC 2026","","eu.esdihumboldt.hale.common.schema.helper.DefinitionResolverTest","eu.esdihumboldt.hale.common.schema.helper.DefinitionResolverTest","testFindPropertyIgnoreNamespace"
"","6","testHalfCircle","","Fri Jul 10 00:16:45 UTC 2026","passed","Fri Jul 10 00:16:45 UTC 2026","","eu.esdihumboldt.util.geometry.interpolation.grid.GridInterpolationTest","eu.esdihumboldt.util.geometry.interpolation.grid.GridInterpolationTest","testHalfCircle"
"","10414","testWriteSimpleSchemaDelimiter","","Fri Jul 10 00:08:48 UTC 2026","passed","Fri Jul 10 00:08:58 UTC 2026","","eu.esdihumboldt.hale.io.csv.writer.CSVInstanceWriterTest","eu.esdihumboldt.hale.io.csv.writer.CSVInstanceWriterTest","testWriteSimpleSchemaDelimiter"
"","0","testCenter","","Fri Jul 10 00:16:45 UTC 2026","passed","Fri Jul 10 00:16:45 UTC 2026","","eu.esdihumboldt.util.geometry.interpolation.grid.GridUtilTest","eu.esdihumboldt.util.geometry.interpolation.grid.GridUtilTest","testCenter"
"","4","testGeoBboxList","","Fri Jul 10 00:04:09 UTC 2026","passed","Fri Jul 10 00:04:09 UTC 2026","","eu.esdihumboldt.hale.common.filter.ECQLFilterTest","eu.esdihumboldt.hale.common.filter.ECQLFilterTest","testGeoBboxList"
"","27","testRead_definitive_attributegroup","","Fri Jul 10 00:16:18 UTC 2026","passed","Fri Jul 10 00:16:18 UTC 2026","","eu.esdihumboldt.hale.io.xsd.reader.XmlSchemaReaderTest","eu.esdihumboldt.hale.io.xsd.reader.XmlSchemaReaderTest","testRead_definitive_attributegroup"
"","16493","testUnconditionalFilterForHydro","","Fri Jul 10 00:00:43 UTC 2026","passed","Fri Jul 10 00:01:00 UTC 2026","","eu.esdihumboldt.hale.app.transform.test.ExecuteTest","eu.esdihumboldt.hale.app.transform.test.ExecuteTest","testUnconditionalFilterForHydro"
"","8","testReadInteger","","Fri Jul 10 00:13:52 UTC 2026","passed","Fri Jul 10 00:13:52 UTC 2026","","eu.esdihumboldt.hale.io.json.test.JsonToInstanceTest","eu.esdihumboldt.hale.io.json.test.JsonToInstanceTest","testReadInteger"
"","2607","testReadXsdInstances","","Fri Jul 10 00:14:37 UTC 2026","passed","Fri Jul 10 00:14:39 UTC 2026","","eu.esdihumboldt.hale.io.shp.ShapeInstanceReaderTest","eu.esdihumboldt.hale.io.shp.ShapeInstanceReaderTest","testReadXsdInstances"
"","1","testCCW1","","Fri Jul 10 00:16:45 UTC 2026","passed","Fri Jul 10 00:16:45 UTC 2026","","eu.esdihumboldt.util.geometry.interpolation.model.impl.ArcByCenterPointImplTest","eu.esdihumboldt.util.geometry.interpolation.model.impl.ArcByCenterPointImplTest","testCCW1"
"","2","testFixed","","Fri Jul 10 00:06:03 UTC 2026","passed","Fri Jul 10 00:06:03 UTC 2026","","eu.esdihumboldt.hale.common.schema.groovy.constraints.CardinalityFactoryTest","eu.esdihumboldt.hale.common.schema.groovy.constraints.CardinalityFactoryTest","testFixed"
"","5","testPointGeometry","","Fri Jul 10 00:13:51 UTC 2026","passed","Fri Jul 10 00:13:51 UTC 2026","","eu.esdihumboldt.hale.io.json.test.JsonSchemaReaderTest","eu.esdihumboldt.hale.io.json.test.JsonSchemaReaderTest","testPointGeometry"
"","5","testByPoints3","","Fri Jul 10 00:16:45 UTC 2026","passed","Fri Jul 10 00:16:45 UTC 2026","","eu.esdihumboldt.util.geometry.interpolation.split.SplitInterpolationTest","eu.esdihumboldt.util.geometry.interpolation.split.SplitInterpolationTest","testByPoints3"
"","70","testCMUnion4","","Fri Jul 10 00:07:11 UTC 2026","passed","Fri Jul 10 00:07:11 UTC 2026","","eu.esdihumboldt.cst.internal.ConceptualSchemaTransformerTest","eu.esdihumboldt.cst.internal.ConceptualSchemaTransformerTest","testCMUnion4"
"","83","testPropertyJoin","","Fri Jul 10 00:07:11 UTC 2026","passed","Fri Jul 10 00:07:11 UTC 2026","","eu.esdihumboldt.cst.internal.ConceptualSchemaTransformerTest","eu.esdihumboldt.cst.internal.ConceptualSchemaTransformerTest","testPropertyJoin"
"","0","testDirectFail","","Fri Jul 10 00:10:56 UTC 2026","passed","Fri Jul 10 00:10:56 UTC 2026","","eu.esdihumboldt.hale.io.gml.writer.internal.geometry.writers.PatternTest","eu.esdihumboldt.hale.io.gml.writer.internal.geometry.writers.PatternTest","testDirectFail"
"","49","testReadMultiSheetTypeNames","","Fri Jul 10 00:15:59 UTC 2026","passed","Fri Jul 10 00:15:59 UTC 2026","","eu.esdihumboldt.hale.io.xls.test.reader.XLSReaderTest","eu.esdihumboldt.hale.io.xls.test.reader.XLSReaderTest","testReadMultiSheetTypeNames"
"","4","testJsonBuilderRawJson","","Fri Jul 10 00:17:02 UTC 2026","passed","Fri Jul 10 00:17:02 UTC 2026","","eu.esdihumboldt.util.groovy.json.JsonStreamBuilderTest","eu.esdihumboldt.util.groovy.json.JsonStreamBuilderTest","testJsonBuilderRawJson"
"","164","testTypeFilter6Present","","Fri Jul 10 00:03:11 UTC 2026","passed","Fri Jul 10 00:03:11 UTC 2026","","eu.esdihumboldt.hale.common.align.merge.test.impl.DefaultMergeCellMigratorTest","eu.esdihumboldt.hale.common.align.merge.test.impl.DefaultMergeCellMigratorTest","testTypeFilter6Present"
"","0","testRange","","Fri Jul 10 00:06:03 UTC 2026","passed","Fri Jul 10 00:06:03 UTC 2026","","eu.esdihumboldt.hale.common.schema.groovy.constraints.CardinalityFactoryTest","eu.esdihumboldt.hale.common.schema.groovy.constraints.CardinalityFactoryTest","testRange"
"","0","testGeometry_2_LineString","","Fri Jul 10 00:10:51 UTC 2026","skipped","Fri Jul 10 00:10:51 UTC 2026","","eu.esdihumboldt.hale.io.gml.writer.internal.StreamGmlWriterTest","eu.esdihumboldt.hale.io.gml.writer.internal.StreamGmlWriterTest","testGeometry_2_LineString"
"","10","testEnabled","","Fri Jul 10 00:05:45 UTC 2026","passed","Fri Jul 10 00:05:45 UTC 2026","","eu.esdihumboldt.hale.common.schema.model.constraint.factory.type.AbstractFlagFactoryTest","eu.esdihumboldt.hale.common.schema.model.constraint.factory.type.AbstractFlagFactoryTest","testEnabled"
"","3","testByPoints3AllGrid","","Fri Jul 10 00:16:45 UTC 2026","passed","Fri Jul 10 00:16:45 UTC 2026","","eu.esdihumboldt.util.geometry.interpolation.grid.GridInterpolationTest","eu.esdihumboldt.util.geometry.interpolation.grid.GridInterpolationTest","testByPoints3AllGrid"
"","3898","testTransform","","Fri Jul 10 00:02:06 UTC 2026","passed","Fri Jul 10 00:02:10 UTC 2026","","eu.esdihumboldt.hale.app.transform.test.ExecuteTest","eu.esdihumboldt.hale.app.transform.test.ExecuteTest","testTransform"
"","1","testQ1","","Fri Jul 10 00:16:45 UTC 2026","passed","Fri Jul 10 00:16:45 UTC 2026","","eu.esdihumboldt.util.geometry.interpolation.grid.GridUtilTest","eu.esdihumboldt.util.geometry.interpolation.grid.GridUtilTest","testQ1"
"","0","testReverseGroupsKeysBySharedValue","","Fri Jul 10 00:05:11 UTC 2026","passed","Fri Jul 10 00:05:11 UTC 2026","","eu.esdihumboldt.hale.common.lookup.impl.LookupTableImplTest","eu.esdihumboldt.hale.common.lookup.impl.LookupTableImplTest","testReverseGroupsKeysBySharedValue"
"","1","testMerge5","","Fri Jul 10 00:03:53 UTC 2026","passed","Fri Jul 10 00:03:53 UTC 2026","","eu.esdihumboldt.hale.common.core.report.util.StatsMergeTest","eu.esdihumboldt.hale.common.core.report.util.StatsMergeTest","testMerge5"
"","123","testCMMulti2","","Fri Jul 10 00:07:10 UTC 2026","passed","Fri Jul 10 00:07:10 UTC 2026","","eu.esdihumboldt.cst.internal.ConceptualSchemaTransformerTest","eu.esdihumboldt.cst.internal.ConceptualSchemaTransformerTest","testCMMulti2"
"","31","testRead_definitive_groups","","Fri Jul 10 00:16:18 UTC 2026","passed","Fri Jul 10 00:16:18 UTC 2026","","eu.esdihumboldt.hale.io.xsd.reader.XmlSchemaReaderTest","eu.esdihumboldt.hale.io.xsd.reader.XmlSchemaReaderTest","testRead_definitive_groups"
"","4","testGeoJson","","Fri Jul 10 00:13:51 UTC 2026","passed","Fri Jul 10 00:13:51 UTC 2026","","eu.esdihumboldt.hale.io.json.test.JsonSchemaReaderTest","eu.esdihumboldt.hale.io.json.test.JsonSchemaReaderTest","testGeoJson"
"","11559","test1","","Fri Jul 10 00:06:24 UTC 2026","passed","Fri Jul 10 00:06:35 UTC 2026","","eu.esdihumboldt.hale.common.service.helper.test.PopulationCountTest","eu.esdihumboldt.hale.common.service.helper.test.PopulationCountTest","test1"
"","0","testDuringList","","Fri Jul 10 00:04:08 UTC 2026","skipped","Fri Jul 10 00:04:08 UTC 2026","","eu.esdihumboldt.hale.common.filter.CQLFilterTest","eu.esdihumboldt.hale.common.filter.CQLFilterTest","testDuringList"
"","44","testGmlReferencesMultiPart","","Fri Jul 10 00:04:38 UTC 2026","passed","Fri Jul 10 00:04:38 UTC 2026","","eu.esdihumboldt.hale.common.instance.graph.test.ReferenceGraphTest","eu.esdihumboldt.hale.common.instance.graph.test.ReferenceGraphTest","testGmlReferencesMultiPart"
"","249","mergeJoinGroovyRetype","","Fri Jul 10 00:03:13 UTC 2026","passed","Fri Jul 10 00:03:13 UTC 2026","","eu.esdihumboldt.hale.common.align.merge.test.impl.GroovyRetypeMergeTest","eu.esdihumboldt.hale.common.align.merge.test.impl.GroovyRetypeMergeTest","mergeJoinGroovyRetype"
"","30","testRead_definitive_choice","","Fri Jul 10 00:16:18 UTC 2026","passed","Fri Jul 10 00:16:18 UTC 2026","","eu.esdihumboldt.hale.io.xsd.reader.XmlSchemaReaderTest","eu.esdihumboldt.hale.io.xsd.reader.XmlSchemaReaderTest","testRead_definitive_choice"
"","2","testValuePropertiesListJson","","Fri Jul 10 00:03:52 UTC 2026","passed","Fri Jul 10 00:03:52 UTC 2026","","eu.esdihumboldt.hale.common.core.io.impl.ValuePropertiesTypeTest","eu.esdihumboldt.hale.common.core.io.impl.ValuePropertiesTypeTest","testValuePropertiesListJson"
"","6793","testNumbers","","Fri Jul 10 00:10:44 UTC 2026","passed","Fri Jul 10 00:10:51 UTC 2026","","eu.esdihumboldt.hale.io.gml.writer.internal.StreamGmlWriter2Test","eu.esdihumboldt.hale.io.gml.writer.internal.StreamGmlWriter2Test","testNumbers"
"","1","testFormatter[7]","","Fri Jul 10 00:16:42 UTC 2026","passed","Fri Jul 10 00:16:42 UTC 2026","","eu.esdihumboldt.util.geometry.DecimalFormatUtilTest","eu.esdihumboldt.util.geometry.DecimalFormatUtilTest","testFormatter[7]"
"","0","testFindLines","","Fri Jul 10 00:07:47 UTC 2026","passed","Fri Jul 10 00:07:47 UTC 2026","","eu.esdihumboldt.cst.functions.geometric.test.GeometryHelperFunctionsTest","eu.esdihumboldt.cst.functions.geometric.test.GeometryHelperFunctionsTest","testFindLines"
"","8","testCycle","","Fri Jul 10 00:16:21 UTC 2026","passed","Fri Jul 10 00:16:21 UTC 2026","","eu.esdihumboldt.util.DependencyOrderedListTest","eu.esdihumboldt.util.DependencyOrderedListTest","testCycle"
"","2292","testInspireCodespaceAutoAddDefault","","Fri Jul 10 00:10:38 UTC 2026","passed","Fri Jul 10 00:10:40 UTC 2026","","eu.esdihumboldt.hale.io.gml.writer.internal.StreamGmlWriter2Test","eu.esdihumboldt.hale.io.gml.writer.internal.StreamGmlWriter2Test","testInspireCodespaceAutoAddDefault"
"","0","testGeometryPrimitive_3_Polygon","","Fri Jul 10 00:10:55 UTC 2026","skipped","Fri Jul 10 00:10:55 UTC 2026","","eu.esdihumboldt.hale.io.gml.writer.internal.StreamGmlWriterTest","eu.esdihumboldt.hale.io.gml.writer.internal.StreamGmlWriterTest","testGeometryPrimitive_3_Polygon"
"","6","test90Deegrees","","Fri Jul 10 00:16:45 UTC 2026","passed","Fri Jul 10 00:16:45 UTC 2026","","eu.esdihumboldt.util.geometry.interpolation.split.SplitInterpolationTest","eu.esdihumboldt.util.geometry.interpolation.split.SplitInterpolationTest","test90Deegrees"
"","3","testNotEqualSimple","","Fri Jul 10 00:04:09 UTC 2026","passed","Fri Jul 10 00:04:09 UTC 2026","","eu.esdihumboldt.hale.common.filter.ECQLFilterTest","eu.esdihumboldt.hale.common.filter.ECQLFilterTest","testNotEqualSimple"
"","9743","testSimpleAll","","Fri Jul 10 00:02:36 UTC 2026","passed","Fri Jul 10 00:02:46 UTC 2026","","eu.esdihumboldt.hale.common.align.groovy.accessor.EntityAccessorTest","eu.esdihumboldt.hale.common.align.groovy.accessor.EntityAccessorTest","testSimpleAll"
"","1741","testFromCode","","Fri Jul 10 00:07:45 UTC 2026","passed","Fri Jul 10 00:07:47 UTC 2026","","eu.esdihumboldt.cst.functions.geometric.test.CRSHelperFunctionsTest","eu.esdihumboldt.cst.functions.geometric.test.CRSHelperFunctionsTest","testFromCode"
"","2","testMixedProperty","","Fri Jul 10 00:13:51 UTC 2026","passed","Fri Jul 10 00:13:51 UTC 2026","","eu.esdihumboldt.hale.io.json.test.JsonSchemaReaderTest","eu.esdihumboldt.hale.io.json.test.JsonSchemaReaderTest","testMixedProperty"
"","0","testMethodCallWithNamedArgumentsTypeSafe","","Fri Jul 10 00:17:02 UTC 2026","passed","Fri Jul 10 00:17:02 UTC 2026","","eu.esdihumboldt.util.groovy.json.JsonStreamBuilderTest","eu.esdihumboldt.util.groovy.json.JsonStreamBuilderTest","testMethodCallWithNamedArgumentsTypeSafe"
"","2","testEqualitySimpleNoSchema","","Fri Jul 10 00:04:09 UTC 2026","passed","Fri Jul 10 00:04:09 UTC 2026","","eu.esdihumboldt.hale.common.filter.ECQLFilterTest","eu.esdihumboldt.hale.common.filter.ECQLFilterTest","testEqualitySimpleNoSchema"
"","3","testMultipleProperties","","Fri Jul 10 00:13:51 UTC 2026","passed","Fri Jul 10 00:13:51 UTC 2026","","eu.esdihumboldt.hale.io.json.test.JsonSchemaReaderTest","eu.esdihumboldt.hale.io.json.test.JsonSchemaReaderTest","testMultipleProperties"
"","23","testSinglePolyGeometry","","Fri Jul 10 00:15:00 UTC 2026","passed","Fri Jul 10 00:15:00 UTC 2026","","eu.esdihumboldt.hale.io.shp.ShapefileInstanceWriterTest","eu.esdihumboldt.hale.io.shp.ShapefileInstanceWriterTest","testSinglePolyGeometry"
"","402","testToFrom","","Fri Jul 10 00:02:30 UTC 2026","passed","Fri Jul 10 00:02:30 UTC 2026","","eu.esdihumboldt.hale.common.align.model.functions.join.JoinParameterTest","eu.esdihumboldt.hale.common.align.model.functions.join.JoinParameterTest","testToFrom"
"","79","testNullValue","","Fri Jul 10 00:07:12 UTC 2026","passed","Fri Jul 10 00:07:12 UTC 2026","","eu.esdihumboldt.cst.internal.ConceptualSchemaTransformerTest","eu.esdihumboldt.cst.internal.ConceptualSchemaTransformerTest","testNullValue"
"","0","testReverseSkipsNullValues","","Fri Jul 10 00:05:11 UTC 2026","passed","Fri Jul 10 00:05:11 UTC 2026","","eu.esdihumboldt.hale.common.lookup.impl.LookupTableImplTest","eu.esdihumboldt.hale.common.lookup.impl.LookupTableImplTest","testReverseSkipsNullValues"
"","4","testSchemaLessInstance","","Fri Jul 10 00:04:54 UTC 2026","passed","Fri Jul 10 00:04:54 UTC 2026","","eu.esdihumboldt.hale.common.instance.groovy.InstanceBuilderTest","eu.esdihumboldt.hale.common.instance.groovy.InstanceBuilderTest","testSchemaLessInstance"
"","10650","testSha256_String","","Fri Jul 10 00:07:56 UTC 2026","passed","Fri Jul 10 00:08:07 UTC 2026","","eu.esdihumboldt.cst.functions.groovy.helpers.CryptoHelpersTest","eu.esdihumboldt.cst.functions.groovy.helpers.CryptoHelpersTest","testSha256_String"
"","573","testExportPropertyJoin","","Fri Jul 10 00:11:33 UTC 2026","passed","Fri Jul 10 00:11:34 UTC 2026","","eu.esdihumboldt.hale.io.html.svg.json.JsonMappingExporterTest","eu.esdihumboldt.hale.io.html.svg.json.JsonMappingExporterTest","testExportPropertyJoin"
"","3","testNumberBetween","","Fri Jul 10 00:04:09 UTC 2026","passed","Fri Jul 10 00:04:09 UTC 2026","","eu.esdihumboldt.hale.common.filter.CQLFilterTest","eu.esdihumboldt.hale.common.filter.CQLFilterTest","testNumberBetween"
"","0","testGeometryPrimitive_32_Curve_MultiLineString","","Fri Jul 10 00:10:44 UTC 2026","skipped","Fri Jul 10 00:10:44 UTC 2026","","eu.esdihumboldt.hale.io.gml.writer.internal.StreamGmlWriter2Test","eu.esdihumboldt.hale.io.gml.writer.internal.StreamGmlWriter2Test","testGeometryPrimitive_32_Curve_MultiLineString"
"","86","testSinglePolyGeometryWithLongAttributeNamesWithSingleInstance","","Fri Jul 10 00:14:57 UTC 2026","passed","Fri Jul 10 00:14:57 UTC 2026","","eu.esdihumboldt.hale.io.shp.ShapefileInstanceWriterTest","eu.esdihumboldt.hale.io.shp.ShapefileInstanceWriterTest","testSinglePolyGeometryWithLongAttributeNamesWithSingleInstance"
"","154","testGroovy3","","Fri Jul 10 00:07:01 UTC 2026","passed","Fri Jul 10 00:07:01 UTC 2026","","eu.esdihumboldt.cst.internal.ConceptualSchemaTransformerTest","eu.esdihumboldt.cst.internal.ConceptualSchemaTransformerTest","testGroovy3"
"","219","testCondition1","","Fri Jul 10 00:03:08 UTC 2026","passed","Fri Jul 10 00:03:08 UTC 2026","","eu.esdihumboldt.hale.common.align.merge.test.impl.DefaultMergeCellMigratorTest","eu.esdihumboldt.hale.common.align.merge.test.impl.DefaultMergeCellMigratorTest","testCondition1"
"","6","testByPoints1","","Fri Jul 10 00:16:45 UTC 2026","passed","Fri Jul 10 00:16:45 UTC 2026","","eu.esdihumboldt.util.geometry.interpolation.split.SplitInterpolationTest","eu.esdihumboldt.util.geometry.interpolation.split.SplitInterpolationTest","testByPoints1"
"","4","testWith","","Fri Jul 10 00:07:47 UTC 2026","passed","Fri Jul 10 00:07:47 UTC 2026","","eu.esdihumboldt.cst.functions.geometric.test.GeometryHelperFunctionsTest","eu.esdihumboldt.cst.functions.geometric.test.GeometryHelperFunctionsTest","testWith"
"","0","testInstanceValueExistsSchema","","Fri Jul 10 00:04:08 UTC 2026","skipped","Fri Jul 10 00:04:08 UTC 2026","","eu.esdihumboldt.hale.common.filter.CQLFilterTest","eu.esdihumboldt.hale.common.filter.CQLFilterTest","testInstanceValueExistsSchema"
"","307","testWfsNonPaginated","","Fri Jul 10 00:10:37 UTC 2026","passed","Fri Jul 10 00:10:37 UTC 2026","","eu.esdihumboldt.hale.io.gml.reader.internal.StreamGmlReaderTest","eu.esdihumboldt.hale.io.gml.reader.internal.StreamGmlReaderTest","testWfsNonPaginated"
"","32","testWriteSimpleSchemaColOrder","","Fri Jul 10 00:16:01 UTC 2026","passed","Fri Jul 10 00:16:02 UTC 2026","","eu.esdihumboldt.hale.io.xls.test.writer.XLSInstanceWriterTest","eu.esdihumboldt.hale.io.xls.test.writer.XLSInstanceWriterTest","testWriteSimpleSchemaColOrder"
"","10148","testPersonWriteValidate","","Fri Jul 10 00:06:07 UTC 2026","passed","Fri Jul 10 00:06:17 UTC 2026","","eu.esdihumboldt.hale.common.schema.persist.hsd.test.HaleSchemaWriterTest","eu.esdihumboldt.hale.common.schema.persist.hsd.test.HaleSchemaWriterTest","testPersonWriteValidate"
"","1","testDisabled","","Fri Jul 10 00:05:45 UTC 2026","passed","Fri Jul 10 00:05:45 UTC 2026","","eu.esdihumboldt.hale.common.schema.model.constraint.factory.type.AugmentedValueFlagFactoryTest","eu.esdihumboldt.hale.common.schema.model.constraint.factory.type.AugmentedValueFlagFactoryTest","testDisabled"
"","4","testLikeSchema","","Fri Jul 10 00:04:09 UTC 2026","passed","Fri Jul 10 00:04:09 UTC 2026","","eu.esdihumboldt.hale.common.filter.ECQLFilterTest","eu.esdihumboldt.hale.common.filter.ECQLFilterTest","testLikeSchema"
"","62","testReadMultiSheetDetectType","","Fri Jul 10 00:15:59 UTC 2026","passed","Fri Jul 10 00:15:59 UTC 2026","","eu.esdihumboldt.hale.io.xls.test.reader.XLSReaderTest","eu.esdihumboldt.hale.io.xls.test.reader.XLSReaderTest","testReadMultiSheetDetectType"
"","2","testStandardBuilderStyle","","Fri Jul 10 00:17:02 UTC 2026","passed","Fri Jul 10 00:17:02 UTC 2026","","eu.esdihumboldt.util.groovy.json.JsonStreamBuilderTest","eu.esdihumboldt.util.groovy.json.JsonStreamBuilderTest","testStandardBuilderStyle"
"","1","testObject","","Fri Jul 10 00:05:45 UTC 2026","passed","Fri Jul 10 00:05:45 UTC 2026","","eu.esdihumboldt.hale.common.schema.model.constraint.factory.type.BindingFactoryTest","eu.esdihumboldt.hale.common.schema.model.constraint.factory.type.BindingFactoryTest","testObject"
"","5","testReadSimple","","Fri Jul 10 00:08:48 UTC 2026","passed","Fri Jul 10 00:08:48 UTC 2026","","eu.esdihumboldt.hale.io.csv.CSVInstanceReaderTest","eu.esdihumboldt.hale.io.csv.CSVInstanceReaderTest","testReadSimple"
"","2","testNoBinding","","Fri Jul 10 00:05:45 UTC 2026","passed","Fri Jul 10 00:05:45 UTC 2026","","eu.esdihumboldt.hale.common.schema.model.constraint.factory.type.ElementTypeFactoryTest","eu.esdihumboldt.hale.common.schema.model.constraint.factory.type.ElementTypeFactoryTest","testNoBinding"
"","10","testEnabled","","Fri Jul 10 00:05:45 UTC 2026","passed","Fri Jul 10 00:05:45 UTC 2026","","eu.esdihumboldt.hale.common.schema.model.constraint.factory.type.HasValueFlagFactoryTest","eu.esdihumboldt.hale.common.schema.model.constraint.factory.type.HasValueFlagFactoryTest","testEnabled"
"","4","testReadString","","Fri Jul 10 00:13:51 UTC 2026","passed","Fri Jul 10 00:13:51 UTC 2026","","eu.esdihumboldt.hale.io.json.test.JsonToInstanceTest","eu.esdihumboldt.hale.io.json.test.JsonToInstanceTest","testReadString"
"","29","testEnabled","","Fri Jul 10 00:05:45 UTC 2026","passed","Fri Jul 10 00:05:45 UTC 2026","","eu.esdihumboldt.hale.common.schema.model.constraint.factory.property.ChoiceFlagFactoryTest","eu.esdihumboldt.hale.common.schema.model.constraint.factory.property.ChoiceFlagFactoryTest","testEnabled"
"","3","testNumber","","Fri Jul 10 00:04:09 UTC 2026","passed","Fri Jul 10 00:04:09 UTC 2026","","eu.esdihumboldt.hale.common.filter.ECQLFilterTest","eu.esdihumboldt.hale.common.filter.ECQLFilterTest","testNumber"
"","660","testInspireCodespaceAutoAddNoOverride","","Fri Jul 10 00:10:40 UTC 2026","passed","Fri Jul 10 00:10:41 UTC 2026","","eu.esdihumboldt.hale.io.gml.writer.internal.StreamGmlWriter2Test","eu.esdihumboldt.hale.io.gml.writer.internal.StreamGmlWriter2Test","testInspireCodespaceAutoAddNoOverride"
"","4","testExampleFromTheGep7Page","","Fri Jul 10 00:17:02 UTC 2026","passed","Fri Jul 10 00:17:02 UTC 2026","","eu.esdihumboldt.util.groovy.json.JsonStreamBuilderTest","eu.esdihumboldt.util.groovy.json.JsonStreamBuilderTest","testExampleFromTheGep7Page"
"","15","testReadFeatureCollection","","Fri Jul 10 00:13:51 UTC 2026","passed","Fri Jul 10 00:13:51 UTC 2026","","eu.esdihumboldt.hale.io.json.test.JsonInstanceCollectionTest","eu.esdihumboldt.hale.io.json.test.JsonInstanceCollectionTest","testReadFeatureCollection"
"","73","testPreparedQuery","","Fri Jul 10 00:17:26 UTC 2026","passed","Fri Jul 10 00:17:27 UTC 2026","","eu.esdihumboldt.util.orient.embedded.MemoryDocumentTest","eu.esdihumboldt.util.orient.embedded.MemoryDocumentTest","testPreparedQuery"
"","17","testRead_shiporder_types_cycle","","Fri Jul 10 00:16:18 UTC 2026","passed","Fri Jul 10 00:16:18 UTC 2026","","eu.esdihumboldt.hale.io.xsd.reader.XmlSchemaReaderTest","eu.esdihumboldt.hale.io.xsd.reader.XmlSchemaReaderTest","testRead_shiporder_types_cycle"
"","0","testExistsNoSchema","","Fri Jul 10 00:04:09 UTC 2026","skipped","Fri Jul 10 00:04:09 UTC 2026","","eu.esdihumboldt.hale.common.filter.ECQLFilterTest","eu.esdihumboldt.hale.common.filter.ECQLFilterTest","testExistsNoSchema"
"","356","testWfsPaginationWithStartIndex","","Fri Jul 10 00:10:34 UTC 2026","passed","Fri Jul 10 00:10:35 UTC 2026","","eu.esdihumboldt.hale.io.gml.reader.internal.StreamGmlReaderTest","eu.esdihumboldt.hale.io.gml.reader.internal.StreamGmlReaderTest","testWfsPaginationWithStartIndex"
"","1","simpleFilterTestCQL","","Fri Jul 10 00:04:11 UTC 2026","passed","Fri Jul 10 00:04:11 UTC 2026","","eu.esdihumboldt.hale.common.filter.FilterTest","eu.esdihumboldt.hale.common.filter.FilterTest","simpleFilterTestCQL"
"","0","testDefault","","Fri Jul 10 00:05:45 UTC 2026","passed","Fri Jul 10 00:05:45 UTC 2026","","eu.esdihumboldt.hale.common.schema.model.constraint.factory.type.MappingRelevantFlagFactoryTest","eu.esdihumboldt.hale.common.schema.model.constraint.factory.type.MappingRelevantFlagFactoryTest","testDefault"
"","93","testClassification2","","Fri Jul 10 00:07:10 UTC 2026","passed","Fri Jul 10 00:07:10 UTC 2026","","eu.esdihumboldt.cst.internal.ConceptualSchemaTransformerTest","eu.esdihumboldt.cst.internal.ConceptualSchemaTransformerTest","testClassification2"
"","2052","testValid","","Fri Jul 10 00:14:01 UTC 2026","passed","Fri Jul 10 00:14:03 UTC 2026","","eu.esdihumboldt.hale.io.schematron.SchematronInstanceValidatorTest","eu.esdihumboldt.hale.io.schematron.SchematronInstanceValidatorTest","testValid"
"","3","testByPoints2AllGrid","","Fri Jul 10 00:16:45 UTC 2026","passed","Fri Jul 10 00:16:45 UTC 2026","","eu.esdihumboldt.util.geometry.interpolation.grid.GridInterpolationTest","eu.esdihumboldt.util.geometry.interpolation.grid.GridInterpolationTest","testByPoints2AllGrid"
"","0","testExistsSchema","","Fri Jul 10 00:04:09 UTC 2026","skipped","Fri Jul 10 00:04:09 UTC 2026","","eu.esdihumboldt.hale.common.filter.CQLFilterTest","eu.esdihumboldt.hale.common.filter.CQLFilterTest","testExistsSchema"
"","14","testReadSimpleChoice","","Fri Jul 10 00:13:52 UTC 2026","passed","Fri Jul 10 00:13:52 UTC 2026","","eu.esdihumboldt.hale.io.json.test.JsonToInstanceTest","eu.esdihumboldt.hale.io.json.test.JsonToInstanceTest","testReadSimpleChoice"
"","0","testHalfmoon","","Fri Jul 10 00:07:47 UTC 2026","passed","Fri Jul 10 00:07:47 UTC 2026","","eu.esdihumboldt.cst.functions.geometric.test.InteriorPointTest","eu.esdihumboldt.cst.functions.geometric.test.InteriorPointTest","testHalfmoon"
"","77","testCustomClass","","Fri Jul 10 00:11:11 UTC 2026","passed","Fri Jul 10 00:11:11 UTC 2026","","eu.esdihumboldt.hale.io.groovy.snippets.GroovySnippetsTest","eu.esdihumboldt.hale.io.groovy.snippets.GroovySnippetsTest","testCustomClass"
"","202","testRetypeCondition","","Fri Jul 10 00:03:15 UTC 2026","passed","Fri Jul 10 00:03:15 UTC 2026","","eu.esdihumboldt.hale.common.align.merge.test.impl.JoinRetainConditionsTest","eu.esdihumboldt.hale.common.align.merge.test.impl.JoinRetainConditionsTest","testRetypeCondition"
"","24","testRead_definitive_annotated","","Fri Jul 10 00:16:18 UTC 2026","passed","Fri Jul 10 00:16:18 UTC 2026","","eu.esdihumboldt.hale.io.xsd.reader.XmlSchemaReaderTest","eu.esdihumboldt.hale.io.xsd.reader.XmlSchemaReaderTest","testRead_definitive_annotated"
"","57","testGetReferencesNested","","Fri Jul 10 00:04:08 UTC 2026","passed","Fri Jul 10 00:04:08 UTC 2026","","eu.esdihumboldt.hale.common.filter.CQLFilterTest","eu.esdihumboldt.hale.common.filter.CQLFilterTest","testGetReferencesNested"
"","150","testFilterSame1","","Fri Jul 10 00:03:08 UTC 2026","passed","Fri Jul 10 00:03:08 UTC 2026","","eu.esdihumboldt.hale.common.align.merge.test.impl.DefaultMergeCellMigratorTest","eu.esdihumboldt.hale.common.align.merge.test.impl.DefaultMergeCellMigratorTest","testFilterSame1"
"","105","testNonNullValuesUnaffectedByNullEntry","","Fri Jul 10 00:05:10 UTC 2026","passed","Fri Jul 10 00:05:10 UTC 2026","","eu.esdihumboldt.hale.common.lookup.impl.LookupTableImplTest","eu.esdihumboldt.hale.common.lookup.impl.LookupTableImplTest","testNonNullValuesUnaffectedByNullEntry"
"","0","testOrderClockwise","","Fri Jul 10 00:16:44 UTC 2026","passed","Fri Jul 10 00:16:44 UTC 2026","","eu.esdihumboldt.util.geometry.WindingOrderTest","eu.esdihumboldt.util.geometry.WindingOrderTest","testOrderClockwise"
"","23","testFindPropertyCached","","Fri Jul 10 00:05:44 UTC 2026","passed","Fri Jul 10 00:05:44 UTC 2026","","eu.esdihumboldt.hale.common.schema.helper.DefinitionResolverTest","eu.esdihumboldt.hale.common.schema.helper.DefinitionResolverTest","testFindPropertyCached"
"","4986","testDataTypesSql","","Fri Jul 10 00:13:11 UTC 2026","passed","Fri Jul 10 00:13:16 UTC 2026","","eu.esdihumboldt.hale.io.jdbc.postgresql.test.PostDataTypesIT","eu.esdihumboldt.hale.io.jdbc.postgresql.test.PostDataTypesIT","testDataTypesSql"
"","5","testEqualityListNoSchema","","Fri Jul 10 00:04:09 UTC 2026","passed","Fri Jul 10 00:04:09 UTC 2026","","eu.esdihumboldt.hale.common.filter.ECQLFilterTest","eu.esdihumboldt.hale.common.filter.ECQLFilterTest","testEqualityListNoSchema"
"","2","testRootArrayObjectsFail","","Fri Jul 10 00:17:02 UTC 2026","passed","Fri Jul 10 00:17:02 UTC 2026","","eu.esdihumboldt.util.groovy.json.JsonStreamBuilderTest","eu.esdihumboldt.util.groovy.json.JsonStreamBuilderTest","testRootArrayObjectsFail"
"","13036","testFromWKT","","Fri Jul 10 00:07:31 UTC 2026","passed","Fri Jul 10 00:07:44 UTC 2026","","eu.esdihumboldt.cst.functions.geometric.test.CRSHelperFunctionsTest","eu.esdihumboldt.cst.functions.geometric.test.CRSHelperFunctionsTest","testFromWKT"
"","18","testOverrideBindung","","Fri Jul 10 00:11:11 UTC 2026","passed","Fri Jul 10 00:11:11 UTC 2026","","eu.esdihumboldt.hale.io.groovy.snippets.GroovySnippetsTest","eu.esdihumboldt.hale.io.groovy.snippets.GroovySnippetsTest","testOverrideBindung"
"","157","mergeJoinsWithJoin_abstract2","","Fri Jul 10 00:03:14 UTC 2026","passed","Fri Jul 10 00:03:15 UTC 2026","","eu.esdihumboldt.hale.common.align.merge.test.impl.JoinMergeTest","eu.esdihumboldt.hale.common.align.merge.test.impl.JoinMergeTest","mergeJoinsWithJoin_abstract2"
"","3","testStringBetween","","Fri Jul 10 00:04:09 UTC 2026","passed","Fri Jul 10 00:04:09 UTC 2026","","eu.esdihumboldt.hale.common.filter.CQLFilterTest","eu.esdihumboldt.hale.common.filter.CQLFilterTest","testStringBetween"
"","66","testWriteComplexSchema","","Fri Jul 10 00:16:01 UTC 2026","passed","Fri Jul 10 00:16:01 UTC 2026","","eu.esdihumboldt.hale.io.xls.test.writer.XLSInstanceWriterTest","eu.esdihumboldt.hale.io.xls.test.writer.XLSInstanceWriterTest","testWriteComplexSchema"
"","4","testSimpleSingleLax","","Fri Jul 10 00:06:02 UTC 2026","passed","Fri Jul 10 00:06:02 UTC 2026","","eu.esdihumboldt.hale.common.schema.groovy.DefinitionAccessorTest","eu.esdihumboldt.hale.common.schema.groovy.DefinitionAccessorTest","testSimpleSingleLax"
"","2","testListAndValue","","Fri Jul 10 00:16:38 UTC 2026","passed","Fri Jul 10 00:16:38 UTC 2026","","eu.esdihumboldt.util.config.ConfigMergerTest","eu.esdihumboldt.util.config.ConfigMergerTest","testListAndValue"
"","93","testSimpleAttribute","","Fri Jul 10 00:07:09 UTC 2026","passed","Fri Jul 10 00:07:09 UTC 2026","","eu.esdihumboldt.cst.internal.ConceptualSchemaTransformerTest","eu.esdihumboldt.cst.internal.ConceptualSchemaTransformerTest","testSimpleAttribute"
"","157","mergeJoinWithRetype","","Fri Jul 10 00:03:11 UTC 2026","passed","Fri Jul 10 00:03:11 UTC 2026","","eu.esdihumboldt.hale.common.align.merge.test.impl.DefaultMergeCellMigratorTest","eu.esdihumboldt.hale.common.align.merge.test.impl.DefaultMergeCellMigratorTest","mergeJoinWithRetype"
"","48","testGenerateUID","","Fri Jul 10 00:07:11 UTC 2026","passed","Fri Jul 10 00:07:11 UTC 2026","","eu.esdihumboldt.cst.internal.ConceptualSchemaTransformerTest","eu.esdihumboldt.cst.internal.ConceptualSchemaTransformerTest","testGenerateUID"
"","212","testJoinCondition","","Fri Jul 10 00:03:14 UTC 2026","passed","Fri Jul 10 00:03:14 UTC 2026","","eu.esdihumboldt.hale.common.align.merge.test.impl.JoinFocusRetainConditionTest","eu.esdihumboldt.hale.common.align.merge.test.impl.JoinFocusRetainConditionTest","testJoinCondition"
"","1","testFootprint","","Fri Jul 10 00:07:47 UTC 2026","passed","Fri Jul 10 00:07:47 UTC 2026","","eu.esdihumboldt.cst.functions.geometric.test.InteriorPointTest","eu.esdihumboldt.cst.functions.geometric.test.InteriorPointTest","testFootprint"
"","1","testTrueFalse","","Fri Jul 10 00:06:03 UTC 2026","passed","Fri Jul 10 00:06:03 UTC 2026","","eu.esdihumboldt.hale.common.schema.groovy.constraints.TypeAbstractFactoryTest","eu.esdihumboldt.hale.common.schema.groovy.constraints.TypeAbstractFactoryTest","testTrueFalse"
"","1101","testConvertJson2PB","","Fri Jul 10 00:13:55 UTC 2026","passed","Fri Jul 10 00:13:56 UTC 2026","","eu.esdihumboldt.hale.io.pb.test.ProtocolBufferInstanceWriterTest","eu.esdihumboldt.hale.io.pb.test.ProtocolBufferInstanceWriterTest","testConvertJson2PB"
"","1","testStoreRestoreDefault","","Fri Jul 10 00:05:45 UTC 2026","passed","Fri Jul 10 00:05:45 UTC 2026","","eu.esdihumboldt.hale.common.schema.model.constraint.factory.DisplayNameFactoryTest","eu.esdihumboldt.hale.common.schema.model.constraint.factory.DisplayNameFactoryTest","testStoreRestoreDefault"
"","3","testNumberBetweenList","","Fri Jul 10 00:04:09 UTC 2026","passed","Fri Jul 10 00:04:09 UTC 2026","","eu.esdihumboldt.hale.common.filter.ECQLFilterTest","eu.esdihumboldt.hale.common.filter.ECQLFilterTest","testNumberBetweenList"
"","115","testSimpleMerge","","Fri Jul 10 00:07:09 UTC 2026","passed","Fri Jul 10 00:07:09 UTC 2026","","eu.esdihumboldt.cst.internal.ConceptualSchemaTransformerTest","eu.esdihumboldt.cst.internal.ConceptualSchemaTransformerTest","testSimpleMerge"
"","1","testFootprint2Hole","","Fri Jul 10 00:07:47 UTC 2026","passed","Fri Jul 10 00:07:47 UTC 2026","","eu.esdihumboldt.cst.functions.geometric.test.InteriorPointTest","eu.esdihumboldt.cst.functions.geometric.test.InteriorPointTest","testFootprint2Hole"
"","74","testWriteSimpleSchemaColOrder","","Fri Jul 10 00:08:58 UTC 2026","passed","Fri Jul 10 00:08:58 UTC 2026","","eu.esdihumboldt.hale.io.csv.writer.CSVInstanceWriterTest","eu.esdihumboldt.hale.io.csv.writer.CSVInstanceWriterTest","testWriteSimpleSchemaColOrder"
"","49","checkCyclicTypes","","Fri Jul 10 00:12:41 UTC 2026","passed","Fri Jul 10 00:12:41 UTC 2026","","eu.esdihumboldt.hale.io.jdbc.postgresql.test.CheckSortingForCyclicTypesTest","eu.esdihumboldt.hale.io.jdbc.postgresql.test.CheckSortingForCyclicTypesTest","checkCyclicTypes"
"","23","testArcStringAllGrid","","Fri Jul 10 00:16:45 UTC 2026","passed","Fri Jul 10 00:16:45 UTC 2026","","eu.esdihumboldt.util.geometry.interpolation.grid.GridInterpolationTest","eu.esdihumboldt.util.geometry.interpolation.grid.GridInterpolationTest","testArcStringAllGrid"
"","455","testGeometryPrimitive_32_CompositeCurve_LineString","","Fri Jul 10 00:10:40 UTC 2026","passed","Fri Jul 10 00:10:40 UTC 2026","","eu.esdihumboldt.hale.io.gml.writer.internal.StreamGmlWriter2Test","eu.esdihumboldt.hale.io.gml.writer.internal.StreamGmlWriter2Test","testGeometryPrimitive_32_CompositeCurve_LineString"
"","108","testMethodCallWithNamedArguments","","Fri Jul 10 00:17:01 UTC 2026","passed","Fri Jul 10 00:17:02 UTC 2026","","eu.esdihumboldt.util.groovy.json.JsonStreamBuilderTest","eu.esdihumboldt.util.groovy.json.JsonStreamBuilderTest","testMethodCallWithNamedArguments"
"","2","testInstanceNoValueNullSchema","","Fri Jul 10 00:04:09 UTC 2026","passed","Fri Jul 10 00:04:09 UTC 2026","","eu.esdihumboldt.hale.common.filter.ECQLFilterTest","eu.esdihumboldt.hale.common.filter.ECQLFilterTest","testInstanceNoValueNullSchema"
"","45","testPolygon","","Fri Jul 10 00:06:03 UTC 2026","passed","Fri Jul 10 00:06:03 UTC 2026","","eu.esdihumboldt.hale.common.schema.groovy.constraints.GeometryFactoryTest","eu.esdihumboldt.hale.common.schema.groovy.constraints.GeometryFactoryTest","testPolygon"
"","3","testStringBetween","","Fri Jul 10 00:04:09 UTC 2026","passed","Fri Jul 10 00:04:09 UTC 2026","","eu.esdihumboldt.hale.common.filter.ECQLFilterTest","eu.esdihumboldt.hale.common.filter.ECQLFilterTest","testStringBetween"
"","1","testDisabled","","Fri Jul 10 00:05:45 UTC 2026","passed","Fri Jul 10 00:05:45 UTC 2026","","eu.esdihumboldt.hale.common.schema.model.constraint.factory.type.AbstractFlagFactoryTest","eu.esdihumboldt.hale.common.schema.model.constraint.factory.type.AbstractFlagFactoryTest","testDisabled"
"","2","testCircle","","Fri Jul 10 00:16:45 UTC 2026","passed","Fri Jul 10 00:16:45 UTC 2026","","eu.esdihumboldt.util.geometry.interpolation.model.impl.ArcByPointsImplTest","eu.esdihumboldt.util.geometry.interpolation.model.impl.ArcByPointsImplTest","testCircle"
"","53","testBuilder","","Fri Jul 10 00:16:47 UTC 2026","passed","Fri Jul 10 00:16:47 UTC 2026","","eu.esdihumboldt.util.geometry.quadtree.QuadtreeTest","eu.esdihumboldt.util.geometry.quadtree.QuadtreeTest","testBuilder"
"","5","testNestedObjectsPrettyPrint","","Fri Jul 10 00:17:02 UTC 2026","passed","Fri Jul 10 00:17:02 UTC 2026","","eu.esdihumboldt.util.groovy.json.JsonStreamBuilderTest","eu.esdihumboldt.util.groovy.json.JsonStreamBuilderTest","testNestedObjectsPrettyPrint"
"","6","testCreateTypeIndex","","Fri Jul 10 00:06:02 UTC 2026","passed","Fri Jul 10 00:06:02 UTC 2026","","eu.esdihumboldt.hale.common.schema.groovy.SchemaBuilderTest","eu.esdihumboldt.hale.common.schema.groovy.SchemaBuilderTest","testCreateTypeIndex"
"","2","testCircle1","","Fri Jul 10 00:16:45 UTC 2026","passed","Fri Jul 10 00:16:45 UTC 2026","","eu.esdihumboldt.util.geometry.interpolation.model.impl.ArcByCenterPointImplTest","eu.esdihumboldt.util.geometry.interpolation.model.impl.ArcByCenterPointImplTest","testCircle1"
"","4","testNestedListMap","","Fri Jul 10 00:17:02 UTC 2026","passed","Fri Jul 10 00:17:02 UTC 2026","","eu.esdihumboldt.util.groovy.json.JsonStreamBuilderTest","eu.esdihumboldt.util.groovy.json.JsonStreamBuilderTest","testNestedListMap"
"","368","testGeometryPrimitive_32_MultiPolygon_WindingOrder","","Fri Jul 10 00:10:53 UTC 2026","passed","Fri Jul 10 00:10:53 UTC 2026","","eu.esdihumboldt.hale.io.gml.writer.internal.StreamGmlWriterTest","eu.esdihumboldt.hale.io.gml.writer.internal.StreamGmlWriterTest","testGeometryPrimitive_32_MultiPolygon_WindingOrder"
"","10901","testLoadWFS2Capabilities","","Fri Jul 10 00:15:25 UTC 2026","passed","Fri Jul 10 00:15:36 UTC 2026","","eu.esdihumboldt.hale.io.wfs.test.capabilities.CapabilitiesHelperTest","eu.esdihumboldt.hale.io.wfs.test.capabilities.CapabilitiesHelperTest","testLoadWFS2Capabilities"
"","193","testJoinFilter","","Fri Jul 10 00:03:15 UTC 2026","passed","Fri Jul 10 00:03:15 UTC 2026","","eu.esdihumboldt.hale.common.align.merge.test.impl.JoinMergeTest","eu.esdihumboldt.hale.common.align.merge.test.impl.JoinMergeTest","testJoinFilter"
"","86","testSimpleAssign","","Fri Jul 10 00:07:10 UTC 2026","passed","Fri Jul 10 00:07:10 UTC 2026","","eu.esdihumboldt.cst.internal.ConceptualSchemaTransformerTest","eu.esdihumboldt.cst.internal.ConceptualSchemaTransformerTest","testSimpleAssign"
"","0","testPropertiesMix2","","Fri Jul 10 00:07:02 UTC 2026","skipped","Fri Jul 10 00:07:02 UTC 2026","","eu.esdihumboldt.cst.internal.ConceptualSchemaTransformerTest","eu.esdihumboldt.cst.internal.ConceptualSchemaTransformerTest","testPropertiesMix2"
"","1","testDefault","","Fri Jul 10 00:05:45 UTC 2026","passed","Fri Jul 10 00:05:45 UTC 2026","","eu.esdihumboldt.hale.common.schema.model.constraint.factory.type.AbstractFlagFactoryTest","eu.esdihumboldt.hale.common.schema.model.constraint.factory.type.AbstractFlagFactoryTest","testDefault"
"","94","testRTreeSpatialIndexCreation","","Fri Jul 10 00:09:31 UTC 2026","passed","Fri Jul 10 00:09:31 UTC 2026","","eu.esdihumboldt.hale.io.geopackage.GeopackageInstanceWriterTest","eu.esdihumboldt.hale.io.geopackage.GeopackageInstanceWriterTest","testRTreeSpatialIndexCreation"
"","2","testStraight","","Fri Jul 10 00:16:45 UTC 2026","passed","Fri Jul 10 00:16:45 UTC 2026","","eu.esdihumboldt.util.geometry.interpolation.model.impl.ArcByPointsImplTest","eu.esdihumboldt.util.geometry.interpolation.model.impl.ArcByPointsImplTest","testStraight"
"","2","testTypeBinding","","Fri Jul 10 00:05:45 UTC 2026","passed","Fri Jul 10 00:05:45 UTC 2026","","eu.esdihumboldt.hale.common.schema.model.constraint.factory.type.ElementTypeFactoryTest","eu.esdihumboldt.hale.common.schema.model.constraint.factory.type.ElementTypeFactoryTest","testTypeBinding"
"","0","testLocalING4479","","Fri Jul 10 00:02:03 UTC 2026","skipped","Fri Jul 10 00:02:03 UTC 2026","","eu.esdihumboldt.hale.app.transform.test.ExecuteTest","eu.esdihumboldt.hale.app.transform.test.ExecuteTest","testLocalING4479"
"","8","testReadSimpleWithDate","","Fri Jul 10 00:15:59 UTC 2026","passed","Fri Jul 10 00:15:59 UTC 2026","","eu.esdihumboldt.hale.io.xls.test.reader.XLSReaderTest","eu.esdihumboldt.hale.io.xls.test.reader.XLSReaderTest","testReadSimpleWithDate"
"","0","testTimeEqualsList","","Fri Jul 10 00:04:09 UTC 2026","skipped","Fri Jul 10 00:04:09 UTC 2026","","eu.esdihumboldt.hale.common.filter.CQLFilterTest","eu.esdihumboldt.hale.common.filter.CQLFilterTest","testTimeEqualsList"
"","0","testGeometryFlippedOnCRS","","Fri Jul 10 00:16:44 UTC 2026","passed","Fri Jul 10 00:16:44 UTC 2026","","eu.esdihumboldt.util.geometry.WindingOrderTest","eu.esdihumboldt.util.geometry.WindingOrderTest","testGeometryFlippedOnCRS"
"","0","testInnerJoinNasIndexBased","","Fri Jul 10 00:07:00 UTC 2026","skipped","Fri Jul 10 00:07:00 UTC 2026","","eu.esdihumboldt.cst.internal.ConceptualSchemaTransformerTest","eu.esdihumboldt.cst.internal.ConceptualSchemaTransformerTest","testInnerJoinNasIndexBased"
"","2","testNumberProperty","","Fri Jul 10 00:13:51 UTC 2026","passed","Fri Jul 10 00:13:51 UTC 2026","","eu.esdihumboldt.hale.io.json.test.JsonSchemaReaderTest","eu.esdihumboldt.hale.io.json.test.JsonSchemaReaderTest","testNumberProperty"
"","9172","testComplexLookupJsonGroovy","","Fri Jul 10 00:05:11 UTC 2026","passed","Fri Jul 10 00:05:20 UTC 2026","","eu.esdihumboldt.hale.common.lookup.internal.LookupTableTypeTest","eu.esdihumboldt.hale.common.lookup.internal.LookupTableTypeTest","testComplexLookupJsonGroovy"
"","0","testFormatter[3]","","Fri Jul 10 00:16:42 UTC 2026","passed","Fri Jul 10 00:16:42 UTC 2026","","eu.esdihumboldt.util.geometry.DecimalFormatUtilTest","eu.esdihumboldt.util.geometry.DecimalFormatUtilTest","testFormatter[3]"
"","76","testSimpleComplex","","Fri Jul 10 00:07:11 UTC 2026","passed","Fri Jul 10 00:07:11 UTC 2026","","eu.esdihumboldt.cst.internal.ConceptualSchemaTransformerTest","eu.esdihumboldt.cst.internal.ConceptualSchemaTransformerTest","testSimpleComplex"
"","175","testMergeMultiPropKeyWithComplexAtt","","Fri Jul 10 00:07:00 UTC 2026","passed","Fri Jul 10 00:07:00 UTC 2026","","eu.esdihumboldt.cst.internal.ConceptualSchemaTransformerTest","eu.esdihumboldt.cst.internal.ConceptualSchemaTransformerTest","testMergeMultiPropKeyWithComplexAtt"
"","1","testHalfmoonThin","","Fri Jul 10 00:07:47 UTC 2026","passed","Fri Jul 10 00:07:47 UTC 2026","","eu.esdihumboldt.cst.functions.geometric.test.InteriorPointTest","eu.esdihumboldt.cst.functions.geometric.test.InteriorPointTest","testHalfmoonThin"
"","80","test2","","Fri Jul 10 00:06:36 UTC 2026","passed","Fri Jul 10 00:06:36 UTC 2026","","eu.esdihumboldt.hale.common.service.helper.test.PopulationCountTest","eu.esdihumboldt.hale.common.service.helper.test.PopulationCountTest","test2"
"","7","testDefinedTypeReference","","Fri Jul 10 00:06:02 UTC 2026","passed","Fri Jul 10 00:06:02 UTC 2026","","eu.esdihumboldt.hale.common.schema.groovy.SchemaBuilderTest","eu.esdihumboldt.hale.common.schema.groovy.SchemaBuilderTest","testDefinedTypeReference"
"","190","closureStuffDisallowed","","Fri Jul 10 00:17:19 UTC 2026","passed","Fri Jul 10 00:17:19 UTC 2026","","eu.esdihumboldt.util.groovy.sandbox.test.internal.GroovySandboxTest","eu.esdihumboldt.util.groovy.sandbox.test.internal.GroovySandboxTest","closureStuffDisallowed"
"","104","testWriteMultiSchemasWithOneMissingGeom","","Fri Jul 10 00:14:57 UTC 2026","passed","Fri Jul 10 00:14:57 UTC 2026","","eu.esdihumboldt.hale.io.shp.ShapefileInstanceWriterTest","eu.esdihumboldt.hale.io.shp.ShapefileInstanceWriterTest","testWriteMultiSchemasWithOneMissingGeom"
"","9","testEnabled","","Fri Jul 10 00:05:45 UTC 2026","passed","Fri Jul 10 00:05:45 UTC 2026","","eu.esdihumboldt.hale.common.schema.model.constraint.factory.type.SkipValidationFactoryTest","eu.esdihumboldt.hale.common.schema.model.constraint.factory.type.SkipValidationFactoryTest","testEnabled"
"","2","testGetVersion","","Fri Jul 10 00:03:41 UTC 2026","skipped","Fri Jul 10 00:03:41 UTC 2026","","eu.esdihumboldt.hale.common.core.HalePlatformTest","eu.esdihumboldt.hale.common.core.HalePlatformTest","testGetVersion"
"","74","testWriteMultiSchemasWithMultiGeom","","Fri Jul 10 00:15:00 UTC 2026","passed","Fri Jul 10 00:15:01 UTC 2026","","eu.esdihumboldt.hale.io.shp.ShapefileInstanceWriterTest","eu.esdihumboldt.hale.io.shp.ShapefileInstanceWriterTest","testWriteMultiSchemasWithMultiGeom"
"","1","testTrueFalse","","Fri Jul 10 00:06:03 UTC 2026","passed","Fri Jul 10 00:06:03 UTC 2026","","eu.esdihumboldt.hale.common.schema.groovy.constraints.AugmentedValueFactoryTest","eu.esdihumboldt.hale.common.schema.groovy.constraints.AugmentedValueFactoryTest","testTrueFalse"
"","16","testPrimitive2","","Fri Jul 10 00:05:45 UTC 2026","passed","Fri Jul 10 00:05:45 UTC 2026","","eu.esdihumboldt.hale.common.schema.model.constraint.factory.type.BindingFactoryTest","eu.esdihumboldt.hale.common.schema.model.constraint.factory.type.BindingFactoryTest","testPrimitive2"
"","4","testInstanceNoValueNullNoSchema","","Fri Jul 10 00:04:09 UTC 2026","passed","Fri Jul 10 00:04:09 UTC 2026","","eu.esdihumboldt.hale.common.filter.CQLFilterTest","eu.esdihumboldt.hale.common.filter.CQLFilterTest","testInstanceNoValueNullNoSchema"
"","21","testReadXsdInstancesTypenameAmbiguousLocalNameWithNamespace2","","Fri Jul 10 00:14:51 UTC 2026","passed","Fri Jul 10 00:14:51 UTC 2026","","eu.esdihumboldt.hale.io.shp.ShapeInstanceReaderTest","eu.esdihumboldt.hale.io.shp.ShapeInstanceReaderTest","testReadXsdInstancesTypenameAmbiguousLocalNameWithNamespace2"
"","0","testFootprint3","","Fri Jul 10 00:07:47 UTC 2026","passed","Fri Jul 10 00:07:47 UTC 2026","","eu.esdihumboldt.cst.functions.geometric.test.InteriorPointTest","eu.esdihumboldt.cst.functions.geometric.test.InteriorPointTest","testFootprint3"
"","72","testSqlQuery","","Fri Jul 10 00:17:27 UTC 2026","passed","Fri Jul 10 00:17:27 UTC 2026","","eu.esdihumboldt.util.orient.embedded.MemoryDocumentTest","eu.esdihumboldt.util.orient.embedded.MemoryDocumentTest","testSqlQuery"
"","1043","testLoadShiporderWrapped","","Fri Jul 10 00:04:20 UTC 2026","passed","Fri Jul 10 00:04:21 UTC 2026","","eu.esdihumboldt.hale.common.instance.helper.PropertyResolverTest","eu.esdihumboldt.hale.common.instance.helper.PropertyResolverTest","testLoadShiporderWrapped"
"","15732","testFormattingStringInstance","","Fri Jul 10 00:06:42 UTC 2026","passed","Fri Jul 10 00:06:58 UTC 2026","","eu.esdihumboldt.cst.internal.ConceptualSchemaTransformerTest","eu.esdihumboldt.cst.internal.ConceptualSchemaTransformerTest","testFormattingStringInstance"
"","3096","testFiltersForMultiType3","","Fri Jul 10 00:01:34 UTC 2026","passed","Fri Jul 10 00:01:37 UTC 2026","","eu.esdihumboldt.hale.app.transform.test.ExecuteTest","eu.esdihumboldt.hale.app.transform.test.ExecuteTest","testFiltersForMultiType3"
"","2","testVirtualRootPrettyPrint","","Fri Jul 10 00:17:02 UTC 2026","passed","Fri Jul 10 00:17:02 UTC 2026","","eu.esdihumboldt.util.groovy.json.JsonStreamBuilderTest","eu.esdihumboldt.util.groovy.json.JsonStreamBuilderTest","testVirtualRootPrettyPrint"
"","1","testRead4","","Fri Jul 10 00:08:48 UTC 2026","passed","Fri Jul 10 00:08:48 UTC 2026","","eu.esdihumboldt.hale.io.csv.CSVSchemaReaderTest","eu.esdihumboldt.hale.io.csv.CSVSchemaReaderTest","testRead4"
"","0","testOrderCounterClockwise","","Fri Jul 10 00:16:44 UTC 2026","passed","Fri Jul 10 00:16:44 UTC 2026","","eu.esdihumboldt.util.geometry.WindingOrderTest","eu.esdihumboldt.util.geometry.WindingOrderTest","testOrderCounterClockwise"
"","0","testStreetOuter","","Fri Jul 10 00:07:47 UTC 2026","passed","Fri Jul 10 00:07:47 UTC 2026","","eu.esdihumboldt.cst.functions.geometric.test.InteriorPointTest","eu.esdihumboldt.cst.functions.geometric.test.InteriorPointTest","testStreetOuter"
"","13","testEnabled","","Fri Jul 10 00:05:45 UTC 2026","passed","Fri Jul 10 00:05:45 UTC 2026","","eu.esdihumboldt.hale.common.schema.model.constraint.factory.property.NillableFlagFactoryTest","eu.esdihumboldt.hale.common.schema.model.constraint.factory.property.NillableFlagFactoryTest","testEnabled"
"","36","testWriteMultipleGeometries","","Fri Jul 10 00:15:00 UTC 2026","passed","Fri Jul 10 00:15:00 UTC 2026","","eu.esdihumboldt.hale.io.shp.ShapefileInstanceWriterTest","eu.esdihumboldt.hale.io.shp.ShapefileInstanceWriterTest","testWriteMultipleGeometries"
"","346","testJoinsCondition","","Fri Jul 10 00:03:13 UTC 2026","passed","Fri Jul 10 00:03:14 UTC 2026","","eu.esdihumboldt.hale.common.align.merge.test.impl.JoinFocusRetainConditionTest","eu.esdihumboldt.hale.common.align.merge.test.impl.JoinFocusRetainConditionTest","testJoinsCondition"
"","39","testWriteDates","","Fri Jul 10 00:14:57 UTC 2026","passed","Fri Jul 10 00:14:57 UTC 2026","","eu.esdihumboldt.hale.io.shp.ShapefileInstanceWriterTest","eu.esdihumboldt.hale.io.shp.ShapefileInstanceWriterTest","testWriteDates"
"","95","testClassification3","","Fri Jul 10 00:07:10 UTC 2026","passed","Fri Jul 10 00:07:10 UTC 2026","","eu.esdihumboldt.cst.internal.ConceptualSchemaTransformerTest","eu.esdihumboldt.cst.internal.ConceptualSchemaTransformerTest","testClassification3"
"","4","testFindPropertyNamespace","","Fri Jul 10 00:05:44 UTC 2026","passed","Fri Jul 10 00:05:44 UTC 2026","","eu.esdihumboldt.hale.common.schema.helper.DefinitionResolverTest","eu.esdihumboldt.hale.common.schema.helper.DefinitionResolverTest","testFindPropertyNamespace"
"","447","testNesting","","Fri Jul 10 00:02:46 UTC 2026","passed","Fri Jul 10 00:02:47 UTC 2026","","eu.esdihumboldt.hale.common.align.groovy.accessor.EntityAccessorTest","eu.esdihumboldt.hale.common.align.groovy.accessor.EntityAccessorTest","testNesting"
"","0","testGeometry_2_MultiPolygon","","Fri Jul 10 00:10:55 UTC 2026","skipped","Fri Jul 10 00:10:55 UTC 2026","","eu.esdihumboldt.hale.io.gml.writer.internal.StreamGmlWriterTest","eu.esdihumboldt.hale.io.gml.writer.internal.StreamGmlWriterTest","testGeometry_2_MultiPolygon"
"","3304","testArgsFileForMultiTypesSource","","Fri Jul 10 00:01:00 UTC 2026","passed","Fri Jul 10 00:01:03 UTC 2026","","eu.esdihumboldt.hale.app.transform.test.ExecuteTest","eu.esdihumboldt.hale.app.transform.test.ExecuteTest","testArgsFileForMultiTypesSource"
"","69","testNoSpatialIndexCreation","","Fri Jul 10 00:09:30 UTC 2026","passed","Fri Jul 10 00:09:31 UTC 2026","","eu.esdihumboldt.hale.io.geopackage.GeopackageInstanceWriterTest","eu.esdihumboldt.hale.io.geopackage.GeopackageInstanceWriterTest","testNoSpatialIndexCreation"
"","3","testDoesNotExistSchema","","Fri Jul 10 00:04:09 UTC 2026","passed","Fri Jul 10 00:04:09 UTC 2026","","eu.esdihumboldt.hale.common.filter.ECQLFilterTest","eu.esdihumboldt.hale.common.filter.ECQLFilterTest","testDoesNotExistSchema"
"","2","testBooleanProperty","","Fri Jul 10 00:13:51 UTC 2026","passed","Fri Jul 10 00:13:51 UTC 2026","","eu.esdihumboldt.hale.io.json.test.JsonSchemaReaderTest","eu.esdihumboldt.hale.io.json.test.JsonSchemaReaderTest","testBooleanProperty"
"","1","testSimple","","Fri Jul 10 00:16:16 UTC 2026","passed","Fri Jul 10 00:16:16 UTC 2026","","eu.esdihumboldt.hale.io.xsd.anytype.valuetypes.CustomTypeContentTypeTest","eu.esdihumboldt.hale.io.xsd.anytype.valuetypes.CustomTypeContentTypeTest","testSimple"
"","233","testGroovyRetypeCondition","","Fri Jul 10 00:03:14 UTC 2026","passed","Fri Jul 10 00:03:14 UTC 2026","","eu.esdihumboldt.hale.common.align.merge.test.impl.JoinFocusRetainConditionTest","eu.esdihumboldt.hale.common.align.merge.test.impl.JoinFocusRetainConditionTest","testGroovyRetypeCondition"
"","27","testMetaClass","","Fri Jul 10 00:02:46 UTC 2026","passed","Fri Jul 10 00:02:46 UTC 2026","","eu.esdihumboldt.hale.common.align.groovy.accessor.EntityAccessorTest","eu.esdihumboldt.hale.common.align.groovy.accessor.EntityAccessorTest","testMetaClass"
"","5","testHalfCircleAllGrid","","Fri Jul 10 00:16:45 UTC 2026","passed","Fri Jul 10 00:16:45 UTC 2026","","eu.esdihumboldt.util.geometry.interpolation.grid.GridInterpolationTest","eu.esdihumboldt.util.geometry.interpolation.grid.GridInterpolationTest","testHalfCircleAllGrid"
"","0","testGeometryPrimitive_32_CompositeCurve_MultiLineString","","Fri Jul 10 00:10:44 UTC 2026","skipped","Fri Jul 10 00:10:44 UTC 2026","","eu.esdihumboldt.hale.io.gml.writer.internal.StreamGmlWriter2Test","eu.esdihumboldt.hale.io.gml.writer.internal.StreamGmlWriter2Test","testGeometryPrimitive_32_CompositeCurve_MultiLineString"
"","210","testLarge","","Fri Jul 10 00:16:45 UTC 2026","passed","Fri Jul 10 00:16:45 UTC 2026","","eu.esdihumboldt.util.geometry.interpolation.split.SplitInterpolationTest","eu.esdihumboldt.util.geometry.interpolation.split.SplitInterpolationTest","testLarge"
"","14","testGmlReferences","","Fri Jul 10 00:04:38 UTC 2026","passed","Fri Jul 10 00:04:38 UTC 2026","","eu.esdihumboldt.hale.common.instance.graph.test.ReferenceGraphTest","eu.esdihumboldt.hale.common.instance.graph.test.ReferenceGraphTest","testGmlReferences"
"","108","testImplicitAssign","","Fri Jul 10 00:07:09 UTC 2026","passed","Fri Jul 10 00:07:09 UTC 2026","","eu.esdihumboldt.cst.internal.ConceptualSchemaTransformerTest","eu.esdihumboldt.cst.internal.ConceptualSchemaTransformerTest","testImplicitAssign"
"","0","testCRSFlipped","","Fri Jul 10 00:16:44 UTC 2026","passed","Fri Jul 10 00:16:44 UTC 2026","","eu.esdihumboldt.util.geometry.WindingOrderTest","eu.esdihumboldt.util.geometry.WindingOrderTest","testCRSFlipped"
"","1","testDefault","","Fri Jul 10 00:05:45 UTC 2026","passed","Fri Jul 10 00:05:45 UTC 2026","","eu.esdihumboldt.hale.common.schema.model.constraint.factory.property.NillableFlagFactoryTest","eu.esdihumboldt.hale.common.schema.model.constraint.factory.property.NillableFlagFactoryTest","testDefault"
"","195","testGroovyWarningRetype","","Fri Jul 10 00:03:12 UTC 2026","passed","Fri Jul 10 00:03:12 UTC 2026","","eu.esdihumboldt.hale.common.align.merge.test.impl.DefaultMergeCellMigratorTest","eu.esdihumboldt.hale.common.align.merge.test.impl.DefaultMergeCellMigratorTest","testGroovyWarningRetype"
"","5","testReadBlankCells","","Fri Jul 10 00:15:59 UTC 2026","passed","Fri Jul 10 00:15:59 UTC 2026","","eu.esdihumboldt.hale.io.xls.test.reader.XLSReaderTest","eu.esdihumboldt.hale.io.xls.test.reader.XLSReaderTest","testReadBlankCells"
"","230","testJoinMultiCond_1","","Fri Jul 10 00:07:12 UTC 2026","passed","Fri Jul 10 00:07:12 UTC 2026","","eu.esdihumboldt.cst.internal.ConceptualSchemaTransformerTest","eu.esdihumboldt.cst.internal.ConceptualSchemaTransformerTest","testJoinMultiCond_1"
"","5","testNamespaceIndex","","Fri Jul 10 00:02:46 UTC 2026","passed","Fri Jul 10 00:02:46 UTC 2026","","eu.esdihumboldt.hale.common.align.groovy.accessor.EntityAccessorTest","eu.esdihumboldt.hale.common.align.groovy.accessor.EntityAccessorTest","testNamespaceIndex"
"","4","testLikeList","","Fri Jul 10 00:04:09 UTC 2026","passed","Fri Jul 10 00:04:09 UTC 2026","","eu.esdihumboldt.hale.common.filter.CQLFilterTest","eu.esdihumboldt.hale.common.filter.CQLFilterTest","testLikeList"
"","27","testWriteRead","","Fri Jul 10 00:17:02 UTC 2026","passed","Fri Jul 10 00:17:02 UTC 2026","","eu.esdihumboldt.util.groovy.xml.NSDOMBuilderTest","eu.esdihumboldt.util.groovy.xml.NSDOMBuilderTest","testWriteRead"
"","1","testDisabled","","Fri Jul 10 00:05:45 UTC 2026","passed","Fri Jul 10 00:05:45 UTC 2026","","eu.esdihumboldt.hale.common.schema.model.constraint.factory.property.ChoiceFlagFactoryTest","eu.esdihumboldt.hale.common.schema.model.constraint.factory.property.ChoiceFlagFactoryTest","testDisabled"
"","369","testGeometryPrimitive_32_MultiPolygon","","Fri Jul 10 00:10:56 UTC 2026","passed","Fri Jul 10 00:10:56 UTC 2026","","eu.esdihumboldt.hale.io.gml.writer.internal.StreamGmlWriterTest","eu.esdihumboldt.hale.io.gml.writer.internal.StreamGmlWriterTest","testGeometryPrimitive_32_MultiPolygon"
"","2","testValues","","Fri Jul 10 00:05:45 UTC 2026","passed","Fri Jul 10 00:05:45 UTC 2026","","eu.esdihumboldt.hale.common.schema.model.constraint.factory.type.EnumerationFactoryTest","eu.esdihumboldt.hale.common.schema.model.constraint.factory.type.EnumerationFactoryTest","testValues"
"","1","testOptional","","Fri Jul 10 00:05:45 UTC 2026","passed","Fri Jul 10 00:05:45 UTC 2026","","eu.esdihumboldt.hale.common.schema.model.constraint.factory.property.CardinalityFactoryTest","eu.esdihumboldt.hale.common.schema.model.constraint.factory.property.CardinalityFactoryTest","testOptional"
"","126","testNotes1","","Fri Jul 10 00:03:12 UTC 2026","passed","Fri Jul 10 00:03:12 UTC 2026","","eu.esdihumboldt.hale.common.align.merge.test.impl.DefaultMergeCellMigratorTest","eu.esdihumboldt.hale.common.align.merge.test.impl.DefaultMergeCellMigratorTest","testNotes1"
"","6","testNumberList","","Fri Jul 10 00:04:09 UTC 2026","passed","Fri Jul 10 00:04:09 UTC 2026","","eu.esdihumboldt.hale.common.filter.ECQLFilterTest","eu.esdihumboldt.hale.common.filter.ECQLFilterTest","testNumberList"
"","116","testSchemaCollection","","Fri Jul 10 00:04:54 UTC 2026","passed","Fri Jul 10 00:04:54 UTC 2026","","eu.esdihumboldt.hale.common.instance.groovy.InstanceBuilderTest","eu.esdihumboldt.hale.common.instance.groovy.InstanceBuilderTest","testSchemaCollection"
"","0","testOrigin","","Fri Jul 10 00:16:45 UTC 2026","passed","Fri Jul 10 00:16:45 UTC 2026","","eu.esdihumboldt.util.geometry.interpolation.grid.GridUtilTest","eu.esdihumboldt.util.geometry.interpolation.grid.GridUtilTest","testOrigin"
"","0","testGeometry_2_MultiPoint","","Fri Jul 10 00:10:55 UTC 2026","skipped","Fri Jul 10 00:10:55 UTC 2026","","eu.esdihumboldt.hale.io.gml.writer.internal.StreamGmlWriterTest","eu.esdihumboldt.hale.io.gml.writer.internal.StreamGmlWriterTest","testGeometry_2_MultiPoint"
"","1","testIterateEven","","Fri Jul 10 00:04:21 UTC 2026","passed","Fri Jul 10 00:04:21 UTC 2026","","eu.esdihumboldt.hale.common.instance.tools.impl.SimplePartitionerTest","eu.esdihumboldt.hale.common.instance.tools.impl.SimplePartitionerTest","testIterateEven"
"","44","testStructuralRename2","","Fri Jul 10 00:07:12 UTC 2026","passed","Fri Jul 10 00:07:12 UTC 2026","","eu.esdihumboldt.cst.internal.ConceptualSchemaTransformerTest","eu.esdihumboldt.cst.internal.ConceptualSchemaTransformerTest","testStructuralRename2"
"","138","testParentMappingGeometry","","Fri Jul 10 00:03:09 UTC 2026","passed","Fri Jul 10 00:03:09 UTC 2026","","eu.esdihumboldt.hale.common.align.merge.test.impl.DefaultMergeCellMigratorTest","eu.esdihumboldt.hale.common.align.merge.test.impl.DefaultMergeCellMigratorTest","testParentMappingGeometry"
"","4247","testGroovyContextFilterExclusionForHydro","","Fri Jul 10 00:01:10 UTC 2026","passed","Fri Jul 10 00:01:14 UTC 2026","","eu.esdihumboldt.hale.app.transform.test.ExecuteTest","eu.esdihumboldt.hale.app.transform.test.ExecuteTest","testGroovyContextFilterExclusionForHydro"
"","19","testValueListValueList","","Fri Jul 10 00:03:52 UTC 2026","passed","Fri Jul 10 00:03:52 UTC 2026","","eu.esdihumboldt.hale.common.core.io.impl.ValueListTypeTest","eu.esdihumboldt.hale.common.core.io.impl.ValueListTypeTest","testValueListValueList"
"","3","testEqualitySimpleNoSchema","","Fri Jul 10 00:04:09 UTC 2026","passed","Fri Jul 10 00:04:09 UTC 2026","","eu.esdihumboldt.hale.common.filter.CQLFilterTest","eu.esdihumboldt.hale.common.filter.CQLFilterTest","testEqualitySimpleNoSchema"
"","0","testSuccessSaveDDL","","Fri Jul 10 00:09:03 UTC 2026","skipped","Fri Jul 10 00:09:03 UTC 2026","","eu.esdihumboldt.hale.io.deegree.mapping.MappingWriterTest","eu.esdihumboldt.hale.io.deegree.mapping.MappingWriterTest","testSuccessSaveDDL"
"","0","testHttpAbsoluteOtherJar","","Fri Jul 10 00:16:16 UTC 2026","passed","Fri Jul 10 00:16:16 UTC 2026","","eu.esdihumboldt.hale.io.xsd.reader.HumboldtURIResolverTest","eu.esdihumboldt.hale.io.xsd.reader.HumboldtURIResolverTest","testHttpAbsoluteOtherJar"
"","15","testReadArrayNested","","Fri Jul 10 00:13:51 UTC 2026","passed","Fri Jul 10 00:13:52 UTC 2026","","eu.esdihumboldt.hale.io.json.test.JsonToInstanceTest","eu.esdihumboldt.hale.io.json.test.JsonToInstanceTest","testReadArrayNested"
"","7","testNamespace","","Fri Jul 10 00:06:02 UTC 2026","passed","Fri Jul 10 00:06:02 UTC 2026","","eu.esdihumboldt.hale.common.schema.groovy.DefinitionAccessorTest","eu.esdihumboldt.hale.common.schema.groovy.DefinitionAccessorTest","testNamespace"
"","0","testGeoIntersect","","Fri Jul 10 00:04:09 UTC 2026","skipped","Fri Jul 10 00:04:09 UTC 2026","","eu.esdihumboldt.hale.common.filter.ECQLFilterTest","eu.esdihumboldt.hale.common.filter.ECQLFilterTest","testGeoIntersect"
"","0","testInstanceExistsSchema","","Fri Jul 10 00:04:09 UTC 2026","skipped","Fri Jul 10 00:04:09 UTC 2026","","eu.esdihumboldt.hale.common.filter.CQLFilterTest","eu.esdihumboldt.hale.common.filter.CQLFilterTest","testInstanceExistsSchema"
"","1","testStreetHole","","Fri Jul 10 00:07:47 UTC 2026","passed","Fri Jul 10 00:07:47 UTC 2026","","eu.esdihumboldt.cst.functions.geometric.test.InteriorPointTest","eu.esdihumboldt.cst.functions.geometric.test.InteriorPointTest","testStreetHole"
"","30","testOffsetCircle","","Fri Jul 10 00:16:45 UTC 2026","passed","Fri Jul 10 00:16:45 UTC 2026","","eu.esdihumboldt.util.geometry.interpolation.split.SplitInterpolationTest","eu.esdihumboldt.util.geometry.interpolation.split.SplitInterpolationTest","testOffsetCircle"
"","3","testReadWithPointDecimal","","Fri Jul 10 00:08:48 UTC 2026","passed","Fri Jul 10 00:08:48 UTC 2026","","eu.esdihumboldt.hale.io.csv.CSVInstanceReaderTest","eu.esdihumboldt.hale.io.csv.CSVInstanceReaderTest","testReadWithPointDecimal"
"","15767","testExportPropertyJoin","","Fri Jul 10 00:11:17 UTC 2026","passed","Fri Jul 10 00:11:32 UTC 2026","","eu.esdihumboldt.hale.io.html.svg.MappingExporterTest","eu.esdihumboldt.hale.io.html.svg.MappingExporterTest","testExportPropertyJoin"
"","19","testReadSimple","","Fri Jul 10 00:15:59 UTC 2026","passed","Fri Jul 10 00:15:59 UTC 2026","","eu.esdihumboldt.hale.io.xls.test.reader.XLSReaderTest","eu.esdihumboldt.hale.io.xls.test.reader.XLSReaderTest","testReadSimple"
"","4","testDuring","","Fri Jul 10 00:04:09 UTC 2026","passed","Fri Jul 10 00:04:09 UTC 2026","","eu.esdihumboldt.hale.common.filter.ECQLFilterTest","eu.esdihumboldt.hale.common.filter.ECQLFilterTest","testDuring"
"","5","testLoopStartArray","","Fri Jul 10 00:17:02 UTC 2026","passed","Fri Jul 10 00:17:02 UTC 2026","","eu.esdihumboldt.util.groovy.json.JsonStreamBuilderTest","eu.esdihumboldt.util.groovy.json.JsonStreamBuilderTest","testLoopStartArray"
"","3","testProblemCase","","Fri Jul 10 00:07:47 UTC 2026","passed","Fri Jul 10 00:07:47 UTC 2026","","eu.esdihumboldt.cst.functions.geometric.test.InteriorPointTest","eu.esdihumboldt.cst.functions.geometric.test.InteriorPointTest","testProblemCase"
"","0","testHasNext","","Fri Jul 10 00:17:26 UTC 2026","skipped","Fri Jul 10 00:17:26 UTC 2026","","eu.esdihumboldt.util.orient.embedded.BrowseClassIterateTest","eu.esdihumboldt.util.orient.embedded.BrowseClassIterateTest","testHasNext"
"","366","testGeometryPrimitive_32_LineString","","Fri Jul 10 00:10:55 UTC 2026","passed","Fri Jul 10 00:10:55 UTC 2026","","eu.esdihumboldt.hale.io.gml.writer.internal.StreamGmlWriterTest","eu.esdihumboldt.hale.io.gml.writer.internal.StreamGmlWriterTest","testGeometryPrimitive_32_LineString"
"","642","testWriteRead","","Fri Jul 10 00:06:18 UTC 2026","passed","Fri Jul 10 00:06:18 UTC 2026","","eu.esdihumboldt.hale.common.schema.persist.hsd.test.HaleSchemaWriterTest","eu.esdihumboldt.hale.common.schema.persist.hsd.test.HaleSchemaWriterTest","testWriteRead"
"","6","testMerge2","","Fri Jul 10 00:03:53 UTC 2026","passed","Fri Jul 10 00:03:53 UTC 2026","","eu.esdihumboldt.hale.common.core.report.util.StatsMergeTest","eu.esdihumboldt.hale.common.core.report.util.StatsMergeTest","testMerge2"
"","47","testReadMultiSheetTypeSkipSettings","","Fri Jul 10 00:15:59 UTC 2026","passed","Fri Jul 10 00:15:59 UTC 2026","","eu.esdihumboldt.hale.io.xls.test.reader.XLSReaderTest","eu.esdihumboldt.hale.io.xls.test.reader.XLSReaderTest","testReadMultiSheetTypeSkipSettings"
"","163","testTypeFilter6","","Fri Jul 10 00:03:10 UTC 2026","passed","Fri Jul 10 00:03:11 UTC 2026","","eu.esdihumboldt.hale.common.align.merge.test.impl.DefaultMergeCellMigratorTest","eu.esdihumboldt.hale.common.align.merge.test.impl.DefaultMergeCellMigratorTest","testTypeFilter6"
"","61","testEqualitySimple","","Fri Jul 10 00:04:09 UTC 2026","passed","Fri Jul 10 00:04:09 UTC 2026","","eu.esdihumboldt.hale.common.filter.ECQLFilterTest","eu.esdihumboldt.hale.common.filter.ECQLFilterTest","testEqualitySimple"
"","6","testGeoIntersects","","Fri Jul 10 00:04:09 UTC 2026","passed","Fri Jul 10 00:04:09 UTC 2026","","eu.esdihumboldt.hale.common.filter.ECQLFilterTest","eu.esdihumboldt.hale.common.filter.ECQLFilterTest","testGeoIntersects"
"","0","testHasNext2","","Fri Jul 10 00:17:26 UTC 2026","skipped","Fri Jul 10 00:17:26 UTC 2026","","eu.esdihumboldt.util.orient.embedded.BrowseClassIterateTest","eu.esdihumboldt.util.orient.embedded.BrowseClassIterateTest","testHasNext2"
"","21","testJsonBuilderSameNameFail","","Fri Jul 10 00:17:02 UTC 2026","passed","Fri Jul 10 00:17:02 UTC 2026","","eu.esdihumboldt.util.groovy.json.JsonStreamBuilderTest","eu.esdihumboldt.util.groovy.json.JsonStreamBuilderTest","testJsonBuilderSameNameFail"
"","28","testReuse","","Fri Jul 10 00:03:41 UTC 2026","passed","Fri Jul 10 00:03:41 UTC 2026","","eu.esdihumboldt.hale.common.core.io.PathUpdateTest","eu.esdihumboldt.hale.common.core.io.PathUpdateTest","testReuse"
"","56","testValidators","","Fri Jul 10 00:05:45 UTC 2026","passed","Fri Jul 10 00:05:46 UTC 2026","","eu.esdihumboldt.hale.common.schema.model.constraint.factory.type.ValidationConstraintFactoryTest","eu.esdihumboldt.hale.common.schema.model.constraint.factory.type.ValidationConstraintFactoryTest","testValidators"
"","373","testGeometryPrimitive_32_Point","","Fri Jul 10 00:10:54 UTC 2026","passed","Fri Jul 10 00:10:54 UTC 2026","","eu.esdihumboldt.hale.io.gml.writer.internal.StreamGmlWriterTest","eu.esdihumboldt.hale.io.gml.writer.internal.StreamGmlWriterTest","testGeometryPrimitive_32_Point"
"","4","testNullNotExistsNoSchema","","Fri Jul 10 00:04:09 UTC 2026","passed","Fri Jul 10 00:04:09 UTC 2026","","eu.esdihumboldt.hale.common.filter.CQLFilterTest","eu.esdihumboldt.hale.common.filter.CQLFilterTest","testNullNotExistsNoSchema"
"","3","testStringProperty","","Fri Jul 10 00:13:51 UTC 2026","passed","Fri Jul 10 00:13:51 UTC 2026","","eu.esdihumboldt.hale.io.json.test.JsonSchemaReaderTest","eu.esdihumboldt.hale.io.json.test.JsonSchemaReaderTest","testStringProperty"
"","9425","testAccessNullProperties","","Fri Jul 10 00:04:43 UTC 2026","passed","Fri Jul 10 00:04:53 UTC 2026","","eu.esdihumboldt.hale.common.instance.groovy.InstanceAccessorTest","eu.esdihumboldt.hale.common.instance.groovy.InstanceAccessorTest","testAccessNullProperties"
"","2291","testEpsgCrsAxisOrder","","Fri Jul 10 00:04:16 UTC 2026","passed","Fri Jul 10 00:04:18 UTC 2026","","eu.esdihumboldt.hale.common.instance.geometry.CRSDefinitionUtilTest","eu.esdihumboldt.hale.common.instance.geometry.CRSDefinitionUtilTest","testEpsgCrsAxisOrder"
"","1","testDisabled","","Fri Jul 10 00:05:45 UTC 2026","passed","Fri Jul 10 00:05:45 UTC 2026","","eu.esdihumboldt.hale.common.schema.model.constraint.factory.property.NillableFlagFactoryTest","eu.esdihumboldt.hale.common.schema.model.constraint.factory.property.NillableFlagFactoryTest","testDisabled"
"","1","testUnifyGeometryCollection","","Fri Jul 10 00:16:44 UTC 2026","passed","Fri Jul 10 00:16:44 UTC 2026","","eu.esdihumboldt.util.geometry.WindingOrderTest","eu.esdihumboldt.util.geometry.WindingOrderTest","testUnifyGeometryCollection"
"","2","testNested","","Fri Jul 10 00:08:07 UTC 2026","passed","Fri Jul 10 00:08:07 UTC 2026","","eu.esdihumboldt.cst.functions.groovy.helpers.util.CollectorTest","eu.esdihumboldt.cst.functions.groovy.helpers.util.CollectorTest","testNested"
"","15","testNumberList","","Fri Jul 10 00:04:08 UTC 2026","passed","Fri Jul 10 00:04:08 UTC 2026","","eu.esdihumboldt.hale.common.filter.CQLFilterTest","eu.esdihumboldt.hale.common.filter.CQLFilterTest","testNumberList"
"","89","testSrs","","Fri Jul 10 00:10:34 UTC 2026","passed","Fri Jul 10 00:10:34 UTC 2026","","eu.esdihumboldt.hale.io.gml.reader.internal.StreamGmlReaderTest","eu.esdihumboldt.hale.io.gml.reader.internal.StreamGmlReaderTest","testSrs"
"","66","testWriteSimpleSchemaWithByteArrayOutputStream","","Fri Jul 10 00:08:58 UTC 2026","passed","Fri Jul 10 00:08:58 UTC 2026","","eu.esdihumboldt.hale.io.csv.writer.CSVInstanceWriterTest","eu.esdihumboldt.hale.io.csv.writer.CSVInstanceWriterTest","testWriteSimpleSchemaWithByteArrayOutputStream"
"","11","testGString","","Fri Jul 10 00:08:07 UTC 2026","passed","Fri Jul 10 00:08:07 UTC 2026","","eu.esdihumboldt.cst.functions.groovy.helpers.util.CollectorTest","eu.esdihumboldt.cst.functions.groovy.helpers.util.CollectorTest","testGString"
"","53","testWriteDocument","","Fri Jul 10 00:17:27 UTC 2026","passed","Fri Jul 10 00:17:27 UTC 2026","","eu.esdihumboldt.util.orient.embedded.MemoryDocumentTest","eu.esdihumboldt.util.orient.embedded.MemoryDocumentTest","testWriteDocument"
"","0","testInstanceValueExistsSchema","","Fri Jul 10 00:04:09 UTC 2026","skipped","Fri Jul 10 00:04:09 UTC 2026","","eu.esdihumboldt.hale.common.filter.ECQLFilterTest","eu.esdihumboldt.hale.common.filter.ECQLFilterTest","testInstanceValueExistsSchema"
"","0","testUnifyMultiPolygon","","Fri Jul 10 00:16:44 UTC 2026","passed","Fri Jul 10 00:16:44 UTC 2026","","eu.esdihumboldt.util.geometry.WindingOrderTest","eu.esdihumboldt.util.geometry.WindingOrderTest","testUnifyMultiPolygon"
"","501","testReadInstancesXsdGmlConflict","","Fri Jul 10 00:09:28 UTC 2026","passed","Fri Jul 10 00:09:28 UTC 2026","","eu.esdihumboldt.hale.io.geopackage.GeopackageInstanceReaderTest","eu.esdihumboldt.hale.io.geopackage.GeopackageInstanceReaderTest","testReadInstancesXsdGmlConflict"
"","1","testIterateEmpty","","Fri Jul 10 00:04:21 UTC 2026","passed","Fri Jul 10 00:04:21 UTC 2026","","eu.esdihumboldt.hale.common.instance.tools.impl.SimplePartitionerTest","eu.esdihumboldt.hale.common.instance.tools.impl.SimplePartitionerTest","testIterateEmpty"
"","4561","testInstanceWriteOrder","","Fri Jul 10 00:13:21 UTC 2026","passed","Fri Jul 10 00:13:25 UTC 2026","","eu.esdihumboldt.hale.io.jdbc.postgresql.test.WriteInstanceOrderIT","eu.esdihumboldt.hale.io.jdbc.postgresql.test.WriteInstanceOrderIT","testInstanceWriteOrder"
"","0","testChoice","","Fri Jul 10 00:07:12 UTC 2026","skipped","Fri Jul 10 00:07:12 UTC 2026","","eu.esdihumboldt.cst.internal.ConceptualSchemaTransformerTest","eu.esdihumboldt.cst.internal.ConceptualSchemaTransformerTest","testChoice"
"","1","simpleFilterTestECQL","","Fri Jul 10 00:04:12 UTC 2026","passed","Fri Jul 10 00:04:12 UTC 2026","","eu.esdihumboldt.hale.common.filter.FilterTest","eu.esdihumboldt.hale.common.filter.FilterTest","simpleFilterTestECQL"
"","3","testNestedOverride","","Fri Jul 10 00:16:38 UTC 2026","passed","Fri Jul 10 00:16:38 UTC 2026","","eu.esdihumboldt.util.config.ConfigMergerTest","eu.esdihumboldt.util.config.ConfigMergerTest","testNestedOverride"
"","0","testLookupAndConsumeMark","","Fri Jul 10 00:03:53 UTC 2026","passed","Fri Jul 10 00:03:53 UTC 2026","","eu.esdihumboldt.hale.common.core.io.supplier.LookupStreamResourceTest","eu.esdihumboldt.hale.common.core.io.supplier.LookupStreamResourceTest","testLookupAndConsumeMark"
"","7","testSKOSFromRDF4_language_en","","Fri Jul 10 00:08:36 UTC 2026","passed","Fri Jul 10 00:08:36 UTC 2026","","eu.esdihumboldt.hale.io.codelist.skos.test.SkosCodeListTest","eu.esdihumboldt.hale.io.codelist.skos.test.SkosCodeListTest","testSKOSFromRDF4_language_en"
"","9544","testCellDisableSaveLoad","","Fri Jul 10 00:02:20 UTC 2026","passed","Fri Jul 10 00:02:29 UTC 2026","","eu.esdihumboldt.hale.common.align.io.JaxbAlignmentIOTest","eu.esdihumboldt.hale.common.align.io.JaxbAlignmentIOTest","testCellDisableSaveLoad"
"","380","testGeometryAggregate_32_Point","","Fri Jul 10 00:10:53 UTC 2026","passed","Fri Jul 10 00:10:54 UTC 2026","","eu.esdihumboldt.hale.io.gml.writer.internal.StreamGmlWriterTest","eu.esdihumboldt.hale.io.gml.writer.internal.StreamGmlWriterTest","testGeometryAggregate_32_Point"
"","0","testDescent","","Fri Jul 10 00:10:56 UTC 2026","skipped","Fri Jul 10 00:10:56 UTC 2026","","eu.esdihumboldt.hale.io.gml.writer.internal.geometry.writers.PatternTest","eu.esdihumboldt.hale.io.gml.writer.internal.geometry.writers.PatternTest","testDescent"
"","14","testGeoJsonSimple_14","","Fri Jul 10 00:13:49 UTC 2026","passed","Fri Jul 10 00:13:49 UTC 2026","","eu.esdihumboldt.hale.io.json.test.InstanceToJsonTest","eu.esdihumboldt.hale.io.json.test.InstanceToJsonTest","testGeoJsonSimple_14"
"","39","testReadXsdInstancesTypenameAmbiguousLocalName","","Fri Jul 10 00:14:50 UTC 2026","passed","Fri Jul 10 00:14:50 UTC 2026","","eu.esdihumboldt.hale.io.shp.ShapeInstanceReaderTest","eu.esdihumboldt.hale.io.shp.ShapeInstanceReaderTest","testReadXsdInstancesTypenameAmbiguousLocalName"
"","0","testPropertiesMix","","Fri Jul 10 00:07:02 UTC 2026","skipped","Fri Jul 10 00:07:02 UTC 2026","","eu.esdihumboldt.cst.internal.ConceptualSchemaTransformerTest","eu.esdihumboldt.cst.internal.ConceptualSchemaTransformerTest","testPropertiesMix"
"","5","testExportNullTargetValue","","Fri Jul 10 00:16:02 UTC 2026","passed","Fri Jul 10 00:16:02 UTC 2026","","eu.esdihumboldt.hale.io.xls.test.writer.XLSLookupTableWriterTest","eu.esdihumboldt.hale.io.xls.test.writer.XLSLookupTableWriterTest","testExportNullTargetValue"
"","65","testWriteAttributes","","Fri Jul 10 00:09:30 UTC 2026","passed","Fri Jul 10 00:09:30 UTC 2026","","eu.esdihumboldt.hale.io.geopackage.GeopackageInstanceWriterTest","eu.esdihumboldt.hale.io.geopackage.GeopackageInstanceWriterTest","testWriteAttributes"
"","2898","testMsAccessSchemaReaderForMdbTest","","Fri Jul 10 00:11:43 UTC 2026","passed","Fri Jul 10 00:11:46 UTC 2026","","eu.esdihumboldt.hale.io.jdbc.msaccess.reader.MsAccessInstanceReaderTest","eu.esdihumboldt.hale.io.jdbc.msaccess.reader.MsAccessInstanceReaderTest","testMsAccessSchemaReaderForMdbTest"
"","1","testFormatter[4]","","Fri Jul 10 00:16:42 UTC 2026","passed","Fri Jul 10 00:16:42 UTC 2026","","eu.esdihumboldt.util.geometry.DecimalFormatUtilTest","eu.esdihumboldt.util.geometry.DecimalFormatUtilTest","testFormatter[4]"
"","475","testReadVersion3","","Fri Jul 10 00:13:30 UTC 2026","passed","Fri Jul 10 00:13:31 UTC 2026","","eu.esdihumboldt.hale.io.jdbc.spatialite.reader.internal.SpatiaLiteInstanceReaderTest","eu.esdihumboldt.hale.io.jdbc.spatialite.reader.internal.SpatiaLiteInstanceReaderTest","testReadVersion3"
"","1","testString","","Fri Jul 10 00:05:45 UTC 2026","passed","Fri Jul 10 00:05:45 UTC 2026","","eu.esdihumboldt.hale.common.schema.model.constraint.factory.type.BindingFactoryTest","eu.esdihumboldt.hale.common.schema.model.constraint.factory.type.BindingFactoryTest","testString"
"","600","testRequestNoCache","","Fri Jul 10 00:03:21 UTC 2026","passed","Fri Jul 10 00:03:21 UTC 2026","","eu.esdihumboldt.hale.common.cache.RequestTest","eu.esdihumboldt.hale.common.cache.RequestTest","testRequestNoCache"
"","0","testGeometry_2_Polygon","","Fri Jul 10 00:10:53 UTC 2026","skipped","Fri Jul 10 00:10:53 UTC 2026","","eu.esdihumboldt.hale.io.gml.writer.internal.StreamGmlWriterTest","eu.esdihumboldt.hale.io.gml.writer.internal.StreamGmlWriterTest","testGeometry_2_Polygon"
"","5","testJsonBuilderPrettyPrint","","Fri Jul 10 00:17:02 UTC 2026","passed","Fri Jul 10 00:17:02 UTC 2026","","eu.esdihumboldt.util.groovy.json.JsonStreamBuilderTest","eu.esdihumboldt.util.groovy.json.JsonStreamBuilderTest","testJsonBuilderPrettyPrint"
"","114","testRetypeConditionRenameTypeFiltered","","Fri Jul 10 00:03:15 UTC 2026","passed","Fri Jul 10 00:03:15 UTC 2026","","eu.esdihumboldt.hale.common.align.merge.test.impl.JoinRetainConditionsTest","eu.esdihumboldt.hale.common.align.merge.test.impl.JoinRetainConditionsTest","testRetypeConditionRenameTypeFiltered"
"","10","testDoubleConsume","","Fri Jul 10 00:03:53 UTC 2026","passed","Fri Jul 10 00:03:53 UTC 2026","","eu.esdihumboldt.hale.common.core.io.supplier.LookupStreamResourceTest","eu.esdihumboldt.hale.common.core.io.supplier.LookupStreamResourceTest","testDoubleConsume"
"","2","testInstanceNoValueNullNoSchema","","Fri Jul 10 00:04:09 UTC 2026","passed","Fri Jul 10 00:04:09 UTC 2026","","eu.esdihumboldt.hale.common.filter.ECQLFilterTest","eu.esdihumboldt.hale.common.filter.ECQLFilterTest","testInstanceNoValueNullNoSchema"
"","21","testCallBindung","","Fri Jul 10 00:11:11 UTC 2026","passed","Fri Jul 10 00:11:11 UTC 2026","","eu.esdihumboldt.hale.io.groovy.snippets.GroovySnippetsTest","eu.esdihumboldt.hale.io.groovy.snippets.GroovySnippetsTest","testCallBindung"
"","1","testValueProperties","","Fri Jul 10 00:03:52 UTC 2026","passed","Fri Jul 10 00:03:52 UTC 2026","","eu.esdihumboldt.hale.common.core.io.impl.ValuePropertiesTypeTest","eu.esdihumboldt.hale.common.core.io.impl.ValuePropertiesTypeTest","testValueProperties"
"","5","testInstanceValueNullSchema","","Fri Jul 10 00:04:08 UTC 2026","passed","Fri Jul 10 00:04:08 UTC 2026","","eu.esdihumboldt.hale.common.filter.CQLFilterTest","eu.esdihumboldt.hale.common.filter.CQLFilterTest","testInstanceValueNullSchema"
"","2","testNullNotExistsSchema","","Fri Jul 10 00:04:09 UTC 2026","passed","Fri Jul 10 00:04:09 UTC 2026","","eu.esdihumboldt.hale.common.filter.CQLFilterTest","eu.esdihumboldt.hale.common.filter.CQLFilterTest","testNullNotExistsSchema"
"","94","testCMMulti3","","Fri Jul 10 00:07:10 UTC 2026","passed","Fri Jul 10 00:07:10 UTC 2026","","eu.esdihumboldt.cst.internal.ConceptualSchemaTransformerTest","eu.esdihumboldt.cst.internal.ConceptualSchemaTransformerTest","testCMMulti3"
"","1","testSimple","","Fri Jul 10 00:03:42 UTC 2026","passed","Fri Jul 10 00:03:42 UTC 2026","","eu.esdihumboldt.hale.common.core.io.PathUpdateTest","eu.esdihumboldt.hale.common.core.io.PathUpdateTest","testSimple"
"","4","testGetReferencesNested","","Fri Jul 10 00:04:09 UTC 2026","passed","Fri Jul 10 00:04:09 UTC 2026","","eu.esdihumboldt.hale.common.filter.ECQLFilterTest","eu.esdihumboldt.hale.common.filter.ECQLFilterTest","testGetReferencesNested"
"","164","testTypeFilter3","","Fri Jul 10 00:03:10 UTC 2026","passed","Fri Jul 10 00:03:10 UTC 2026","","eu.esdihumboldt.hale.common.align.merge.test.impl.DefaultMergeCellMigratorTest","eu.esdihumboldt.hale.common.align.merge.test.impl.DefaultMergeCellMigratorTest","testTypeFilter3"
"","0","testNull","","Fri Jul 10 00:04:53 UTC 2026","passed","Fri Jul 10 00:04:53 UTC 2026","","eu.esdihumboldt.hale.common.instance.groovy.InstanceAccessorTest","eu.esdihumboldt.hale.common.instance.groovy.InstanceAccessorTest","testNull"
"","86","testMergeAdditionalProp","","Fri Jul 10 00:07:09 UTC 2026","passed","Fri Jul 10 00:07:09 UTC 2026","","eu.esdihumboldt.cst.internal.ConceptualSchemaTransformerTest","eu.esdihumboldt.cst.internal.ConceptualSchemaTransformerTest","testMergeAdditionalProp"
"","884","testWriteFeaturesTargetCRS","","Fri Jul 10 00:09:29 UTC 2026","passed","Fri Jul 10 00:09:29 UTC 2026","","eu.esdihumboldt.hale.io.geopackage.GeopackageInstanceWriterTest","eu.esdihumboldt.hale.io.geopackage.GeopackageInstanceWriterTest","testWriteFeaturesTargetCRS"
"","6","testTrendsFromTwitter","","Fri Jul 10 00:17:02 UTC 2026","passed","Fri Jul 10 00:17:02 UTC 2026","","eu.esdihumboldt.util.groovy.json.JsonStreamBuilderTest","eu.esdihumboldt.util.groovy.json.JsonStreamBuilderTest","testTrendsFromTwitter"
"","158","testGroovyWarningScript","","Fri Jul 10 00:03:12 UTC 2026","passed","Fri Jul 10 00:03:12 UTC 2026","","eu.esdihumboldt.hale.common.align.merge.test.impl.DefaultMergeCellMigratorTest","eu.esdihumboldt.hale.common.align.merge.test.impl.DefaultMergeCellMigratorTest","testGroovyWarningScript"
"","8","testSpecifyType","","Fri Jul 10 00:13:51 UTC 2026","passed","Fri Jul 10 00:13:51 UTC 2026","","eu.esdihumboldt.hale.io.json.test.JsonToInstanceTest","eu.esdihumboldt.hale.io.json.test.JsonToInstanceTest","testSpecifyType"
"","0","testNullTargetValueIsPreserved","","Fri Jul 10 00:05:11 UTC 2026","passed","Fri Jul 10 00:05:11 UTC 2026","","eu.esdihumboldt.hale.common.lookup.impl.LookupTableImplTest","eu.esdihumboldt.hale.common.lookup.impl.LookupTableImplTest","testNullTargetValueIsPreserved"
"","184","testStringValueList","","Fri Jul 10 00:03:52 UTC 2026","passed","Fri Jul 10 00:03:52 UTC 2026","","eu.esdihumboldt.hale.common.core.io.impl.ValueListTypeTest","eu.esdihumboldt.hale.common.core.io.impl.ValueListTypeTest","testStringValueList"
"","0","testCMUnion2","","Fri Jul 10 00:07:00 UTC 2026","skipped","Fri Jul 10 00:07:00 UTC 2026","","eu.esdihumboldt.cst.internal.ConceptualSchemaTransformerTest","eu.esdihumboldt.cst.internal.ConceptualSchemaTransformerTest","testCMUnion2"
"","46","testLoadShiporder","","Fri Jul 10 00:04:21 UTC 2026","passed","Fri Jul 10 00:04:21 UTC 2026","","eu.esdihumboldt.hale.common.instance.helper.PropertyResolverTest","eu.esdihumboldt.hale.common.instance.helper.PropertyResolverTest","testLoadShiporder"
"","3","testByPoints2","","Fri Jul 10 00:16:45 UTC 2026","passed","Fri Jul 10 00:16:45 UTC 2026","","eu.esdihumboldt.util.geometry.interpolation.grid.GridInterpolationTest","eu.esdihumboldt.util.geometry.interpolation.grid.GridInterpolationTest","testByPoints2"
"","1","testDefault","","Fri Jul 10 00:05:45 UTC 2026","passed","Fri Jul 10 00:05:45 UTC 2026","","eu.esdihumboldt.hale.common.schema.model.constraint.factory.type.MappableFlagFactoryTest","eu.esdihumboldt.hale.common.schema.model.constraint.factory.type.MappableFlagFactoryTest","testDefault"
"","3475","testTypedFilterForHydro","","Fri Jul 10 00:01:44 UTC 2026","passed","Fri Jul 10 00:01:47 UTC 2026","","eu.esdihumboldt.hale.app.transform.test.ExecuteTest","eu.esdihumboldt.hale.app.transform.test.ExecuteTest","testTypedFilterForHydro"
"","1","testCurve2","","Fri Jul 10 00:07:47 UTC 2026","passed","Fri Jul 10 00:07:47 UTC 2026","","eu.esdihumboldt.cst.functions.geometric.test.InteriorPointTest","eu.esdihumboldt.cst.functions.geometric.test.InteriorPointTest","testCurve2"
"","11","testValuePropertiesJson","","Fri Jul 10 00:03:52 UTC 2026","passed","Fri Jul 10 00:03:52 UTC 2026","","eu.esdihumboldt.hale.common.core.io.impl.ValuePropertiesTypeTest","eu.esdihumboldt.hale.common.core.io.impl.ValuePropertiesTypeTest","testValuePropertiesJson"
"","2601","testCellDisableSaveLoad","","Fri Jul 10 00:02:16 UTC 2026","passed","Fri Jul 10 00:02:18 UTC 2026","","eu.esdihumboldt.hale.common.align.io.CastorAlignmentIOTest","eu.esdihumboldt.hale.common.align.io.CastorAlignmentIOTest","testCellDisableSaveLoad"
"","404","testGeometryAggregate_32_LineString","","Fri Jul 10 00:10:53 UTC 2026","passed","Fri Jul 10 00:10:53 UTC 2026","","eu.esdihumboldt.hale.io.gml.writer.internal.StreamGmlWriterTest","eu.esdihumboldt.hale.io.gml.writer.internal.StreamGmlWriterTest","testGeometryAggregate_32_LineString"
"","8561","testAddRemoveMappingMultipleProperties","","Fri Jul 10 00:04:57 UTC 2026","passed","Fri Jul 10 00:05:06 UTC 2026","","eu.esdihumboldt.hale.common.instance.index.MultimapInstanceIndexTest","eu.esdihumboldt.hale.common.instance.index.MultimapInstanceIndexTest","testAddRemoveMappingMultipleProperties"
"","6","testSKOSFromRDF4_language_nl","","Fri Jul 10 00:08:36 UTC 2026","passed","Fri Jul 10 00:08:36 UTC 2026","","eu.esdihumboldt.hale.io.codelist.skos.test.SkosCodeListTest","eu.esdihumboldt.hale.io.codelist.skos.test.SkosCodeListTest","testSKOSFromRDF4_language_nl"
"","185","testTypeFilter1","","Fri Jul 10 00:03:10 UTC 2026","passed","Fri Jul 10 00:03:10 UTC 2026","","eu.esdihumboldt.hale.common.align.merge.test.impl.DefaultMergeCellMigratorTest","eu.esdihumboldt.hale.common.align.merge.test.impl.DefaultMergeCellMigratorTest","testTypeFilter1"
"","21","testReadVersion3","","Fri Jul 10 00:13:31 UTC 2026","passed","Fri Jul 10 00:13:31 UTC 2026","","eu.esdihumboldt.hale.io.jdbc.spatialite.reader.internal.SpatiaLiteSchemaReaderTest","eu.esdihumboldt.hale.io.jdbc.spatialite.reader.internal.SpatiaLiteSchemaReaderTest","testReadVersion3"
"","12500","gstringIntercepted","","Fri Jul 10 00:17:05 UTC 2026","passed","Fri Jul 10 00:17:18 UTC 2026","","eu.esdihumboldt.util.groovy.sandbox.test.internal.GroovySandboxTest","eu.esdihumboldt.util.groovy.sandbox.test.internal.GroovySandboxTest","gstringIntercepted"
"","78","testWriteComplexSchema","","Fri Jul 10 00:08:58 UTC 2026","passed","Fri Jul 10 00:08:58 UTC 2026","","eu.esdihumboldt.hale.io.csv.writer.CSVInstanceWriterTest","eu.esdihumboldt.hale.io.csv.writer.CSVInstanceWriterTest","testWriteComplexSchema"
"","15","testInvalidKey1","","Fri Jul 10 00:16:38 UTC 2026","passed","Fri Jul 10 00:16:38 UTC 2026","","eu.esdihumboldt.util.config.ConfigTest","eu.esdihumboldt.util.config.ConfigTest","testInvalidKey1"
"","1","testSimpleOverride","","Fri Jul 10 00:16:38 UTC 2026","passed","Fri Jul 10 00:16:38 UTC 2026","","eu.esdihumboldt.util.config.ConfigMergerTest","eu.esdihumboldt.util.config.ConfigMergerTest","testSimpleOverride"
"","6","testSimpleSingleStrictFail","","Fri Jul 10 00:06:02 UTC 2026","passed","Fri Jul 10 00:06:02 UTC 2026","","eu.esdihumboldt.hale.common.schema.groovy.DefinitionAccessorTest","eu.esdihumboldt.hale.common.schema.groovy.DefinitionAccessorTest","testSimpleSingleStrictFail"
"","0","testCMUnion1","","Fri Jul 10 00:07:00 UTC 2026","skipped","Fri Jul 10 00:07:00 UTC 2026","","eu.esdihumboldt.cst.internal.ConceptualSchemaTransformerTest","eu.esdihumboldt.cst.internal.ConceptualSchemaTransformerTest","testCMUnion1"
"","133","testArray","","Fri Jul 10 00:13:51 UTC 2026","passed","Fri Jul 10 00:13:51 UTC 2026","","eu.esdihumboldt.hale.io.json.test.JsonSchemaReaderTest","eu.esdihumboldt.hale.io.json.test.JsonSchemaReaderTest","testArray"
"","0","testQ3","","Fri Jul 10 00:16:45 UTC 2026","passed","Fri Jul 10 00:16:45 UTC 2026","","eu.esdihumboldt.util.geometry.interpolation.grid.GridUtilTest","eu.esdihumboldt.util.geometry.interpolation.grid.GridUtilTest","testQ3"
"","1","testFormatter[1]","","Fri Jul 10 00:16:41 UTC 2026","passed","Fri Jul 10 00:16:41 UTC 2026","","eu.esdihumboldt.util.geometry.DecimalFormatUtilTest","eu.esdihumboldt.util.geometry.DecimalFormatUtilTest","testFormatter[1]"
"","1","testName","","Fri Jul 10 00:06:03 UTC 2026","passed","Fri Jul 10 00:06:03 UTC 2026","","eu.esdihumboldt.hale.common.schema.groovy.constraints.DisplayNameFactoryTest","eu.esdihumboldt.hale.common.schema.groovy.constraints.DisplayNameFactoryTest","testName"
"","9448","testConvert","","Fri Jul 10 00:03:27 UTC 2026","passed","Fri Jul 10 00:03:37 UTC 2026","","eu.esdihumboldt.hale.common.config.ConfigValueTest","eu.esdihumboldt.hale.common.config.ConfigValueTest","testConvert"
"","0","testGeoCross","","Fri Jul 10 00:04:09 UTC 2026","skipped","Fri Jul 10 00:04:09 UTC 2026","","eu.esdihumboldt.hale.common.filter.ECQLFilterTest","eu.esdihumboldt.hale.common.filter.ECQLFilterTest","testGeoCross"
"","1","testPrimitiveArray2","","Fri Jul 10 00:05:45 UTC 2026","passed","Fri Jul 10 00:05:45 UTC 2026","","eu.esdihumboldt.hale.common.schema.model.constraint.factory.type.BindingFactoryTest","eu.esdihumboldt.hale.common.schema.model.constraint.factory.type.BindingFactoryTest","testPrimitiveArray2"
"","23","testEmpty","","Fri Jul 10 00:05:45 UTC 2026","passed","Fri Jul 10 00:05:45 UTC 2026","","eu.esdihumboldt.hale.common.schema.model.constraint.factory.type.ValidationConstraintFactoryTest","eu.esdihumboldt.hale.common.schema.model.constraint.factory.type.ValidationConstraintFactoryTest","testEmpty"
"","514","testStoreRestoreCustomName","","Fri Jul 10 00:05:44 UTC 2026","passed","Fri Jul 10 00:05:45 UTC 2026","","eu.esdihumboldt.hale.common.schema.model.constraint.factory.DisplayNameFactoryTest","eu.esdihumboldt.hale.common.schema.model.constraint.factory.DisplayNameFactoryTest","testStoreRestoreCustomName"
"","124","testGroovyWarningMergeTarget","","Fri Jul 10 00:03:11 UTC 2026","passed","Fri Jul 10 00:03:12 UTC 2026","","eu.esdihumboldt.hale.common.align.merge.test.impl.DefaultMergeCellMigratorTest","eu.esdihumboldt.hale.common.align.merge.test.impl.DefaultMergeCellMigratorTest","testGroovyWarningMergeTarget"
"","117","testNativeQuery","","Fri Jul 10 00:17:26 UTC 2026","passed","Fri Jul 10 00:17:26 UTC 2026","","eu.esdihumboldt.util.orient.embedded.LocalDocumentTest","eu.esdihumboldt.util.orient.embedded.LocalDocumentTest","testNativeQuery"
"","22","testSinglePolyGeometryWithLongAlphanumericNamesWithMultipleInstances","","Fri Jul 10 00:15:00 UTC 2026","passed","Fri Jul 10 00:15:00 UTC 2026","","eu.esdihumboldt.hale.io.shp.ShapefileInstanceWriterTest","eu.esdihumboldt.hale.io.shp.ShapefileInstanceWriterTest","testSinglePolyGeometryWithLongAlphanumericNamesWithMultipleInstances"
"","52","testTypeFilter","","Fri Jul 10 00:07:12 UTC 2026","passed","Fri Jul 10 00:07:12 UTC 2026","","eu.esdihumboldt.cst.internal.ConceptualSchemaTransformerTest","eu.esdihumboldt.cst.internal.ConceptualSchemaTransformerTest","testTypeFilter"
"","3642","testGroovyFilterForHydro","","Fri Jul 10 00:01:40 UTC 2026","passed","Fri Jul 10 00:01:44 UTC 2026","","eu.esdihumboldt.hale.app.transform.test.ExecuteTest","eu.esdihumboldt.hale.app.transform.test.ExecuteTest","testGroovyFilterForHydro"
"","4701","testWriteRead","","Fri Jul 10 00:12:50 UTC 2026","passed","Fri Jul 10 00:12:55 UTC 2026","","eu.esdihumboldt.hale.io.jdbc.postgresql.test.MultiDimensionalArraysIT","eu.esdihumboldt.hale.io.jdbc.postgresql.test.MultiDimensionalArraysIT","testWriteRead"
"","236","testSqlQuery","","Fri Jul 10 00:17:26 UTC 2026","passed","Fri Jul 10 00:17:26 UTC 2026","","eu.esdihumboldt.util.orient.embedded.LocalDocumentTest","eu.esdihumboldt.util.orient.embedded.LocalDocumentTest","testSqlQuery"
"","9866","testShapefileInstanceFromNginxUrl","","Fri Jul 10 00:14:39 UTC 2026","passed","Fri Jul 10 00:14:49 UTC 2026","","eu.esdihumboldt.hale.io.shp.ShapeInstanceReaderTest","eu.esdihumboldt.hale.io.shp.ShapeInstanceReaderTest","testShapefileInstanceFromNginxUrl"
"","1","testCircle2","","Fri Jul 10 00:16:45 UTC 2026","passed","Fri Jul 10 00:16:45 UTC 2026","","eu.esdihumboldt.util.geometry.interpolation.model.impl.ArcByCenterPointImplTest","eu.esdihumboldt.util.geometry.interpolation.model.impl.ArcByCenterPointImplTest","testCircle2"
"","152","testTypeFilter2Present","","Fri Jul 10 00:03:11 UTC 2026","passed","Fri Jul 10 00:03:11 UTC 2026","","eu.esdihumboldt.hale.common.align.merge.test.impl.DefaultMergeCellMigratorTest","eu.esdihumboldt.hale.common.align.merge.test.impl.DefaultMergeCellMigratorTest","testTypeFilter2Present"
"","4496","testTransformXmlInline","","Fri Jul 10 00:01:26 UTC 2026","passed","Fri Jul 10 00:01:31 UTC 2026","","eu.esdihumboldt.hale.app.transform.test.ExecuteTest","eu.esdihumboldt.hale.app.transform.test.ExecuteTest","testTransformXmlInline"
"","3","testTimeEquals","","Fri Jul 10 00:04:09 UTC 2026","passed","Fri Jul 10 00:04:09 UTC 2026","","eu.esdihumboldt.hale.common.filter.ECQLFilterTest","eu.esdihumboldt.hale.common.filter.ECQLFilterTest","testTimeEquals"
"","23","testRead_definitive_all","","Fri Jul 10 00:16:18 UTC 2026","passed","Fri Jul 10 00:16:18 UTC 2026","","eu.esdihumboldt.hale.io.xsd.reader.XmlSchemaReaderTest","eu.esdihumboldt.hale.io.xsd.reader.XmlSchemaReaderTest","testRead_definitive_all"
"","847","testSkipFeatureCollection","","Fri Jul 10 00:13:49 UTC 2026","passed","Fri Jul 10 00:13:50 UTC 2026","","eu.esdihumboldt.hale.io.json.test.JsonInstanceCollectionTest","eu.esdihumboldt.hale.io.json.test.JsonInstanceCollectionTest","testSkipFeatureCollection"
"","6","testConsumeMap","","Fri Jul 10 00:08:07 UTC 2026","passed","Fri Jul 10 00:08:07 UTC 2026","","eu.esdihumboldt.cst.functions.groovy.helpers.util.CollectorTest","eu.esdihumboldt.cst.functions.groovy.helpers.util.CollectorTest","testConsumeMap"
"","78","testPriority","","Fri Jul 10 00:07:11 UTC 2026","passed","Fri Jul 10 00:07:11 UTC 2026","","eu.esdihumboldt.cst.internal.ConceptualSchemaTransformerTest","eu.esdihumboldt.cst.internal.ConceptualSchemaTransformerTest","testPriority"
"","122","migrateRenameFormattedString","","Fri Jul 10 00:03:13 UTC 2026","passed","Fri Jul 10 00:03:13 UTC 2026","","eu.esdihumboldt.hale.common.align.merge.test.impl.FormattedStringMergeTest","eu.esdihumboldt.hale.common.align.merge.test.impl.FormattedStringMergeTest","migrateRenameFormattedString"
"","119","testOverwriteFailsWhenFileCannotBeDeleted","","Fri Jul 10 00:09:30 UTC 2026","passed","Fri Jul 10 00:09:30 UTC 2026","","eu.esdihumboldt.hale.io.geopackage.GeopackageInstanceWriterTest","eu.esdihumboldt.hale.io.geopackage.GeopackageInstanceWriterTest","testOverwriteFailsWhenFileCannotBeDeleted"
"","19","testRead_shiporder_one","","Fri Jul 10 00:16:18 UTC 2026","passed","Fri Jul 10 00:16:18 UTC 2026","","eu.esdihumboldt.hale.io.xsd.reader.XmlSchemaReaderTest","eu.esdihumboldt.hale.io.xsd.reader.XmlSchemaReaderTest","testRead_shiporder_one"
"","4519","testArrayTypes","","Fri Jul 10 00:12:45 UTC 2026","passed","Fri Jul 10 00:12:50 UTC 2026","","eu.esdihumboldt.hale.io.jdbc.postgresql.test.MultiDimensionalArraysIT","eu.esdihumboldt.hale.io.jdbc.postgresql.test.MultiDimensionalArraysIT","testArrayTypes"
"","0","testInstanceNoValueExistsSchema","","Fri Jul 10 00:04:08 UTC 2026","skipped","Fri Jul 10 00:04:08 UTC 2026","","eu.esdihumboldt.hale.common.filter.CQLFilterTest","eu.esdihumboldt.hale.common.filter.CQLFilterTest","testInstanceNoValueExistsSchema"
"","6","testMultiType","","Fri Jul 10 00:13:51 UTC 2026","passed","Fri Jul 10 00:13:51 UTC 2026","","eu.esdihumboldt.hale.io.json.test.JsonSchemaReaderTest","eu.esdihumboldt.hale.io.json.test.JsonSchemaReaderTest","testMultiType"
"","1","testCW3","","Fri Jul 10 00:16:45 UTC 2026","passed","Fri Jul 10 00:16:45 UTC 2026","","eu.esdihumboldt.util.geometry.interpolation.model.impl.ArcByCenterPointImplTest","eu.esdihumboldt.util.geometry.interpolation.model.impl.ArcByCenterPointImplTest","testCW3"
"","52","testBaseNameFromFile","","Fri Jul 10 00:14:37 UTC 2026","passed","Fri Jul 10 00:14:37 UTC 2026","","eu.esdihumboldt.hale.io.shp.ShapeInstanceReaderTest","eu.esdihumboldt.hale.io.shp.ShapeInstanceReaderTest","testBaseNameFromFile"
"","2","testElementHasListOfObjects","","Fri Jul 10 00:17:02 UTC 2026","passed","Fri Jul 10 00:17:02 UTC 2026","","eu.esdihumboldt.util.groovy.json.JsonStreamBuilderTest","eu.esdihumboldt.util.groovy.json.JsonStreamBuilderTest","testElementHasListOfObjects"
"","29","testGroup","","Fri Jul 10 00:06:02 UTC 2026","passed","Fri Jul 10 00:06:02 UTC 2026","","eu.esdihumboldt.hale.common.schema.groovy.SchemaBuilderTest","eu.esdihumboldt.hale.common.schema.groovy.SchemaBuilderTest","testGroup"
"","1256","testSKOSFromRDF5_language_de","","Fri Jul 10 00:08:34 UTC 2026","passed","Fri Jul 10 00:08:35 UTC 2026","","eu.esdihumboldt.hale.io.codelist.skos.test.SkosCodeListTest","eu.esdihumboldt.hale.io.codelist.skos.test.SkosCodeListTest","testSKOSFromRDF5_language_de"
"","1","testElements","","Fri Jul 10 00:16:16 UTC 2026","passed","Fri Jul 10 00:16:16 UTC 2026","","eu.esdihumboldt.hale.io.xsd.anytype.valuetypes.CustomTypeContentTypeTest","eu.esdihumboldt.hale.io.xsd.anytype.valuetypes.CustomTypeContentTypeTest","testElements"
"","0","testGeometry_2_Point","","Fri Jul 10 00:10:56 UTC 2026","skipped","Fri Jul 10 00:10:56 UTC 2026","","eu.esdihumboldt.hale.io.gml.writer.internal.StreamGmlWriterTest","eu.esdihumboldt.hale.io.gml.writer.internal.StreamGmlWriterTest","testGeometry_2_Point"
"","8","testList","","Fri Jul 10 00:08:07 UTC 2026","passed","Fri Jul 10 00:08:07 UTC 2026","","eu.esdihumboldt.cst.functions.groovy.helpers.util.CollectorTest","eu.esdihumboldt.cst.functions.groovy.helpers.util.CollectorTest","testList"
"","432","testSchema","","Fri Jul 10 00:04:53 UTC 2026","passed","Fri Jul 10 00:04:54 UTC 2026","","eu.esdihumboldt.hale.common.instance.groovy.InstanceAccessorTest","eu.esdihumboldt.hale.common.instance.groovy.InstanceAccessorTest","testSchema"
"","257","testMsAccessSchemaReaderForMdbTest","","Fri Jul 10 00:11:47 UTC 2026","passed","Fri Jul 10 00:11:47 UTC 2026","","eu.esdihumboldt.hale.io.jdbc.msaccess.reader.MsAccessSchemaReaderTest","eu.esdihumboldt.hale.io.jdbc.msaccess.reader.MsAccessSchemaReaderTest","testMsAccessSchemaReaderForMdbTest"
"","79","testStructuralRename1","","Fri Jul 10 00:07:12 UTC 2026","passed","Fri Jul 10 00:07:12 UTC 2026","","eu.esdihumboldt.cst.internal.ConceptualSchemaTransformerTest","eu.esdihumboldt.cst.internal.ConceptualSchemaTransformerTest","testStructuralRename1"
"","2","testReadSimpleWithDate","","Fri Jul 10 00:08:48 UTC 2026","passed","Fri Jul 10 00:08:48 UTC 2026","","eu.esdihumboldt.hale.io.csv.CSVInstanceReaderTest","eu.esdihumboldt.hale.io.csv.CSVInstanceReaderTest","testReadSimpleWithDate"
"","6866","testGroovyContextFilterForHydro","","Fri Jul 10 00:01:03 UTC 2026","passed","Fri Jul 10 00:01:10 UTC 2026","","eu.esdihumboldt.hale.app.transform.test.ExecuteTest","eu.esdihumboldt.hale.app.transform.test.ExecuteTest","testGroovyContextFilterForHydro"
"","0","testGeoIntersect","","Fri Jul 10 00:04:08 UTC 2026","skipped","Fri Jul 10 00:04:08 UTC 2026","","eu.esdihumboldt.hale.common.filter.CQLFilterTest","eu.esdihumboldt.hale.common.filter.CQLFilterTest","testGeoIntersect"
"","78","testCardinalityMerge_2","","Fri Jul 10 00:07:10 UTC 2026","passed","Fri Jul 10 00:07:10 UTC 2026","","eu.esdihumboldt.cst.internal.ConceptualSchemaTransformerTest","eu.esdihumboldt.cst.internal.ConceptualSchemaTransformerTest","testCardinalityMerge_2"
"","4100","testEvaluateSuccess2","","Fri Jul 10 00:01:55 UTC 2026","passed","Fri Jul 10 00:02:00 UTC 2026","","eu.esdihumboldt.hale.app.transform.test.ExecuteTest","eu.esdihumboldt.hale.app.transform.test.ExecuteTest","testEvaluateSuccess2"
"","11","testGeoJsonSimple_7_andLess","","Fri Jul 10 00:13:49 UTC 2026","passed","Fri Jul 10 00:13:49 UTC 2026","","eu.esdihumboldt.hale.io.json.test.InstanceToJsonTest","eu.esdihumboldt.hale.io.json.test.InstanceToJsonTest","testGeoJsonSimple_7_andLess"
"","6","testNumberBetweenList","","Fri Jul 10 00:04:09 UTC 2026","passed","Fri Jul 10 00:04:09 UTC 2026","","eu.esdihumboldt.hale.common.filter.CQLFilterTest","eu.esdihumboldt.hale.common.filter.CQLFilterTest","testNumberBetweenList"
"","17","testShapefileInstanceFromFile","","Fri Jul 10 00:14:50 UTC 2026","passed","Fri Jul 10 00:14:50 UTC 2026","","eu.esdihumboldt.hale.io.shp.ShapeInstanceReaderTest","eu.esdihumboldt.hale.io.shp.ShapeInstanceReaderTest","testShapefileInstanceFromFile"
"","3","testNumberString","","Fri Jul 10 00:04:09 UTC 2026","passed","Fri Jul 10 00:04:09 UTC 2026","","eu.esdihumboldt.hale.common.filter.ECQLFilterTest","eu.esdihumboldt.hale.common.filter.ECQLFilterTest","testNumberString"
"","6","testReadDefaultTypeOverride","","Fri Jul 10 00:13:51 UTC 2026","passed","Fri Jul 10 00:13:51 UTC 2026","","eu.esdihumboldt.hale.io.json.test.JsonInstanceReaderTest","eu.esdihumboldt.hale.io.json.test.JsonInstanceReaderTest","testReadDefaultTypeOverride"
"","1","testDefault","","Fri Jul 10 00:05:45 UTC 2026","passed","Fri Jul 10 00:05:45 UTC 2026","","eu.esdihumboldt.hale.common.schema.model.constraint.factory.type.PrimaryKeyFactoryTest","eu.esdihumboldt.hale.common.schema.model.constraint.factory.type.PrimaryKeyFactoryTest","testDefault"
"","127","testFilterSame4","","Fri Jul 10 00:03:09 UTC 2026","passed","Fri Jul 10 00:03:09 UTC 2026","","eu.esdihumboldt.hale.common.align.merge.test.impl.DefaultMergeCellMigratorTest","eu.esdihumboldt.hale.common.align.merge.test.impl.DefaultMergeCellMigratorTest","testFilterSame4"
"","42","simpleSchemaTestECQL","","Fri Jul 10 00:04:12 UTC 2026","passed","Fri Jul 10 00:04:12 UTC 2026","","eu.esdihumboldt.hale.common.filter.FilterTest","eu.esdihumboldt.hale.common.filter.FilterTest","simpleSchemaTestECQL"
"","130","testWriteFeatures","","Fri Jul 10 00:09:30 UTC 2026","passed","Fri Jul 10 00:09:30 UTC 2026","","eu.esdihumboldt.hale.io.geopackage.GeopackageInstanceWriterTest","eu.esdihumboldt.hale.io.geopackage.GeopackageInstanceWriterTest","testWriteFeatures"
"","5","testLoopArray","","Fri Jul 10 00:17:02 UTC 2026","passed","Fri Jul 10 00:17:02 UTC 2026","","eu.esdihumboldt.util.groovy.json.JsonStreamBuilderTest","eu.esdihumboldt.util.groovy.json.JsonStreamBuilderTest","testLoopArray"
"","0","testPropertiesUnMix","","Fri Jul 10 00:06:58 UTC 2026","skipped","Fri Jul 10 00:06:58 UTC 2026","","eu.esdihumboldt.cst.internal.ConceptualSchemaTransformerTest","eu.esdihumboldt.cst.internal.ConceptualSchemaTransformerTest","testPropertiesUnMix"
"","12","testReadSingleObject","","Fri Jul 10 00:13:50 UTC 2026","passed","Fri Jul 10 00:13:51 UTC 2026","","eu.esdihumboldt.hale.io.json.test.JsonInstanceCollectionTest","eu.esdihumboldt.hale.io.json.test.JsonInstanceCollectionTest","testReadSingleObject"
"","7","testNestedArrayPrettyPrint","","Fri Jul 10 00:17:02 UTC 2026","passed","Fri Jul 10 00:17:02 UTC 2026","","eu.esdihumboldt.util.groovy.json.JsonStreamBuilderTest","eu.esdihumboldt.util.groovy.json.JsonStreamBuilderTest","testNestedArrayPrettyPrint"
"","114","testRegexAnalysis","","Fri Jul 10 00:07:12 UTC 2026","passed","Fri Jul 10 00:07:12 UTC 2026","","eu.esdihumboldt.cst.internal.ConceptualSchemaTransformerTest","eu.esdihumboldt.cst.internal.ConceptualSchemaTransformerTest","testRegexAnalysis"
"","5","testGeoBbox","","Fri Jul 10 00:04:09 UTC 2026","passed","Fri Jul 10 00:04:09 UTC 2026","","eu.esdihumboldt.hale.common.filter.ECQLFilterTest","eu.esdihumboldt.hale.common.filter.ECQLFilterTest","testGeoBbox"
"","0","testInstanceReader","","Fri Jul 10 00:11:51 UTC 2026","skipped","Fri Jul 10 00:11:51 UTC 2026","","eu.esdihumboldt.hale.io.jdbc.mssql.test.MsSqlDataReaderTest","eu.esdihumboldt.hale.io.jdbc.mssql.test.MsSqlDataReaderTest","testInstanceReader"
"","86","testGmlOverflow2","","Fri Jul 10 00:04:38 UTC 2026","passed","Fri Jul 10 00:04:38 UTC 2026","","eu.esdihumboldt.hale.common.instance.graph.test.ReferenceGraphTest","eu.esdihumboldt.hale.common.instance.graph.test.ReferenceGraphTest","testGmlOverflow2"
"","36","testSinglePolyGeometryWithLongAlphanumericNamesWithMultipleInstancesWithMissingData","","Fri Jul 10 00:15:00 UTC 2026","passed","Fri Jul 10 00:15:00 UTC 2026","","eu.esdihumboldt.hale.io.shp.ShapefileInstanceWriterTest","eu.esdihumboldt.hale.io.shp.ShapefileInstanceWriterTest","testSinglePolyGeometryWithLongAlphanumericNamesWithMultipleInstancesWithMissingData"
"","416","testReadInstancesXSD","","Fri Jul 10 00:09:28 UTC 2026","passed","Fri Jul 10 00:09:29 UTC 2026","","eu.esdihumboldt.hale.io.geopackage.GeopackageInstanceReaderTest","eu.esdihumboldt.hale.io.geopackage.GeopackageInstanceReaderTest","testReadInstancesXSD"
"","9","testValuesAllowOthers","","Fri Jul 10 00:05:45 UTC 2026","passed","Fri Jul 10 00:05:45 UTC 2026","","eu.esdihumboldt.hale.common.schema.model.constraint.factory.type.EnumerationFactoryTest","eu.esdihumboldt.hale.common.schema.model.constraint.factory.type.EnumerationFactoryTest","testValuesAllowOthers"
"","54","testReadMultiSheetTypeSettingsIndex","","Fri Jul 10 00:15:59 UTC 2026","passed","Fri Jul 10 00:15:59 UTC 2026","","eu.esdihumboldt.hale.io.xls.test.reader.XLSReaderTest","eu.esdihumboldt.hale.io.xls.test.reader.XLSReaderTest","testReadMultiSheetTypeSettingsIndex"
"","15","testBackwardCompatibilityRead","","Fri Jul 10 00:15:59 UTC 2026","passed","Fri Jul 10 00:15:59 UTC 2026","","eu.esdihumboldt.hale.io.xls.test.reader.XLSReaderTest","eu.esdihumboldt.hale.io.xls.test.reader.XLSReaderTest","testBackwardCompatibilityRead"
"","15","testArcString","","Fri Jul 10 00:16:45 UTC 2026","passed","Fri Jul 10 00:16:45 UTC 2026","","eu.esdihumboldt.util.geometry.interpolation.grid.GridInterpolationTest","eu.esdihumboldt.util.geometry.interpolation.grid.GridInterpolationTest","testArcString"
"","15","testReadMultiPoint","","Fri Jul 10 00:13:52 UTC 2026","passed","Fri Jul 10 00:13:52 UTC 2026","","eu.esdihumboldt.hale.io.json.test.JsonToInstanceTest","eu.esdihumboldt.hale.io.json.test.JsonToInstanceTest","testReadMultiPoint"
"","99","testStructuralRetype1","","Fri Jul 10 00:07:12 UTC 2026","passed","Fri Jul 10 00:07:12 UTC 2026","","eu.esdihumboldt.cst.internal.ConceptualSchemaTransformerTest","eu.esdihumboldt.cst.internal.ConceptualSchemaTransformerTest","testStructuralRetype1"
"","228","testRef","","Fri Jul 10 00:05:45 UTC 2026","passed","Fri Jul 10 00:05:45 UTC 2026","","eu.esdihumboldt.hale.common.schema.model.constraint.factory.property.ReferenceFactoryTest","eu.esdihumboldt.hale.common.schema.model.constraint.factory.property.ReferenceFactoryTest","testRef"
"","0","testBeforeList","","Fri Jul 10 00:04:08 UTC 2026","skipped","Fri Jul 10 00:04:08 UTC 2026","","eu.esdihumboldt.hale.common.filter.CQLFilterTest","eu.esdihumboldt.hale.common.filter.CQLFilterTest","testBeforeList"
"","0","testCurve","","Fri Jul 10 00:07:47 UTC 2026","passed","Fri Jul 10 00:07:47 UTC 2026","","eu.esdihumboldt.cst.functions.geometric.test.InteriorPointTest","eu.esdihumboldt.cst.functions.geometric.test.InteriorPointTest","testCurve"
"","2","testNested","","Fri Jul 10 00:13:51 UTC 2026","passed","Fri Jul 10 00:13:51 UTC 2026","","eu.esdihumboldt.hale.io.json.test.JsonSchemaReaderTest","eu.esdihumboldt.hale.io.json.test.JsonSchemaReaderTest","testNested"
"","175","testInnerJoin","","Fri Jul 10 00:07:02 UTC 2026","passed","Fri Jul 10 00:07:02 UTC 2026","","eu.esdihumboldt.cst.internal.ConceptualSchemaTransformerTest","eu.esdihumboldt.cst.internal.ConceptualSchemaTransformerTest","testInnerJoin"
"","89","testWriteReadBoolean","","Fri Jul 10 00:09:30 UTC 2026","passed","Fri Jul 10 00:09:30 UTC 2026","","eu.esdihumboldt.hale.io.geopackage.GeopackageInstanceWriterTest","eu.esdihumboldt.hale.io.geopackage.GeopackageInstanceWriterTest","testWriteReadBoolean"
"","2","testCreateType","","Fri Jul 10 00:06:03 UTC 2026","passed","Fri Jul 10 00:06:03 UTC 2026","","eu.esdihumboldt.hale.common.schema.groovy.SchemaBuilderTest","eu.esdihumboldt.hale.common.schema.groovy.SchemaBuilderTest","testCreateType"
"","2","testJsonBuilderSameNameFail2","","Fri Jul 10 00:17:02 UTC 2026","passed","Fri Jul 10 00:17:02 UTC 2026","","eu.esdihumboldt.util.groovy.json.JsonStreamBuilderTest","eu.esdihumboldt.util.groovy.json.JsonStreamBuilderTest","testJsonBuilderSameNameFail2"
"","163","testDuplicateRule","","Fri Jul 10 00:14:04 UTC 2026","passed","Fri Jul 10 00:14:04 UTC 2026","","eu.esdihumboldt.hale.io.schematron.SchematronInstanceValidatorTest","eu.esdihumboldt.hale.io.schematron.SchematronInstanceValidatorTest","testDuplicateRule"
"","344","testGeometryPrimitive_32_MultiPolygon_WindingOrder_CCW","","Fri Jul 10 00:10:54 UTC 2026","passed","Fri Jul 10 00:10:55 UTC 2026","","eu.esdihumboldt.hale.io.gml.writer.internal.StreamGmlWriterTest","eu.esdihumboldt.hale.io.gml.writer.internal.StreamGmlWriterTest","testGeometryPrimitive_32_MultiPolygon_WindingOrder_CCW"
"","0","testGeometry_2_MultiLineString","","Fri Jul 10 00:10:51 UTC 2026","skipped","Fri Jul 10 00:10:51 UTC 2026","","eu.esdihumboldt.hale.io.gml.writer.internal.StreamGmlWriterTest","eu.esdihumboldt.hale.io.gml.writer.internal.StreamGmlWriterTest","testGeometry_2_MultiLineString"
"","148","testPersonWriteValidate","","Fri Jul 10 00:06:18 UTC 2026","passed","Fri Jul 10 00:06:19 UTC 2026","","eu.esdihumboldt.hale.common.schema.persist.hsd.test.json.HaleSchemaWriterJsonTest","eu.esdihumboldt.hale.common.schema.persist.hsd.test.json.HaleSchemaWriterJsonTest","testPersonWriteValidate"
"","1","testHttpAbsoluteOtherHttp","","Fri Jul 10 00:16:16 UTC 2026","passed","Fri Jul 10 00:16:16 UTC 2026","","eu.esdihumboldt.hale.io.xsd.reader.HumboldtURIResolverTest","eu.esdihumboldt.hale.io.xsd.reader.HumboldtURIResolverTest","testHttpAbsoluteOtherHttp"
"","11","testGeoJsonSimpleMoreThan_14","","Fri Jul 10 00:13:49 UTC 2026","passed","Fri Jul 10 00:13:49 UTC 2026","","eu.esdihumboldt.hale.io.json.test.InstanceToJsonTest","eu.esdihumboldt.hale.io.json.test.InstanceToJsonTest","testGeoJsonSimpleMoreThan_14"
"","20","testReadModeSingleObject","","Fri Jul 10 00:13:51 UTC 2026","passed","Fri Jul 10 00:13:51 UTC 2026","","eu.esdihumboldt.hale.io.json.test.JsonInstanceReaderTest","eu.esdihumboldt.hale.io.json.test.JsonInstanceReaderTest","testReadModeSingleObject"
"","143","testMultiResult1","","Fri Jul 10 00:07:02 UTC 2026","passed","Fri Jul 10 00:07:02 UTC 2026","","eu.esdihumboldt.cst.internal.ConceptualSchemaTransformerTest","eu.esdihumboldt.cst.internal.ConceptualSchemaTransformerTest","testMultiResult1"
"","0","testCopyISOTC211","","Fri Jul 10 00:03:53 UTC 2026","skipped","Fri Jul 10 00:03:53 UTC 2026","","eu.esdihumboldt.hale.common.core.io.project.util.XMLPathUpdaterTest","eu.esdihumboldt.hale.common.core.io.project.util.XMLPathUpdaterTest","testCopyISOTC211"
"","2","testNullNoSchema","","Fri Jul 10 00:04:09 UTC 2026","passed","Fri Jul 10 00:04:09 UTC 2026","","eu.esdihumboldt.hale.common.filter.ECQLFilterTest","eu.esdihumboldt.hale.common.filter.ECQLFilterTest","testNullNoSchema"
"","6","testUsage","","Fri Jul 10 00:01:03 UTC 2026","passed","Fri Jul 10 00:01:03 UTC 2026","","eu.esdihumboldt.hale.app.transform.test.ExecuteTest","eu.esdihumboldt.hale.app.transform.test.ExecuteTest","testUsage"
"","140","testReadGeoJsonArray","","Fri Jul 10 00:13:51 UTC 2026","passed","Fri Jul 10 00:13:51 UTC 2026","","eu.esdihumboldt.hale.io.json.test.JsonInstanceCollectionTest","eu.esdihumboldt.hale.io.json.test.JsonInstanceCollectionTest","testReadGeoJsonArray"
"","1161","testReadNoNames","","Fri Jul 10 00:08:39 UTC 2026","passed","Fri Jul 10 00:08:41 UTC 2026","","eu.esdihumboldt.hale.io.codelist.xml.reader.XmlCodeListTest","eu.esdihumboldt.hale.io.codelist.xml.reader.XmlCodeListTest","testReadNoNames"
"","46","testLoadShiporder","","Fri Jul 10 00:09:42 UTC 2026","passed","Fri Jul 10 00:09:42 UTC 2026","","eu.esdihumboldt.hale.io.gml.reader.internal.GmlInstanceCollectionTest","eu.esdihumboldt.hale.io.gml.reader.internal.GmlInstanceCollectionTest","testLoadShiporder"
"","10","testClass","","Fri Jul 10 00:06:03 UTC 2026","passed","Fri Jul 10 00:06:03 UTC 2026","","eu.esdihumboldt.hale.common.schema.groovy.constraints.BindingFactoryTest","eu.esdihumboldt.hale.common.schema.groovy.constraints.BindingFactoryTest","testClass"
"","1","testFormatter[6]","","Fri Jul 10 00:16:42 UTC 2026","passed","Fri Jul 10 00:16:42 UTC 2026","","eu.esdihumboldt.util.geometry.DecimalFormatUtilTest","eu.esdihumboldt.util.geometry.DecimalFormatUtilTest","testFormatter[6]"
"","0","testAschemaReader","","Fri Jul 10 00:11:51 UTC 2026","skipped","Fri Jul 10 00:11:51 UTC 2026","","eu.esdihumboldt.hale.io.jdbc.mssql.test.MsSQLServer14Test","eu.esdihumboldt.hale.io.jdbc.mssql.test.MsSQLServer14Test","testAschemaReader"
"","1","eu.esdihumboldt.util.blueprints.entities.test.VertexEntityTransformationTest","","Fri Jul 10 00:16:25 UTC 2026","skipped","Fri Jul 10 00:16:25 UTC 2026","","eu.esdihumboldt.util.blueprints.entities.test.VertexEntityTransformationTest","eu.esdihumboldt.util.blueprints.entities.test.VertexEntityTransformationTest","eu.esdihumboldt.util.blueprints.entities.test.VertexEntityTransformationTest"
"","7","testEqualityListNoSchema","","Fri Jul 10 00:04:08 UTC 2026","passed","Fri Jul 10 00:04:08 UTC 2026","","eu.esdihumboldt.hale.common.filter.CQLFilterTest","eu.esdihumboldt.hale.common.filter.CQLFilterTest","testEqualityListNoSchema"
"","0","testOrderHolesCCW","","Fri Jul 10 00:16:44 UTC 2026","passed","Fri Jul 10 00:16:44 UTC 2026","","eu.esdihumboldt.util.geometry.WindingOrderTest","eu.esdihumboldt.util.geometry.WindingOrderTest","testOrderHolesCCW"
"","1","testRead2","","Fri Jul 10 00:08:48 UTC 2026","passed","Fri Jul 10 00:08:48 UTC 2026","","eu.esdihumboldt.hale.io.csv.CSVSchemaReaderTest","eu.esdihumboldt.hale.io.csv.CSVSchemaReaderTest","testRead2"
"","148","migrateJoinGroovyRetype","","Fri Jul 10 00:03:13 UTC 2026","passed","Fri Jul 10 00:03:13 UTC 2026","","eu.esdihumboldt.hale.common.align.merge.test.impl.GroovyRetypeMergeTest","eu.esdihumboldt.hale.common.align.merge.test.impl.GroovyRetypeMergeTest","migrateJoinGroovyRetype"
"","107","testDefaultSrs","","Fri Jul 10 00:10:35 UTC 2026","passed","Fri Jul 10 00:10:35 UTC 2026","","eu.esdihumboldt.hale.io.gml.reader.internal.StreamGmlReaderTest","eu.esdihumboldt.hale.io.gml.reader.internal.StreamGmlReaderTest","testDefaultSrs"
"","63","testAfter","","Fri Jul 10 00:04:08 UTC 2026","passed","Fri Jul 10 00:04:08 UTC 2026","","eu.esdihumboldt.hale.common.filter.CQLFilterTest","eu.esdihumboldt.hale.common.filter.CQLFilterTest","testAfter"
"","4243","testConnection","","Fri Jul 10 00:12:41 UTC 2026","passed","Fri Jul 10 00:12:45 UTC 2026","","eu.esdihumboldt.hale.io.jdbc.postgresql.test.DatabaseIT","eu.esdihumboldt.hale.io.jdbc.postgresql.test.DatabaseIT","testConnection"
"","7","testSpecifyTypeGeojson","","Fri Jul 10 00:13:51 UTC 2026","passed","Fri Jul 10 00:13:51 UTC 2026","","eu.esdihumboldt.hale.io.json.test.JsonToInstanceTest","eu.esdihumboldt.hale.io.json.test.JsonToInstanceTest","testSpecifyTypeGeojson"
"","1","testRead","","Fri Jul 10 00:08:48 UTC 2026","passed","Fri Jul 10 00:08:48 UTC 2026","","eu.esdihumboldt.hale.io.csv.CSVSchemaReaderTest","eu.esdihumboldt.hale.io.csv.CSVSchemaReaderTest","testRead"
"","1","testStringValueListJson","","Fri Jul 10 00:03:52 UTC 2026","passed","Fri Jul 10 00:03:52 UTC 2026","","eu.esdihumboldt.hale.common.core.io.impl.ValueListTypeTest","eu.esdihumboldt.hale.common.core.io.impl.ValueListTypeTest","testStringValueListJson"
"","25","testReadNestedGeometryGeoJson","","Fri Jul 10 00:13:52 UTC 2026","passed","Fri Jul 10 00:13:52 UTC 2026","","eu.esdihumboldt.hale.io.json.test.JsonToInstanceTest","eu.esdihumboldt.hale.io.json.test.JsonToInstanceTest","testReadNestedGeometryGeoJson"
"","0","testFileRelative2","","Fri Jul 10 00:16:16 UTC 2026","passed","Fri Jul 10 00:16:16 UTC 2026","","eu.esdihumboldt.hale.io.xsd.reader.HumboldtURIResolverTest","eu.esdihumboldt.hale.io.xsd.reader.HumboldtURIResolverTest","testFileRelative2"
"","8","testOffsetCircle","","Fri Jul 10 00:16:45 UTC 2026","passed","Fri Jul 10 00:16:45 UTC 2026","","eu.esdihumboldt.util.geometry.interpolation.grid.GridInterpolationTest","eu.esdihumboldt.util.geometry.interpolation.grid.GridInterpolationTest","testOffsetCircle"
"","607","testBadEnvelope","","Fri Jul 10 00:16:46 UTC 2026","passed","Fri Jul 10 00:16:47 UTC 2026","","eu.esdihumboldt.util.geometry.quadtree.QuadtreeTest","eu.esdihumboldt.util.geometry.quadtree.QuadtreeTest","testBadEnvelope"
"","1101","testExplanation","","Fri Jul 10 00:02:30 UTC 2026","passed","Fri Jul 10 00:02:31 UTC 2026","","eu.esdihumboldt.hale.common.align.model.impl.mdexpl.MarkdownCellExplanationTest","eu.esdihumboldt.hale.common.align.model.impl.mdexpl.MarkdownCellExplanationTest","testExplanation"
"","0","testUnifyEmpty","","Fri Jul 10 00:16:44 UTC 2026","passed","Fri Jul 10 00:16:44 UTC 2026","","eu.esdihumboldt.util.geometry.WindingOrderTest","eu.esdihumboldt.util.geometry.WindingOrderTest","testUnifyEmpty"
"","2162","testWriteNotNestedProperties","","Fri Jul 10 00:15:59 UTC 2026","passed","Fri Jul 10 00:16:01 UTC 2026","","eu.esdihumboldt.hale.io.xls.test.writer.XLSInstanceWriterTest","eu.esdihumboldt.hale.io.xls.test.writer.XLSInstanceWriterTest","testWriteNotNestedProperties"
"","0","testQ2","","Fri Jul 10 00:16:45 UTC 2026","passed","Fri Jul 10 00:16:45 UTC 2026","","eu.esdihumboldt.util.geometry.interpolation.grid.GridUtilTest","eu.esdihumboldt.util.geometry.interpolation.grid.GridUtilTest","testQ2"
"","0","testSubfolder3","","Fri Jul 10 00:03:42 UTC 2026","passed","Fri Jul 10 00:03:42 UTC 2026","","eu.esdihumboldt.hale.common.core.io.PathUpdateTest","eu.esdihumboldt.hale.common.core.io.PathUpdateTest","testSubfolder3"
"","1","testNotOrigin","","Fri Jul 10 00:16:45 UTC 2026","passed","Fri Jul 10 00:16:45 UTC 2026","","eu.esdihumboldt.util.geometry.interpolation.model.impl.ArcByPointsImplTest","eu.esdihumboldt.util.geometry.interpolation.model.impl.ArcByPointsImplTest","testNotOrigin"
"","8","testSchemaLessSafeAPI","","Fri Jul 10 00:04:54 UTC 2026","passed","Fri Jul 10 00:04:54 UTC 2026","","eu.esdihumboldt.hale.common.instance.groovy.InstanceBuilderTest","eu.esdihumboldt.hale.common.instance.groovy.InstanceBuilderTest","testSchemaLessSafeAPI"
"","3","testNotEqualList","","Fri Jul 10 00:04:09 UTC 2026","passed","Fri Jul 10 00:04:09 UTC 2026","","eu.esdihumboldt.hale.common.filter.CQLFilterTest","eu.esdihumboldt.hale.common.filter.CQLFilterTest","testNotEqualList"
"","0","testMsAccessSchemaReaderForAccdbTest","","Fri Jul 10 00:11:47 UTC 2026","skipped","Fri Jul 10 00:11:47 UTC 2026","","eu.esdihumboldt.hale.io.jdbc.msaccess.reader.MsAccessSchemaReaderTest","eu.esdihumboldt.hale.io.jdbc.msaccess.reader.MsAccessSchemaReaderTest","testMsAccessSchemaReaderForAccdbTest"
"","1","testMulti1","","Fri Jul 10 00:07:47 UTC 2026","passed","Fri Jul 10 00:07:47 UTC 2026","","eu.esdihumboldt.cst.functions.geometric.test.InteriorPointTest","eu.esdihumboldt.cst.functions.geometric.test.InteriorPointTest","testMulti1"
"","22","testRead_shiporder_divided","","Fri Jul 10 00:16:18 UTC 2026","passed","Fri Jul 10 00:16:18 UTC 2026","","eu.esdihumboldt.hale.io.xsd.reader.XmlSchemaReaderTest","eu.esdihumboldt.hale.io.xsd.reader.XmlSchemaReaderTest","testRead_shiporder_divided"
"","37","testSchemaLess","","Fri Jul 10 00:04:53 UTC 2026","passed","Fri Jul 10 00:04:53 UTC 2026","","eu.esdihumboldt.hale.common.instance.groovy.InstanceAccessorTest","eu.esdihumboldt.hale.common.instance.groovy.InstanceAccessorTest","testSchemaLess"
"","114","testCMMulti4","","Fri Jul 10 00:07:10 UTC 2026","passed","Fri Jul 10 00:07:10 UTC 2026","","eu.esdihumboldt.cst.internal.ConceptualSchemaTransformerTest","eu.esdihumboldt.cst.internal.ConceptualSchemaTransformerTest","testCMMulti4"
"","4547","testTransformXml","","Fri Jul 10 00:01:14 UTC 2026","passed","Fri Jul 10 00:01:19 UTC 2026","","eu.esdihumboldt.hale.app.transform.test.ExecuteTest","eu.esdihumboldt.hale.app.transform.test.ExecuteTest","testTransformXml"
"","15290","testReadInstancesXSDQualified","","Fri Jul 10 00:09:10 UTC 2026","passed","Fri Jul 10 00:09:25 UTC 2026","","eu.esdihumboldt.hale.io.geopackage.GeopackageInstanceReaderTest","eu.esdihumboldt.hale.io.geopackage.GeopackageInstanceReaderTest","testReadInstancesXSDQualified"
"","481","testGmlIndependent","","Fri Jul 10 00:04:36 UTC 2026","passed","Fri Jul 10 00:04:37 UTC 2026","","eu.esdihumboldt.hale.common.instance.graph.test.ReferenceGraphTest","eu.esdihumboldt.hale.common.instance.graph.test.ReferenceGraphTest","testGmlIndependent"
"","2","testPath2","","Fri Jul 10 00:05:45 UTC 2026","passed","Fri Jul 10 00:05:45 UTC 2026","","eu.esdihumboldt.hale.common.schema.model.constraint.factory.type.PrimaryKeyFactoryTest","eu.esdihumboldt.hale.common.schema.model.constraint.factory.type.PrimaryKeyFactoryTest","testPath2"
"","6","testGeoBboxList","","Fri Jul 10 00:04:09 UTC 2026","passed","Fri Jul 10 00:04:09 UTC 2026","","eu.esdihumboldt.hale.common.filter.CQLFilterTest","eu.esdihumboldt.hale.common.filter.CQLFilterTest","testGeoBboxList"
"","10","testEnabled","","Fri Jul 10 00:05:45 UTC 2026","passed","Fri Jul 10 00:05:45 UTC 2026","","eu.esdihumboldt.hale.common.schema.model.constraint.factory.type.MappingRelevantFlagFactoryTest","eu.esdihumboldt.hale.common.schema.model.constraint.factory.type.MappingRelevantFlagFactoryTest","testEnabled"
"","6","testBasicObject","","Fri Jul 10 00:17:02 UTC 2026","passed","Fri Jul 10 00:17:02 UTC 2026","","eu.esdihumboldt.util.groovy.json.JsonStreamBuilderTest","eu.esdihumboldt.util.groovy.json.JsonStreamBuilderTest","testBasicObject"
"","6","testEqualityList","","Fri Jul 10 00:04:09 UTC 2026","passed","Fri Jul 10 00:04:09 UTC 2026","","eu.esdihumboldt.hale.common.filter.CQLFilterTest","eu.esdihumboldt.hale.common.filter.CQLFilterTest","testEqualityList"
"","11","testReadFirstArray","","Fri Jul 10 00:13:51 UTC 2026","passed","Fri Jul 10 00:13:51 UTC 2026","","eu.esdihumboldt.hale.io.json.test.JsonInstanceCollectionTest","eu.esdihumboldt.hale.io.json.test.JsonInstanceCollectionTest","testReadFirstArray"
"","4","testExportNullTargetValue","","Fri Jul 10 00:08:58 UTC 2026","passed","Fri Jul 10 00:08:58 UTC 2026","","eu.esdihumboldt.hale.io.csv.writer.CSVLookupWriterTest","eu.esdihumboldt.hale.io.csv.writer.CSVLookupWriterTest","testExportNullTargetValue"
"","1156","testReadXsdInstancesTypenameWithoutNamespace","","Fri Jul 10 00:14:53 UTC 2026","passed","Fri Jul 10 00:14:55 UTC 2026","","eu.esdihumboldt.hale.io.shp.ShapeInstanceReaderTest","eu.esdihumboldt.hale.io.shp.ShapeInstanceReaderTest","testReadXsdInstancesTypenameWithoutNamespace"
"","2","testIntKeys","","Fri Jul 10 00:08:07 UTC 2026","passed","Fri Jul 10 00:08:07 UTC 2026","","eu.esdihumboldt.cst.functions.groovy.helpers.util.CollectorTest","eu.esdihumboldt.cst.functions.groovy.helpers.util.CollectorTest","testIntKeys"
"","1718","testLoadChoice","","Fri Jul 10 00:09:36 UTC 2026","passed","Fri Jul 10 00:09:38 UTC 2026","","eu.esdihumboldt.hale.io.gml.reader.internal.GmlInstanceCollectionTest","eu.esdihumboldt.hale.io.gml.reader.internal.GmlInstanceCollectionTest","testLoadChoice"
"","34","testGeoCrosses","","Fri Jul 10 00:04:09 UTC 2026","passed","Fri Jul 10 00:04:09 UTC 2026","","eu.esdihumboldt.hale.common.filter.CQLFilterTest","eu.esdihumboldt.hale.common.filter.CQLFilterTest","testGeoCrosses"
"","30","testWriteBigNumbers","","Fri Jul 10 00:15:00 UTC 2026","passed","Fri Jul 10 00:15:00 UTC 2026","","eu.esdihumboldt.hale.io.shp.ShapefileInstanceWriterTest","eu.esdihumboldt.hale.io.shp.ShapefileInstanceWriterTest","testWriteBigNumbers"
"","48","testRunsInHale","","Fri Jul 10 00:11:11 UTC 2026","passed","Fri Jul 10 00:11:11 UTC 2026","","eu.esdihumboldt.hale.io.groovy.snippets.GroovySnippetsTest","eu.esdihumboldt.hale.io.groovy.snippets.GroovySnippetsTest","testRunsInHale"
"","345","testWfsPagination","","Fri Jul 10 00:10:35 UTC 2026","passed","Fri Jul 10 00:10:35 UTC 2026","","eu.esdihumboldt.hale.io.gml.reader.internal.StreamGmlReaderTest","eu.esdihumboldt.hale.io.gml.reader.internal.StreamGmlReaderTest","testWfsPagination"
"","600","testGeometryPrimitive_32_Polygon","","Fri Jul 10 00:10:51 UTC 2026","passed","Fri Jul 10 00:10:51 UTC 2026","","eu.esdihumboldt.hale.io.gml.writer.internal.StreamGmlWriterTest","eu.esdihumboldt.hale.io.gml.writer.internal.StreamGmlWriterTest","testGeometryPrimitive_32_Polygon"
"","473","testGeometryPrimitive_32_Curve_LineString","","Fri Jul 10 00:10:43 UTC 2026","passed","Fri Jul 10 00:10:44 UTC 2026","","eu.esdihumboldt.hale.io.gml.writer.internal.StreamGmlWriter2Test","eu.esdihumboldt.hale.io.gml.writer.internal.StreamGmlWriter2Test","testGeometryPrimitive_32_Curve_LineString"
"","493","testJoin","","Fri Jul 10 00:06:59 UTC 2026","passed","Fri Jul 10 00:07:00 UTC 2026","","eu.esdihumboldt.cst.internal.ConceptualSchemaTransformerTest","eu.esdihumboldt.cst.internal.ConceptualSchemaTransformerTest","testJoin"
"","2","testInstanceNullSchema","","Fri Jul 10 00:04:09 UTC 2026","passed","Fri Jul 10 00:04:09 UTC 2026","","eu.esdihumboldt.hale.common.filter.ECQLFilterTest","eu.esdihumboldt.hale.common.filter.ECQLFilterTest","testInstanceNullSchema"
"","7","testDuring","","Fri Jul 10 00:04:09 UTC 2026","passed","Fri Jul 10 00:04:09 UTC 2026","","eu.esdihumboldt.hale.common.filter.CQLFilterTest","eu.esdihumboldt.hale.common.filter.CQLFilterTest","testDuring"
"","2382","testReadInstances","","Fri Jul 10 00:09:25 UTC 2026","passed","Fri Jul 10 00:09:28 UTC 2026","","eu.esdihumboldt.hale.io.geopackage.GeopackageInstanceReaderTest","eu.esdihumboldt.hale.io.geopackage.GeopackageInstanceReaderTest","testReadInstances"
"","35","testLoadChoice2","","Fri Jul 10 00:09:42 UTC 2026","passed","Fri Jul 10 00:09:42 UTC 2026","","eu.esdihumboldt.hale.io.gml.reader.internal.GmlInstanceCollectionTest","eu.esdihumboldt.hale.io.gml.reader.internal.GmlInstanceCollectionTest","testLoadChoice2"
"","51","testStructuralRename3","","Fri Jul 10 00:07:12 UTC 2026","passed","Fri Jul 10 00:07:12 UTC 2026","","eu.esdihumboldt.cst.internal.ConceptualSchemaTransformerTest","eu.esdihumboldt.cst.internal.ConceptualSchemaTransformerTest","testStructuralRename3"
"","113","testGroovyWarningRetypeTarget","","Fri Jul 10 00:03:11 UTC 2026","passed","Fri Jul 10 00:03:11 UTC 2026","","eu.esdihumboldt.hale.common.align.merge.test.impl.DefaultMergeCellMigratorTest","eu.esdihumboldt.hale.common.align.merge.test.impl.DefaultMergeCellMigratorTest","testGroovyWarningRetypeTarget"
"","3","testByPoints1AllGrid","","Fri Jul 10 00:16:45 UTC 2026","passed","Fri Jul 10 00:16:45 UTC 2026","","eu.esdihumboldt.util.geometry.interpolation.grid.GridInterpolationTest","eu.esdihumboldt.util.geometry.interpolation.grid.GridInterpolationTest","testByPoints1AllGrid"
"","42","testLoadMixed","","Fri Jul 10 00:09:47 UTC 2026","passed","Fri Jul 10 00:09:48 UTC 2026","","eu.esdihumboldt.hale.io.gml.reader.internal.GmlInstanceCollectionTest","eu.esdihumboldt.hale.io.gml.reader.internal.GmlInstanceCollectionTest","testLoadMixed"
"","99","testWriteVersion4","","Fri Jul 10 00:13:32 UTC 2026","passed","Fri Jul 10 00:13:32 UTC 2026","","eu.esdihumboldt.hale.io.jdbc.spatialite.writer.internal.SpatiaLiteInstanceWriterTest","eu.esdihumboldt.hale.io.jdbc.spatialite.writer.internal.SpatiaLiteInstanceWriterTest","testWriteVersion4"
"","22","testConflict","","Fri Jul 10 00:16:38 UTC 2026","passed","Fri Jul 10 00:16:38 UTC 2026","","eu.esdihumboldt.util.config.ConfigTest","eu.esdihumboldt.util.config.ConfigTest","testConflict"
"","2","testNullNotExistsNoSchema","","Fri Jul 10 00:04:09 UTC 2026","passed","Fri Jul 10 00:04:09 UTC 2026","","eu.esdihumboldt.hale.common.filter.ECQLFilterTest","eu.esdihumboldt.hale.common.filter.ECQLFilterTest","testNullNotExistsNoSchema"
"","1456","testLoadFile","","Fri Jul 10 00:09:07 UTC 2026","passed","Fri Jul 10 00:09:09 UTC 2026","","eu.esdihumboldt.hale.io.geopackage.GeopackageApiTest","eu.esdihumboldt.hale.io.geopackage.GeopackageApiTest","testLoadFile"
"","136","testWriteReadDateTime","","Fri Jul 10 00:09:30 UTC 2026","passed","Fri Jul 10 00:09:30 UTC 2026","","eu.esdihumboldt.hale.io.geopackage.GeopackageInstanceWriterTest","eu.esdihumboldt.hale.io.geopackage.GeopackageInstanceWriterTest","testWriteReadDateTime"
"","69","testSimpleRename","","Fri Jul 10 00:07:11 UTC 2026","passed","Fri Jul 10 00:07:11 UTC 2026","","eu.esdihumboldt.cst.internal.ConceptualSchemaTransformerTest","eu.esdihumboldt.cst.internal.ConceptualSchemaTransformerTest","testSimpleRename"
"","62","testWfsResolvedepthResponseStructure","","Fri Jul 10 00:10:35 UTC 2026","passed","Fri Jul 10 00:10:35 UTC 2026","","eu.esdihumboldt.hale.io.gml.reader.internal.StreamGmlReaderTest","eu.esdihumboldt.hale.io.gml.reader.internal.StreamGmlReaderTest","testWfsResolvedepthResponseStructure"
"","3","testLikeNoSchema","","Fri Jul 10 00:04:09 UTC 2026","passed","Fri Jul 10 00:04:09 UTC 2026","","eu.esdihumboldt.hale.common.filter.ECQLFilterTest","eu.esdihumboldt.hale.common.filter.ECQLFilterTest","testLikeNoSchema"
"","72","testCardinalityRename","","Fri Jul 10 00:07:12 UTC 2026","passed","Fri Jul 10 00:07:12 UTC 2026","","eu.esdihumboldt.cst.internal.ConceptualSchemaTransformerTest","eu.esdihumboldt.cst.internal.ConceptualSchemaTransformerTest","testCardinalityRename"
"","5","testDefaultPropertyTypes","","Fri Jul 10 00:06:03 UTC 2026","passed","Fri Jul 10 00:06:03 UTC 2026","","eu.esdihumboldt.hale.common.schema.groovy.SchemaBuilderTest","eu.esdihumboldt.hale.common.schema.groovy.SchemaBuilderTest","testDefaultPropertyTypes"
"","373","testGeometryAggregate_32_MultiPolygon","","Fri Jul 10 00:10:52 UTC 2026","passed","Fri Jul 10 00:10:52 UTC 2026","","eu.esdihumboldt.hale.io.gml.writer.internal.StreamGmlWriterTest","eu.esdihumboldt.hale.io.gml.writer.internal.StreamGmlWriterTest","testGeometryAggregate_32_MultiPolygon"
"","12","testComplexInstancesCQL","","Fri Jul 10 00:04:12 UTC 2026","passed","Fri Jul 10 00:04:12 UTC 2026","","eu.esdihumboldt.hale.common.filter.FilterTest","eu.esdihumboldt.hale.common.filter.FilterTest","testComplexInstancesCQL"
"","4774","checkComplexOrder","","Fri Jul 10 00:12:36 UTC 2026","passed","Fri Jul 10 00:12:41 UTC 2026","","eu.esdihumboldt.hale.io.jdbc.postgresql.test.CheckComplexTypeOrderIT","eu.esdihumboldt.hale.io.jdbc.postgresql.test.CheckComplexTypeOrderIT","checkComplexOrder"
"","259","testGroovy2","","Fri Jul 10 00:07:01 UTC 2026","passed","Fri Jul 10 00:07:01 UTC 2026","","eu.esdihumboldt.cst.internal.ConceptualSchemaTransformerTest","eu.esdihumboldt.cst.internal.ConceptualSchemaTransformerTest","testGroovy2"
"","0","testSchemaReader","","Fri Jul 10 00:11:51 UTC 2026","skipped","Fri Jul 10 00:11:51 UTC 2026","","eu.esdihumboldt.hale.io.jdbc.mssql.test.MsSqlDataReaderTest","eu.esdihumboldt.hale.io.jdbc.mssql.test.MsSqlDataReaderTest","testSchemaReader"
"","118","testCMMulti1","","Fri Jul 10 00:07:10 UTC 2026","passed","Fri Jul 10 00:07:10 UTC 2026","","eu.esdihumboldt.cst.internal.ConceptualSchemaTransformerTest","eu.esdihumboldt.cst.internal.ConceptualSchemaTransformerTest","testCMMulti1"
"","540","testInnerJoinConditions","","Fri Jul 10 00:07:08 UTC 2026","passed","Fri Jul 10 00:07:09 UTC 2026","","eu.esdihumboldt.cst.internal.ConceptualSchemaTransformerTest","eu.esdihumboldt.cst.internal.ConceptualSchemaTransformerTest","testInnerJoinConditions"
"","76","testLoadWVAIgnoreNamespace","","Fri Jul 10 00:09:42 UTC 2026","passed","Fri Jul 10 00:09:42 UTC 2026","","eu.esdihumboldt.hale.io.gml.reader.internal.GmlInstanceCollectionTest","eu.esdihumboldt.hale.io.gml.reader.internal.GmlInstanceCollectionTest","testLoadWVAIgnoreNamespace"
"","747","testGroovy1","","Fri Jul 10 00:07:00 UTC 2026","passed","Fri Jul 10 00:07:01 UTC 2026","","eu.esdihumboldt.cst.internal.ConceptualSchemaTransformerTest","eu.esdihumboldt.cst.internal.ConceptualSchemaTransformerTest","testGroovy1"
"","52","testNamespaceIndexChildContextType","","Fri Jul 10 00:02:46 UTC 2026","passed","Fri Jul 10 00:02:46 UTC 2026","","eu.esdihumboldt.hale.common.align.groovy.accessor.EntityAccessorTest","eu.esdihumboldt.hale.common.align.groovy.accessor.EntityAccessorTest","testNamespaceIndexChildContextType"
"","0","testTimeEqualsList","","Fri Jul 10 00:04:09 UTC 2026","skipped","Fri Jul 10 00:04:09 UTC 2026","","eu.esdihumboldt.hale.common.filter.ECQLFilterTest","eu.esdihumboldt.hale.common.filter.ECQLFilterTest","testTimeEqualsList"
"","0","testLoadShiporderECQL","","Fri Jul 10 00:04:12 UTC 2026","skipped","Fri Jul 10 00:04:12 UTC 2026","","eu.esdihumboldt.hale.common.filter.FilterTest","eu.esdihumboldt.hale.common.filter.FilterTest","testLoadShiporderECQL"
"","13411","testGeoJsonSimpleMixed_7_and_14","","Fri Jul 10 00:13:35 UTC 2026","passed","Fri Jul 10 00:13:48 UTC 2026","","eu.esdihumboldt.hale.io.json.test.InstanceToJsonTest","eu.esdihumboldt.hale.io.json.test.InstanceToJsonTest","testGeoJsonSimpleMixed_7_and_14"
"","4","testStringLookupJson","","Fri Jul 10 00:05:20 UTC 2026","passed","Fri Jul 10 00:05:20 UTC 2026","","eu.esdihumboldt.hale.common.lookup.internal.LookupTableTypeTest","eu.esdihumboldt.hale.common.lookup.internal.LookupTableTypeTest","testStringLookupJson"
"","82","testConsumeList","","Fri Jul 10 00:08:07 UTC 2026","passed","Fri Jul 10 00:08:07 UTC 2026","","eu.esdihumboldt.cst.functions.groovy.helpers.util.CollectorTest","eu.esdihumboldt.cst.functions.groovy.helpers.util.CollectorTest","testConsumeList"
"","31","testCallClosure","","Fri Jul 10 00:11:11 UTC 2026","passed","Fri Jul 10 00:11:11 UTC 2026","","eu.esdihumboldt.hale.io.groovy.snippets.GroovySnippetsTest","eu.esdihumboldt.hale.io.groovy.snippets.GroovySnippetsTest","testCallClosure"
"","1","testDisabled","","Fri Jul 10 00:05:45 UTC 2026","passed","Fri Jul 10 00:05:45 UTC 2026","","eu.esdihumboldt.hale.common.schema.model.constraint.factory.type.SkipValidationFactoryTest","eu.esdihumboldt.hale.common.schema.model.constraint.factory.type.SkipValidationFactoryTest","testDisabled"
"","5","testDescriptions","","Fri Jul 10 00:06:02 UTC 2026","passed","Fri Jul 10 00:06:02 UTC 2026","","eu.esdihumboldt.hale.common.schema.groovy.SchemaBuilderTest","eu.esdihumboldt.hale.common.schema.groovy.SchemaBuilderTest","testDescriptions"
"","1","testNoGeom","","Fri Jul 10 00:05:45 UTC 2026","passed","Fri Jul 10 00:05:45 UTC 2026","","eu.esdihumboldt.hale.common.schema.model.constraint.factory.type.GeometryTypeFactoryTest","eu.esdihumboldt.hale.common.schema.model.constraint.factory.type.GeometryTypeFactoryTest","testNoGeom"
"","5","testReadModeDefault","","Fri Jul 10 00:13:51 UTC 2026","passed","Fri Jul 10 00:13:51 UTC 2026","","eu.esdihumboldt.hale.io.json.test.JsonInstanceReaderTest","eu.esdihumboldt.hale.io.json.test.JsonInstanceReaderTest","testReadModeDefault"
"","0","testDuringList","","Fri Jul 10 00:04:09 UTC 2026","skipped","Fri Jul 10 00:04:09 UTC 2026","","eu.esdihumboldt.hale.common.filter.ECQLFilterTest","eu.esdihumboldt.hale.common.filter.ECQLFilterTest","testDuringList"
"","1","testOrigin","","Fri Jul 10 00:16:45 UTC 2026","passed","Fri Jul 10 00:16:45 UTC 2026","","eu.esdihumboldt.util.geometry.interpolation.model.impl.ArcByPointsImplTest","eu.esdihumboldt.util.geometry.interpolation.model.impl.ArcByPointsImplTest","testOrigin"
"","3","testNullNotExistsSchema","","Fri Jul 10 00:04:09 UTC 2026","passed","Fri Jul 10 00:04:09 UTC 2026","","eu.esdihumboldt.hale.common.filter.ECQLFilterTest","eu.esdihumboldt.hale.common.filter.ECQLFilterTest","testNullNotExistsSchema"
"","3","testNullNoSchema","","Fri Jul 10 00:04:09 UTC 2026","passed","Fri Jul 10 00:04:09 UTC 2026","","eu.esdihumboldt.hale.common.filter.CQLFilterTest","eu.esdihumboldt.hale.common.filter.CQLFilterTest","testNullNoSchema"
"","309","testWfsPaginationIgnoreNumberMatched","","Fri Jul 10 00:10:37 UTC 2026","passed","Fri Jul 10 00:10:37 UTC 2026","","eu.esdihumboldt.hale.io.gml.reader.internal.StreamGmlReaderTest","eu.esdihumboldt.hale.io.gml.reader.internal.StreamGmlReaderTest","testWfsPaginationIgnoreNumberMatched"
"","17","testRead_shiporder_types","","Fri Jul 10 00:16:18 UTC 2026","passed","Fri Jul 10 00:16:18 UTC 2026","","eu.esdihumboldt.hale.io.xsd.reader.XmlSchemaReaderTest","eu.esdihumboldt.hale.io.xsd.reader.XmlSchemaReaderTest","testRead_shiporder_types"
"","0","testHttpAbsoluteOtherFile","","Fri Jul 10 00:16:16 UTC 2026","passed","Fri Jul 10 00:16:16 UTC 2026","","eu.esdihumboldt.hale.io.xsd.reader.HumboldtURIResolverTest","eu.esdihumboldt.hale.io.xsd.reader.HumboldtURIResolverTest","testHttpAbsoluteOtherFile"
"","49","testReadMultiSheetTypeSettingsNamed","","Fri Jul 10 00:15:59 UTC 2026","passed","Fri Jul 10 00:15:59 UTC 2026","","eu.esdihumboldt.hale.io.xls.test.reader.XLSReaderTest","eu.esdihumboldt.hale.io.xls.test.reader.XLSReaderTest","testReadMultiSheetTypeSettingsNamed"
"","1","testQ4","","Fri Jul 10 00:16:45 UTC 2026","passed","Fri Jul 10 00:16:45 UTC 2026","","eu.esdihumboldt.util.geometry.interpolation.grid.GridUtilTest","eu.esdihumboldt.util.geometry.interpolation.grid.GridUtilTest","testQ4"
"","6","testGeoContains","","Fri Jul 10 00:04:09 UTC 2026","passed","Fri Jul 10 00:04:09 UTC 2026","","eu.esdihumboldt.hale.common.filter.ECQLFilterTest","eu.esdihumboldt.hale.common.filter.ECQLFilterTest","testGeoContains"
"","183","mergeJoinWithRetypeDef","","Fri Jul 10 00:03:11 UTC 2026","passed","Fri Jul 10 00:03:11 UTC 2026","","eu.esdihumboldt.hale.common.align.merge.test.impl.DefaultMergeCellMigratorTest","eu.esdihumboldt.hale.common.align.merge.test.impl.DefaultMergeCellMigratorTest","mergeJoinWithRetypeDef"
"","8736","testBothWays","","Fri Jul 10 00:16:06 UTC 2026","passed","Fri Jul 10 00:16:15 UTC 2026","","eu.esdihumboldt.hale.io.xsd.anytype.valuetypes.CustomTypeContentAssociationTypeTest","eu.esdihumboldt.hale.io.xsd.anytype.valuetypes.CustomTypeContentAssociationTypeTest","testBothWays"
"","43","testMerge","","Fri Jul 10 00:03:53 UTC 2026","passed","Fri Jul 10 00:03:53 UTC 2026","","eu.esdihumboldt.hale.common.core.report.util.StatsMergeTest","eu.esdihumboldt.hale.common.core.report.util.StatsMergeTest","testMerge"
"","252","testWfsPaginationCountWithFeaturesPerRequest","","Fri Jul 10 00:10:35 UTC 2026","passed","Fri Jul 10 00:10:36 UTC 2026","","eu.esdihumboldt.hale.io.gml.reader.internal.StreamGmlReaderTest","eu.esdihumboldt.hale.io.gml.reader.internal.StreamGmlReaderTest","testWfsPaginationCountWithFeaturesPerRequest"
"","1","testCW2","","Fri Jul 10 00:16:45 UTC 2026","passed","Fri Jul 10 00:16:45 UTC 2026","","eu.esdihumboldt.util.geometry.interpolation.model.impl.ArcByCenterPointImplTest","eu.esdihumboldt.util.geometry.interpolation.model.impl.ArcByCenterPointImplTest","testCW2"
"","321","testMatchCondition1","","Fri Jul 10 00:03:08 UTC 2026","passed","Fri Jul 10 00:03:08 UTC 2026","","eu.esdihumboldt.hale.common.align.merge.test.impl.DefaultMergeCellMigratorTest","eu.esdihumboldt.hale.common.align.merge.test.impl.DefaultMergeCellMigratorTest","testMatchCondition1"
"","2093","testBaseNameFromURL","","Fri Jul 10 00:14:55 UTC 2026","passed","Fri Jul 10 00:14:57 UTC 2026","","eu.esdihumboldt.hale.io.shp.ShapeInstanceReaderTest","eu.esdihumboldt.hale.io.shp.ShapeInstanceReaderTest","testBaseNameFromURL"
"","222","testPropertyJoinNonMatchingTypes","","Fri Jul 10 00:07:00 UTC 2026","passed","Fri Jul 10 00:07:00 UTC 2026","","eu.esdihumboldt.cst.internal.ConceptualSchemaTransformerTest","eu.esdihumboldt.cst.internal.ConceptualSchemaTransformerTest","testPropertyJoinNonMatchingTypes"
"","1","testSample1","","Fri Jul 10 00:16:45 UTC 2026","passed","Fri Jul 10 00:16:45 UTC 2026","","eu.esdihumboldt.util.geometry.interpolation.grid.GridUtilTest","eu.esdihumboldt.util.geometry.interpolation.grid.GridUtilTest","testSample1"
"","143","testLoadWVA","","Fri Jul 10 00:09:42 UTC 2026","passed","Fri Jul 10 00:09:42 UTC 2026","","eu.esdihumboldt.hale.io.gml.reader.internal.GmlInstanceCollectionTest","eu.esdihumboldt.hale.io.gml.reader.internal.GmlInstanceCollectionTest","testLoadWVA"
"","0","testGeometryNormalOnCRS","","Fri Jul 10 00:16:44 UTC 2026","passed","Fri Jul 10 00:16:44 UTC 2026","","eu.esdihumboldt.util.geometry.WindingOrderTest","eu.esdihumboldt.util.geometry.WindingOrderTest","testGeometryNormalOnCRS"
"","14269","test","","Fri Jul 10 00:15:42 UTC 2026","passed","Fri Jul 10 00:15:56 UTC 2026","","eu.esdihumboldt.hale.io.xls.test.XLSInstanceIOTest","eu.esdihumboldt.hale.io.xls.test.XLSInstanceIOTest","test"
"","8","testReadComplex","","Fri Jul 10 00:13:51 UTC 2026","passed","Fri Jul 10 00:13:51 UTC 2026","","eu.esdihumboldt.hale.io.json.test.JsonToInstanceTest","eu.esdihumboldt.hale.io.json.test.JsonToInstanceTest","testReadComplex"
"","1","testDefault","","Fri Jul 10 00:05:45 UTC 2026","passed","Fri Jul 10 00:05:45 UTC 2026","","eu.esdihumboldt.hale.common.schema.model.constraint.factory.property.UniqueConstraintFactoryTest","eu.esdihumboldt.hale.common.schema.model.constraint.factory.property.UniqueConstraintFactoryTest","testDefault"
"","2","testEmptyObject","","Fri Jul 10 00:17:02 UTC 2026","passed","Fri Jul 10 00:17:02 UTC 2026","","eu.esdihumboldt.util.groovy.json.JsonStreamBuilderTest","eu.esdihumboldt.util.groovy.json.JsonStreamBuilderTest","testEmptyObject"
"","8","testNotEqualSimple","","Fri Jul 10 00:04:08 UTC 2026","passed","Fri Jul 10 00:04:08 UTC 2026","","eu.esdihumboldt.hale.common.filter.CQLFilterTest","eu.esdihumboldt.hale.common.filter.CQLFilterTest","testNotEqualSimple"
"","6","testGetReferencesSimple","","Fri Jul 10 00:04:08 UTC 2026","passed","Fri Jul 10 00:04:08 UTC 2026","","eu.esdihumboldt.hale.common.filter.CQLFilterTest","eu.esdihumboldt.hale.common.filter.CQLFilterTest","testGetReferencesSimple"
"","18","testReadBoolean","","Fri Jul 10 00:13:51 UTC 2026","passed","Fri Jul 10 00:13:51 UTC 2026","","eu.esdihumboldt.hale.io.json.test.JsonToInstanceTest","eu.esdihumboldt.hale.io.json.test.JsonToInstanceTest","testReadBoolean"
"","10","testDefault","","Fri Jul 10 00:05:45 UTC 2026","passed","Fri Jul 10 00:05:45 UTC 2026","","eu.esdihumboldt.hale.common.schema.model.constraint.factory.property.ChoiceFlagFactoryTest","eu.esdihumboldt.hale.common.schema.model.constraint.factory.property.ChoiceFlagFactoryTest","testDefault"
"","1","testDisabled","","Fri Jul 10 00:05:45 UTC 2026","passed","Fri Jul 10 00:05:45 UTC 2026","","eu.esdihumboldt.hale.common.schema.model.constraint.factory.type.MappableFlagFactoryTest","eu.esdihumboldt.hale.common.schema.model.constraint.factory.type.MappableFlagFactoryTest","testDisabled"
"","6","testComplexStructureFromTheGuardian","","Fri Jul 10 00:17:02 UTC 2026","passed","Fri Jul 10 00:17:02 UTC 2026","","eu.esdihumboldt.util.groovy.json.JsonStreamBuilderTest","eu.esdihumboldt.util.groovy.json.JsonStreamBuilderTest","testComplexStructureFromTheGuardian"
"","2","testTrueFalse","","Fri Jul 10 00:06:03 UTC 2026","passed","Fri Jul 10 00:06:03 UTC 2026","","eu.esdihumboldt.hale.common.schema.groovy.constraints.NillableFactoryTest","eu.esdihumboldt.hale.common.schema.groovy.constraints.NillableFactoryTest","testTrueFalse"
"","17","testRead_definitive_substitution","","Fri Jul 10 00:16:18 UTC 2026","passed","Fri Jul 10 00:16:18 UTC 2026","","eu.esdihumboldt.hale.io.xsd.reader.XmlSchemaReaderTest","eu.esdihumboldt.hale.io.xsd.reader.XmlSchemaReaderTest","testRead_definitive_substitution"
"","1","testRead3","","Fri Jul 10 00:08:48 UTC 2026","passed","Fri Jul 10 00:08:48 UTC 2026","","eu.esdihumboldt.hale.io.csv.CSVSchemaReaderTest","eu.esdihumboldt.hale.io.csv.CSVSchemaReaderTest","testRead3"
"","0","testComplexWrite","","Fri Jul 10 00:17:27 UTC 2026","skipped","Fri Jul 10 00:17:27 UTC 2026","","eu.esdihumboldt.util.orient.embedded.MemoryDocumentTest","eu.esdihumboldt.util.orient.embedded.MemoryDocumentTest","testComplexWrite"
"","3111","testFiltersForMultiType4","","Fri Jul 10 00:01:37 UTC 2026","passed","Fri Jul 10 00:01:40 UTC 2026","","eu.esdihumboldt.hale.app.transform.test.ExecuteTest","eu.esdihumboldt.hale.app.transform.test.ExecuteTest","testFiltersForMultiType4"
"","4039","testEvaluateSuccess1","","Fri Jul 10 00:01:51 UTC 2026","passed","Fri Jul 10 00:01:55 UTC 2026","","eu.esdihumboldt.hale.app.transform.test.ExecuteTest","eu.esdihumboldt.hale.app.transform.test.ExecuteTest","testEvaluateSuccess1"
"","7","testMerge4","","Fri Jul 10 00:03:53 UTC 2026","passed","Fri Jul 10 00:03:53 UTC 2026","","eu.esdihumboldt.hale.common.core.report.util.StatsMergeTest","eu.esdihumboldt.hale.common.core.report.util.StatsMergeTest","testMerge4"
"","1","testBox","","Fri Jul 10 00:10:56 UTC 2026","passed","Fri Jul 10 00:10:56 UTC 2026","","eu.esdihumboldt.hale.io.gml.writer.internal.geometry.converters.PolygonToLineStringTest","eu.esdihumboldt.hale.io.gml.writer.internal.geometry.converters.PolygonToLineStringTest","testBox"
"","0","testSplitMulti_Mixed","","Fri Jul 10 00:07:47 UTC 2026","passed","Fri Jul 10 00:07:47 UTC 2026","","eu.esdihumboldt.cst.functions.geometric.test.GeometryHelperFunctionsTest","eu.esdihumboldt.cst.functions.geometric.test.GeometryHelperFunctionsTest","testSplitMulti_Mixed"
"","32","testRead_shiporder_types_reverse","","Fri Jul 10 00:16:18 UTC 2026","passed","Fri Jul 10 00:16:18 UTC 2026","","eu.esdihumboldt.hale.io.xsd.reader.XmlSchemaReaderTest","eu.esdihumboldt.hale.io.xsd.reader.XmlSchemaReaderTest","testRead_shiporder_types_reverse"
"","18","testConstraints","","Fri Jul 10 00:06:03 UTC 2026","passed","Fri Jul 10 00:06:03 UTC 2026","","eu.esdihumboldt.hale.common.schema.groovy.SchemaBuilderTest","eu.esdihumboldt.hale.common.schema.groovy.SchemaBuilderTest","testConstraints"
"","0","testSubfolder","","Fri Jul 10 00:03:42 UTC 2026","passed","Fri Jul 10 00:03:42 UTC 2026","","eu.esdihumboldt.hale.common.core.io.PathUpdateTest","eu.esdihumboldt.hale.common.core.io.PathUpdateTest","testSubfolder"
"","21","testLoopArrayPrettyPrint","","Fri Jul 10 00:17:02 UTC 2026","passed","Fri Jul 10 00:17:02 UTC 2026","","eu.esdihumboldt.util.groovy.json.JsonStreamBuilderTest","eu.esdihumboldt.util.groovy.json.JsonStreamBuilderTest","testLoopArrayPrettyPrint"
"","178","testComplexLookupJson","","Fri Jul 10 00:05:20 UTC 2026","passed","Fri Jul 10 00:05:20 UTC 2026","","eu.esdihumboldt.hale.common.lookup.internal.LookupTableTypeTest","eu.esdihumboldt.hale.common.lookup.internal.LookupTableTypeTest","testComplexLookupJson"
"","8","testEdgeCases","","Fri Jul 10 00:17:02 UTC 2026","passed","Fri Jul 10 00:17:02 UTC 2026","","eu.esdihumboldt.util.groovy.json.JsonStreamBuilderTest","eu.esdihumboldt.util.groovy.json.JsonStreamBuilderTest","testEdgeCases"
"","13","testSKOSFromRDF5_language_en","","Fri Jul 10 00:08:36 UTC 2026","passed","Fri Jul 10 00:08:36 UTC 2026","","eu.esdihumboldt.hale.io.codelist.skos.test.SkosCodeListTest","eu.esdihumboldt.hale.io.codelist.skos.test.SkosCodeListTest","testSKOSFromRDF5_language_en"
"","1","testCCW2","","Fri Jul 10 00:16:45 UTC 2026","passed","Fri Jul 10 00:16:45 UTC 2026","","eu.esdihumboldt.util.geometry.interpolation.model.impl.ArcByCenterPointImplTest","eu.esdihumboldt.util.geometry.interpolation.model.impl.ArcByCenterPointImplTest","testCCW2"
"","49","testNativeQuery","","Fri Jul 10 00:17:27 UTC 2026","passed","Fri Jul 10 00:17:27 UTC 2026","","eu.esdihumboldt.util.orient.embedded.MemoryDocumentTest","eu.esdihumboldt.util.orient.embedded.MemoryDocumentTest","testNativeQuery"
"","140","testNotes2","","Fri Jul 10 00:03:12 UTC 2026","passed","Fri Jul 10 00:03:12 UTC 2026","","eu.esdihumboldt.hale.common.align.merge.test.impl.DefaultMergeCellMigratorTest","eu.esdihumboldt.hale.common.align.merge.test.impl.DefaultMergeCellMigratorTest","testNotes2"
"","0","testFormatter[12]","","Fri Jul 10 00:16:42 UTC 2026","passed","Fri Jul 10 00:16:42 UTC 2026","","eu.esdihumboldt.util.geometry.DecimalFormatUtilTest","eu.esdihumboldt.util.geometry.DecimalFormatUtilTest","testFormatter[12]"
"","3096","testFiltersForMultiType2","","Fri Jul 10 00:01:31 UTC 2026","passed","Fri Jul 10 00:01:34 UTC 2026","","eu.esdihumboldt.hale.app.transform.test.ExecuteTest","eu.esdihumboldt.hale.app.transform.test.ExecuteTest","testFiltersForMultiType2"
"","0","testPropertyMerge","","Fri Jul 10 00:07:09 UTC 2026","skipped","Fri Jul 10 00:07:09 UTC 2026","","eu.esdihumboldt.cst.internal.ConceptualSchemaTransformerTest","eu.esdihumboldt.cst.internal.ConceptualSchemaTransformerTest","testPropertyMerge"
"","1627","testRequestCache","","Fri Jul 10 00:03:19 UTC 2026","passed","Fri Jul 10 00:03:20 UTC 2026","","eu.esdihumboldt.hale.common.cache.RequestTest","eu.esdihumboldt.hale.common.cache.RequestTest","testRequestCache"
"","238","testReadMultipleValues","","Fri Jul 10 00:15:59 UTC 2026","passed","Fri Jul 10 00:15:59 UTC 2026","","eu.esdihumboldt.hale.io.xls.test.reader.XLSReaderTest","eu.esdihumboldt.hale.io.xls.test.reader.XLSReaderTest","testReadMultipleValues"
"","7","testDoubleObject","","Fri Jul 10 00:17:02 UTC 2026","passed","Fri Jul 10 00:17:02 UTC 2026","","eu.esdihumboldt.util.groovy.json.JsonStreamBuilderTest","eu.esdihumboldt.util.groovy.json.JsonStreamBuilderTest","testDoubleObject"
"","5","testReadSameFileDiffSheet","","Fri Jul 10 00:15:59 UTC 2026","passed","Fri Jul 10 00:15:59 UTC 2026","","eu.esdihumboldt.hale.io.xls.test.reader.XLSReaderTest","eu.esdihumboldt.hale.io.xls.test.reader.XLSReaderTest","testReadSameFileDiffSheet"
"","0","testIterateRest","","Fri Jul 10 00:04:21 UTC 2026","passed","Fri Jul 10 00:04:21 UTC 2026","","eu.esdihumboldt.hale.common.instance.tools.impl.SimplePartitionerTest","eu.esdihumboldt.hale.common.instance.tools.impl.SimplePartitionerTest","testIterateRest"
"","0","testLocales1","","Fri Jul 10 00:02:31 UTC 2026","skipped","Fri Jul 10 00:02:31 UTC 2026","","eu.esdihumboldt.hale.common.align.model.impl.mdexpl.MarkdownCellExplanationTest","eu.esdihumboldt.hale.common.align.model.impl.mdexpl.MarkdownCellExplanationTest","testLocales1"
"","4069","testExcludeTypeForHydro","","Fri Jul 10 00:01:47 UTC 2026","passed","Fri Jul 10 00:01:51 UTC 2026","","eu.esdihumboldt.hale.app.transform.test.ExecuteTest","eu.esdihumboldt.hale.app.transform.test.ExecuteTest","testExcludeTypeForHydro"
"","1","testProjectSubfolder","","Fri Jul 10 00:03:42 UTC 2026","passed","Fri Jul 10 00:03:42 UTC 2026","","eu.esdihumboldt.hale.common.core.io.PathUpdateTest","eu.esdihumboldt.hale.common.core.io.PathUpdateTest","testProjectSubfolder"
"","2491","simpleSchemaWriteTest","","Fri Jul 10 00:14:58 UTC 2026","passed","Fri Jul 10 00:15:00 UTC 2026","","eu.esdihumboldt.hale.io.shp.ShapefileInstanceWriterTest","eu.esdihumboldt.hale.io.shp.ShapefileInstanceWriterTest","simpleSchemaWriteTest"
"","1","testFormatter[9]","","Fri Jul 10 00:16:42 UTC 2026","passed","Fri Jul 10 00:16:42 UTC 2026","","eu.esdihumboldt.util.geometry.DecimalFormatUtilTest","eu.esdihumboldt.util.geometry.DecimalFormatUtilTest","testFormatter[9]"
"","154","testTypeFilter4","","Fri Jul 10 00:03:10 UTC 2026","passed","Fri Jul 10 00:03:10 UTC 2026","","eu.esdihumboldt.hale.common.align.merge.test.impl.DefaultMergeCellMigratorTest","eu.esdihumboldt.hale.common.align.merge.test.impl.DefaultMergeCellMigratorTest","testTypeFilter4"
"","1","testJarURI","","Fri Jul 10 00:16:16 UTC 2026","passed","Fri Jul 10 00:16:16 UTC 2026","","eu.esdihumboldt.hale.io.xsd.reader.HumboldtURIResolverTest","eu.esdihumboldt.hale.io.xsd.reader.HumboldtURIResolverTest","testJarURI"
"","299","testWfsPaginationWithCountLimit","","Fri Jul 10 00:10:35 UTC 2026","passed","Fri Jul 10 00:10:35 UTC 2026","","eu.esdihumboldt.hale.io.gml.reader.internal.StreamGmlReaderTest","eu.esdihumboldt.hale.io.gml.reader.internal.StreamGmlReaderTest","testWfsPaginationWithCountLimit"
"","132","testExportMultiFeatureToExcel","","Fri Jul 10 00:16:01 UTC 2026","passed","Fri Jul 10 00:16:01 UTC 2026","","eu.esdihumboldt.hale.io.xls.test.writer.XLSInstanceWriterTest","eu.esdihumboldt.hale.io.xls.test.writer.XLSInstanceWriterTest","testExportMultiFeatureToExcel"
"","750","testNotInspireCodespaceNotAdd","","Fri Jul 10 00:10:42 UTC 2026","passed","Fri Jul 10 00:10:42 UTC 2026","","eu.esdihumboldt.hale.io.gml.writer.internal.StreamGmlWriter2Test","eu.esdihumboldt.hale.io.gml.writer.internal.StreamGmlWriter2Test","testNotInspireCodespaceNotAdd"
"","8","testReadEmptySheet","","Fri Jul 10 00:15:59 UTC 2026","passed","Fri Jul 10 00:15:59 UTC 2026","","eu.esdihumboldt.hale.io.xls.test.reader.XLSReaderTest","eu.esdihumboldt.hale.io.xls.test.reader.XLSReaderTest","testReadEmptySheet"
"","0","testUnifyWOHoles","","Fri Jul 10 00:16:44 UTC 2026","passed","Fri Jul 10 00:16:44 UTC 2026","","eu.esdihumboldt.util.geometry.WindingOrderTest","eu.esdihumboldt.util.geometry.WindingOrderTest","testUnifyWOHoles"
"","5982","testInnerJoinNas","","Fri Jul 10 00:07:02 UTC 2026","passed","Fri Jul 10 00:07:08 UTC 2026","","eu.esdihumboldt.cst.internal.ConceptualSchemaTransformerTest","eu.esdihumboldt.cst.internal.ConceptualSchemaTransformerTest","testInnerJoinNas"
"","11","testFormatter[0]","","Fri Jul 10 00:16:41 UTC 2026","passed","Fri Jul 10 00:16:41 UTC 2026","","eu.esdihumboldt.util.geometry.DecimalFormatUtilTest","eu.esdihumboldt.util.geometry.DecimalFormatUtilTest","testFormatter[0]"
"","28","testSingleGeometry","","Fri Jul 10 00:15:00 UTC 2026","passed","Fri Jul 10 00:15:00 UTC 2026","","eu.esdihumboldt.hale.io.shp.ShapefileInstanceWriterTest","eu.esdihumboldt.hale.io.shp.ShapefileInstanceWriterTest","testSingleGeometry"
"","160","testGeometryPrimitive_32_MultiLineString","","Fri Jul 10 00:10:55 UTC 2026","passed","Fri Jul 10 00:10:55 UTC 2026","","eu.esdihumboldt.hale.io.gml.writer.internal.StreamGmlWriterTest","eu.esdihumboldt.hale.io.gml.writer.internal.StreamGmlWriterTest","testGeometryPrimitive_32_MultiLineString"
"","3","testNullList","","Fri Jul 10 00:04:09 UTC 2026","passed","Fri Jul 10 00:04:09 UTC 2026","","eu.esdihumboldt.hale.common.filter.ECQLFilterTest","eu.esdihumboldt.hale.common.filter.ECQLFilterTest","testNullList"
"","177","mergeJoinsWithJoin_sample_hydro","","Fri Jul 10 00:03:14 UTC 2026","passed","Fri Jul 10 00:03:14 UTC 2026","","eu.esdihumboldt.hale.common.align.merge.test.impl.JoinMergeTest","eu.esdihumboldt.hale.common.align.merge.test.impl.JoinMergeTest","mergeJoinsWithJoin_sample_hydro"
"","475","testGeometryPrimitive_32_MultiPolygon_WindingOrder_CW","","Fri Jul 10 00:10:52 UTC 2026","passed","Fri Jul 10 00:10:53 UTC 2026","","eu.esdihumboldt.hale.io.gml.writer.internal.StreamGmlWriterTest","eu.esdihumboldt.hale.io.gml.writer.internal.StreamGmlWriterTest","testGeometryPrimitive_32_MultiPolygon_WindingOrder_CW"
"","13","testReadComplexNested","","Fri Jul 10 00:13:51 UTC 2026","passed","Fri Jul 10 00:13:51 UTC 2026","","eu.esdihumboldt.hale.io.json.test.JsonToInstanceTest","eu.esdihumboldt.hale.io.json.test.JsonToInstanceTest","testReadComplexNested"
"","3","testLikeList","","Fri Jul 10 00:04:09 UTC 2026","passed","Fri Jul 10 00:04:09 UTC 2026","","eu.esdihumboldt.hale.common.filter.ECQLFilterTest","eu.esdihumboldt.hale.common.filter.ECQLFilterTest","testLikeList"
"","8","testWriteReadTypeSafe","","Fri Jul 10 00:17:02 UTC 2026","passed","Fri Jul 10 00:17:02 UTC 2026","","eu.esdihumboldt.util.groovy.xml.NSDOMBuilderTest","eu.esdihumboldt.util.groovy.xml.NSDOMBuilderTest","testWriteReadTypeSafe"
"","1","testSimple","","Fri Jul 10 00:16:38 UTC 2026","passed","Fri Jul 10 00:16:38 UTC 2026","","eu.esdihumboldt.util.config.ConfigMergerTest","eu.esdihumboldt.util.config.ConfigMergerTest","testSimple"
"","159","testFilterSame2","","Fri Jul 10 00:03:08 UTC 2026","passed","Fri Jul 10 00:03:08 UTC 2026","","eu.esdihumboldt.hale.common.align.merge.test.impl.DefaultMergeCellMigratorTest","eu.esdihumboldt.hale.common.align.merge.test.impl.DefaultMergeCellMigratorTest","testFilterSame2"
"","10230","testDimensionRule","","Fri Jul 10 00:14:04 UTC 2026","passed","Fri Jul 10 00:14:14 UTC 2026","","eu.esdihumboldt.hale.io.schematron.SchematronInstanceValidatorTest","eu.esdihumboldt.hale.io.schematron.SchematronInstanceValidatorTest","testDimensionRule"
"","300","testReadJsonArray","","Fri Jul 10 00:13:50 UTC 2026","passed","Fri Jul 10 00:13:50 UTC 2026","","eu.esdihumboldt.hale.io.json.test.JsonInstanceCollectionTest","eu.esdihumboldt.hale.io.json.test.JsonInstanceCollectionTest","testReadJsonArray"
"","62","testSchema","","Fri Jul 10 00:04:54 UTC 2026","passed","Fri Jul 10 00:04:54 UTC 2026","","eu.esdihumboldt.hale.common.instance.groovy.InstanceFamilyAccessorTest","eu.esdihumboldt.hale.common.instance.groovy.InstanceFamilyAccessorTest","testSchema"
"","4","testNullSchema","","Fri Jul 10 00:04:09 UTC 2026","passed","Fri Jul 10 00:04:09 UTC 2026","","eu.esdihumboldt.hale.common.filter.CQLFilterTest","eu.esdihumboldt.hale.common.filter.CQLFilterTest","testNullSchema"
"","261","testWriteVersion3","","Fri Jul 10 00:13:31 UTC 2026","passed","Fri Jul 10 00:13:32 UTC 2026","","eu.esdihumboldt.hale.io.jdbc.spatialite.writer.internal.SpatiaLiteInstanceWriterTest","eu.esdihumboldt.hale.io.jdbc.spatialite.writer.internal.SpatiaLiteInstanceWriterTest","testWriteVersion3"
"","78","testPropertyFilter","","Fri Jul 10 00:07:11 UTC 2026","passed","Fri Jul 10 00:07:12 UTC 2026","","eu.esdihumboldt.cst.internal.ConceptualSchemaTransformerTest","eu.esdihumboldt.cst.internal.ConceptualSchemaTransformerTest","testPropertyFilter"
"","0","testPrimitiveArray","","Fri Jul 10 00:05:45 UTC 2026","passed","Fri Jul 10 00:05:45 UTC 2026","","eu.esdihumboldt.hale.common.schema.model.constraint.factory.type.BindingFactoryTest","eu.esdihumboldt.hale.common.schema.model.constraint.factory.type.BindingFactoryTest","testPrimitiveArray"
"","2","testBackwardCompatibilityRead","","Fri Jul 10 00:08:48 UTC 2026","passed","Fri Jul 10 00:08:48 UTC 2026","","eu.esdihumboldt.hale.io.csv.CSVInstanceReaderTest","eu.esdihumboldt.hale.io.csv.CSVInstanceReaderTest","testBackwardCompatibilityRead"
"","6","testSimpleSingleStrictFail","","Fri Jul 10 00:02:46 UTC 2026","passed","Fri Jul 10 00:02:46 UTC 2026","","eu.esdihumboldt.hale.common.align.groovy.accessor.EntityAccessorTest","eu.esdihumboldt.hale.common.align.groovy.accessor.EntityAccessorTest","testSimpleSingleStrictFail"
"","12","testReadVersion4","","Fri Jul 10 00:13:31 UTC 2026","passed","Fri Jul 10 00:13:31 UTC 2026","","eu.esdihumboldt.hale.io.jdbc.spatialite.reader.internal.SpatiaLiteSchemaReaderTest","eu.esdihumboldt.hale.io.jdbc.spatialite.reader.internal.SpatiaLiteSchemaReaderTest","testReadVersion4"
"","81","testMathExpression","","Fri Jul 10 00:07:12 UTC 2026","passed","Fri Jul 10 00:07:12 UTC 2026","","eu.esdihumboldt.cst.internal.ConceptualSchemaTransformerTest","eu.esdihumboldt.cst.internal.ConceptualSchemaTransformerTest","testMathExpression"
"","24","testAllChildren","","Fri Jul 10 00:04:53 UTC 2026","passed","Fri Jul 10 00:04:53 UTC 2026","","eu.esdihumboldt.hale.common.instance.groovy.InstanceAccessorTest","eu.esdihumboldt.hale.common.instance.groovy.InstanceAccessorTest","testAllChildren"
"","8","testNumber","","Fri Jul 10 00:04:09 UTC 2026","passed","Fri Jul 10 00:04:09 UTC 2026","","eu.esdihumboldt.hale.common.filter.CQLFilterTest","eu.esdihumboldt.hale.common.filter.CQLFilterTest","testNumber"
"","3","testMetaClass","","Fri Jul 10 00:06:02 UTC 2026","passed","Fri Jul 10 00:06:02 UTC 2026","","eu.esdihumboldt.hale.common.schema.groovy.DefinitionAccessorTest","eu.esdihumboldt.hale.common.schema.groovy.DefinitionAccessorTest","testMetaClass"
"","361","testGeometryPrimitive_32_MultiLineString_Curve2","","Fri Jul 10 00:10:51 UTC 2026","passed","Fri Jul 10 00:10:52 UTC 2026","","eu.esdihumboldt.hale.io.gml.writer.internal.StreamGmlWriterTest","eu.esdihumboldt.hale.io.gml.writer.internal.StreamGmlWriterTest","testGeometryPrimitive_32_MultiLineString_Curve2"
"","45","testLoadAllGroup","","Fri Jul 10 00:09:42 UTC 2026","passed","Fri Jul 10 00:09:42 UTC 2026","","eu.esdihumboldt.hale.io.gml.reader.internal.GmlInstanceCollectionTest","eu.esdihumboldt.hale.io.gml.reader.internal.GmlInstanceCollectionTest","testLoadAllGroup"
"","6","testInstanceNoValueNullSchema","","Fri Jul 10 00:04:08 UTC 2026","passed","Fri Jul 10 00:04:08 UTC 2026","","eu.esdihumboldt.hale.common.filter.CQLFilterTest","eu.esdihumboldt.hale.common.filter.CQLFilterTest","testInstanceNoValueNullSchema"
"","7","testSKOSFromRDF3","","Fri Jul 10 00:08:36 UTC 2026","passed","Fri Jul 10 00:08:36 UTC 2026","","eu.esdihumboldt.hale.io.codelist.skos.test.SkosCodeListTest","eu.esdihumboldt.hale.io.codelist.skos.test.SkosCodeListTest","testSKOSFromRDF3"
"","2","testInstanceReader","","Fri Jul 10 00:11:51 UTC 2026","skipped","Fri Jul 10 00:11:51 UTC 2026","","eu.esdihumboldt.hale.io.jdbc.mssql.test.MsSQLServer14Test","eu.esdihumboldt.hale.io.jdbc.mssql.test.MsSQLServer14Test","testInstanceReader"
"","1","testLocales2","","Fri Jul 10 00:02:31 UTC 2026","skipped","Fri Jul 10 00:02:31 UTC 2026","","eu.esdihumboldt.hale.common.align.model.impl.mdexpl.MarkdownCellExplanationTest","eu.esdihumboldt.hale.common.align.model.impl.mdexpl.MarkdownCellExplanationTest","testLocales2"
"","0","testExistsSchema","","Fri Jul 10 00:04:09 UTC 2026","skipped","Fri Jul 10 00:04:09 UTC 2026","","eu.esdihumboldt.hale.common.filter.ECQLFilterTest","eu.esdihumboldt.hale.common.filter.ECQLFilterTest","testExistsSchema"
"","222","testTypeFilter5","","Fri Jul 10 00:03:10 UTC 2026","passed","Fri Jul 10 00:03:10 UTC 2026","","eu.esdihumboldt.hale.common.align.merge.test.impl.DefaultMergeCellMigratorTest","eu.esdihumboldt.hale.common.align.merge.test.impl.DefaultMergeCellMigratorTest","testTypeFilter5"
"","317","testValueListValueListJson","","Fri Jul 10 00:03:52 UTC 2026","passed","Fri Jul 10 00:03:52 UTC 2026","","eu.esdihumboldt.hale.common.core.io.impl.ValueListTypeTest","eu.esdihumboldt.hale.common.core.io.impl.ValueListTypeTest","testValueListValueListJson"
"","56","testWriteMultiSchemas","","Fri Jul 10 00:14:57 UTC 2026","passed","Fri Jul 10 00:14:58 UTC 2026","","eu.esdihumboldt.hale.io.shp.ShapefileInstanceWriterTest","eu.esdihumboldt.hale.io.shp.ShapefileInstanceWriterTest","testWriteMultiSchemas"
"","3682","testLoadImgeo_Scheiding","","Fri Jul 10 00:09:38 UTC 2026","passed","Fri Jul 10 00:09:42 UTC 2026","","eu.esdihumboldt.hale.io.gml.reader.internal.GmlInstanceCollectionTest","eu.esdihumboldt.hale.io.gml.reader.internal.GmlInstanceCollectionTest","testLoadImgeo_Scheiding"
"","3","testCW1","","Fri Jul 10 00:16:45 UTC 2026","passed","Fri Jul 10 00:16:45 UTC 2026","","eu.esdihumboldt.util.geometry.interpolation.model.impl.ArcByCenterPointImplTest","eu.esdihumboldt.util.geometry.interpolation.model.impl.ArcByCenterPointImplTest","testCW1"
"","1","testFootprint2","","Fri Jul 10 00:07:47 UTC 2026","passed","Fri Jul 10 00:07:47 UTC 2026","","eu.esdihumboldt.cst.functions.geometric.test.InteriorPointTest","eu.esdihumboldt.cst.functions.geometric.test.InteriorPointTest","testFootprint2"
"","0","testDirect","","Fri Jul 10 00:10:56 UTC 2026","skipped","Fri Jul 10 00:10:56 UTC 2026","","eu.esdihumboldt.hale.io.gml.writer.internal.geometry.writers.PatternTest","eu.esdihumboldt.hale.io.gml.writer.internal.geometry.writers.PatternTest","testDirect"
"","130","testFilterSame3","","Fri Jul 10 00:03:08 UTC 2026","passed","Fri Jul 10 00:03:09 UTC 2026","","eu.esdihumboldt.hale.common.align.merge.test.impl.DefaultMergeCellMigratorTest","eu.esdihumboldt.hale.common.align.merge.test.impl.DefaultMergeCellMigratorTest","testFilterSame3"
"","15186","testWriteTopoJson","","Fri Jul 10 00:15:05 UTC 2026","passed","Fri Jul 10 00:15:20 UTC 2026","","eu.esdihumboldt.hale.io.topojson.test.TopoJsonInstanceWriterTest","eu.esdihumboldt.hale.io.topojson.test.TopoJsonInstanceWriterTest","testWriteTopoJson"
"","26","testRead_definitive_chapter03","","Fri Jul 10 00:16:18 UTC 2026","passed","Fri Jul 10 00:16:18 UTC 2026","","eu.esdihumboldt.hale.io.xsd.reader.XmlSchemaReaderTest","eu.esdihumboldt.hale.io.xsd.reader.XmlSchemaReaderTest","testRead_definitive_chapter03"
"","372","testGeometryPrimitive_32_MultiLineString_Curve1","","Fri Jul 10 00:10:51 UTC 2026","passed","Fri Jul 10 00:10:51 UTC 2026","","eu.esdihumboldt.hale.io.gml.writer.internal.StreamGmlWriterTest","eu.esdihumboldt.hale.io.gml.writer.internal.StreamGmlWriterTest","testGeometryPrimitive_32_MultiLineString_Curve1"
"","685","testInspireCodespaceAutoAdd","","Fri Jul 10 00:10:41 UTC 2026","passed","Fri Jul 10 00:10:42 UTC 2026","","eu.esdihumboldt.hale.io.gml.writer.internal.StreamGmlWriter2Test","eu.esdihumboldt.hale.io.gml.writer.internal.StreamGmlWriter2Test","testInspireCodespaceAutoAdd"
"","0","testInputLookupAndConsume","","Fri Jul 10 00:03:53 UTC 2026","passed","Fri Jul 10 00:03:53 UTC 2026","","eu.esdihumboldt.hale.common.core.io.supplier.LookupStreamResourceTest","eu.esdihumboldt.hale.common.core.io.supplier.LookupStreamResourceTest","testInputLookupAndConsume"
"","113","testGmlReferencesMultiPartFill","","Fri Jul 10 00:04:37 UTC 2026","passed","Fri Jul 10 00:04:38 UTC 2026","","eu.esdihumboldt.hale.common.instance.graph.test.ReferenceGraphTest","eu.esdihumboldt.hale.common.instance.graph.test.ReferenceGraphTest","testGmlReferencesMultiPartFill"
"","7","testRootArrayObjectNested","","Fri Jul 10 00:17:02 UTC 2026","passed","Fri Jul 10 00:17:02 UTC 2026","","eu.esdihumboldt.util.groovy.json.JsonStreamBuilderTest","eu.esdihumboldt.util.groovy.json.JsonStreamBuilderTest","testRootArrayObjectNested"
"","1","testDisabled","","Fri Jul 10 00:05:45 UTC 2026","passed","Fri Jul 10 00:05:45 UTC 2026","","eu.esdihumboldt.hale.common.schema.model.constraint.factory.type.HasValueFlagFactoryTest","eu.esdihumboldt.hale.common.schema.model.constraint.factory.type.HasValueFlagFactoryTest","testDisabled"
"","13","testReadVersion4","","Fri Jul 10 00:13:31 UTC 2026","passed","Fri Jul 10 00:13:31 UTC 2026","","eu.esdihumboldt.hale.io.jdbc.spatialite.reader.internal.SpatiaLiteInstanceReaderTest","eu.esdihumboldt.hale.io.jdbc.spatialite.reader.internal.SpatiaLiteInstanceReaderTest","testReadVersion4"
"","44","testGeoIntersects","","Fri Jul 10 00:04:08 UTC 2026","passed","Fri Jul 10 00:04:08 UTC 2026","","eu.esdihumboldt.hale.common.filter.CQLFilterTest","eu.esdihumboldt.hale.common.filter.CQLFilterTest","testGeoIntersects"
"","251","basicClassesAllowed","","Fri Jul 10 00:17:19 UTC 2026","passed","Fri Jul 10 00:17:19 UTC 2026","","eu.esdihumboldt.util.groovy.sandbox.test.internal.GroovySandboxTest","eu.esdihumboldt.util.groovy.sandbox.test.internal.GroovySandboxTest","basicClassesAllowed"
"","8226","testLists","","Fri Jul 10 00:16:29 UTC 2026","passed","Fri Jul 10 00:16:37 UTC 2026","","eu.esdihumboldt.util.config.ConfigMergerTest","eu.esdihumboldt.util.config.ConfigMergerTest","testLists"
"","48","testWriteSingleCorrectSchemasWithOneMissingGeom","","Fri Jul 10 00:15:00 UTC 2026","passed","Fri Jul 10 00:15:00 UTC 2026","","eu.esdihumboldt.hale.io.shp.ShapefileInstanceWriterTest","eu.esdihumboldt.hale.io.shp.ShapefileInstanceWriterTest","testWriteSingleCorrectSchemasWithOneMissingGeom"
"","3","testGeoCrosses","","Fri Jul 10 00:04:09 UTC 2026","passed","Fri Jul 10 00:04:09 UTC 2026","","eu.esdihumboldt.hale.common.filter.ECQLFilterTest","eu.esdihumboldt.hale.common.filter.ECQLFilterTest","testGeoCrosses"
"","26","testCallMethod","","Fri Jul 10 00:11:11 UTC 2026","passed","Fri Jul 10 00:11:11 UTC 2026","","eu.esdihumboldt.hale.io.groovy.snippets.GroovySnippetsTest","eu.esdihumboldt.hale.io.groovy.snippets.GroovySnippetsTest","testCallMethod"
"","8","testPropertyType","","Fri Jul 10 00:15:59 UTC 2026","passed","Fri Jul 10 00:15:59 UTC 2026","","eu.esdihumboldt.hale.io.xls.test.reader.XLSReaderTest","eu.esdihumboldt.hale.io.xls.test.reader.XLSReaderTest","testPropertyType"
"","35","testSKOSFromRDF4_language_de","","Fri Jul 10 00:08:36 UTC 2026","passed","Fri Jul 10 00:08:36 UTC 2026","","eu.esdihumboldt.hale.io.codelist.skos.test.SkosCodeListTest","eu.esdihumboldt.hale.io.codelist.skos.test.SkosCodeListTest","testSKOSFromRDF4_language_de"
"","4649","writeRead","","Fri Jul 10 00:13:16 UTC 2026","passed","Fri Jul 10 00:13:21 UTC 2026","","eu.esdihumboldt.hale.io.jdbc.postgresql.test.ReadWriteIT","eu.esdihumboldt.hale.io.jdbc.postgresql.test.ReadWriteIT","writeRead"
"","0","testInstanceNoValueExistsSchema","","Fri Jul 10 00:04:09 UTC 2026","skipped","Fri Jul 10 00:04:09 UTC 2026","","eu.esdihumboldt.hale.common.filter.ECQLFilterTest","eu.esdihumboldt.hale.common.filter.ECQLFilterTest","testInstanceNoValueExistsSchema"
"","1855","testCount","","Fri Jul 10 00:17:23 UTC 2026","passed","Fri Jul 10 00:17:25 UTC 2026","","eu.esdihumboldt.util.orient.embedded.BrowseClassIterateTest","eu.esdihumboldt.util.orient.embedded.BrowseClassIterateTest","testCount"
"","7","testLoadWFS11Capabilities","","Fri Jul 10 00:15:37 UTC 2026","passed","Fri Jul 10 00:15:37 UTC 2026","","eu.esdihumboldt.hale.io.wfs.test.capabilities.CapabilitiesHelperTest","eu.esdihumboldt.hale.io.wfs.test.capabilities.CapabilitiesHelperTest","testLoadWFS11Capabilities"
"","0","testFormatter[5]","","Fri Jul 10 00:16:42 UTC 2026","passed","Fri Jul 10 00:16:42 UTC 2026","","eu.esdihumboldt.util.geometry.DecimalFormatUtilTest","eu.esdihumboldt.util.geometry.DecimalFormatUtilTest","testFormatter[5]"
"","1","testFormatter[10]","","Fri Jul 10 00:16:42 UTC 2026","passed","Fri Jul 10 00:16:42 UTC 2026","","eu.esdihumboldt.util.geometry.DecimalFormatUtilTest","eu.esdihumboldt.util.geometry.DecimalFormatUtilTest","testFormatter[10]"
"","78","testClassification1","","Fri Jul 10 00:07:10 UTC 2026","passed","Fri Jul 10 00:07:10 UTC 2026","","eu.esdihumboldt.cst.internal.ConceptualSchemaTransformerTest","eu.esdihumboldt.cst.internal.ConceptualSchemaTransformerTest","testClassification1"
"","239","testNgaSpatialIndexCreation","","Fri Jul 10 00:09:29 UTC 2026","passed","Fri Jul 10 00:09:30 UTC 2026","","eu.esdihumboldt.hale.io.geopackage.GeopackageInstanceWriterTest","eu.esdihumboldt.hale.io.geopackage.GeopackageInstanceWriterTest","testNgaSpatialIndexCreation"
"","12","testArray","","Fri Jul 10 00:05:45 UTC 2026","passed","Fri Jul 10 00:05:45 UTC 2026","","eu.esdihumboldt.hale.common.schema.model.constraint.factory.type.BindingFactoryTest","eu.esdihumboldt.hale.common.schema.model.constraint.factory.type.BindingFactoryTest","testArray"
"","1","testMerge6","","Fri Jul 10 00:03:53 UTC 2026","passed","Fri Jul 10 00:03:53 UTC 2026","","eu.esdihumboldt.hale.common.core.report.util.StatsMergeTest","eu.esdihumboldt.hale.common.core.report.util.StatsMergeTest","testMerge6"
"","1","testSame","","Fri Jul 10 00:03:41 UTC 2026","passed","Fri Jul 10 00:03:41 UTC 2026","","eu.esdihumboldt.hale.common.core.io.PathUpdateTest","eu.esdihumboldt.hale.common.core.io.PathUpdateTest","testSame"
"","381","testReadXsdInstancesResultPrefix2","","Fri Jul 10 00:14:51 UTC 2026","passed","Fri Jul 10 00:14:51 UTC 2026","","eu.esdihumboldt.hale.io.shp.ShapeInstanceReaderTest","eu.esdihumboldt.hale.io.shp.ShapeInstanceReaderTest","testReadXsdInstancesResultPrefix2"
"","174","testWriteMultiSchemasWithDifferentGeometryTypes","","Fri Jul 10 00:15:00 UTC 2026","passed","Fri Jul 10 00:15:00 UTC 2026","","eu.esdihumboldt.hale.io.shp.ShapefileInstanceWriterTest","eu.esdihumboldt.hale.io.shp.ShapefileInstanceWriterTest","testWriteMultiSchemasWithDifferentGeometryTypes"
"","8","testUnifyCCWWithHoles","","Fri Jul 10 00:16:44 UTC 2026","passed","Fri Jul 10 00:16:44 UTC 2026","","eu.esdihumboldt.util.geometry.WindingOrderTest","eu.esdihumboldt.util.geometry.WindingOrderTest","testUnifyCCWWithHoles"
"","102","testReadSimpleArray","","Fri Jul 10 00:13:51 UTC 2026","passed","Fri Jul 10 00:13:51 UTC 2026","","eu.esdihumboldt.hale.io.json.test.JsonToInstanceTest","eu.esdihumboldt.hale.io.json.test.JsonToInstanceTest","testReadSimpleArray"
"","3","testByPoints3","","Fri Jul 10 00:16:45 UTC 2026","passed","Fri Jul 10 00:16:45 UTC 2026","","eu.esdihumboldt.util.geometry.interpolation.grid.GridInterpolationTest","eu.esdihumboldt.util.geometry.interpolation.grid.GridInterpolationTest","testByPoints3"
"","4089","testReproject","","Fri Jul 10 00:07:48 UTC 2026","passed","Fri Jul 10 00:07:53 UTC 2026","","eu.esdihumboldt.cst.functions.geometric.test.reprojectgeometry.ReprojectGeometryTest","eu.esdihumboldt.cst.functions.geometric.test.reprojectgeometry.ReprojectGeometryTest","testReproject"
"","10457","testSerialize","","Fri Jul 10 00:16:50 UTC 2026","passed","Fri Jul 10 00:17:01 UTC 2026","","eu.esdihumboldt.util.groovy.collector.StatsCollectorTest","eu.esdihumboldt.util.groovy.collector.StatsCollectorTest","testSerialize"
"","0","testBeforeList","","Fri Jul 10 00:04:09 UTC 2026","skipped","Fri Jul 10 00:04:09 UTC 2026","","eu.esdihumboldt.hale.common.filter.ECQLFilterTest","eu.esdihumboldt.hale.common.filter.ECQLFilterTest","testBeforeList"
"","146","testInnerJoinFirstLevel","","Fri Jul 10 00:07:09 UTC 2026","passed","Fri Jul 10 00:07:09 UTC 2026","","eu.esdihumboldt.cst.internal.ConceptualSchemaTransformerTest","eu.esdihumboldt.cst.internal.ConceptualSchemaTransformerTest","testInnerJoinFirstLevel"
"","7","testNullList","","Fri Jul 10 00:04:08 UTC 2026","passed","Fri Jul 10 00:04:08 UTC 2026","","eu.esdihumboldt.hale.common.filter.CQLFilterTest","eu.esdihumboldt.hale.common.filter.CQLFilterTest","testNullList"
"","106","mergeRenameFormattedString","","Fri Jul 10 00:03:13 UTC 2026","passed","Fri Jul 10 00:03:13 UTC 2026","","eu.esdihumboldt.hale.common.align.merge.test.impl.FormattedStringMergeTest","eu.esdihumboldt.hale.common.align.merge.test.impl.FormattedStringMergeTest","mergeRenameFormattedString"
"","0","testSubfolder2","","Fri Jul 10 00:03:42 UTC 2026","passed","Fri Jul 10 00:03:42 UTC 2026","","eu.esdihumboldt.hale.common.core.io.PathUpdateTest","eu.esdihumboldt.hale.common.core.io.PathUpdateTest","testSubfolder2"
"","212","testTypeFilter3Present","","Fri Jul 10 00:03:09 UTC 2026","passed","Fri Jul 10 00:03:09 UTC 2026","","eu.esdihumboldt.hale.common.align.merge.test.impl.DefaultMergeCellMigratorTest","eu.esdihumboldt.hale.common.align.merge.test.impl.DefaultMergeCellMigratorTest","testTypeFilter3Present"
"","1","testFormatter[11]","","Fri Jul 10 00:16:42 UTC 2026","passed","Fri Jul 10 00:16:42 UTC 2026","","eu.esdihumboldt.util.geometry.DecimalFormatUtilTest","eu.esdihumboldt.util.geometry.DecimalFormatUtilTest","testFormatter[11]"
"","155","testPropertyJoinIntFloat","","Fri Jul 10 00:07:01 UTC 2026","passed","Fri Jul 10 00:07:02 UTC 2026","","eu.esdihumboldt.cst.internal.ConceptualSchemaTransformerTest","eu.esdihumboldt.cst.internal.ConceptualSchemaTransformerTest","testPropertyJoinIntFloat"
"","24","testWriteReadDateTime","","Fri Jul 10 00:15:00 UTC 2026","passed","Fri Jul 10 00:15:00 UTC 2026","","eu.esdihumboldt.hale.io.shp.ShapefileInstanceWriterTest","eu.esdihumboldt.hale.io.shp.ShapefileInstanceWriterTest","testWriteReadDateTime"
"","3","testBefore","","Fri Jul 10 00:04:09 UTC 2026","passed","Fri Jul 10 00:04:09 UTC 2026","","eu.esdihumboldt.hale.common.filter.ECQLFilterTest","eu.esdihumboldt.hale.common.filter.ECQLFilterTest","testBefore"
"","469","testWfsPaginationPageSizeEqualsTotal","","Fri Jul 10 00:10:33 UTC 2026","passed","Fri Jul 10 00:10:33 UTC 2026","","eu.esdihumboldt.hale.io.gml.reader.internal.StreamGmlReaderTest","eu.esdihumboldt.hale.io.gml.reader.internal.StreamGmlReaderTest","testWfsPaginationPageSizeEqualsTotal"
"","31","testReadPolygonWithHole","","Fri Jul 10 00:13:52 UTC 2026","passed","Fri Jul 10 00:13:52 UTC 2026","","eu.esdihumboldt.hale.io.json.test.JsonToInstanceTest","eu.esdihumboldt.hale.io.json.test.JsonToInstanceTest","testReadPolygonWithHole"
"","11","testInstanceNullSchema","","Fri Jul 10 00:04:08 UTC 2026","passed","Fri Jul 10 00:04:08 UTC 2026","","eu.esdihumboldt.hale.common.filter.CQLFilterTest","eu.esdihumboldt.hale.common.filter.CQLFilterTest","testInstanceNullSchema"
"","2","testFormatter[2]","","Fri Jul 10 00:16:42 UTC 2026","passed","Fri Jul 10 00:16:42 UTC 2026","","eu.esdihumboldt.util.geometry.DecimalFormatUtilTest","eu.esdihumboldt.util.geometry.DecimalFormatUtilTest","testFormatter[2]"
"","0","testCMUnion6","","Fri Jul 10 00:07:11 UTC 2026","skipped","Fri Jul 10 00:07:11 UTC 2026","","eu.esdihumboldt.cst.internal.ConceptualSchemaTransformerTest","eu.esdihumboldt.cst.internal.ConceptualSchemaTransformerTest","testCMUnion6"
"","91","testCMUnion5","","Fri Jul 10 00:07:11 UTC 2026","passed","Fri Jul 10 00:07:11 UTC 2026","","eu.esdihumboldt.cst.internal.ConceptualSchemaTransformerTest","eu.esdihumboldt.cst.internal.ConceptualSchemaTransformerTest","testCMUnion5"
"","8","testRootArrayObjectNestedPrettyPrint","","Fri Jul 10 00:17:02 UTC 2026","passed","Fri Jul 10 00:17:02 UTC 2026","","eu.esdihumboldt.util.groovy.json.JsonStreamBuilderTest","eu.esdihumboldt.util.groovy.json.JsonStreamBuilderTest","testRootArrayObjectNestedPrettyPrint"
"","530","testWriteFeaturesTargetCRS","","Fri Jul 10 00:14:57 UTC 2026","passed","Fri Jul 10 00:14:57 UTC 2026","","eu.esdihumboldt.hale.io.shp.ShapefileInstanceWriterTest","eu.esdihumboldt.hale.io.shp.ShapefileInstanceWriterTest","testWriteFeaturesTargetCRS"
"","1","testDisabled","","Fri Jul 10 00:05:45 UTC 2026","passed","Fri Jul 10 00:05:45 UTC 2026","","eu.esdihumboldt.hale.common.schema.model.constraint.factory.type.MappingRelevantFlagFactoryTest","eu.esdihumboldt.hale.common.schema.model.constraint.factory.type.MappingRelevantFlagFactoryTest","testDisabled"
"","108","testRetypeConditionRenameTypeInherited","","Fri Jul 10 00:03:15 UTC 2026","passed","Fri Jul 10 00:03:15 UTC 2026","","eu.esdihumboldt.hale.common.align.merge.test.impl.JoinRetainConditionsTest","eu.esdihumboldt.hale.common.align.merge.test.impl.JoinRetainConditionsTest","testRetypeConditionRenameTypeInherited"
"","14","testGeoJsonSimple_2","","Fri Jul 10 00:13:49 UTC 2026","passed","Fri Jul 10 00:13:49 UTC 2026","","eu.esdihumboldt.hale.io.json.test.InstanceToJsonTest","eu.esdihumboldt.hale.io.json.test.InstanceToJsonTest","testGeoJsonSimple_2"
