"DESCRIPTION","DURATION IN MS","NAME","PARENT SUITE","START TIME","STATUS","STOP TIME","SUB SUITE","SUITE","TEST CLASS","TEST METHOD"
"","8","testCycle","","Thu Jul 09 23:35:19 UTC 2026","passed","Thu Jul 09 23:35:19 UTC 2026","","eu.esdihumboldt.util.DependencyOrderedListTest","eu.esdihumboldt.util.DependencyOrderedListTest","testCycle"
"","0","testInnerJoinNasIndexBased","","Thu Jul 09 23:26:02 UTC 2026","skipped","Thu Jul 09 23:26:02 UTC 2026","","eu.esdihumboldt.cst.internal.ConceptualSchemaTransformerTest","eu.esdihumboldt.cst.internal.ConceptualSchemaTransformerTest","testInnerJoinNasIndexBased"
"","49","testLoadChoice2","","Thu Jul 09 23:28:46 UTC 2026","passed","Thu Jul 09 23:28:46 UTC 2026","","eu.esdihumboldt.hale.io.gml.reader.internal.GmlInstanceCollectionTest","eu.esdihumboldt.hale.io.gml.reader.internal.GmlInstanceCollectionTest","testLoadChoice2"
"","93","testCardinalityMove","","Thu Jul 09 23:26:13 UTC 2026","passed","Thu Jul 09 23:26:13 UTC 2026","","eu.esdihumboldt.cst.internal.ConceptualSchemaTransformerTest","eu.esdihumboldt.cst.internal.ConceptualSchemaTransformerTest","testCardinalityMove"
"","80","testCMUnion4","","Thu Jul 09 23:26:12 UTC 2026","passed","Thu Jul 09 23:26:13 UTC 2026","","eu.esdihumboldt.cst.internal.ConceptualSchemaTransformerTest","eu.esdihumboldt.cst.internal.ConceptualSchemaTransformerTest","testCMUnion4"
"","4","testNotEqualList","","Thu Jul 09 23:23:08 UTC 2026","passed","Thu Jul 09 23:23:08 UTC 2026","","eu.esdihumboldt.hale.common.filter.CQLFilterTest","eu.esdihumboldt.hale.common.filter.CQLFilterTest","testNotEqualList"
"","67","testLoadShiporder","","Thu Jul 09 23:23:23 UTC 2026","passed","Thu Jul 09 23:23:23 UTC 2026","","eu.esdihumboldt.hale.common.instance.helper.PropertyResolverTest","eu.esdihumboldt.hale.common.instance.helper.PropertyResolverTest","testLoadShiporder"
"","5","testConsumeMap","","Thu Jul 09 23:27:11 UTC 2026","passed","Thu Jul 09 23:27:11 UTC 2026","","eu.esdihumboldt.cst.functions.groovy.helpers.util.CollectorTest","eu.esdihumboldt.cst.functions.groovy.helpers.util.CollectorTest","testConsumeMap"
"","12976","testFormattingStringInstance","","Thu Jul 09 23:25:46 UTC 2026","passed","Thu Jul 09 23:25:59 UTC 2026","","eu.esdihumboldt.cst.internal.ConceptualSchemaTransformerTest","eu.esdihumboldt.cst.internal.ConceptualSchemaTransformerTest","testFormattingStringInstance"
"","265","testTypeFilter3Present","","Thu Jul 09 23:22:05 UTC 2026","passed","Thu Jul 09 23:22:06 UTC 2026","","eu.esdihumboldt.hale.common.align.merge.test.impl.DefaultMergeCellMigratorTest","eu.esdihumboldt.hale.common.align.merge.test.impl.DefaultMergeCellMigratorTest","testTypeFilter3Present"
"","14","testEnabled","","Thu Jul 09 23:24:49 UTC 2026","passed","Thu Jul 09 23:24:49 UTC 2026","","eu.esdihumboldt.hale.common.schema.model.constraint.factory.type.MappingRelevantFlagFactoryTest","eu.esdihumboldt.hale.common.schema.model.constraint.factory.type.MappingRelevantFlagFactoryTest","testEnabled"
"","52","testRunsInHale","","Thu Jul 09 23:30:13 UTC 2026","passed","Thu Jul 09 23:30:13 UTC 2026","","eu.esdihumboldt.hale.io.groovy.snippets.GroovySnippetsTest","eu.esdihumboldt.hale.io.groovy.snippets.GroovySnippetsTest","testRunsInHale"
"","68","testWfsResolvedepthResponseStructure","","Thu Jul 09 23:29:34 UTC 2026","passed","Thu Jul 09 23:29:34 UTC 2026","","eu.esdihumboldt.hale.io.gml.reader.internal.StreamGmlReaderTest","eu.esdihumboldt.hale.io.gml.reader.internal.StreamGmlReaderTest","testWfsResolvedepthResponseStructure"
"","162","testFilterSame2","","Thu Jul 09 23:22:05 UTC 2026","passed","Thu Jul 09 23:22:05 UTC 2026","","eu.esdihumboldt.hale.common.align.merge.test.impl.DefaultMergeCellMigratorTest","eu.esdihumboldt.hale.common.align.merge.test.impl.DefaultMergeCellMigratorTest","testFilterSame2"
"","6","testHalfCircle","","Thu Jul 09 23:35:48 UTC 2026","passed","Thu Jul 09 23:35:48 UTC 2026","","eu.esdihumboldt.util.geometry.interpolation.grid.GridInterpolationTest","eu.esdihumboldt.util.geometry.interpolation.grid.GridInterpolationTest","testHalfCircle"
"","59","testWriteSimpleSchemaColOrder","","Thu Jul 09 23:28:01 UTC 2026","passed","Thu Jul 09 23:28:01 UTC 2026","","eu.esdihumboldt.hale.io.csv.writer.CSVInstanceWriterTest","eu.esdihumboldt.hale.io.csv.writer.CSVInstanceWriterTest","testWriteSimpleSchemaColOrder"
"","16247","testUnconditionalFilterForHydro","","Thu Jul 09 23:19:36 UTC 2026","passed","Thu Jul 09 23:19:52 UTC 2026","","eu.esdihumboldt.hale.app.transform.test.ExecuteTest","eu.esdihumboldt.hale.app.transform.test.ExecuteTest","testUnconditionalFilterForHydro"
"","11","testValuesAllowOthers","","Thu Jul 09 23:24:49 UTC 2026","passed","Thu Jul 09 23:24:49 UTC 2026","","eu.esdihumboldt.hale.common.schema.model.constraint.factory.type.EnumerationFactoryTest","eu.esdihumboldt.hale.common.schema.model.constraint.factory.type.EnumerationFactoryTest","testValuesAllowOthers"
"","5","testValuePropertiesList","","Thu Jul 09 23:22:52 UTC 2026","passed","Thu Jul 09 23:22:52 UTC 2026","","eu.esdihumboldt.hale.common.core.io.impl.ValuePropertiesTypeTest","eu.esdihumboldt.hale.common.core.io.impl.ValuePropertiesTypeTest","testValuePropertiesList"
"","51","testReadXsdInstancesTypenameAmbiguousLocalName","","Thu Jul 09 23:33:51 UTC 2026","passed","Thu Jul 09 23:33:51 UTC 2026","","eu.esdihumboldt.hale.io.shp.ShapeInstanceReaderTest","eu.esdihumboldt.hale.io.shp.ShapeInstanceReaderTest","testReadXsdInstancesTypenameAmbiguousLocalName"
"","1724","testSKOSFromRDF5_language_de","","Thu Jul 09 23:27:34 UTC 2026","passed","Thu Jul 09 23:27:35 UTC 2026","","eu.esdihumboldt.hale.io.codelist.skos.test.SkosCodeListTest","eu.esdihumboldt.hale.io.codelist.skos.test.SkosCodeListTest","testSKOSFromRDF5_language_de"
"","128","testExportMultiFeatureToExcel","","Thu Jul 09 23:34:58 UTC 2026","passed","Thu Jul 09 23:34:58 UTC 2026","","eu.esdihumboldt.hale.io.xls.test.writer.XLSInstanceWriterTest","eu.esdihumboldt.hale.io.xls.test.writer.XLSInstanceWriterTest","testExportMultiFeatureToExcel"
"","4","testGeoJson","","Thu Jul 09 23:32:53 UTC 2026","passed","Thu Jul 09 23:32:53 UTC 2026","","eu.esdihumboldt.hale.io.json.test.JsonSchemaReaderTest","eu.esdihumboldt.hale.io.json.test.JsonSchemaReaderTest","testGeoJson"
"","5","testStringLookupJson","","Thu Jul 09 23:24:24 UTC 2026","passed","Thu Jul 09 23:24:24 UTC 2026","","eu.esdihumboldt.hale.common.lookup.internal.LookupTableTypeTest","eu.esdihumboldt.hale.common.lookup.internal.LookupTableTypeTest","testStringLookupJson"
"","2","failTest2","","Thu Jul 09 23:27:48 UTC 2026","passed","Thu Jul 09 23:27:48 UTC 2026","","eu.esdihumboldt.hale.io.csv.CSVSchemaReaderTest","eu.esdihumboldt.hale.io.csv.CSVSchemaReaderTest","failTest2"
"","793","testNotInspireCodespaceNotAdd","","Thu Jul 09 23:29:41 UTC 2026","passed","Thu Jul 09 23:29:41 UTC 2026","","eu.esdihumboldt.hale.io.gml.writer.internal.StreamGmlWriter2Test","eu.esdihumboldt.hale.io.gml.writer.internal.StreamGmlWriter2Test","testNotInspireCodespaceNotAdd"
"","2","testTrueFalse","","Thu Jul 09 23:25:05 UTC 2026","passed","Thu Jul 09 23:25:05 UTC 2026","","eu.esdihumboldt.hale.common.schema.groovy.constraints.ChoiceFactoryTest","eu.esdihumboldt.hale.common.schema.groovy.constraints.ChoiceFactoryTest","testTrueFalse"
"","4480","testStatistics","","Thu Jul 09 23:20:11 UTC 2026","passed","Thu Jul 09 23:20:16 UTC 2026","","eu.esdihumboldt.hale.app.transform.test.ExecuteTest","eu.esdihumboldt.hale.app.transform.test.ExecuteTest","testStatistics"
"","12","testClass","","Thu Jul 09 23:25:05 UTC 2026","passed","Thu Jul 09 23:25:05 UTC 2026","","eu.esdihumboldt.hale.common.schema.groovy.constraints.BindingFactoryTest","eu.esdihumboldt.hale.common.schema.groovy.constraints.BindingFactoryTest","testClass"
"","7","testRootArrayObjectNested","","Thu Jul 09 23:36:04 UTC 2026","passed","Thu Jul 09 23:36:04 UTC 2026","","eu.esdihumboldt.util.groovy.json.JsonStreamBuilderTest","eu.esdihumboldt.util.groovy.json.JsonStreamBuilderTest","testRootArrayObjectNested"
"","2","testStandardBuilderStyle","","Thu Jul 09 23:36:04 UTC 2026","passed","Thu Jul 09 23:36:04 UTC 2026","","eu.esdihumboldt.util.groovy.json.JsonStreamBuilderTest","eu.esdihumboldt.util.groovy.json.JsonStreamBuilderTest","testStandardBuilderStyle"
"","550","testGeometryPrimitive_32_Polygon","","Thu Jul 09 23:29:49 UTC 2026","passed","Thu Jul 09 23:29:50 UTC 2026","","eu.esdihumboldt.hale.io.gml.writer.internal.StreamGmlWriterTest","eu.esdihumboldt.hale.io.gml.writer.internal.StreamGmlWriterTest","testGeometryPrimitive_32_Polygon"
"","4","testByPoints3AllGrid","","Thu Jul 09 23:35:48 UTC 2026","passed","Thu Jul 09 23:35:48 UTC 2026","","eu.esdihumboldt.util.geometry.interpolation.grid.GridInterpolationTest","eu.esdihumboldt.util.geometry.interpolation.grid.GridInterpolationTest","testByPoints3AllGrid"
"","61","testMathExpression","","Thu Jul 09 23:26:14 UTC 2026","passed","Thu Jul 09 23:26:14 UTC 2026","","eu.esdihumboldt.cst.internal.ConceptualSchemaTransformerTest","eu.esdihumboldt.cst.internal.ConceptualSchemaTransformerTest","testMathExpression"
"","3","testSchemaLessInstance","","Thu Jul 09 23:23:55 UTC 2026","passed","Thu Jul 09 23:23:55 UTC 2026","","eu.esdihumboldt.hale.common.instance.groovy.InstanceBuilderTest","eu.esdihumboldt.hale.common.instance.groovy.InstanceBuilderTest","testSchemaLessInstance"
"","5","testReadModeSingleObject","","Thu Jul 09 23:32:53 UTC 2026","passed","Thu Jul 09 23:32:53 UTC 2026","","eu.esdihumboldt.hale.io.json.test.JsonInstanceReaderTest","eu.esdihumboldt.hale.io.json.test.JsonInstanceReaderTest","testReadModeSingleObject"
"","2","testNull","","Thu Jul 09 23:23:54 UTC 2026","passed","Thu Jul 09 23:23:54 UTC 2026","","eu.esdihumboldt.hale.common.instance.groovy.InstanceAccessorTest","eu.esdihumboldt.hale.common.instance.groovy.InstanceAccessorTest","testNull"
"","0","testHttpAbsolute1","","Thu Jul 09 23:35:14 UTC 2026","passed","Thu Jul 09 23:35:14 UTC 2026","","eu.esdihumboldt.hale.io.xsd.reader.HumboldtURIResolverTest","eu.esdihumboldt.hale.io.xsd.reader.HumboldtURIResolverTest","testHttpAbsolute1"
"","290","testWfsPaginationIgnoreNumberMatched","","Thu Jul 09 23:29:36 UTC 2026","passed","Thu Jul 09 23:29:36 UTC 2026","","eu.esdihumboldt.hale.io.gml.reader.internal.StreamGmlReaderTest","eu.esdihumboldt.hale.io.gml.reader.internal.StreamGmlReaderTest","testWfsPaginationIgnoreNumberMatched"
"","1724","testCount","","Thu Jul 09 23:36:25 UTC 2026","passed","Thu Jul 09 23:36:27 UTC 2026","","eu.esdihumboldt.util.orient.embedded.BrowseClassIterateTest","eu.esdihumboldt.util.orient.embedded.BrowseClassIterateTest","testCount"
"","4","testProblemCase","","Thu Jul 09 23:26:50 UTC 2026","passed","Thu Jul 09 23:26:50 UTC 2026","","eu.esdihumboldt.cst.functions.geometric.test.InteriorPointTest","eu.esdihumboldt.cst.functions.geometric.test.InteriorPointTest","testProblemCase"
"","95","testCMMulti1","","Thu Jul 09 23:26:12 UTC 2026","passed","Thu Jul 09 23:26:12 UTC 2026","","eu.esdihumboldt.cst.internal.ConceptualSchemaTransformerTest","eu.esdihumboldt.cst.internal.ConceptualSchemaTransformerTest","testCMMulti1"
"","1","testFootprint","","Thu Jul 09 23:26:50 UTC 2026","passed","Thu Jul 09 23:26:50 UTC 2026","","eu.esdihumboldt.cst.functions.geometric.test.InteriorPointTest","eu.esdihumboldt.cst.functions.geometric.test.InteriorPointTest","testFootprint"
"","0","testFileRelative1","","Thu Jul 09 23:35:14 UTC 2026","passed","Thu Jul 09 23:35:14 UTC 2026","","eu.esdihumboldt.hale.io.xsd.reader.HumboldtURIResolverTest","eu.esdihumboldt.hale.io.xsd.reader.HumboldtURIResolverTest","testFileRelative1"
"","2215","testFromCode","","Thu Jul 09 23:26:48 UTC 2026","passed","Thu Jul 09 23:26:50 UTC 2026","","eu.esdihumboldt.cst.functions.geometric.test.CRSHelperFunctionsTest","eu.esdihumboldt.cst.functions.geometric.test.CRSHelperFunctionsTest","testFromCode"
"","0","testSubfolder3","","Thu Jul 09 23:22:39 UTC 2026","passed","Thu Jul 09 23:22:39 UTC 2026","","eu.esdihumboldt.hale.common.core.io.PathUpdateTest","eu.esdihumboldt.hale.common.core.io.PathUpdateTest","testSubfolder3"
"","2","testCreateType","","Thu Jul 09 23:25:05 UTC 2026","passed","Thu Jul 09 23:25:05 UTC 2026","","eu.esdihumboldt.hale.common.schema.groovy.SchemaBuilderTest","eu.esdihumboldt.hale.common.schema.groovy.SchemaBuilderTest","testCreateType"
"","15","testEnabled","","Thu Jul 09 23:24:49 UTC 2026","passed","Thu Jul 09 23:24:49 UTC 2026","","eu.esdihumboldt.hale.common.schema.model.constraint.factory.type.AugmentedValueFlagFactoryTest","eu.esdihumboldt.hale.common.schema.model.constraint.factory.type.AugmentedValueFlagFactoryTest","testEnabled"
"","9270","testConvert","","Thu Jul 09 23:22:25 UTC 2026","passed","Thu Jul 09 23:22:34 UTC 2026","","eu.esdihumboldt.hale.common.config.ConfigValueTest","eu.esdihumboldt.hale.common.config.ConfigValueTest","testConvert"
"","6","testBefore","","Thu Jul 09 23:23:08 UTC 2026","passed","Thu Jul 09 23:23:08 UTC 2026","","eu.esdihumboldt.hale.common.filter.CQLFilterTest","eu.esdihumboldt.hale.common.filter.CQLFilterTest","testBefore"
"","310","testWfsPaginationCountWithFeaturesPerRequest","","Thu Jul 09 23:29:34 UTC 2026","passed","Thu Jul 09 23:29:34 UTC 2026","","eu.esdihumboldt.hale.io.gml.reader.internal.StreamGmlReaderTest","eu.esdihumboldt.hale.io.gml.reader.internal.StreamGmlReaderTest","testWfsPaginationCountWithFeaturesPerRequest"
"","1","testDefault","","Thu Jul 09 23:24:49 UTC 2026","passed","Thu Jul 09 23:24:49 UTC 2026","","eu.esdihumboldt.hale.common.schema.model.constraint.factory.property.UniqueConstraintFactoryTest","eu.esdihumboldt.hale.common.schema.model.constraint.factory.property.UniqueConstraintFactoryTest","testDefault"
"","1","testInstanceExistsSchema","","Thu Jul 09 23:23:08 UTC 2026","skipped","Thu Jul 09 23:23:08 UTC 2026","","eu.esdihumboldt.hale.common.filter.CQLFilterTest","eu.esdihumboldt.hale.common.filter.CQLFilterTest","testInstanceExistsSchema"
"","3973","testMsAccessSchemaReaderForMdbTest","","Thu Jul 09 23:30:47 UTC 2026","passed","Thu Jul 09 23:30:51 UTC 2026","","eu.esdihumboldt.hale.io.jdbc.msaccess.reader.MsAccessInstanceReaderTest","eu.esdihumboldt.hale.io.jdbc.msaccess.reader.MsAccessInstanceReaderTest","testMsAccessSchemaReaderForMdbTest"
"","0","testExistsNoSchema","","Thu Jul 09 23:23:08 UTC 2026","skipped","Thu Jul 09 23:23:08 UTC 2026","","eu.esdihumboldt.hale.common.filter.CQLFilterTest","eu.esdihumboldt.hale.common.filter.CQLFilterTest","testExistsNoSchema"
"","4","testElementHasListOfObjects2","","Thu Jul 09 23:36:03 UTC 2026","passed","Thu Jul 09 23:36:03 UTC 2026","","eu.esdihumboldt.util.groovy.json.JsonStreamBuilderTest","eu.esdihumboldt.util.groovy.json.JsonStreamBuilderTest","testElementHasListOfObjects2"
"","566","testBadEnvelope","","Thu Jul 09 23:35:49 UTC 2026","passed","Thu Jul 09 23:35:50 UTC 2026","","eu.esdihumboldt.util.geometry.quadtree.QuadtreeTest","eu.esdihumboldt.util.geometry.quadtree.QuadtreeTest","testBadEnvelope"
"","527","testWfsPaginationInstanceContent","","Thu Jul 09 23:29:32 UTC 2026","passed","Thu Jul 09 23:29:33 UTC 2026","","eu.esdihumboldt.hale.io.gml.reader.internal.StreamGmlReaderTest","eu.esdihumboldt.hale.io.gml.reader.internal.StreamGmlReaderTest","testWfsPaginationInstanceContent"
"","11","testValuePropertiesJson","","Thu Jul 09 23:22:52 UTC 2026","passed","Thu Jul 09 23:22:52 UTC 2026","","eu.esdihumboldt.hale.common.core.io.impl.ValuePropertiesTypeTest","eu.esdihumboldt.hale.common.core.io.impl.ValuePropertiesTypeTest","testValuePropertiesJson"
"","4501","testTransformXmlInline","","Thu Jul 09 23:20:19 UTC 2026","passed","Thu Jul 09 23:20:23 UTC 2026","","eu.esdihumboldt.hale.app.transform.test.ExecuteTest","eu.esdihumboldt.hale.app.transform.test.ExecuteTest","testTransformXmlInline"
"","6","testLikeSchema","","Thu Jul 09 23:23:08 UTC 2026","passed","Thu Jul 09 23:23:08 UTC 2026","","eu.esdihumboldt.hale.common.filter.ECQLFilterTest","eu.esdihumboldt.hale.common.filter.ECQLFilterTest","testLikeSchema"
"","0","testInstanceNoValueExistsSchema","","Thu Jul 09 23:23:08 UTC 2026","skipped","Thu Jul 09 23:23:08 UTC 2026","","eu.esdihumboldt.hale.common.filter.ECQLFilterTest","eu.esdihumboldt.hale.common.filter.ECQLFilterTest","testInstanceNoValueExistsSchema"
"","44","testWriteDates","","Thu Jul 09 23:33:58 UTC 2026","passed","Thu Jul 09 23:33:58 UTC 2026","","eu.esdihumboldt.hale.io.shp.ShapefileInstanceWriterTest","eu.esdihumboldt.hale.io.shp.ShapefileInstanceWriterTest","testWriteDates"
"","428","testReadInstancesXSD","","Thu Jul 09 23:28:32 UTC 2026","passed","Thu Jul 09 23:28:33 UTC 2026","","eu.esdihumboldt.hale.io.geopackage.GeopackageInstanceReaderTest","eu.esdihumboldt.hale.io.geopackage.GeopackageInstanceReaderTest","testReadInstancesXSD"
"","1","testDisabled","","Thu Jul 09 23:24:49 UTC 2026","passed","Thu Jul 09 23:24:49 UTC 2026","","eu.esdihumboldt.hale.common.schema.model.constraint.factory.type.SkipValidationFactoryTest","eu.esdihumboldt.hale.common.schema.model.constraint.factory.type.SkipValidationFactoryTest","testDisabled"
"","1","testFormatter[5]","","Thu Jul 09 23:35:44 UTC 2026","passed","Thu Jul 09 23:35:44 UTC 2026","","eu.esdihumboldt.util.geometry.DecimalFormatUtilTest","eu.esdihumboldt.util.geometry.DecimalFormatUtilTest","testFormatter[5]"
"","0","testSimpleContentAttribute","","Thu Jul 09 23:26:10 UTC 2026","skipped","Thu Jul 09 23:26:10 UTC 2026","","eu.esdihumboldt.cst.internal.ConceptualSchemaTransformerTest","eu.esdihumboldt.cst.internal.ConceptualSchemaTransformerTest","testSimpleContentAttribute"
"","5","testLoopStartArray","","Thu Jul 09 23:36:04 UTC 2026","passed","Thu Jul 09 23:36:04 UTC 2026","","eu.esdihumboldt.util.groovy.json.JsonStreamBuilderTest","eu.esdihumboldt.util.groovy.json.JsonStreamBuilderTest","testLoopStartArray"
"","9813","testBothWays","","Thu Jul 09 23:35:03 UTC 2026","passed","Thu Jul 09 23:35:13 UTC 2026","","eu.esdihumboldt.hale.io.xsd.anytype.valuetypes.CustomTypeContentAssociationTypeTest","eu.esdihumboldt.hale.io.xsd.anytype.valuetypes.CustomTypeContentAssociationTypeTest","testBothWays"
"","21","testReadPointGeoJson","","Thu Jul 09 23:32:53 UTC 2026","passed","Thu Jul 09 23:32:53 UTC 2026","","eu.esdihumboldt.hale.io.json.test.JsonToInstanceTest","eu.esdihumboldt.hale.io.json.test.JsonToInstanceTest","testReadPointGeoJson"
"","0","testInstanceValueExistsSchema","","Thu Jul 09 23:23:08 UTC 2026","skipped","Thu Jul 09 23:23:08 UTC 2026","","eu.esdihumboldt.hale.common.filter.ECQLFilterTest","eu.esdihumboldt.hale.common.filter.ECQLFilterTest","testInstanceValueExistsSchema"
"","5","testUnbounded","","Thu Jul 09 23:24:48 UTC 2026","passed","Thu Jul 09 23:24:48 UTC 2026","","eu.esdihumboldt.hale.common.schema.model.constraint.factory.property.CardinalityFactoryTest","eu.esdihumboldt.hale.common.schema.model.constraint.factory.property.CardinalityFactoryTest","testUnbounded"
"","302","mergeJoinWithRetypeDef","","Thu Jul 09 23:22:07 UTC 2026","passed","Thu Jul 09 23:22:08 UTC 2026","","eu.esdihumboldt.hale.common.align.merge.test.impl.DefaultMergeCellMigratorTest","eu.esdihumboldt.hale.common.align.merge.test.impl.DefaultMergeCellMigratorTest","mergeJoinWithRetypeDef"
"","1","testMethodCallWithNamedArgumentsTypeSafe","","Thu Jul 09 23:36:04 UTC 2026","passed","Thu Jul 09 23:36:04 UTC 2026","","eu.esdihumboldt.util.groovy.json.JsonStreamBuilderTest","eu.esdihumboldt.util.groovy.json.JsonStreamBuilderTest","testMethodCallWithNamedArgumentsTypeSafe"
"","11232","testAddRemoveMappingMultipleProperties","","Thu Jul 09 23:23:58 UTC 2026","passed","Thu Jul 09 23:24:10 UTC 2026","","eu.esdihumboldt.hale.common.instance.index.MultimapInstanceIndexTest","eu.esdihumboldt.hale.common.instance.index.MultimapInstanceIndexTest","testAddRemoveMappingMultipleProperties"
"","4501","testInstanceWriteOrder","","Thu Jul 09 23:32:22 UTC 2026","passed","Thu Jul 09 23:32:26 UTC 2026","","eu.esdihumboldt.hale.io.jdbc.postgresql.test.WriteInstanceOrderIT","eu.esdihumboldt.hale.io.jdbc.postgresql.test.WriteInstanceOrderIT","testInstanceWriteOrder"
"","1","testFindLines","","Thu Jul 09 23:26:50 UTC 2026","passed","Thu Jul 09 23:26:50 UTC 2026","","eu.esdihumboldt.cst.functions.geometric.test.GeometryHelperFunctionsTest","eu.esdihumboldt.cst.functions.geometric.test.GeometryHelperFunctionsTest","testFindLines"
"","18045","testReadShapeInstances","","Thu Jul 09 23:33:22 UTC 2026","passed","Thu Jul 09 23:33:40 UTC 2026","","eu.esdihumboldt.hale.io.shp.ShapeInstanceReaderTest","eu.esdihumboldt.hale.io.shp.ShapeInstanceReaderTest","testReadShapeInstances"
"","228","testTypeFilter2PropertyPresent","","Thu Jul 09 23:22:09 UTC 2026","passed","Thu Jul 09 23:22:09 UTC 2026","","eu.esdihumboldt.hale.common.align.merge.test.impl.DefaultMergeCellMigratorTest","eu.esdihumboldt.hale.common.align.merge.test.impl.DefaultMergeCellMigratorTest","testTypeFilter2PropertyPresent"
"","5","testReadPoint","","Thu Jul 09 23:32:53 UTC 2026","passed","Thu Jul 09 23:32:53 UTC 2026","","eu.esdihumboldt.hale.io.json.test.JsonToInstanceTest","eu.esdihumboldt.hale.io.json.test.JsonToInstanceTest","testReadPoint"
"","9","testSKOSFromRDF3","","Thu Jul 09 23:27:36 UTC 2026","passed","Thu Jul 09 23:27:36 UTC 2026","","eu.esdihumboldt.hale.io.codelist.skos.test.SkosCodeListTest","eu.esdihumboldt.hale.io.codelist.skos.test.SkosCodeListTest","testSKOSFromRDF3"
"","0","testBeforeList","","Thu Jul 09 23:23:08 UTC 2026","skipped","Thu Jul 09 23:23:08 UTC 2026","","eu.esdihumboldt.hale.common.filter.CQLFilterTest","eu.esdihumboldt.hale.common.filter.CQLFilterTest","testBeforeList"
"","15","testBinding","","Thu Jul 09 23:24:49 UTC 2026","passed","Thu Jul 09 23:24:49 UTC 2026","","eu.esdihumboldt.hale.common.schema.model.constraint.factory.type.ElementTypeFactoryTest","eu.esdihumboldt.hale.common.schema.model.constraint.factory.type.ElementTypeFactoryTest","testBinding"
"","2","testMixedProperty","","Thu Jul 09 23:32:53 UTC 2026","passed","Thu Jul 09 23:32:53 UTC 2026","","eu.esdihumboldt.hale.io.json.test.JsonSchemaReaderTest","eu.esdihumboldt.hale.io.json.test.JsonSchemaReaderTest","testMixedProperty"
"","45","testWriteBigNumbers","","Thu Jul 09 23:28:34 UTC 2026","passed","Thu Jul 09 23:28:34 UTC 2026","","eu.esdihumboldt.hale.io.geopackage.GeopackageInstanceWriterTest","eu.esdihumboldt.hale.io.geopackage.GeopackageInstanceWriterTest","testWriteBigNumbers"
"","0","testGeometry_2_Polygon","","Thu Jul 09 23:29:52 UTC 2026","skipped","Thu Jul 09 23:29:52 UTC 2026","","eu.esdihumboldt.hale.io.gml.writer.internal.StreamGmlWriterTest","eu.esdihumboldt.hale.io.gml.writer.internal.StreamGmlWriterTest","testGeometry_2_Polygon"
"","42","testBothWays","","Thu Jul 09 23:35:14 UTC 2026","passed","Thu Jul 09 23:35:14 UTC 2026","","eu.esdihumboldt.hale.io.xsd.anytype.valuetypes.CustomTypeContentConfigurationTypeTest","eu.esdihumboldt.hale.io.xsd.anytype.valuetypes.CustomTypeContentConfigurationTypeTest","testBothWays"
"","12184","test1","","Thu Jul 09 23:25:27 UTC 2026","passed","Thu Jul 09 23:25:40 UTC 2026","","eu.esdihumboldt.hale.common.service.helper.test.PopulationCountTest","eu.esdihumboldt.hale.common.service.helper.test.PopulationCountTest","test1"
"","360","testWfsPagination","","Thu Jul 09 23:29:34 UTC 2026","passed","Thu Jul 09 23:29:34 UTC 2026","","eu.esdihumboldt.hale.io.gml.reader.internal.StreamGmlReaderTest","eu.esdihumboldt.hale.io.gml.reader.internal.StreamGmlReaderTest","testWfsPagination"
"","5","testEnabled","","Thu Jul 09 23:24:49 UTC 2026","passed","Thu Jul 09 23:24:49 UTC 2026","","eu.esdihumboldt.hale.common.schema.model.constraint.factory.property.UniqueConstraintFactoryTest","eu.esdihumboldt.hale.common.schema.model.constraint.factory.property.UniqueConstraintFactoryTest","testEnabled"
"","4","testTimeEquals","","Thu Jul 09 23:23:08 UTC 2026","passed","Thu Jul 09 23:23:08 UTC 2026","","eu.esdihumboldt.hale.common.filter.ECQLFilterTest","eu.esdihumboldt.hale.common.filter.ECQLFilterTest","testTimeEquals"
"","121","testSplitMulti_Singles","","Thu Jul 09 23:26:50 UTC 2026","passed","Thu Jul 09 23:26:50 UTC 2026","","eu.esdihumboldt.cst.functions.geometric.test.GeometryHelperFunctionsTest","eu.esdihumboldt.cst.functions.geometric.test.GeometryHelperFunctionsTest","testSplitMulti_Singles"
"","11411","testToFrom","","Thu Jul 09 23:22:39 UTC 2026","passed","Thu Jul 09 23:22:51 UTC 2026","","eu.esdihumboldt.hale.common.core.io.impl.TextTypeJsonTest","eu.esdihumboldt.hale.common.core.io.impl.TextTypeJsonTest","testToFrom"
"","128","testPropertyJoin","","Thu Jul 09 23:26:13 UTC 2026","passed","Thu Jul 09 23:26:13 UTC 2026","","eu.esdihumboldt.cst.internal.ConceptualSchemaTransformerTest","eu.esdihumboldt.cst.internal.ConceptualSchemaTransformerTest","testPropertyJoin"
"","4","testExampleFromTheGep7Page","","Thu Jul 09 23:36:04 UTC 2026","passed","Thu Jul 09 23:36:04 UTC 2026","","eu.esdihumboldt.util.groovy.json.JsonStreamBuilderTest","eu.esdihumboldt.util.groovy.json.JsonStreamBuilderTest","testExampleFromTheGep7Page"
"","40","testOffsetBig","","Thu Jul 09 23:35:48 UTC 2026","passed","Thu Jul 09 23:35:48 UTC 2026","","eu.esdihumboldt.util.geometry.interpolation.grid.GridInterpolationTest","eu.esdihumboldt.util.geometry.interpolation.grid.GridInterpolationTest","testOffsetBig"
"","2768","testCellDisableSaveLoad","","Thu Jul 09 23:21:08 UTC 2026","passed","Thu Jul 09 23:21:11 UTC 2026","","eu.esdihumboldt.hale.common.align.io.CastorAlignmentIOTest","eu.esdihumboldt.hale.common.align.io.CastorAlignmentIOTest","testCellDisableSaveLoad"
"","10","testSKOSFromRDF5_language_nl","","Thu Jul 09 23:27:36 UTC 2026","passed","Thu Jul 09 23:27:36 UTC 2026","","eu.esdihumboldt.hale.io.codelist.skos.test.SkosCodeListTest","eu.esdihumboldt.hale.io.codelist.skos.test.SkosCodeListTest","testSKOSFromRDF5_language_nl"
"","76","testBaseNameFromFile","","Thu Jul 09 23:33:40 UTC 2026","passed","Thu Jul 09 23:33:40 UTC 2026","","eu.esdihumboldt.hale.io.shp.ShapeInstanceReaderTest","eu.esdihumboldt.hale.io.shp.ShapeInstanceReaderTest","testBaseNameFromFile"
"","510","testNesting","","Thu Jul 09 23:21:42 UTC 2026","passed","Thu Jul 09 23:21:42 UTC 2026","","eu.esdihumboldt.hale.common.align.groovy.accessor.EntityAccessorTest","eu.esdihumboldt.hale.common.align.groovy.accessor.EntityAccessorTest","testNesting"
"","0","testFormatter[11]","","Thu Jul 09 23:35:44 UTC 2026","passed","Thu Jul 09 23:35:44 UTC 2026","","eu.esdihumboldt.util.geometry.DecimalFormatUtilTest","eu.esdihumboldt.util.geometry.DecimalFormatUtilTest","testFormatter[11]"
"","30","testAllChildren","","Thu Jul 09 23:23:54 UTC 2026","passed","Thu Jul 09 23:23:54 UTC 2026","","eu.esdihumboldt.hale.common.instance.groovy.InstanceAccessorTest","eu.esdihumboldt.hale.common.instance.groovy.InstanceAccessorTest","testAllChildren"
"","10","testNotEqualSimple","","Thu Jul 09 23:23:07 UTC 2026","passed","Thu Jul 09 23:23:07 UTC 2026","","eu.esdihumboldt.hale.common.filter.CQLFilterTest","eu.esdihumboldt.hale.common.filter.CQLFilterTest","testNotEqualSimple"
"","1","testFootprint2Hole","","Thu Jul 09 23:26:50 UTC 2026","passed","Thu Jul 09 23:26:50 UTC 2026","","eu.esdihumboldt.cst.functions.geometric.test.InteriorPointTest","eu.esdihumboldt.cst.functions.geometric.test.InteriorPointTest","testFootprint2Hole"
"","70","testStructuralRename3","","Thu Jul 09 23:26:14 UTC 2026","passed","Thu Jul 09 23:26:14 UTC 2026","","eu.esdihumboldt.cst.internal.ConceptualSchemaTransformerTest","eu.esdihumboldt.cst.internal.ConceptualSchemaTransformerTest","testStructuralRename3"
"","7","testReadSingleObject","","Thu Jul 09 23:32:52 UTC 2026","passed","Thu Jul 09 23:32:52 UTC 2026","","eu.esdihumboldt.hale.io.json.test.JsonInstanceCollectionTest","eu.esdihumboldt.hale.io.json.test.JsonInstanceCollectionTest","testReadSingleObject"
"","26","testRead_definitive_all","","Thu Jul 09 23:35:16 UTC 2026","passed","Thu Jul 09 23:35:16 UTC 2026","","eu.esdihumboldt.hale.io.xsd.reader.XmlSchemaReaderTest","eu.esdihumboldt.hale.io.xsd.reader.XmlSchemaReaderTest","testRead_definitive_all"
"","15","testByPoints3","","Thu Jul 09 23:35:48 UTC 2026","passed","Thu Jul 09 23:35:48 UTC 2026","","eu.esdihumboldt.util.geometry.interpolation.split.SplitInterpolationTest","eu.esdihumboldt.util.geometry.interpolation.split.SplitInterpolationTest","testByPoints3"
"","3","testNamespaceIndexChildContext","","Thu Jul 09 23:21:42 UTC 2026","passed","Thu Jul 09 23:21:42 UTC 2026","","eu.esdihumboldt.hale.common.align.groovy.accessor.EntityAccessorTest","eu.esdihumboldt.hale.common.align.groovy.accessor.EntityAccessorTest","testNamespaceIndexChildContext"
"","155","testInnerJoinFirstLevel","","Thu Jul 09 23:26:11 UTC 2026","passed","Thu Jul 09 23:26:11 UTC 2026","","eu.esdihumboldt.cst.internal.ConceptualSchemaTransformerTest","eu.esdihumboldt.cst.internal.ConceptualSchemaTransformerTest","testInnerJoinFirstLevel"
"","1","testCCW1","","Thu Jul 09 23:35:48 UTC 2026","passed","Thu Jul 09 23:35:48 UTC 2026","","eu.esdihumboldt.util.geometry.interpolation.model.impl.ArcByCenterPointImplTest","eu.esdihumboldt.util.geometry.interpolation.model.impl.ArcByCenterPointImplTest","testCCW1"
"","1","testFootprint3","","Thu Jul 09 23:26:50 UTC 2026","passed","Thu Jul 09 23:26:50 UTC 2026","","eu.esdihumboldt.cst.functions.geometric.test.InteriorPointTest","eu.esdihumboldt.cst.functions.geometric.test.InteriorPointTest","testFootprint3"
"","0","testComplexWrite","","Thu Jul 09 23:36:29 UTC 2026","skipped","Thu Jul 09 23:36:29 UTC 2026","","eu.esdihumboldt.util.orient.embedded.MemoryDocumentTest","eu.esdihumboldt.util.orient.embedded.MemoryDocumentTest","testComplexWrite"
"","32","testGmlOverflow","","Thu Jul 09 23:23:40 UTC 2026","passed","Thu Jul 09 23:23:40 UTC 2026","","eu.esdihumboldt.hale.common.instance.graph.test.ReferenceGraphTest","eu.esdihumboldt.hale.common.instance.graph.test.ReferenceGraphTest","testGmlOverflow"
"","4151","testConnection","","Thu Jul 09 23:31:42 UTC 2026","passed","Thu Jul 09 23:31:46 UTC 2026","","eu.esdihumboldt.hale.io.jdbc.postgresql.test.DatabaseIT","eu.esdihumboldt.hale.io.jdbc.postgresql.test.DatabaseIT","testConnection"
"","17","testReadVersion3","","Thu Jul 09 23:32:32 UTC 2026","passed","Thu Jul 09 23:32:32 UTC 2026","","eu.esdihumboldt.hale.io.jdbc.spatialite.reader.internal.SpatiaLiteSchemaReaderTest","eu.esdihumboldt.hale.io.jdbc.spatialite.reader.internal.SpatiaLiteSchemaReaderTest","testReadVersion3"
"","1","testValueListValueListJsonGroovy","","Thu Jul 09 23:22:51 UTC 2026","passed","Thu Jul 09 23:22:51 UTC 2026","","eu.esdihumboldt.hale.common.core.io.impl.ValueListTypeTest","eu.esdihumboldt.hale.common.core.io.impl.ValueListTypeTest","testValueListValueListJsonGroovy"
"","1","testOptional","","Thu Jul 09 23:24:48 UTC 2026","passed","Thu Jul 09 23:24:48 UTC 2026","","eu.esdihumboldt.hale.common.schema.model.constraint.factory.property.CardinalityFactoryTest","eu.esdihumboldt.hale.common.schema.model.constraint.factory.property.CardinalityFactoryTest","testOptional"
"","869","testInspireCodespaceNoAutoAdd","","Thu Jul 09 23:29:41 UTC 2026","passed","Thu Jul 09 23:29:42 UTC 2026","","eu.esdihumboldt.hale.io.gml.writer.internal.StreamGmlWriter2Test","eu.esdihumboldt.hale.io.gml.writer.internal.StreamGmlWriter2Test","testInspireCodespaceNoAutoAdd"
"","3","testStringBetween","","Thu Jul 09 23:23:09 UTC 2026","passed","Thu Jul 09 23:23:09 UTC 2026","","eu.esdihumboldt.hale.common.filter.ECQLFilterTest","eu.esdihumboldt.hale.common.filter.ECQLFilterTest","testStringBetween"
"","5","testLoopArrayTypeSafe","","Thu Jul 09 23:36:04 UTC 2026","passed","Thu Jul 09 23:36:04 UTC 2026","","eu.esdihumboldt.util.groovy.json.JsonStreamBuilderTest","eu.esdihumboldt.util.groovy.json.JsonStreamBuilderTest","testLoopArrayTypeSafe"
"","799","testReadWithCommaDecimal","","Thu Jul 09 23:27:47 UTC 2026","passed","Thu Jul 09 23:27:48 UTC 2026","","eu.esdihumboldt.hale.io.csv.CSVInstanceReaderTest","eu.esdihumboldt.hale.io.csv.CSVInstanceReaderTest","testReadWithCommaDecimal"
"","14","testOffsetCircle","","Thu Jul 09 23:35:48 UTC 2026","passed","Thu Jul 09 23:35:48 UTC 2026","","eu.esdihumboldt.util.geometry.interpolation.grid.GridInterpolationTest","eu.esdihumboldt.util.geometry.interpolation.grid.GridInterpolationTest","testOffsetCircle"
"","185","testTypeFilter4","","Thu Jul 09 23:22:07 UTC 2026","passed","Thu Jul 09 23:22:07 UTC 2026","","eu.esdihumboldt.hale.common.align.merge.test.impl.DefaultMergeCellMigratorTest","eu.esdihumboldt.hale.common.align.merge.test.impl.DefaultMergeCellMigratorTest","testTypeFilter4"
"","2","testDisabled","","Thu Jul 09 23:24:49 UTC 2026","passed","Thu Jul 09 23:24:49 UTC 2026","","eu.esdihumboldt.hale.common.schema.model.constraint.factory.type.AugmentedValueFlagFactoryTest","eu.esdihumboldt.hale.common.schema.model.constraint.factory.type.AugmentedValueFlagFactoryTest","testDisabled"
"","7","testGetReferencesSimple","","Thu Jul 09 23:23:08 UTC 2026","passed","Thu Jul 09 23:23:08 UTC 2026","","eu.esdihumboldt.hale.common.filter.CQLFilterTest","eu.esdihumboldt.hale.common.filter.CQLFilterTest","testGetReferencesSimple"
"","8","testNumberBetweenList","","Thu Jul 09 23:23:08 UTC 2026","passed","Thu Jul 09 23:23:08 UTC 2026","","eu.esdihumboldt.hale.common.filter.CQLFilterTest","eu.esdihumboldt.hale.common.filter.CQLFilterTest","testNumberBetweenList"
"","191","testThread","","Thu Jul 09 23:36:28 UTC 2026","passed","Thu Jul 09 23:36:28 UTC 2026","","eu.esdihumboldt.util.orient.embedded.LocalDocumentTest","eu.esdihumboldt.util.orient.embedded.LocalDocumentTest","testThread"
"","2","testNested","","Thu Jul 09 23:27:11 UTC 2026","passed","Thu Jul 09 23:27:11 UTC 2026","","eu.esdihumboldt.cst.functions.groovy.helpers.util.CollectorTest","eu.esdihumboldt.cst.functions.groovy.helpers.util.CollectorTest","testNested"
"","159","testMultiResult1","","Thu Jul 09 23:26:03 UTC 2026","passed","Thu Jul 09 23:26:04 UTC 2026","","eu.esdihumboldt.cst.internal.ConceptualSchemaTransformerTest","eu.esdihumboldt.cst.internal.ConceptualSchemaTransformerTest","testMultiResult1"
"","2","testDefault","","Thu Jul 09 23:24:48 UTC 2026","passed","Thu Jul 09 23:24:48 UTC 2026","","eu.esdihumboldt.hale.common.schema.model.constraint.factory.property.NillableFlagFactoryTest","eu.esdihumboldt.hale.common.schema.model.constraint.factory.property.NillableFlagFactoryTest","testDefault"
"","0","testInstanceNoValueExistsSchema","","Thu Jul 09 23:23:08 UTC 2026","skipped","Thu Jul 09 23:23:08 UTC 2026","","eu.esdihumboldt.hale.common.filter.CQLFilterTest","eu.esdihumboldt.hale.common.filter.CQLFilterTest","testInstanceNoValueExistsSchema"
"","70","testWriteSimpleSchema","","Thu Jul 09 23:28:01 UTC 2026","passed","Thu Jul 09 23:28:01 UTC 2026","","eu.esdihumboldt.hale.io.csv.writer.CSVInstanceWriterTest","eu.esdihumboldt.hale.io.csv.writer.CSVInstanceWriterTest","testWriteSimpleSchema"
"","8931","testEqualitySimple","","Thu Jul 09 23:22:58 UTC 2026","passed","Thu Jul 09 23:23:07 UTC 2026","","eu.esdihumboldt.hale.common.filter.CQLFilterTest","eu.esdihumboldt.hale.common.filter.CQLFilterTest","testEqualitySimple"
"","3","testNumberString","","Thu Jul 09 23:23:09 UTC 2026","passed","Thu Jul 09 23:23:09 UTC 2026","","eu.esdihumboldt.hale.common.filter.ECQLFilterTest","eu.esdihumboldt.hale.common.filter.ECQLFilterTest","testNumberString"
"","605","testRequestNoCache","","Thu Jul 09 23:22:19 UTC 2026","passed","Thu Jul 09 23:22:19 UTC 2026","","eu.esdihumboldt.hale.common.cache.RequestTest","eu.esdihumboldt.hale.common.cache.RequestTest","testRequestNoCache"
"","1","testGeometryFlippedOnNULLCRS","","Thu Jul 09 23:35:47 UTC 2026","passed","Thu Jul 09 23:35:47 UTC 2026","","eu.esdihumboldt.util.geometry.WindingOrderTest","eu.esdihumboldt.util.geometry.WindingOrderTest","testGeometryFlippedOnNULLCRS"
"","4651","checkComplexOrder","","Thu Jul 09 23:31:37 UTC 2026","passed","Thu Jul 09 23:31:42 UTC 2026","","eu.esdihumboldt.hale.io.jdbc.postgresql.test.CheckComplexTypeOrderIT","eu.esdihumboldt.hale.io.jdbc.postgresql.test.CheckComplexTypeOrderIT","checkComplexOrder"
"","6","testLikeList","","Thu Jul 09 23:23:08 UTC 2026","passed","Thu Jul 09 23:23:08 UTC 2026","","eu.esdihumboldt.hale.common.filter.CQLFilterTest","eu.esdihumboldt.hale.common.filter.CQLFilterTest","testLikeList"
"","12","testJsonBuilderTypeSafe","","Thu Jul 09 23:36:03 UTC 2026","passed","Thu Jul 09 23:36:04 UTC 2026","","eu.esdihumboldt.util.groovy.json.JsonStreamBuilderTest","eu.esdihumboldt.util.groovy.json.JsonStreamBuilderTest","testJsonBuilderTypeSafe"
"","8","testEqualityListNoSchema","","Thu Jul 09 23:23:07 UTC 2026","passed","Thu Jul 09 23:23:07 UTC 2026","","eu.esdihumboldt.hale.common.filter.CQLFilterTest","eu.esdihumboldt.hale.common.filter.CQLFilterTest","testEqualityListNoSchema"
"","10281","testFindPropertyIgnoreNamespace","","Thu Jul 09 23:24:36 UTC 2026","passed","Thu Jul 09 23:24:47 UTC 2026","","eu.esdihumboldt.hale.common.schema.helper.DefinitionResolverTest","eu.esdihumboldt.hale.common.schema.helper.DefinitionResolverTest","testFindPropertyIgnoreNamespace"
"","2","testBackwardCompatibilityRead","","Thu Jul 09 23:27:48 UTC 2026","passed","Thu Jul 09 23:27:48 UTC 2026","","eu.esdihumboldt.hale.io.csv.CSVInstanceReaderTest","eu.esdihumboldt.hale.io.csv.CSVInstanceReaderTest","testBackwardCompatibilityRead"
"","5","testFindPropertyNamespace","","Thu Jul 09 23:24:47 UTC 2026","passed","Thu Jul 09 23:24:47 UTC 2026","","eu.esdihumboldt.hale.common.schema.helper.DefinitionResolverTest","eu.esdihumboldt.hale.common.schema.helper.DefinitionResolverTest","testFindPropertyNamespace"
"","144","testFilterSame6","","Thu Jul 09 23:22:05 UTC 2026","passed","Thu Jul 09 23:22:05 UTC 2026","","eu.esdihumboldt.hale.common.align.merge.test.impl.DefaultMergeCellMigratorTest","eu.esdihumboldt.hale.common.align.merge.test.impl.DefaultMergeCellMigratorTest","testFilterSame6"
"","121","testWriteMultiSchemasWithDifferentGeometryTypes","","Thu Jul 09 23:34:01 UTC 2026","passed","Thu Jul 09 23:34:01 UTC 2026","","eu.esdihumboldt.hale.io.shp.ShapefileInstanceWriterTest","eu.esdihumboldt.hale.io.shp.ShapefileInstanceWriterTest","testWriteMultiSchemasWithDifferentGeometryTypes"
"","1","testCCW2","","Thu Jul 09 23:35:48 UTC 2026","passed","Thu Jul 09 23:35:48 UTC 2026","","eu.esdihumboldt.util.geometry.interpolation.model.impl.ArcByCenterPointImplTest","eu.esdihumboldt.util.geometry.interpolation.model.impl.ArcByCenterPointImplTest","testCCW2"
"","23","testOffsetCircle","","Thu Jul 09 23:35:48 UTC 2026","passed","Thu Jul 09 23:35:48 UTC 2026","","eu.esdihumboldt.util.geometry.interpolation.split.SplitInterpolationTest","eu.esdihumboldt.util.geometry.interpolation.split.SplitInterpolationTest","testOffsetCircle"
"","146","testGroovyWarningScript","","Thu Jul 09 23:22:09 UTC 2026","passed","Thu Jul 09 23:22:10 UTC 2026","","eu.esdihumboldt.hale.common.align.merge.test.impl.DefaultMergeCellMigratorTest","eu.esdihumboldt.hale.common.align.merge.test.impl.DefaultMergeCellMigratorTest","testGroovyWarningScript"
"","3","testGetReferencesSimple","","Thu Jul 09 23:23:08 UTC 2026","passed","Thu Jul 09 23:23:08 UTC 2026","","eu.esdihumboldt.hale.common.filter.ECQLFilterTest","eu.esdihumboldt.hale.common.filter.ECQLFilterTest","testGetReferencesSimple"
"","1457","testLoadChoice","","Thu Jul 09 23:28:40 UTC 2026","passed","Thu Jul 09 23:28:42 UTC 2026","","eu.esdihumboldt.hale.io.gml.reader.internal.GmlInstanceCollectionTest","eu.esdihumboldt.hale.io.gml.reader.internal.GmlInstanceCollectionTest","testLoadChoice"
"","0","testFormatter[9]","","Thu Jul 09 23:35:44 UTC 2026","passed","Thu Jul 09 23:35:44 UTC 2026","","eu.esdihumboldt.util.geometry.DecimalFormatUtilTest","eu.esdihumboldt.util.geometry.DecimalFormatUtilTest","testFormatter[9]"
"","108","testPropertyCondition1","","Thu Jul 09 23:26:13 UTC 2026","passed","Thu Jul 09 23:26:13 UTC 2026","","eu.esdihumboldt.cst.internal.ConceptualSchemaTransformerTest","eu.esdihumboldt.cst.internal.ConceptualSchemaTransformerTest","testPropertyCondition1"
"","2","testMerge3","","Thu Jul 09 23:22:52 UTC 2026","passed","Thu Jul 09 23:22:52 UTC 2026","","eu.esdihumboldt.hale.common.core.report.util.StatsMergeTest","eu.esdihumboldt.hale.common.core.report.util.StatsMergeTest","testMerge3"
"","343","testWfsPaginationPageSizeLargerThanTotal","","Thu Jul 09 23:29:35 UTC 2026","passed","Thu Jul 09 23:29:35 UTC 2026","","eu.esdihumboldt.hale.io.gml.reader.internal.StreamGmlReaderTest","eu.esdihumboldt.hale.io.gml.reader.internal.StreamGmlReaderTest","testWfsPaginationPageSizeLargerThanTotal"
"","0","testQ4","","Thu Jul 09 23:35:48 UTC 2026","passed","Thu Jul 09 23:35:48 UTC 2026","","eu.esdihumboldt.util.geometry.interpolation.grid.GridUtilTest","eu.esdihumboldt.util.geometry.interpolation.grid.GridUtilTest","testQ4"
"","0","testLookupAndConsume","","Thu Jul 09 23:22:52 UTC 2026","passed","Thu Jul 09 23:22:52 UTC 2026","","eu.esdihumboldt.hale.common.core.io.supplier.LookupStreamResourceTest","eu.esdihumboldt.hale.common.core.io.supplier.LookupStreamResourceTest","testLookupAndConsume"
"","0","testDescent","","Thu Jul 09 23:29:55 UTC 2026","skipped","Thu Jul 09 23:29:55 UTC 2026","","eu.esdihumboldt.hale.io.gml.writer.internal.geometry.writers.PatternTest","eu.esdihumboldt.hale.io.gml.writer.internal.geometry.writers.PatternTest","testDescent"
"","24","testPrimitive2","","Thu Jul 09 23:24:49 UTC 2026","passed","Thu Jul 09 23:24:49 UTC 2026","","eu.esdihumboldt.hale.common.schema.model.constraint.factory.type.BindingFactoryTest","eu.esdihumboldt.hale.common.schema.model.constraint.factory.type.BindingFactoryTest","testPrimitive2"
"","517","testReadVersion3","","Thu Jul 09 23:32:31 UTC 2026","passed","Thu Jul 09 23:32:32 UTC 2026","","eu.esdihumboldt.hale.io.jdbc.spatialite.reader.internal.SpatiaLiteInstanceReaderTest","eu.esdihumboldt.hale.io.jdbc.spatialite.reader.internal.SpatiaLiteInstanceReaderTest","testReadVersion3"
"","6","testReadDefaultTypeOverride","","Thu Jul 09 23:32:53 UTC 2026","passed","Thu Jul 09 23:32:53 UTC 2026","","eu.esdihumboldt.hale.io.json.test.JsonInstanceReaderTest","eu.esdihumboldt.hale.io.json.test.JsonInstanceReaderTest","testReadDefaultTypeOverride"
"","42","testLoadShiporder","","Thu Jul 09 23:28:46 UTC 2026","passed","Thu Jul 09 23:28:46 UTC 2026","","eu.esdihumboldt.hale.io.gml.reader.internal.GmlInstanceCollectionTest","eu.esdihumboldt.hale.io.gml.reader.internal.GmlInstanceCollectionTest","testLoadShiporder"
"","1","testText","","Thu Jul 09 23:25:05 UTC 2026","passed","Thu Jul 09 23:25:05 UTC 2026","","eu.esdihumboldt.hale.common.schema.groovy.constraints.CardinalityFactoryTest","eu.esdihumboldt.hale.common.schema.groovy.constraints.CardinalityFactoryTest","testText"
"","0","testGeoJsonSimple","","Thu Jul 09 23:32:51 UTC 2026","skipped","Thu Jul 09 23:32:51 UTC 2026","","eu.esdihumboldt.hale.io.json.test.InstanceToJsonTest","eu.esdihumboldt.hale.io.json.test.InstanceToJsonTest","testGeoJsonSimple"
"","28","testRead_definitive_attributegroup","","Thu Jul 09 23:35:16 UTC 2026","passed","Thu Jul 09 23:35:16 UTC 2026","","eu.esdihumboldt.hale.io.xsd.reader.XmlSchemaReaderTest","eu.esdihumboldt.hale.io.xsd.reader.XmlSchemaReaderTest","testRead_definitive_attributegroup"
"","0","testFormatter[8]","","Thu Jul 09 23:35:44 UTC 2026","passed","Thu Jul 09 23:35:44 UTC 2026","","eu.esdihumboldt.util.geometry.DecimalFormatUtilTest","eu.esdihumboldt.util.geometry.DecimalFormatUtilTest","testFormatter[8]"
"","188","testInnerJoin","","Thu Jul 09 23:26:03 UTC 2026","passed","Thu Jul 09 23:26:03 UTC 2026","","eu.esdihumboldt.cst.internal.ConceptualSchemaTransformerTest","eu.esdihumboldt.cst.internal.ConceptualSchemaTransformerTest","testInnerJoin"
"","148","testLoadWVA","","Thu Jul 09 23:28:46 UTC 2026","passed","Thu Jul 09 23:28:47 UTC 2026","","eu.esdihumboldt.hale.io.gml.reader.internal.GmlInstanceCollectionTest","eu.esdihumboldt.hale.io.gml.reader.internal.GmlInstanceCollectionTest","testLoadWVA"
"","23","testFindPropertyCached","","Thu Jul 09 23:24:47 UTC 2026","passed","Thu Jul 09 23:24:47 UTC 2026","","eu.esdihumboldt.hale.common.schema.helper.DefinitionResolverTest","eu.esdihumboldt.hale.common.schema.helper.DefinitionResolverTest","testFindPropertyCached"
"","6","testNamespaceIndex","","Thu Jul 09 23:21:42 UTC 2026","passed","Thu Jul 09 23:21:42 UTC 2026","","eu.esdihumboldt.hale.common.align.groovy.accessor.EntityAccessorTest","eu.esdihumboldt.hale.common.align.groovy.accessor.EntityAccessorTest","testNamespaceIndex"
"","46","testConflict","","Thu Jul 09 23:35:40 UTC 2026","passed","Thu Jul 09 23:35:40 UTC 2026","","eu.esdihumboldt.util.config.ConfigTest","eu.esdihumboldt.util.config.ConfigTest","testConflict"
"","15","testGeoJsonSimple_14","","Thu Jul 09 23:32:51 UTC 2026","passed","Thu Jul 09 23:32:51 UTC 2026","","eu.esdihumboldt.hale.io.json.test.InstanceToJsonTest","eu.esdihumboldt.hale.io.json.test.InstanceToJsonTest","testGeoJsonSimple_14"
"","1","testDefault","","Thu Jul 09 23:24:49 UTC 2026","passed","Thu Jul 09 23:24:49 UTC 2026","","eu.esdihumboldt.hale.common.schema.model.constraint.factory.type.MappingRelevantFlagFactoryTest","eu.esdihumboldt.hale.common.schema.model.constraint.factory.type.MappingRelevantFlagFactoryTest","testDefault"
"","146","testStringValueList","","Thu Jul 09 23:22:51 UTC 2026","passed","Thu Jul 09 23:22:51 UTC 2026","","eu.esdihumboldt.hale.common.core.io.impl.ValueListTypeTest","eu.esdihumboldt.hale.common.core.io.impl.ValueListTypeTest","testStringValueList"
"","1","testDefault","","Thu Jul 09 23:24:49 UTC 2026","passed","Thu Jul 09 23:24:49 UTC 2026","","eu.esdihumboldt.hale.common.schema.model.constraint.factory.type.HasValueFlagFactoryTest","eu.esdihumboldt.hale.common.schema.model.constraint.factory.type.HasValueFlagFactoryTest","testDefault"
"","1243","testBaseNameFromURL","","Thu Jul 09 23:33:56 UTC 2026","passed","Thu Jul 09 23:33:57 UTC 2026","","eu.esdihumboldt.hale.io.shp.ShapeInstanceReaderTest","eu.esdihumboldt.hale.io.shp.ShapeInstanceReaderTest","testBaseNameFromURL"
"","34","testNullMixed","","Thu Jul 09 23:23:54 UTC 2026","passed","Thu Jul 09 23:23:54 UTC 2026","","eu.esdihumboldt.hale.common.instance.groovy.InstanceAccessorTest","eu.esdihumboldt.hale.common.instance.groovy.InstanceAccessorTest","testNullMixed"
"","117","testSchemaCollection","","Thu Jul 09 23:23:55 UTC 2026","passed","Thu Jul 09 23:23:55 UTC 2026","","eu.esdihumboldt.hale.common.instance.groovy.InstanceBuilderTest","eu.esdihumboldt.hale.common.instance.groovy.InstanceBuilderTest","testSchemaCollection"
"","7","testNullNotExistsNoSchema","","Thu Jul 09 23:23:08 UTC 2026","passed","Thu Jul 09 23:23:08 UTC 2026","","eu.esdihumboldt.hale.common.filter.CQLFilterTest","eu.esdihumboldt.hale.common.filter.CQLFilterTest","testNullNotExistsNoSchema"
"","8","testSKOSFromRDF4_language_nl","","Thu Jul 09 23:27:36 UTC 2026","passed","Thu Jul 09 23:27:36 UTC 2026","","eu.esdihumboldt.hale.io.codelist.skos.test.SkosCodeListTest","eu.esdihumboldt.hale.io.codelist.skos.test.SkosCodeListTest","testSKOSFromRDF4_language_nl"
"","2310","testReadMultiSheetTypeSettingsNamedNoGeneralSkip","","Thu Jul 09 23:34:53 UTC 2026","passed","Thu Jul 09 23:34:55 UTC 2026","","eu.esdihumboldt.hale.io.xls.test.reader.XLSReaderTest","eu.esdihumboldt.hale.io.xls.test.reader.XLSReaderTest","testReadMultiSheetTypeSettingsNamedNoGeneralSkip"
"","4","testRange","","Thu Jul 09 23:25:05 UTC 2026","passed","Thu Jul 09 23:25:05 UTC 2026","","eu.esdihumboldt.hale.common.schema.groovy.constraints.EnumerationFactoryTest","eu.esdihumboldt.hale.common.schema.groovy.constraints.EnumerationFactoryTest","testRange"
"","100","testSinglePolyGeometryWithLongAttributeNamesWithSingleInstance","","Thu Jul 09 23:33:58 UTC 2026","passed","Thu Jul 09 23:33:58 UTC 2026","","eu.esdihumboldt.hale.io.shp.ShapefileInstanceWriterTest","eu.esdihumboldt.hale.io.shp.ShapefileInstanceWriterTest","testSinglePolyGeometryWithLongAttributeNamesWithSingleInstance"
"","32","testRead_definitive_groups","","Thu Jul 09 23:35:16 UTC 2026","passed","Thu Jul 09 23:35:16 UTC 2026","","eu.esdihumboldt.hale.io.xsd.reader.XmlSchemaReaderTest","eu.esdihumboldt.hale.io.xsd.reader.XmlSchemaReaderTest","testRead_definitive_groups"
"","212","testTypeFilter1","","Thu Jul 09 23:22:06 UTC 2026","passed","Thu Jul 09 23:22:06 UTC 2026","","eu.esdihumboldt.hale.common.align.merge.test.impl.DefaultMergeCellMigratorTest","eu.esdihumboldt.hale.common.align.merge.test.impl.DefaultMergeCellMigratorTest","testTypeFilter1"
"","1","testDefault","","Thu Jul 09 23:24:49 UTC 2026","passed","Thu Jul 09 23:24:49 UTC 2026","","eu.esdihumboldt.hale.common.schema.model.constraint.factory.type.AbstractFlagFactoryTest","eu.esdihumboldt.hale.common.schema.model.constraint.factory.type.AbstractFlagFactoryTest","testDefault"
"","51","testConsumeList","","Thu Jul 09 23:27:10 UTC 2026","passed","Thu Jul 09 23:27:11 UTC 2026","","eu.esdihumboldt.cst.functions.groovy.helpers.util.CollectorTest","eu.esdihumboldt.cst.functions.groovy.helpers.util.CollectorTest","testConsumeList"
"","6","testReadComplex","","Thu Jul 09 23:32:53 UTC 2026","passed","Thu Jul 09 23:32:53 UTC 2026","","eu.esdihumboldt.hale.io.json.test.JsonToInstanceTest","eu.esdihumboldt.hale.io.json.test.JsonToInstanceTest","testReadComplex"
"","0","testHasNext2","","Thu Jul 09 23:36:27 UTC 2026","skipped","Thu Jul 09 23:36:27 UTC 2026","","eu.esdihumboldt.util.orient.embedded.BrowseClassIterateTest","eu.esdihumboldt.util.orient.embedded.BrowseClassIterateTest","testHasNext2"
"","6","test90Deegrees","","Thu Jul 09 23:35:48 UTC 2026","passed","Thu Jul 09 23:35:48 UTC 2026","","eu.esdihumboldt.util.geometry.interpolation.split.SplitInterpolationTest","eu.esdihumboldt.util.geometry.interpolation.split.SplitInterpolationTest","test90Deegrees"
"","13","testInstanceNullSchema","","Thu Jul 09 23:23:07 UTC 2026","passed","Thu Jul 09 23:23:07 UTC 2026","","eu.esdihumboldt.hale.common.filter.CQLFilterTest","eu.esdihumboldt.hale.common.filter.CQLFilterTest","testInstanceNullSchema"
"","68","testGeoBbox","","Thu Jul 09 23:23:07 UTC 2026","passed","Thu Jul 09 23:23:08 UTC 2026","","eu.esdihumboldt.hale.common.filter.CQLFilterTest","eu.esdihumboldt.hale.common.filter.CQLFilterTest","testGeoBbox"
"","5","testNestedListMap2","","Thu Jul 09 23:36:04 UTC 2026","passed","Thu Jul 09 23:36:04 UTC 2026","","eu.esdihumboldt.util.groovy.json.JsonStreamBuilderTest","eu.esdihumboldt.util.groovy.json.JsonStreamBuilderTest","testNestedListMap2"
"","7","testGeoContains","","Thu Jul 09 23:23:08 UTC 2026","passed","Thu Jul 09 23:23:08 UTC 2026","","eu.esdihumboldt.hale.common.filter.CQLFilterTest","eu.esdihumboldt.hale.common.filter.CQLFilterTest","testGeoContains"
"","40","testLoopArrayPrettyPrint","","Thu Jul 09 23:36:03 UTC 2026","passed","Thu Jul 09 23:36:03 UTC 2026","","eu.esdihumboldt.util.groovy.json.JsonStreamBuilderTest","eu.esdihumboldt.util.groovy.json.JsonStreamBuilderTest","testLoopArrayPrettyPrint"
"","2063","testInspireCodespaceAutoAddDefault","","Thu Jul 09 23:29:36 UTC 2026","passed","Thu Jul 09 23:29:38 UTC 2026","","eu.esdihumboldt.hale.io.gml.writer.internal.StreamGmlWriter2Test","eu.esdihumboldt.hale.io.gml.writer.internal.StreamGmlWriter2Test","testInspireCodespaceAutoAddDefault"
"","322","testSaveLoad","","Thu Jul 09 23:21:23 UTC 2026","passed","Thu Jul 09 23:21:24 UTC 2026","","eu.esdihumboldt.hale.common.align.io.JaxbAlignmentIOTest","eu.esdihumboldt.hale.common.align.io.JaxbAlignmentIOTest","testSaveLoad"
"","9996","testNestingAll","","Thu Jul 09 23:24:54 UTC 2026","passed","Thu Jul 09 23:25:04 UTC 2026","","eu.esdihumboldt.hale.common.schema.groovy.DefinitionAccessorTest","eu.esdihumboldt.hale.common.schema.groovy.DefinitionAccessorTest","testNestingAll"
"","1","testFormatter[1]","","Thu Jul 09 23:35:44 UTC 2026","passed","Thu Jul 09 23:35:44 UTC 2026","","eu.esdihumboldt.util.geometry.DecimalFormatUtilTest","eu.esdihumboldt.util.geometry.DecimalFormatUtilTest","testFormatter[1]"
"","1","testFindPoints","","Thu Jul 09 23:26:50 UTC 2026","passed","Thu Jul 09 23:26:50 UTC 2026","","eu.esdihumboldt.cst.functions.geometric.test.GeometryHelperFunctionsTest","eu.esdihumboldt.cst.functions.geometric.test.GeometryHelperFunctionsTest","testFindPoints"
"","1299","testToFrom","","Thu Jul 09 23:26:51 UTC 2026","passed","Thu Jul 09 23:26:52 UTC 2026","","eu.esdihumboldt.cst.functions.geometric.test.join.SpatialJoinParameterTest","eu.esdihumboldt.cst.functions.geometric.test.join.SpatialJoinParameterTest","testToFrom"
"","0","testUnifyWOHoles","","Thu Jul 09 23:35:47 UTC 2026","passed","Thu Jul 09 23:35:47 UTC 2026","","eu.esdihumboldt.util.geometry.WindingOrderTest","eu.esdihumboldt.util.geometry.WindingOrderTest","testUnifyWOHoles"
"","4","testNotEqualSimple","","Thu Jul 09 23:23:08 UTC 2026","passed","Thu Jul 09 23:23:08 UTC 2026","","eu.esdihumboldt.hale.common.filter.ECQLFilterTest","eu.esdihumboldt.hale.common.filter.ECQLFilterTest","testNotEqualSimple"
"","1","testPrimitiveArray2","","Thu Jul 09 23:24:49 UTC 2026","passed","Thu Jul 09 23:24:49 UTC 2026","","eu.esdihumboldt.hale.common.schema.model.constraint.factory.type.BindingFactoryTest","eu.esdihumboldt.hale.common.schema.model.constraint.factory.type.BindingFactoryTest","testPrimitiveArray2"
"","191","migrateRenameFormattedString","","Thu Jul 09 23:22:10 UTC 2026","passed","Thu Jul 09 23:22:10 UTC 2026","","eu.esdihumboldt.hale.common.align.merge.test.impl.FormattedStringMergeTest","eu.esdihumboldt.hale.common.align.merge.test.impl.FormattedStringMergeTest","migrateRenameFormattedString"
"","9322","testWriteRead","","Thu Jul 09 23:26:19 UTC 2026","passed","Thu Jul 09 23:26:29 UTC 2026","","eu.esdihumboldt.cst.functions.custom.test.internal.DefaultCustomPropertyFunctionTypeTest","eu.esdihumboldt.cst.functions.custom.test.internal.DefaultCustomPropertyFunctionTypeTest","testWriteRead"
"","52","testReadMultiSheetTypeSettingsNamed","","Thu Jul 09 23:34:56 UTC 2026","passed","Thu Jul 09 23:34:56 UTC 2026","","eu.esdihumboldt.hale.io.xls.test.reader.XLSReaderTest","eu.esdihumboldt.hale.io.xls.test.reader.XLSReaderTest","testReadMultiSheetTypeSettingsNamed"
"","34648","testReferenceWriting","","Thu Jul 09 23:31:02 UTC 2026","passed","Thu Jul 09 23:31:37 UTC 2026","","eu.esdihumboldt.hale.io.jdbc.postgresql.test.AutoGenKeyReferenceIT","eu.esdihumboldt.hale.io.jdbc.postgresql.test.AutoGenKeyReferenceIT","testReferenceWriting"
"","2696","testReadXsdInstances","","Thu Jul 09 23:33:40 UTC 2026","passed","Thu Jul 09 23:33:43 UTC 2026","","eu.esdihumboldt.hale.io.shp.ShapeInstanceReaderTest","eu.esdihumboldt.hale.io.shp.ShapeInstanceReaderTest","testReadXsdInstances"
"","126","testClassification1","","Thu Jul 09 23:26:12 UTC 2026","passed","Thu Jul 09 23:26:12 UTC 2026","","eu.esdihumboldt.cst.internal.ConceptualSchemaTransformerTest","eu.esdihumboldt.cst.internal.ConceptualSchemaTransformerTest","testClassification1"
"","3","testStringProperty","","Thu Jul 09 23:32:53 UTC 2026","passed","Thu Jul 09 23:32:53 UTC 2026","","eu.esdihumboldt.hale.io.json.test.JsonSchemaReaderTest","eu.esdihumboldt.hale.io.json.test.JsonSchemaReaderTest","testStringProperty"
"","64","testRun","","Thu Jul 09 23:30:13 UTC 2026","passed","Thu Jul 09 23:30:13 UTC 2026","","eu.esdihumboldt.hale.io.groovy.snippets.GroovySnippetsTest","eu.esdihumboldt.hale.io.groovy.snippets.GroovySnippetsTest","testRun"
"","102","testOverwriteFailsWhenFileCannotBeDeleted","","Thu Jul 09 23:28:34 UTC 2026","passed","Thu Jul 09 23:28:34 UTC 2026","","eu.esdihumboldt.hale.io.geopackage.GeopackageInstanceWriterTest","eu.esdihumboldt.hale.io.geopackage.GeopackageInstanceWriterTest","testOverwriteFailsWhenFileCannotBeDeleted"
"","5","testMultiType","","Thu Jul 09 23:32:53 UTC 2026","passed","Thu Jul 09 23:32:53 UTC 2026","","eu.esdihumboldt.hale.io.json.test.JsonSchemaReaderTest","eu.esdihumboldt.hale.io.json.test.JsonSchemaReaderTest","testMultiType"
"","0","testDefault","","Thu Jul 09 23:24:49 UTC 2026","passed","Thu Jul 09 23:24:49 UTC 2026","","eu.esdihumboldt.hale.common.schema.model.constraint.factory.type.SkipValidationFactoryTest","eu.esdihumboldt.hale.common.schema.model.constraint.factory.type.SkipValidationFactoryTest","testDefault"
"","4","testStringCompare","","Thu Jul 09 23:23:08 UTC 2026","passed","Thu Jul 09 23:23:08 UTC 2026","","eu.esdihumboldt.hale.common.filter.ECQLFilterTest","eu.esdihumboldt.hale.common.filter.ECQLFilterTest","testStringCompare"
"","3742","testLoadImgeo_Scheiding","","Thu Jul 09 23:28:42 UTC 2026","passed","Thu Jul 09 23:28:46 UTC 2026","","eu.esdihumboldt.hale.io.gml.reader.internal.GmlInstanceCollectionTest","eu.esdihumboldt.hale.io.gml.reader.internal.GmlInstanceCollectionTest","testLoadImgeo_Scheiding"
"","0","testLocales2","","Thu Jul 09 23:21:26 UTC 2026","skipped","Thu Jul 09 23:21:26 UTC 2026","","eu.esdihumboldt.hale.common.align.model.impl.mdexpl.MarkdownCellExplanationTest","eu.esdihumboldt.hale.common.align.model.impl.mdexpl.MarkdownCellExplanationTest","testLocales2"
"","1305","testShapefileInstanceFromNginxUrlWithoutFixFile","","Thu Jul 09 23:33:54 UTC 2026","passed","Thu Jul 09 23:33:55 UTC 2026","","eu.esdihumboldt.hale.io.shp.ShapeInstanceReaderTest","eu.esdihumboldt.hale.io.shp.ShapeInstanceReaderTest","testShapefileInstanceFromNginxUrlWithoutFixFile"
"","14","testEnabled","","Thu Jul 09 23:24:49 UTC 2026","passed","Thu Jul 09 23:24:49 UTC 2026","","eu.esdihumboldt.hale.common.schema.model.constraint.factory.type.SkipValidationFactoryTest","eu.esdihumboldt.hale.common.schema.model.constraint.factory.type.SkipValidationFactoryTest","testEnabled"
"","76","testWriteFeatures","","Thu Jul 09 23:28:34 UTC 2026","passed","Thu Jul 09 23:28:34 UTC 2026","","eu.esdihumboldt.hale.io.geopackage.GeopackageInstanceWriterTest","eu.esdihumboldt.hale.io.geopackage.GeopackageInstanceWriterTest","testWriteFeatures"
"","5","testByPoints1","","Thu Jul 09 23:35:48 UTC 2026","passed","Thu Jul 09 23:35:48 UTC 2026","","eu.esdihumboldt.util.geometry.interpolation.grid.GridInterpolationTest","eu.esdihumboldt.util.geometry.interpolation.grid.GridInterpolationTest","testByPoints1"
"","9","testReadMultiPoint","","Thu Jul 09 23:32:53 UTC 2026","passed","Thu Jul 09 23:32:53 UTC 2026","","eu.esdihumboldt.hale.io.json.test.JsonToInstanceTest","eu.esdihumboldt.hale.io.json.test.JsonToInstanceTest","testReadMultiPoint"
"","12376","testWriteSimpleSchemaDelimiter","","Thu Jul 09 23:27:48 UTC 2026","passed","Thu Jul 09 23:28:01 UTC 2026","","eu.esdihumboldt.hale.io.csv.writer.CSVInstanceWriterTest","eu.esdihumboldt.hale.io.csv.writer.CSVInstanceWriterTest","testWriteSimpleSchemaDelimiter"
"","43","testNestedObjects","","Thu Jul 09 23:36:03 UTC 2026","passed","Thu Jul 09 23:36:03 UTC 2026","","eu.esdihumboldt.util.groovy.json.JsonStreamBuilderTest","eu.esdihumboldt.util.groovy.json.JsonStreamBuilderTest","testNestedObjects"
"","53","testCustomClass","","Thu Jul 09 23:30:13 UTC 2026","passed","Thu Jul 09 23:30:13 UTC 2026","","eu.esdihumboldt.hale.io.groovy.snippets.GroovySnippetsTest","eu.esdihumboldt.hale.io.groovy.snippets.GroovySnippetsTest","testCustomClass"
"","12","testSKOSFromRDF4_language_en","","Thu Jul 09 23:27:36 UTC 2026","passed","Thu Jul 09 23:27:36 UTC 2026","","eu.esdihumboldt.hale.io.codelist.skos.test.SkosCodeListTest","eu.esdihumboldt.hale.io.codelist.skos.test.SkosCodeListTest","testSKOSFromRDF4_language_en"
"","2","testLikeNoSchema","","Thu Jul 09 23:23:09 UTC 2026","passed","Thu Jul 09 23:23:09 UTC 2026","","eu.esdihumboldt.hale.common.filter.ECQLFilterTest","eu.esdihumboldt.hale.common.filter.ECQLFilterTest","testLikeNoSchema"
"","0","testDirect","","Thu Jul 09 23:29:55 UTC 2026","skipped","Thu Jul 09 23:29:55 UTC 2026","","eu.esdihumboldt.hale.io.gml.writer.internal.geometry.writers.PatternTest","eu.esdihumboldt.hale.io.gml.writer.internal.geometry.writers.PatternTest","testDirect"
"","82","testPreparedQuery","","Thu Jul 09 23:36:28 UTC 2026","passed","Thu Jul 09 23:36:28 UTC 2026","","eu.esdihumboldt.util.orient.embedded.MemoryDocumentTest","eu.esdihumboldt.util.orient.embedded.MemoryDocumentTest","testPreparedQuery"
"","866","testSkipFeatureCollection","","Thu Jul 09 23:32:51 UTC 2026","passed","Thu Jul 09 23:32:52 UTC 2026","","eu.esdihumboldt.hale.io.json.test.JsonInstanceCollectionTest","eu.esdihumboldt.hale.io.json.test.JsonInstanceCollectionTest","testSkipFeatureCollection"
"","7","testDoubleObject2","","Thu Jul 09 23:36:04 UTC 2026","passed","Thu Jul 09 23:36:04 UTC 2026","","eu.esdihumboldt.util.groovy.json.JsonStreamBuilderTest","eu.esdihumboldt.util.groovy.json.JsonStreamBuilderTest","testDoubleObject2"
"","1541","testLoadFile","","Thu Jul 09 23:28:10 UTC 2026","passed","Thu Jul 09 23:28:12 UTC 2026","","eu.esdihumboldt.hale.io.geopackage.GeopackageApiTest","eu.esdihumboldt.hale.io.geopackage.GeopackageApiTest","testLoadFile"
"","123","testRetypeConditionRenameTypeInherited","","Thu Jul 09 23:22:13 UTC 2026","passed","Thu Jul 09 23:22:13 UTC 2026","","eu.esdihumboldt.hale.common.align.merge.test.impl.JoinRetainConditionsTest","eu.esdihumboldt.hale.common.align.merge.test.impl.JoinRetainConditionsTest","testRetypeConditionRenameTypeInherited"
"","3494","testTypedFilterForHydro","","Thu Jul 09 23:20:36 UTC 2026","passed","Thu Jul 09 23:20:40 UTC 2026","","eu.esdihumboldt.hale.app.transform.test.ExecuteTest","eu.esdihumboldt.hale.app.transform.test.ExecuteTest","testTypedFilterForHydro"
"","1","testString","","Thu Jul 09 23:24:49 UTC 2026","passed","Thu Jul 09 23:24:49 UTC 2026","","eu.esdihumboldt.hale.common.schema.model.constraint.factory.type.BindingFactoryTest","eu.esdihumboldt.hale.common.schema.model.constraint.factory.type.BindingFactoryTest","testString"
"","6485","testNumbers","","Thu Jul 09 23:29:43 UTC 2026","passed","Thu Jul 09 23:29:49 UTC 2026","","eu.esdihumboldt.hale.io.gml.writer.internal.StreamGmlWriter2Test","eu.esdihumboldt.hale.io.gml.writer.internal.StreamGmlWriter2Test","testNumbers"
"","4","testBefore","","Thu Jul 09 23:23:09 UTC 2026","passed","Thu Jul 09 23:23:09 UTC 2026","","eu.esdihumboldt.hale.common.filter.ECQLFilterTest","eu.esdihumboldt.hale.common.filter.ECQLFilterTest","testBefore"
"","72","testWriteMultiSchemasWithMultiGeom","","Thu Jul 09 23:34:01 UTC 2026","passed","Thu Jul 09 23:34:01 UTC 2026","","eu.esdihumboldt.hale.io.shp.ShapefileInstanceWriterTest","eu.esdihumboldt.hale.io.shp.ShapefileInstanceWriterTest","testWriteMultiSchemasWithMultiGeom"
"","2","testNested","","Thu Jul 09 23:35:39 UTC 2026","passed","Thu Jul 09 23:35:39 UTC 2026","","eu.esdihumboldt.util.config.ConfigMergerTest","eu.esdihumboldt.util.config.ConfigMergerTest","testNested"
"","1","testRead3","","Thu Jul 09 23:27:48 UTC 2026","passed","Thu Jul 09 23:27:48 UTC 2026","","eu.esdihumboldt.hale.io.csv.CSVSchemaReaderTest","eu.esdihumboldt.hale.io.csv.CSVSchemaReaderTest","testRead3"
"","141","testMethodCallWithNamedArguments","","Thu Jul 09 23:36:03 UTC 2026","passed","Thu Jul 09 23:36:03 UTC 2026","","eu.esdihumboldt.util.groovy.json.JsonStreamBuilderTest","eu.esdihumboldt.util.groovy.json.JsonStreamBuilderTest","testMethodCallWithNamedArguments"
"","17","testDefault","","Thu Jul 09 23:24:48 UTC 2026","passed","Thu Jul 09 23:24:48 UTC 2026","","eu.esdihumboldt.hale.common.schema.model.constraint.factory.property.ChoiceFlagFactoryTest","eu.esdihumboldt.hale.common.schema.model.constraint.factory.property.ChoiceFlagFactoryTest","testDefault"
"","7","testReadBlankCells","","Thu Jul 09 23:34:56 UTC 2026","passed","Thu Jul 09 23:34:56 UTC 2026","","eu.esdihumboldt.hale.io.xls.test.reader.XLSReaderTest","eu.esdihumboldt.hale.io.xls.test.reader.XLSReaderTest","testReadBlankCells"
"","10","testReadFeatureCollection","","Thu Jul 09 23:32:53 UTC 2026","passed","Thu Jul 09 23:32:53 UTC 2026","","eu.esdihumboldt.hale.io.json.test.JsonInstanceCollectionTest","eu.esdihumboldt.hale.io.json.test.JsonInstanceCollectionTest","testReadFeatureCollection"
"","8069","testAccessNullProperties","","Thu Jul 09 23:23:45 UTC 2026","passed","Thu Jul 09 23:23:53 UTC 2026","","eu.esdihumboldt.hale.common.instance.groovy.InstanceAccessorTest","eu.esdihumboldt.hale.common.instance.groovy.InstanceAccessorTest","testAccessNullProperties"
"","1","testSame","","Thu Jul 09 23:22:39 UTC 2026","passed","Thu Jul 09 23:22:39 UTC 2026","","eu.esdihumboldt.hale.common.core.io.PathUpdateTest","eu.esdihumboldt.hale.common.core.io.PathUpdateTest","testSame"
"","10","testDoubleConsume","","Thu Jul 09 23:22:52 UTC 2026","passed","Thu Jul 09 23:22:52 UTC 2026","","eu.esdihumboldt.hale.common.core.io.supplier.LookupStreamResourceTest","eu.esdihumboldt.hale.common.core.io.supplier.LookupStreamResourceTest","testDoubleConsume"
"","9","testGeoBboxList","","Thu Jul 09 23:23:08 UTC 2026","passed","Thu Jul 09 23:23:08 UTC 2026","","eu.esdihumboldt.hale.common.filter.CQLFilterTest","eu.esdihumboldt.hale.common.filter.CQLFilterTest","testGeoBboxList"
"","2","testGetVersion","","Thu Jul 09 23:22:39 UTC 2026","skipped","Thu Jul 09 23:22:39 UTC 2026","","eu.esdihumboldt.hale.common.core.HalePlatformTest","eu.esdihumboldt.hale.common.core.HalePlatformTest","testGetVersion"
"","42","testRead","","Thu Jul 09 23:22:51 UTC 2026","passed","Thu Jul 09 23:22:51 UTC 2026","","eu.esdihumboldt.hale.common.core.io.impl.ValueListTypeTest","eu.esdihumboldt.hale.common.core.io.impl.ValueListTypeTest","testRead"
"","68","testTriangle","","Thu Jul 09 23:26:50 UTC 2026","passed","Thu Jul 09 23:26:50 UTC 2026","","eu.esdihumboldt.cst.functions.geometric.test.InteriorPointTest","eu.esdihumboldt.cst.functions.geometric.test.InteriorPointTest","testTriangle"
"","0","testCMUnion6","","Thu Jul 09 23:26:13 UTC 2026","skipped","Thu Jul 09 23:26:13 UTC 2026","","eu.esdihumboldt.cst.internal.ConceptualSchemaTransformerTest","eu.esdihumboldt.cst.internal.ConceptualSchemaTransformerTest","testCMUnion6"
"","5","test90Deegrees","","Thu Jul 09 23:35:48 UTC 2026","passed","Thu Jul 09 23:35:48 UTC 2026","","eu.esdihumboldt.util.geometry.interpolation.grid.GridInterpolationTest","eu.esdihumboldt.util.geometry.interpolation.grid.GridInterpolationTest","test90Deegrees"
"","7","testReadFirstArray","","Thu Jul 09 23:32:52 UTC 2026","passed","Thu Jul 09 23:32:52 UTC 2026","","eu.esdihumboldt.hale.io.json.test.JsonInstanceCollectionTest","eu.esdihumboldt.hale.io.json.test.JsonInstanceCollectionTest","testReadFirstArray"
"","1","testLargeArc","","Thu Jul 09 23:35:48 UTC 2026","passed","Thu Jul 09 23:35:48 UTC 2026","","eu.esdihumboldt.util.geometry.interpolation.model.impl.ArcByPointsImplTest","eu.esdihumboldt.util.geometry.interpolation.model.impl.ArcByPointsImplTest","testLargeArc"
"","45","testWriteVersion3","","Thu Jul 09 23:32:32 UTC 2026","passed","Thu Jul 09 23:32:32 UTC 2026","","eu.esdihumboldt.hale.io.jdbc.spatialite.writer.internal.SpatiaLiteInstanceWriterTest","eu.esdihumboldt.hale.io.jdbc.spatialite.writer.internal.SpatiaLiteInstanceWriterTest","testWriteVersion3"
"","8","testReadBoolean","","Thu Jul 09 23:32:53 UTC 2026","passed","Thu Jul 09 23:32:53 UTC 2026","","eu.esdihumboldt.hale.io.json.test.JsonToInstanceTest","eu.esdihumboldt.hale.io.json.test.JsonToInstanceTest","testReadBoolean"
"","192","mergeRenameFormattedString","","Thu Jul 09 23:27:30 UTC 2026","passed","Thu Jul 09 23:27:30 UTC 2026","","eu.esdihumboldt.hale.adv.merge.test.AdVMeasurementMergeTest","eu.esdihumboldt.hale.adv.merge.test.AdVMeasurementMergeTest","mergeRenameFormattedString"
"","1","testMerge5","","Thu Jul 09 23:22:52 UTC 2026","passed","Thu Jul 09 23:22:52 UTC 2026","","eu.esdihumboldt.hale.common.core.report.util.StatsMergeTest","eu.esdihumboldt.hale.common.core.report.util.StatsMergeTest","testMerge5"
"","5407","testLoadFilterNoDuplicates","","Thu Jul 09 23:28:47 UTC 2026","passed","Thu Jul 09 23:28:52 UTC 2026","","eu.esdihumboldt.hale.io.gml.reader.internal.GmlInstanceCollectionTest","eu.esdihumboldt.hale.io.gml.reader.internal.GmlInstanceCollectionTest","testLoadFilterNoDuplicates"
"","0","testIterate2","","Thu Jul 09 23:23:23 UTC 2026","passed","Thu Jul 09 23:23:23 UTC 2026","","eu.esdihumboldt.hale.common.instance.tools.impl.SimplePartitionerTest","eu.esdihumboldt.hale.common.instance.tools.impl.SimplePartitionerTest","testIterate2"
"","3","testPath2","","Thu Jul 09 23:24:49 UTC 2026","passed","Thu Jul 09 23:24:49 UTC 2026","","eu.esdihumboldt.hale.common.schema.model.constraint.factory.type.PrimaryKeyFactoryTest","eu.esdihumboldt.hale.common.schema.model.constraint.factory.type.PrimaryKeyFactoryTest","testPath2"
"","170","testPropertyJoinIntFloat","","Thu Jul 09 23:26:03 UTC 2026","passed","Thu Jul 09 23:26:03 UTC 2026","","eu.esdihumboldt.cst.internal.ConceptualSchemaTransformerTest","eu.esdihumboldt.cst.internal.ConceptualSchemaTransformerTest","testPropertyJoinIntFloat"
"","22","testReadSchema","","Thu Jul 09 23:28:34 UTC 2026","passed","Thu Jul 09 23:28:34 UTC 2026","","eu.esdihumboldt.hale.io.geopackage.GeopackageSchemaReaderTest","eu.esdihumboldt.hale.io.geopackage.GeopackageSchemaReaderTest","testReadSchema"
"","4","testLikeList","","Thu Jul 09 23:23:09 UTC 2026","passed","Thu Jul 09 23:23:09 UTC 2026","","eu.esdihumboldt.hale.common.filter.ECQLFilterTest","eu.esdihumboldt.hale.common.filter.ECQLFilterTest","testLikeList"
"","27","testJsonBuilderSameNameFail","","Thu Jul 09 23:36:03 UTC 2026","passed","Thu Jul 09 23:36:03 UTC 2026","","eu.esdihumboldt.util.groovy.json.JsonStreamBuilderTest","eu.esdihumboldt.util.groovy.json.JsonStreamBuilderTest","testJsonBuilderSameNameFail"
"","2","testRootArrayObjectsFail","","Thu Jul 09 23:36:03 UTC 2026","passed","Thu Jul 09 23:36:03 UTC 2026","","eu.esdihumboldt.util.groovy.json.JsonStreamBuilderTest","eu.esdihumboldt.util.groovy.json.JsonStreamBuilderTest","testRootArrayObjectsFail"
"","59","testReadMultiSheetTypeSkipSettings","","Thu Jul 09 23:34:56 UTC 2026","passed","Thu Jul 09 23:34:56 UTC 2026","","eu.esdihumboldt.hale.io.xls.test.reader.XLSReaderTest","eu.esdihumboldt.hale.io.xls.test.reader.XLSReaderTest","testReadMultiSheetTypeSkipSettings"
"","22","testOverrideBindung","","Thu Jul 09 23:30:13 UTC 2026","passed","Thu Jul 09 23:30:13 UTC 2026","","eu.esdihumboldt.hale.io.groovy.snippets.GroovySnippetsTest","eu.esdihumboldt.hale.io.groovy.snippets.GroovySnippetsTest","testOverrideBindung"
"","97","testBuilder","","Thu Jul 09 23:35:50 UTC 2026","passed","Thu Jul 09 23:35:50 UTC 2026","","eu.esdihumboldt.util.geometry.quadtree.QuadtreeTest","eu.esdihumboldt.util.geometry.quadtree.QuadtreeTest","testBuilder"
"","32","notAllowedClassesDisallowed","","Thu Jul 09 23:36:21 UTC 2026","passed","Thu Jul 09 23:36:21 UTC 2026","","eu.esdihumboldt.util.groovy.sandbox.test.internal.GroovySandboxTest","eu.esdihumboldt.util.groovy.sandbox.test.internal.GroovySandboxTest","notAllowedClassesDisallowed"
"","36","testEmpty","","Thu Jul 09 23:24:49 UTC 2026","passed","Thu Jul 09 23:24:49 UTC 2026","","eu.esdihumboldt.hale.common.schema.model.constraint.factory.type.ValidationConstraintFactoryTest","eu.esdihumboldt.hale.common.schema.model.constraint.factory.type.ValidationConstraintFactoryTest","testEmpty"
"","9","testUnifyCCWWithHoles","","Thu Jul 09 23:35:47 UTC 2026","passed","Thu Jul 09 23:35:47 UTC 2026","","eu.esdihumboldt.util.geometry.WindingOrderTest","eu.esdihumboldt.util.geometry.WindingOrderTest","testUnifyCCWWithHoles"
"","0","testExistsSchema","","Thu Jul 09 23:23:08 UTC 2026","skipped","Thu Jul 09 23:23:08 UTC 2026","","eu.esdihumboldt.hale.common.filter.CQLFilterTest","eu.esdihumboldt.hale.common.filter.CQLFilterTest","testExistsSchema"
"","393","testGeometryAggregate_32_LineString","","Thu Jul 09 23:29:52 UTC 2026","passed","Thu Jul 09 23:29:52 UTC 2026","","eu.esdihumboldt.hale.io.gml.writer.internal.StreamGmlWriterTest","eu.esdihumboldt.hale.io.gml.writer.internal.StreamGmlWriterTest","testGeometryAggregate_32_LineString"
"","5","testPointGeometry","","Thu Jul 09 23:32:53 UTC 2026","passed","Thu Jul 09 23:32:53 UTC 2026","","eu.esdihumboldt.hale.io.json.test.JsonSchemaReaderTest","eu.esdihumboldt.hale.io.json.test.JsonSchemaReaderTest","testPointGeometry"
"","235","testPropertyJoinNonMatchingTypes","","Thu Jul 09 23:26:02 UTC 2026","passed","Thu Jul 09 23:26:02 UTC 2026","","eu.esdihumboldt.cst.internal.ConceptualSchemaTransformerTest","eu.esdihumboldt.cst.internal.ConceptualSchemaTransformerTest","testPropertyJoinNonMatchingTypes"
"","3379","testArgsFileForHydro","","Thu Jul 09 23:20:52 UTC 2026","passed","Thu Jul 09 23:20:56 UTC 2026","","eu.esdihumboldt.hale.app.transform.test.ExecuteTest","eu.esdihumboldt.hale.app.transform.test.ExecuteTest","testArgsFileForHydro"
"","111","testMergeComplexPropKey","","Thu Jul 09 23:26:11 UTC 2026","passed","Thu Jul 09 23:26:11 UTC 2026","","eu.esdihumboldt.cst.internal.ConceptualSchemaTransformerTest","eu.esdihumboldt.cst.internal.ConceptualSchemaTransformerTest","testMergeComplexPropKey"
"","0","testProjectSubfolder","","Thu Jul 09 23:22:39 UTC 2026","passed","Thu Jul 09 23:22:39 UTC 2026","","eu.esdihumboldt.hale.common.core.io.PathUpdateTest","eu.esdihumboldt.hale.common.core.io.PathUpdateTest","testProjectSubfolder"
"","5","testDefaultPropertyTypes","","Thu Jul 09 23:25:05 UTC 2026","passed","Thu Jul 09 23:25:05 UTC 2026","","eu.esdihumboldt.hale.common.schema.groovy.SchemaBuilderTest","eu.esdihumboldt.hale.common.schema.groovy.SchemaBuilderTest","testDefaultPropertyTypes"
"","3","testNumberBetween","","Thu Jul 09 23:23:09 UTC 2026","passed","Thu Jul 09 23:23:09 UTC 2026","","eu.esdihumboldt.hale.common.filter.ECQLFilterTest","eu.esdihumboldt.hale.common.filter.ECQLFilterTest","testNumberBetween"
"","241","testWfsPaginationWithStartIndex","","Thu Jul 09 23:29:33 UTC 2026","passed","Thu Jul 09 23:29:33 UTC 2026","","eu.esdihumboldt.hale.io.gml.reader.internal.StreamGmlReaderTest","eu.esdihumboldt.hale.io.gml.reader.internal.StreamGmlReaderTest","testWfsPaginationWithStartIndex"
"","2","testNestedKey","","Thu Jul 09 23:35:40 UTC 2026","passed","Thu Jul 09 23:35:40 UTC 2026","","eu.esdihumboldt.util.config.ConfigTest","eu.esdihumboldt.util.config.ConfigTest","testNestedKey"
"","0","testPropertiesUnMix","","Thu Jul 09 23:25:59 UTC 2026","skipped","Thu Jul 09 23:25:59 UTC 2026","","eu.esdihumboldt.cst.internal.ConceptualSchemaTransformerTest","eu.esdihumboldt.cst.internal.ConceptualSchemaTransformerTest","testPropertiesUnMix"
"","3","testStraight","","Thu Jul 09 23:35:48 UTC 2026","passed","Thu Jul 09 23:35:48 UTC 2026","","eu.esdihumboldt.util.geometry.interpolation.model.impl.ArcByPointsImplTest","eu.esdihumboldt.util.geometry.interpolation.model.impl.ArcByPointsImplTest","testStraight"
"","11","testReadVersion4","","Thu Jul 09 23:32:32 UTC 2026","passed","Thu Jul 09 23:32:32 UTC 2026","","eu.esdihumboldt.hale.io.jdbc.spatialite.reader.internal.SpatiaLiteSchemaReaderTest","eu.esdihumboldt.hale.io.jdbc.spatialite.reader.internal.SpatiaLiteSchemaReaderTest","testReadVersion4"
"","91","testCMMulti2","","Thu Jul 09 23:26:12 UTC 2026","passed","Thu Jul 09 23:26:12 UTC 2026","","eu.esdihumboldt.cst.internal.ConceptualSchemaTransformerTest","eu.esdihumboldt.cst.internal.ConceptualSchemaTransformerTest","testCMMulti2"
"","13","testGString","","Thu Jul 09 23:27:11 UTC 2026","passed","Thu Jul 09 23:27:11 UTC 2026","","eu.esdihumboldt.cst.functions.groovy.helpers.util.CollectorTest","eu.esdihumboldt.cst.functions.groovy.helpers.util.CollectorTest","testGString"
"","1710","testRequestCache","","Thu Jul 09 23:22:17 UTC 2026","passed","Thu Jul 09 23:22:18 UTC 2026","","eu.esdihumboldt.hale.common.cache.RequestTest","eu.esdihumboldt.hale.common.cache.RequestTest","testRequestCache"
"","720","testWriteRead","","Thu Jul 09 23:25:21 UTC 2026","passed","Thu Jul 09 23:25:22 UTC 2026","","eu.esdihumboldt.hale.common.schema.persist.hsd.test.HaleSchemaWriterTest","eu.esdihumboldt.hale.common.schema.persist.hsd.test.HaleSchemaWriterTest","testWriteRead"
"","81","testWriteComplexSchema","","Thu Jul 09 23:28:01 UTC 2026","passed","Thu Jul 09 23:28:01 UTC 2026","","eu.esdihumboldt.hale.io.csv.writer.CSVInstanceWriterTest","eu.esdihumboldt.hale.io.csv.writer.CSVInstanceWriterTest","testWriteComplexSchema"
"","240","testComplexLookup","","Thu Jul 09 23:24:24 UTC 2026","passed","Thu Jul 09 23:24:24 UTC 2026","","eu.esdihumboldt.hale.common.lookup.internal.LookupTableTypeTest","eu.esdihumboldt.hale.common.lookup.internal.LookupTableTypeTest","testComplexLookup"
"","1","testSample1","","Thu Jul 09 23:35:48 UTC 2026","passed","Thu Jul 09 23:35:48 UTC 2026","","eu.esdihumboldt.util.geometry.interpolation.grid.GridUtilTest","eu.esdihumboldt.util.geometry.interpolation.grid.GridUtilTest","testSample1"
"","7","testList","","Thu Jul 09 23:27:11 UTC 2026","passed","Thu Jul 09 23:27:11 UTC 2026","","eu.esdihumboldt.cst.functions.groovy.helpers.util.CollectorTest","eu.esdihumboldt.cst.functions.groovy.helpers.util.CollectorTest","testList"
"","44","testEqualitySimple","","Thu Jul 09 23:23:08 UTC 2026","passed","Thu Jul 09 23:23:08 UTC 2026","","eu.esdihumboldt.hale.common.filter.ECQLFilterTest","eu.esdihumboldt.hale.common.filter.ECQLFilterTest","testEqualitySimple"
"","385","testReadJsonArray","","Thu Jul 09 23:32:52 UTC 2026","passed","Thu Jul 09 23:32:52 UTC 2026","","eu.esdihumboldt.hale.io.json.test.JsonInstanceCollectionTest","eu.esdihumboldt.hale.io.json.test.JsonInstanceCollectionTest","testReadJsonArray"
"","16","testSimpleSchemaNames","","Thu Jul 09 23:25:05 UTC 2026","passed","Thu Jul 09 23:25:05 UTC 2026","","eu.esdihumboldt.hale.common.schema.groovy.SchemaBuilderTest","eu.esdihumboldt.hale.common.schema.groovy.SchemaBuilderTest","testSimpleSchemaNames"
"","7149","testGroovyContextFilterForHydro","","Thu Jul 09 23:19:56 UTC 2026","passed","Thu Jul 09 23:20:03 UTC 2026","","eu.esdihumboldt.hale.app.transform.test.ExecuteTest","eu.esdihumboldt.hale.app.transform.test.ExecuteTest","testGroovyContextFilterForHydro"
"","64","testWriteSimpleSchemaWithByteArrayOutputStream","","Thu Jul 09 23:28:01 UTC 2026","passed","Thu Jul 09 23:28:01 UTC 2026","","eu.esdihumboldt.hale.io.csv.writer.CSVInstanceWriterTest","eu.esdihumboldt.hale.io.csv.writer.CSVInstanceWriterTest","testWriteSimpleSchemaWithByteArrayOutputStream"
"","1","testObject","","Thu Jul 09 23:24:49 UTC 2026","passed","Thu Jul 09 23:24:49 UTC 2026","","eu.esdihumboldt.hale.common.schema.model.constraint.factory.type.BindingFactoryTest","eu.esdihumboldt.hale.common.schema.model.constraint.factory.type.BindingFactoryTest","testObject"
"","22","testRead_shiporder_one","","Thu Jul 09 23:35:16 UTC 2026","passed","Thu Jul 09 23:35:16 UTC 2026","","eu.esdihumboldt.hale.io.xsd.reader.XmlSchemaReaderTest","eu.esdihumboldt.hale.io.xsd.reader.XmlSchemaReaderTest","testRead_shiporder_one"
"","1","testOrderClockwise","","Thu Jul 09 23:35:47 UTC 2026","passed","Thu Jul 09 23:35:47 UTC 2026","","eu.esdihumboldt.util.geometry.WindingOrderTest","eu.esdihumboldt.util.geometry.WindingOrderTest","testOrderClockwise"
"","0","testDuringList","","Thu Jul 09 23:23:08 UTC 2026","skipped","Thu Jul 09 23:23:08 UTC 2026","","eu.esdihumboldt.hale.common.filter.ECQLFilterTest","eu.esdihumboldt.hale.common.filter.ECQLFilterTest","testDuringList"
"","9","testSimpleSingleStrictFail","","Thu Jul 09 23:21:42 UTC 2026","passed","Thu Jul 09 23:21:42 UTC 2026","","eu.esdihumboldt.hale.common.align.groovy.accessor.EntityAccessorTest","eu.esdihumboldt.hale.common.align.groovy.accessor.EntityAccessorTest","testSimpleSingleStrictFail"
"","582","testWriteFeaturesTargetCRS","","Thu Jul 09 23:33:57 UTC 2026","passed","Thu Jul 09 23:33:58 UTC 2026","","eu.esdihumboldt.hale.io.shp.ShapefileInstanceWriterTest","eu.esdihumboldt.hale.io.shp.ShapefileInstanceWriterTest","testWriteFeaturesTargetCRS"
"","18","testInvalidKey1","","Thu Jul 09 23:35:39 UTC 2026","passed","Thu Jul 09 23:35:40 UTC 2026","","eu.esdihumboldt.util.config.ConfigTest","eu.esdihumboldt.util.config.ConfigTest","testInvalidKey1"
"","3","testCircle2","","Thu Jul 09 23:35:48 UTC 2026","passed","Thu Jul 09 23:35:48 UTC 2026","","eu.esdihumboldt.util.geometry.interpolation.model.impl.ArcByCenterPointImplTest","eu.esdihumboldt.util.geometry.interpolation.model.impl.ArcByCenterPointImplTest","testCircle2"
"","139","testPropertyCondition2","","Thu Jul 09 23:26:13 UTC 2026","passed","Thu Jul 09 23:26:13 UTC 2026","","eu.esdihumboldt.cst.internal.ConceptualSchemaTransformerTest","eu.esdihumboldt.cst.internal.ConceptualSchemaTransformerTest","testPropertyCondition2"
"","27","testRead_definitive_chapter03","","Thu Jul 09 23:35:16 UTC 2026","passed","Thu Jul 09 23:35:16 UTC 2026","","eu.esdihumboldt.hale.io.xsd.reader.XmlSchemaReaderTest","eu.esdihumboldt.hale.io.xsd.reader.XmlSchemaReaderTest","testRead_definitive_chapter03"
"","0","testUnifyCCWSimple","","Thu Jul 09 23:35:47 UTC 2026","passed","Thu Jul 09 23:35:47 UTC 2026","","eu.esdihumboldt.util.geometry.WindingOrderTest","eu.esdihumboldt.util.geometry.WindingOrderTest","testUnifyCCWSimple"
"","0","testHasNext","","Thu Jul 09 23:36:27 UTC 2026","skipped","Thu Jul 09 23:36:27 UTC 2026","","eu.esdihumboldt.util.orient.embedded.BrowseClassIterateTest","eu.esdihumboldt.util.orient.embedded.BrowseClassIterateTest","testHasNext"
"","14645","testWriteTopoJson","","Thu Jul 09 23:34:06 UTC 2026","passed","Thu Jul 09 23:34:21 UTC 2026","","eu.esdihumboldt.hale.io.topojson.test.TopoJsonInstanceWriterTest","eu.esdihumboldt.hale.io.topojson.test.TopoJsonInstanceWriterTest","testWriteTopoJson"
"","379","testValueListValueListJson","","Thu Jul 09 23:22:51 UTC 2026","passed","Thu Jul 09 23:22:51 UTC 2026","","eu.esdihumboldt.hale.common.core.io.impl.ValueListTypeTest","eu.esdihumboldt.hale.common.core.io.impl.ValueListTypeTest","testValueListValueListJson"
"","28","testRead_shiporder_divided","","Thu Jul 09 23:35:16 UTC 2026","passed","Thu Jul 09 23:35:16 UTC 2026","","eu.esdihumboldt.hale.io.xsd.reader.XmlSchemaReaderTest","eu.esdihumboldt.hale.io.xsd.reader.XmlSchemaReaderTest","testRead_shiporder_divided"
"","1","testInstanceReader","","Thu Jul 09 23:30:55 UTC 2026","skipped","Thu Jul 09 23:30:55 UTC 2026","","eu.esdihumboldt.hale.io.jdbc.mssql.test.MsSQLServer14Test","eu.esdihumboldt.hale.io.jdbc.mssql.test.MsSQLServer14Test","testInstanceReader"
"","134","testSimpleAttribute","","Thu Jul 09 23:26:11 UTC 2026","passed","Thu Jul 09 23:26:11 UTC 2026","","eu.esdihumboldt.cst.internal.ConceptualSchemaTransformerTest","eu.esdihumboldt.cst.internal.ConceptualSchemaTransformerTest","testSimpleAttribute"
"","4","testEqualityListNoSchema","","Thu Jul 09 23:23:08 UTC 2026","passed","Thu Jul 09 23:23:08 UTC 2026","","eu.esdihumboldt.hale.common.filter.ECQLFilterTest","eu.esdihumboldt.hale.common.filter.ECQLFilterTest","testEqualityListNoSchema"
"","218","testReadMultipleValues","","Thu Jul 09 23:34:55 UTC 2026","passed","Thu Jul 09 23:34:56 UTC 2026","","eu.esdihumboldt.hale.io.xls.test.reader.XLSReaderTest","eu.esdihumboldt.hale.io.xls.test.reader.XLSReaderTest","testReadMultipleValues"
"","3","testGetReferencesNested","","Thu Jul 09 23:23:08 UTC 2026","passed","Thu Jul 09 23:23:08 UTC 2026","","eu.esdihumboldt.hale.common.filter.ECQLFilterTest","eu.esdihumboldt.hale.common.filter.ECQLFilterTest","testGetReferencesNested"
"","3","testRootArrayEmpty","","Thu Jul 09 23:36:03 UTC 2026","passed","Thu Jul 09 23:36:03 UTC 2026","","eu.esdihumboldt.util.groovy.json.JsonStreamBuilderTest","eu.esdihumboldt.util.groovy.json.JsonStreamBuilderTest","testRootArrayEmpty"
"","1","testFindPolygons","","Thu Jul 09 23:26:50 UTC 2026","passed","Thu Jul 09 23:26:50 UTC 2026","","eu.esdihumboldt.cst.functions.geometric.test.GeometryHelperFunctionsTest","eu.esdihumboldt.cst.functions.geometric.test.GeometryHelperFunctionsTest","testFindPolygons"
"","182","testTypeFilter2","","Thu Jul 09 23:22:06 UTC 2026","passed","Thu Jul 09 23:22:06 UTC 2026","","eu.esdihumboldt.hale.common.align.merge.test.impl.DefaultMergeCellMigratorTest","eu.esdihumboldt.hale.common.align.merge.test.impl.DefaultMergeCellMigratorTest","testTypeFilter2"
"","1","simpleFilterTestCQL","","Thu Jul 09 23:23:11 UTC 2026","passed","Thu Jul 09 23:23:11 UTC 2026","","eu.esdihumboldt.hale.common.filter.FilterTest","eu.esdihumboldt.hale.common.filter.FilterTest","simpleFilterTestCQL"
"","25","testReadXsdInstancesTypenameAmbiguousLocalNameWithNamespace","","Thu Jul 09 23:33:55 UTC 2026","passed","Thu Jul 09 23:33:55 UTC 2026","","eu.esdihumboldt.hale.io.shp.ShapeInstanceReaderTest","eu.esdihumboldt.hale.io.shp.ShapeInstanceReaderTest","testReadXsdInstancesTypenameAmbiguousLocalNameWithNamespace"
"","7916","testDataTypes","","Thu Jul 09 23:32:04 UTC 2026","passed","Thu Jul 09 23:32:12 UTC 2026","","eu.esdihumboldt.hale.io.jdbc.postgresql.test.PostDataTypesIT","eu.esdihumboldt.hale.io.jdbc.postgresql.test.PostDataTypesIT","testDataTypes"
"","10","testReadSimpleChoice","","Thu Jul 09 23:32:53 UTC 2026","passed","Thu Jul 09 23:32:53 UTC 2026","","eu.esdihumboldt.hale.io.json.test.JsonToInstanceTest","eu.esdihumboldt.hale.io.json.test.JsonToInstanceTest","testReadSimpleChoice"
"","12","testFormatter[0]","","Thu Jul 09 23:35:43 UTC 2026","passed","Thu Jul 09 23:35:43 UTC 2026","","eu.esdihumboldt.util.geometry.DecimalFormatUtilTest","eu.esdihumboldt.util.geometry.DecimalFormatUtilTest","testFormatter[0]"
"","72","testWriteDocument","","Thu Jul 09 23:36:29 UTC 2026","passed","Thu Jul 09 23:36:29 UTC 2026","","eu.esdihumboldt.util.orient.embedded.MemoryDocumentTest","eu.esdihumboldt.util.orient.embedded.MemoryDocumentTest","testWriteDocument"
"","14","testReadNestedGeometryGeoJson","","Thu Jul 09 23:32:53 UTC 2026","passed","Thu Jul 09 23:32:53 UTC 2026","","eu.esdihumboldt.hale.io.json.test.JsonToInstanceTest","eu.esdihumboldt.hale.io.json.test.JsonToInstanceTest","testReadNestedGeometryGeoJson"
"","217","testRef","","Thu Jul 09 23:24:48 UTC 2026","passed","Thu Jul 09 23:24:49 UTC 2026","","eu.esdihumboldt.hale.common.schema.model.constraint.factory.property.ReferenceFactoryTest","eu.esdihumboldt.hale.common.schema.model.constraint.factory.property.ReferenceFactoryTest","testRef"
"","0","testGeoIntersect","","Thu Jul 09 23:23:08 UTC 2026","skipped","Thu Jul 09 23:23:08 UTC 2026","","eu.esdihumboldt.hale.common.filter.ECQLFilterTest","eu.esdihumboldt.hale.common.filter.ECQLFilterTest","testGeoIntersect"
"","0","testLocalING4479","","Thu Jul 09 23:20:56 UTC 2026","skipped","Thu Jul 09 23:20:56 UTC 2026","","eu.esdihumboldt.hale.app.transform.test.ExecuteTest","eu.esdihumboldt.hale.app.transform.test.ExecuteTest","testLocalING4479"
"","2","testElementHasListOfObjects","","Thu Jul 09 23:36:04 UTC 2026","passed","Thu Jul 09 23:36:04 UTC 2026","","eu.esdihumboldt.util.groovy.json.JsonStreamBuilderTest","eu.esdihumboldt.util.groovy.json.JsonStreamBuilderTest","testElementHasListOfObjects"
"","68","testDefaultSrs","","Thu Jul 09 23:29:34 UTC 2026","passed","Thu Jul 09 23:29:34 UTC 2026","","eu.esdihumboldt.hale.io.gml.reader.internal.StreamGmlReaderTest","eu.esdihumboldt.hale.io.gml.reader.internal.StreamGmlReaderTest","testDefaultSrs"
"","4727","testWriteRead","","Thu Jul 09 23:31:50 UTC 2026","passed","Thu Jul 09 23:31:55 UTC 2026","","eu.esdihumboldt.hale.io.jdbc.postgresql.test.MultiDimensionalArraysIT","eu.esdihumboldt.hale.io.jdbc.postgresql.test.MultiDimensionalArraysIT","testWriteRead"
"","6","testRootArrayObjects","","Thu Jul 09 23:36:04 UTC 2026","passed","Thu Jul 09 23:36:04 UTC 2026","","eu.esdihumboldt.util.groovy.json.JsonStreamBuilderTest","eu.esdihumboldt.util.groovy.json.JsonStreamBuilderTest","testRootArrayObjects"
"","2","testMultipleProperties","","Thu Jul 09 23:32:53 UTC 2026","passed","Thu Jul 09 23:32:53 UTC 2026","","eu.esdihumboldt.hale.io.json.test.JsonSchemaReaderTest","eu.esdihumboldt.hale.io.json.test.JsonSchemaReaderTest","testMultipleProperties"
"","90","testWriteMultiSchemasWithOneMissingGeom","","Thu Jul 09 23:33:58 UTC 2026","passed","Thu Jul 09 23:33:58 UTC 2026","","eu.esdihumboldt.hale.io.shp.ShapefileInstanceWriterTest","eu.esdihumboldt.hale.io.shp.ShapefileInstanceWriterTest","testWriteMultiSchemasWithOneMissingGeom"
"","145","testBaseAlignmentSaveLoad","","Thu Jul 09 23:21:13 UTC 2026","passed","Thu Jul 09 23:21:13 UTC 2026","","eu.esdihumboldt.hale.common.align.io.CastorAlignmentIOTest","eu.esdihumboldt.hale.common.align.io.CastorAlignmentIOTest","testBaseAlignmentSaveLoad"
"","3","testJsonBuilderConstructor","","Thu Jul 09 23:36:04 UTC 2026","passed","Thu Jul 09 23:36:04 UTC 2026","","eu.esdihumboldt.util.groovy.json.JsonStreamBuilderTest","eu.esdihumboldt.util.groovy.json.JsonStreamBuilderTest","testJsonBuilderConstructor"
"","9","testSize","","Thu Jul 09 23:23:23 UTC 2026","passed","Thu Jul 09 23:23:23 UTC 2026","","eu.esdihumboldt.hale.common.instance.tools.impl.SimplePartitionerTest","eu.esdihumboldt.hale.common.instance.tools.impl.SimplePartitionerTest","testSize"
"","0","testIterateRest","","Thu Jul 09 23:23:23 UTC 2026","passed","Thu Jul 09 23:23:23 UTC 2026","","eu.esdihumboldt.hale.common.instance.tools.impl.SimplePartitionerTest","eu.esdihumboldt.hale.common.instance.tools.impl.SimplePartitionerTest","testIterateRest"
"","3","testNullNotExistsSchema","","Thu Jul 09 23:23:09 UTC 2026","passed","Thu Jul 09 23:23:09 UTC 2026","","eu.esdihumboldt.hale.common.filter.ECQLFilterTest","eu.esdihumboldt.hale.common.filter.ECQLFilterTest","testNullNotExistsSchema"
"","141","testFilterSame5","","Thu Jul 09 23:22:05 UTC 2026","passed","Thu Jul 09 23:22:05 UTC 2026","","eu.esdihumboldt.hale.common.align.merge.test.impl.DefaultMergeCellMigratorTest","eu.esdihumboldt.hale.common.align.merge.test.impl.DefaultMergeCellMigratorTest","testFilterSame5"
"","9","testGeoCrosses","","Thu Jul 09 23:23:09 UTC 2026","passed","Thu Jul 09 23:23:09 UTC 2026","","eu.esdihumboldt.hale.common.filter.ECQLFilterTest","eu.esdihumboldt.hale.common.filter.ECQLFilterTest","testGeoCrosses"
"","225","testLarge","","Thu Jul 09 23:35:48 UTC 2026","passed","Thu Jul 09 23:35:48 UTC 2026","","eu.esdihumboldt.util.geometry.interpolation.split.SplitInterpolationTest","eu.esdihumboldt.util.geometry.interpolation.split.SplitInterpolationTest","testLarge"
"","3","testUsage","","Thu Jul 09 23:19:56 UTC 2026","passed","Thu Jul 09 23:19:56 UTC 2026","","eu.esdihumboldt.hale.app.transform.test.ExecuteTest","eu.esdihumboldt.hale.app.transform.test.ExecuteTest","testUsage"
"","1","testNoBinding","","Thu Jul 09 23:24:49 UTC 2026","passed","Thu Jul 09 23:24:49 UTC 2026","","eu.esdihumboldt.hale.common.schema.model.constraint.factory.type.ElementTypeFactoryTest","eu.esdihumboldt.hale.common.schema.model.constraint.factory.type.ElementTypeFactoryTest","testNoBinding"
"","11325","test","","Thu Jul 09 23:34:41 UTC 2026","passed","Thu Jul 09 23:34:52 UTC 2026","","eu.esdihumboldt.hale.io.xls.test.XLSInstanceIOTest","eu.esdihumboldt.hale.io.xls.test.XLSInstanceIOTest","test"
"","628","testGeometryPrimitive_32_CompositeCurve_LineString","","Thu Jul 09 23:29:38 UTC 2026","passed","Thu Jul 09 23:29:39 UTC 2026","","eu.esdihumboldt.hale.io.gml.writer.internal.StreamGmlWriter2Test","eu.esdihumboldt.hale.io.gml.writer.internal.StreamGmlWriter2Test","testGeometryPrimitive_32_CompositeCurve_LineString"
"","279","testWriteRead","","Thu Jul 09 23:25:22 UTC 2026","passed","Thu Jul 09 23:25:22 UTC 2026","","eu.esdihumboldt.hale.common.schema.persist.hsd.test.json.HaleSchemaWriterJsonTest","eu.esdihumboldt.hale.common.schema.persist.hsd.test.json.HaleSchemaWriterJsonTest","testWriteRead"
"","1045","testInspireCodespaceAutoAddNoOverride","","Thu Jul 09 23:29:39 UTC 2026","passed","Thu Jul 09 23:29:40 UTC 2026","","eu.esdihumboldt.hale.io.gml.writer.internal.StreamGmlWriter2Test","eu.esdihumboldt.hale.io.gml.writer.internal.StreamGmlWriter2Test","testInspireCodespaceAutoAddNoOverride"
"","38","testGeoJsonSimple_2","","Thu Jul 09 23:32:51 UTC 2026","passed","Thu Jul 09 23:32:51 UTC 2026","","eu.esdihumboldt.hale.io.json.test.InstanceToJsonTest","eu.esdihumboldt.hale.io.json.test.InstanceToJsonTest","testGeoJsonSimple_2"
"","5","testReadString","","Thu Jul 09 23:32:53 UTC 2026","passed","Thu Jul 09 23:32:53 UTC 2026","","eu.esdihumboldt.hale.io.json.test.JsonToInstanceTest","eu.esdihumboldt.hale.io.json.test.JsonToInstanceTest","testReadString"
"","14","testSKOSFromRDF5_language_en","","Thu Jul 09 23:27:36 UTC 2026","passed","Thu Jul 09 23:27:36 UTC 2026","","eu.esdihumboldt.hale.io.codelist.skos.test.SkosCodeListTest","eu.esdihumboldt.hale.io.codelist.skos.test.SkosCodeListTest","testSKOSFromRDF5_language_en"
"","2","eu.esdihumboldt.util.blueprints.entities.test.VertexEntityTransformationTest","","Thu Jul 09 23:35:24 UTC 2026","skipped","Thu Jul 09 23:35:24 UTC 2026","","eu.esdihumboldt.util.blueprints.entities.test.VertexEntityTransformationTest","eu.esdihumboldt.util.blueprints.entities.test.VertexEntityTransformationTest","eu.esdihumboldt.util.blueprints.entities.test.VertexEntityTransformationTest"
"","26","testSinglePolyGeometryWithLongAlphanumericNamesWithMultipleInstancesWithMissingData","","Thu Jul 09 23:34:01 UTC 2026","passed","Thu Jul 09 23:34:01 UTC 2026","","eu.esdihumboldt.hale.io.shp.ShapefileInstanceWriterTest","eu.esdihumboldt.hale.io.shp.ShapefileInstanceWriterTest","testSinglePolyGeometryWithLongAlphanumericNamesWithMultipleInstancesWithMissingData"
"","14","testEnabled","","Thu Jul 09 23:24:49 UTC 2026","passed","Thu Jul 09 23:24:49 UTC 2026","","eu.esdihumboldt.hale.common.schema.model.constraint.factory.type.MappableFlagFactoryTest","eu.esdihumboldt.hale.common.schema.model.constraint.factory.type.MappableFlagFactoryTest","testEnabled"
"","6","testMerge2","","Thu Jul 09 23:22:52 UTC 2026","passed","Thu Jul 09 23:22:52 UTC 2026","","eu.esdihumboldt.hale.common.core.report.util.StatsMergeTest","eu.esdihumboldt.hale.common.core.report.util.StatsMergeTest","testMerge2"
"","199","testTypeFilter5Present","","Thu Jul 09 23:22:10 UTC 2026","passed","Thu Jul 09 23:22:10 UTC 2026","","eu.esdihumboldt.hale.common.align.merge.test.impl.DefaultMergeCellMigratorTest","eu.esdihumboldt.hale.common.align.merge.test.impl.DefaultMergeCellMigratorTest","testTypeFilter5Present"
"","2","testExportNullTargetValue","","Thu Jul 09 23:28:01 UTC 2026","passed","Thu Jul 09 23:28:01 UTC 2026","","eu.esdihumboldt.hale.io.csv.writer.CSVLookupWriterTest","eu.esdihumboldt.hale.io.csv.writer.CSVLookupWriterTest","testExportNullTargetValue"
"","72","testWriteFeaturesPrimaryKey","","Thu Jul 09 23:28:34 UTC 2026","passed","Thu Jul 09 23:28:34 UTC 2026","","eu.esdihumboldt.hale.io.geopackage.GeopackageInstanceWriterTest","eu.esdihumboldt.hale.io.geopackage.GeopackageInstanceWriterTest","testWriteFeaturesPrimaryKey"
"","3","testIntKeys","","Thu Jul 09 23:27:11 UTC 2026","passed","Thu Jul 09 23:27:11 UTC 2026","","eu.esdihumboldt.cst.functions.groovy.helpers.util.CollectorTest","eu.esdihumboldt.cst.functions.groovy.helpers.util.CollectorTest","testIntKeys"
"","673","testInspireCodespaceAutoAdd","","Thu Jul 09 23:29:40 UTC 2026","passed","Thu Jul 09 23:29:41 UTC 2026","","eu.esdihumboldt.hale.io.gml.writer.internal.StreamGmlWriter2Test","eu.esdihumboldt.hale.io.gml.writer.internal.StreamGmlWriter2Test","testInspireCodespaceAutoAdd"
"","13","testNestedDefaultProperties","","Thu Jul 09 23:25:05 UTC 2026","passed","Thu Jul 09 23:25:05 UTC 2026","","eu.esdihumboldt.hale.common.schema.groovy.SchemaBuilderTest","eu.esdihumboldt.hale.common.schema.groovy.SchemaBuilderTest","testNestedDefaultProperties"
"","10321","testSimpleAll","","Thu Jul 09 23:21:31 UTC 2026","passed","Thu Jul 09 23:21:41 UTC 2026","","eu.esdihumboldt.hale.common.align.groovy.accessor.EntityAccessorTest","eu.esdihumboldt.hale.common.align.groovy.accessor.EntityAccessorTest","testSimpleAll"
"","4339","testReproject","","Thu Jul 09 23:26:52 UTC 2026","passed","Thu Jul 09 23:26:56 UTC 2026","","eu.esdihumboldt.cst.functions.geometric.test.reprojectgeometry.ReprojectGeometryTest","eu.esdihumboldt.cst.functions.geometric.test.reprojectgeometry.ReprojectGeometryTest","testReproject"
"","3","testReadWithPointDecimal","","Thu Jul 09 23:27:48 UTC 2026","passed","Thu Jul 09 23:27:48 UTC 2026","","eu.esdihumboldt.hale.io.csv.CSVInstanceReaderTest","eu.esdihumboldt.hale.io.csv.CSVInstanceReaderTest","testReadWithPointDecimal"
"","97","testCardinalityRename","","Thu Jul 09 23:26:14 UTC 2026","passed","Thu Jul 09 23:26:14 UTC 2026","","eu.esdihumboldt.cst.internal.ConceptualSchemaTransformerTest","eu.esdihumboldt.cst.internal.ConceptualSchemaTransformerTest","testCardinalityRename"
"","2817","testEpsgCrsAxisOrder","","Thu Jul 09 23:23:17 UTC 2026","passed","Thu Jul 09 23:23:19 UTC 2026","","eu.esdihumboldt.hale.common.instance.geometry.CRSDefinitionUtilTest","eu.esdihumboldt.hale.common.instance.geometry.CRSDefinitionUtilTest","testEpsgCrsAxisOrder"
"","0","testDuringList","","Thu Jul 09 23:23:07 UTC 2026","skipped","Thu Jul 09 23:23:07 UTC 2026","","eu.esdihumboldt.hale.common.filter.CQLFilterTest","eu.esdihumboldt.hale.common.filter.CQLFilterTest","testDuringList"
"","10","testStringCompare","","Thu Jul 09 23:23:07 UTC 2026","passed","Thu Jul 09 23:23:07 UTC 2026","","eu.esdihumboldt.hale.common.filter.CQLFilterTest","eu.esdihumboldt.hale.common.filter.CQLFilterTest","testStringCompare"
"","208","testTypeFilter2Present","","Thu Jul 09 23:22:08 UTC 2026","passed","Thu Jul 09 23:22:08 UTC 2026","","eu.esdihumboldt.hale.common.align.merge.test.impl.DefaultMergeCellMigratorTest","eu.esdihumboldt.hale.common.align.merge.test.impl.DefaultMergeCellMigratorTest","testTypeFilter2Present"
"","4079","testEvaluateSuccess1","","Thu Jul 09 23:20:44 UTC 2026","passed","Thu Jul 09 23:20:48 UTC 2026","","eu.esdihumboldt.hale.app.transform.test.ExecuteTest","eu.esdihumboldt.hale.app.transform.test.ExecuteTest","testEvaluateSuccess1"
"","1","testSuccessSaveConfig","","Thu Jul 09 23:28:05 UTC 2026","skipped","Thu Jul 09 23:28:05 UTC 2026","","eu.esdihumboldt.hale.io.deegree.mapping.MappingWriterTest","eu.esdihumboldt.hale.io.deegree.mapping.MappingWriterTest","testSuccessSaveConfig"
"","3068","testFiltersForMultiType","","Thu Jul 09 23:20:56 UTC 2026","passed","Thu Jul 09 23:20:59 UTC 2026","","eu.esdihumboldt.hale.app.transform.test.ExecuteTest","eu.esdihumboldt.hale.app.transform.test.ExecuteTest","testFiltersForMultiType"
"","0","testIterateLess","","Thu Jul 09 23:23:23 UTC 2026","passed","Thu Jul 09 23:23:23 UTC 2026","","eu.esdihumboldt.hale.common.instance.tools.impl.SimplePartitionerTest","eu.esdihumboldt.hale.common.instance.tools.impl.SimplePartitionerTest","testIterateLess"
"","54","checkCyclicTypes","","Thu Jul 09 23:31:42 UTC 2026","passed","Thu Jul 09 23:31:42 UTC 2026","","eu.esdihumboldt.hale.io.jdbc.postgresql.test.CheckSortingForCyclicTypesTest","eu.esdihumboldt.hale.io.jdbc.postgresql.test.CheckSortingForCyclicTypesTest","checkCyclicTypes"
"","5","testReadModeDefault","","Thu Jul 09 23:32:53 UTC 2026","passed","Thu Jul 09 23:32:53 UTC 2026","","eu.esdihumboldt.hale.io.json.test.JsonInstanceReaderTest","eu.esdihumboldt.hale.io.json.test.JsonInstanceReaderTest","testReadModeDefault"
"","0","testHttpAbsoluteOtherJar","","Thu Jul 09 23:35:14 UTC 2026","passed","Thu Jul 09 23:35:14 UTC 2026","","eu.esdihumboldt.hale.io.xsd.reader.HumboldtURIResolverTest","eu.esdihumboldt.hale.io.xsd.reader.HumboldtURIResolverTest","testHttpAbsoluteOtherJar"
"","8859","testDimensionRule","","Thu Jul 09 23:33:07 UTC 2026","passed","Thu Jul 09 23:33:16 UTC 2026","","eu.esdihumboldt.hale.io.schematron.SchematronInstanceValidatorTest","eu.esdihumboldt.hale.io.schematron.SchematronInstanceValidatorTest","testDimensionRule"
"","113","mergeRenameFormattedString","","Thu Jul 09 23:22:10 UTC 2026","passed","Thu Jul 09 23:22:10 UTC 2026","","eu.esdihumboldt.hale.common.align.merge.test.impl.FormattedStringMergeTest","eu.esdihumboldt.hale.common.align.merge.test.impl.FormattedStringMergeTest","mergeRenameFormattedString"
"","371","testGeometryAggregate_32_MultiPoint","","Thu Jul 09 23:29:55 UTC 2026","passed","Thu Jul 09 23:29:55 UTC 2026","","eu.esdihumboldt.hale.io.gml.writer.internal.StreamGmlWriterTest","eu.esdihumboldt.hale.io.gml.writer.internal.StreamGmlWriterTest","testGeometryAggregate_32_MultiPoint"
"","184","testPreparedQuery","","Thu Jul 09 23:36:28 UTC 2026","passed","Thu Jul 09 23:36:28 UTC 2026","","eu.esdihumboldt.util.orient.embedded.LocalDocumentTest","eu.esdihumboldt.util.orient.embedded.LocalDocumentTest","testPreparedQuery"
"","0","testUnifyGeometryCollection","","Thu Jul 09 23:35:47 UTC 2026","passed","Thu Jul 09 23:35:47 UTC 2026","","eu.esdihumboldt.util.geometry.WindingOrderTest","eu.esdihumboldt.util.geometry.WindingOrderTest","testUnifyGeometryCollection"
"","240","mergeJoinsWithJoin_sample_hydro","","Thu Jul 09 23:22:12 UTC 2026","passed","Thu Jul 09 23:22:12 UTC 2026","","eu.esdihumboldt.hale.common.align.merge.test.impl.JoinMergeTest","eu.esdihumboldt.hale.common.align.merge.test.impl.JoinMergeTest","mergeJoinsWithJoin_sample_hydro"
"","0","testOrderHolesCCW","","Thu Jul 09 23:35:47 UTC 2026","passed","Thu Jul 09 23:35:47 UTC 2026","","eu.esdihumboldt.util.geometry.WindingOrderTest","eu.esdihumboldt.util.geometry.WindingOrderTest","testOrderHolesCCW"
"","89","testRTreeSpatialIndexCreation","","Thu Jul 09 23:28:34 UTC 2026","passed","Thu Jul 09 23:28:34 UTC 2026","","eu.esdihumboldt.hale.io.geopackage.GeopackageInstanceWriterTest","eu.esdihumboldt.hale.io.geopackage.GeopackageInstanceWriterTest","testRTreeSpatialIndexCreation"
"","39","testWriteSimpleSchemaColOrder","","Thu Jul 09 23:34:58 UTC 2026","passed","Thu Jul 09 23:34:58 UTC 2026","","eu.esdihumboldt.hale.io.xls.test.writer.XLSInstanceWriterTest","eu.esdihumboldt.hale.io.xls.test.writer.XLSInstanceWriterTest","testWriteSimpleSchemaColOrder"
"","56","testReadMultiSheetTypeSettingsIndex","","Thu Jul 09 23:34:56 UTC 2026","passed","Thu Jul 09 23:34:56 UTC 2026","","eu.esdihumboldt.hale.io.xls.test.reader.XLSReaderTest","eu.esdihumboldt.hale.io.xls.test.reader.XLSReaderTest","testReadMultiSheetTypeSettingsIndex"
"","5","testNestedListMap","","Thu Jul 09 23:36:04 UTC 2026","passed","Thu Jul 09 23:36:04 UTC 2026","","eu.esdihumboldt.util.groovy.json.JsonStreamBuilderTest","eu.esdihumboldt.util.groovy.json.JsonStreamBuilderTest","testNestedListMap"
"","14","testEnabled","","Thu Jul 09 23:24:49 UTC 2026","passed","Thu Jul 09 23:24:49 UTC 2026","","eu.esdihumboldt.hale.common.schema.model.constraint.factory.type.HasValueFlagFactoryTest","eu.esdihumboldt.hale.common.schema.model.constraint.factory.type.HasValueFlagFactoryTest","testEnabled"
"","241","testWriteReadTypeSafeQName","","Thu Jul 09 23:36:04 UTC 2026","passed","Thu Jul 09 23:36:04 UTC 2026","","eu.esdihumboldt.util.groovy.xml.NSDOMBuilderTest","eu.esdihumboldt.util.groovy.xml.NSDOMBuilderTest","testWriteReadTypeSafeQName"
"","72","testBaseAlignmentSaveLoad","","Thu Jul 09 23:21:24 UTC 2026","passed","Thu Jul 09 23:21:24 UTC 2026","","eu.esdihumboldt.hale.common.align.io.JaxbAlignmentIOTest","eu.esdihumboldt.hale.common.align.io.JaxbAlignmentIOTest","testBaseAlignmentSaveLoad"
"","10","testEachCollector","","Thu Jul 09 23:27:11 UTC 2026","passed","Thu Jul 09 23:27:11 UTC 2026","","eu.esdihumboldt.cst.functions.groovy.helpers.util.CollectorTest","eu.esdihumboldt.cst.functions.groovy.helpers.util.CollectorTest","testEachCollector"
"","231","testTypeFilter6","","Thu Jul 09 23:22:07 UTC 2026","passed","Thu Jul 09 23:22:07 UTC 2026","","eu.esdihumboldt.hale.common.align.merge.test.impl.DefaultMergeCellMigratorTest","eu.esdihumboldt.hale.common.align.merge.test.impl.DefaultMergeCellMigratorTest","testTypeFilter6"
"","2","testTrueFalse","","Thu Jul 09 23:25:05 UTC 2026","passed","Thu Jul 09 23:25:05 UTC 2026","","eu.esdihumboldt.hale.common.schema.groovy.constraints.AugmentedValueFactoryTest","eu.esdihumboldt.hale.common.schema.groovy.constraints.AugmentedValueFactoryTest","testTrueFalse"
"","108","testNonNullValuesUnaffectedByNullEntry","","Thu Jul 09 23:24:15 UTC 2026","passed","Thu Jul 09 23:24:15 UTC 2026","","eu.esdihumboldt.hale.common.lookup.impl.LookupTableImplTest","eu.esdihumboldt.hale.common.lookup.impl.LookupTableImplTest","testNonNullValuesUnaffectedByNullEntry"
"","932","testReadXsdInstancesTypenameWithoutNamespace","","Thu Jul 09 23:33:55 UTC 2026","passed","Thu Jul 09 23:33:56 UTC 2026","","eu.esdihumboldt.hale.io.shp.ShapeInstanceReaderTest","eu.esdihumboldt.hale.io.shp.ShapeInstanceReaderTest","testReadXsdInstancesTypenameWithoutNamespace"
"","59","testWriteSingleCorrectSchemasWithOneMissingGeom","","Thu Jul 09 23:34:01 UTC 2026","passed","Thu Jul 09 23:34:01 UTC 2026","","eu.esdihumboldt.hale.io.shp.ShapefileInstanceWriterTest","eu.esdihumboldt.hale.io.shp.ShapefileInstanceWriterTest","testWriteSingleCorrectSchemasWithOneMissingGeom"
"","242","closureStuffDisallowed","","Thu Jul 09 23:36:21 UTC 2026","passed","Thu Jul 09 23:36:21 UTC 2026","","eu.esdihumboldt.util.groovy.sandbox.test.internal.GroovySandboxTest","eu.esdihumboldt.util.groovy.sandbox.test.internal.GroovySandboxTest","closureStuffDisallowed"
"","1","testMulti1","","Thu Jul 09 23:26:50 UTC 2026","passed","Thu Jul 09 23:26:50 UTC 2026","","eu.esdihumboldt.cst.functions.geometric.test.InteriorPointTest","eu.esdihumboldt.cst.functions.geometric.test.InteriorPointTest","testMulti1"
"","12863","gstringIntercepted","","Thu Jul 09 23:36:07 UTC 2026","passed","Thu Jul 09 23:36:20 UTC 2026","","eu.esdihumboldt.util.groovy.sandbox.test.internal.GroovySandboxTest","eu.esdihumboldt.util.groovy.sandbox.test.internal.GroovySandboxTest","gstringIntercepted"
"","4","testNullList","","Thu Jul 09 23:23:08 UTC 2026","passed","Thu Jul 09 23:23:08 UTC 2026","","eu.esdihumboldt.hale.common.filter.ECQLFilterTest","eu.esdihumboldt.hale.common.filter.ECQLFilterTest","testNullList"
"","4","testEqualitySimpleNoSchema","","Thu Jul 09 23:23:08 UTC 2026","passed","Thu Jul 09 23:23:08 UTC 2026","","eu.esdihumboldt.hale.common.filter.CQLFilterTest","eu.esdihumboldt.hale.common.filter.CQLFilterTest","testEqualitySimpleNoSchema"
"","5","testNestedObjectsPrettyPrint","","Thu Jul 09 23:36:04 UTC 2026","passed","Thu Jul 09 23:36:04 UTC 2026","","eu.esdihumboldt.util.groovy.json.JsonStreamBuilderTest","eu.esdihumboldt.util.groovy.json.JsonStreamBuilderTest","testNestedObjectsPrettyPrint"
"","1","testOrigin","","Thu Jul 09 23:35:48 UTC 2026","passed","Thu Jul 09 23:35:48 UTC 2026","","eu.esdihumboldt.util.geometry.interpolation.model.impl.ArcByPointsImplTest","eu.esdihumboldt.util.geometry.interpolation.model.impl.ArcByPointsImplTest","testOrigin"
"","4","testByPoints1AllGrid","","Thu Jul 09 23:35:48 UTC 2026","passed","Thu Jul 09 23:35:48 UTC 2026","","eu.esdihumboldt.util.geometry.interpolation.grid.GridInterpolationTest","eu.esdihumboldt.util.geometry.interpolation.grid.GridInterpolationTest","testByPoints1AllGrid"
"","6","testReadSimplePolygon","","Thu Jul 09 23:32:53 UTC 2026","passed","Thu Jul 09 23:32:53 UTC 2026","","eu.esdihumboldt.hale.io.json.test.JsonToInstanceTest","eu.esdihumboldt.hale.io.json.test.JsonToInstanceTest","testReadSimplePolygon"
"","10","testReadArrayNested","","Thu Jul 09 23:32:53 UTC 2026","passed","Thu Jul 09 23:32:53 UTC 2026","","eu.esdihumboldt.hale.io.json.test.JsonToInstanceTest","eu.esdihumboldt.hale.io.json.test.JsonToInstanceTest","testReadArrayNested"
"","4","testInstanceNoValueNullNoSchema","","Thu Jul 09 23:23:09 UTC 2026","passed","Thu Jul 09 23:23:09 UTC 2026","","eu.esdihumboldt.hale.common.filter.ECQLFilterTest","eu.esdihumboldt.hale.common.filter.ECQLFilterTest","testInstanceNoValueNullNoSchema"
"","1","testSimpleOverride","","Thu Jul 09 23:35:39 UTC 2026","passed","Thu Jul 09 23:35:39 UTC 2026","","eu.esdihumboldt.util.config.ConfigMergerTest","eu.esdihumboldt.util.config.ConfigMergerTest","testSimpleOverride"
"","234","mergeJoinGroovyRetype","","Thu Jul 09 23:22:10 UTC 2026","passed","Thu Jul 09 23:22:11 UTC 2026","","eu.esdihumboldt.hale.common.align.merge.test.impl.GroovyRetypeMergeTest","eu.esdihumboldt.hale.common.align.merge.test.impl.GroovyRetypeMergeTest","mergeJoinGroovyRetype"
"","1","testPrimitiveArray","","Thu Jul 09 23:24:49 UTC 2026","passed","Thu Jul 09 23:24:49 UTC 2026","","eu.esdihumboldt.hale.common.schema.model.constraint.factory.type.BindingFactoryTest","eu.esdihumboldt.hale.common.schema.model.constraint.factory.type.BindingFactoryTest","testPrimitiveArray"
"","86","testClassification2","","Thu Jul 09 23:26:12 UTC 2026","passed","Thu Jul 09 23:26:12 UTC 2026","","eu.esdihumboldt.cst.internal.ConceptualSchemaTransformerTest","eu.esdihumboldt.cst.internal.ConceptualSchemaTransformerTest","testClassification2"
"","6","testReadSameFileDiffSheet","","Thu Jul 09 23:34:56 UTC 2026","passed","Thu Jul 09 23:34:56 UTC 2026","","eu.esdihumboldt.hale.io.xls.test.reader.XLSReaderTest","eu.esdihumboldt.hale.io.xls.test.reader.XLSReaderTest","testReadSameFileDiffSheet"
"","4","testNotEqualList","","Thu Jul 09 23:23:09 UTC 2026","passed","Thu Jul 09 23:23:09 UTC 2026","","eu.esdihumboldt.hale.common.filter.ECQLFilterTest","eu.esdihumboldt.hale.common.filter.ECQLFilterTest","testNotEqualList"
"","3","testTypeBinding","","Thu Jul 09 23:24:49 UTC 2026","passed","Thu Jul 09 23:24:49 UTC 2026","","eu.esdihumboldt.hale.common.schema.model.constraint.factory.type.ElementTypeFactoryTest","eu.esdihumboldt.hale.common.schema.model.constraint.factory.type.ElementTypeFactoryTest","testTypeBinding"
"","12","testGeoJsonSimpleMoreThan_14","","Thu Jul 09 23:32:51 UTC 2026","passed","Thu Jul 09 23:32:51 UTC 2026","","eu.esdihumboldt.hale.io.json.test.InstanceToJsonTest","eu.esdihumboldt.hale.io.json.test.InstanceToJsonTest","testGeoJsonSimpleMoreThan_14"
"","101","testMergeMultiPropKey","","Thu Jul 09 23:26:10 UTC 2026","passed","Thu Jul 09 23:26:11 UTC 2026","","eu.esdihumboldt.cst.internal.ConceptualSchemaTransformerTest","eu.esdihumboldt.cst.internal.ConceptualSchemaTransformerTest","testMergeMultiPropKey"
"","96","testCardinalityMerge_2","","Thu Jul 09 23:26:11 UTC 2026","passed","Thu Jul 09 23:26:12 UTC 2026","","eu.esdihumboldt.cst.internal.ConceptualSchemaTransformerTest","eu.esdihumboldt.cst.internal.ConceptualSchemaTransformerTest","testCardinalityMerge_2"
"","60","testIDSaveLoad","","Thu Jul 09 23:21:24 UTC 2026","passed","Thu Jul 09 23:21:24 UTC 2026","","eu.esdihumboldt.hale.common.align.io.JaxbAlignmentIOTest","eu.esdihumboldt.hale.common.align.io.JaxbAlignmentIOTest","testIDSaveLoad"
"","2273","testWriteNotNestedProperties","","Thu Jul 09 23:34:56 UTC 2026","passed","Thu Jul 09 23:34:58 UTC 2026","","eu.esdihumboldt.hale.io.xls.test.writer.XLSInstanceWriterTest","eu.esdihumboldt.hale.io.xls.test.writer.XLSInstanceWriterTest","testWriteNotNestedProperties"
"","196","testDuplicateRule","","Thu Jul 09 23:33:07 UTC 2026","passed","Thu Jul 09 23:33:07 UTC 2026","","eu.esdihumboldt.hale.io.schematron.SchematronInstanceValidatorTest","eu.esdihumboldt.hale.io.schematron.SchematronInstanceValidatorTest","testDuplicateRule"
"","5","testGeoContains","","Thu Jul 09 23:23:09 UTC 2026","passed","Thu Jul 09 23:23:09 UTC 2026","","eu.esdihumboldt.hale.common.filter.ECQLFilterTest","eu.esdihumboldt.hale.common.filter.ECQLFilterTest","testGeoContains"
"","32","testReuse","","Thu Jul 09 23:22:39 UTC 2026","passed","Thu Jul 09 23:22:39 UTC 2026","","eu.esdihumboldt.hale.common.core.io.PathUpdateTest","eu.esdihumboldt.hale.common.core.io.PathUpdateTest","testReuse"
"","4","testByPoints3","","Thu Jul 09 23:35:48 UTC 2026","passed","Thu Jul 09 23:35:48 UTC 2026","","eu.esdihumboldt.util.geometry.interpolation.grid.GridInterpolationTest","eu.esdihumboldt.util.geometry.interpolation.grid.GridInterpolationTest","testByPoints3"
"","4","testNullNoSchema","","Thu Jul 09 23:23:08 UTC 2026","passed","Thu Jul 09 23:23:08 UTC 2026","","eu.esdihumboldt.hale.common.filter.CQLFilterTest","eu.esdihumboldt.hale.common.filter.CQLFilterTest","testNullNoSchema"
"","1","testStringValueListJson","","Thu Jul 09 23:22:51 UTC 2026","passed","Thu Jul 09 23:22:51 UTC 2026","","eu.esdihumboldt.hale.common.core.io.impl.ValueListTypeTest","eu.esdihumboldt.hale.common.core.io.impl.ValueListTypeTest","testStringValueListJson"
"","368","testWfsPaginationWithCountLimit","","Thu Jul 09 23:29:33 UTC 2026","passed","Thu Jul 09 23:29:34 UTC 2026","","eu.esdihumboldt.hale.io.gml.reader.internal.StreamGmlReaderTest","eu.esdihumboldt.hale.io.gml.reader.internal.StreamGmlReaderTest","testWfsPaginationWithCountLimit"
"","2","testFixed","","Thu Jul 09 23:25:05 UTC 2026","passed","Thu Jul 09 23:25:05 UTC 2026","","eu.esdihumboldt.hale.common.schema.groovy.constraints.CardinalityFactoryTest","eu.esdihumboldt.hale.common.schema.groovy.constraints.CardinalityFactoryTest","testFixed"
"","0","testOrigin","","Thu Jul 09 23:35:48 UTC 2026","passed","Thu Jul 09 23:35:48 UTC 2026","","eu.esdihumboldt.util.geometry.interpolation.grid.GridUtilTest","eu.esdihumboldt.util.geometry.interpolation.grid.GridUtilTest","testOrigin"
"","315","testReadXsdInstancesTypenameWithNamespace","","Thu Jul 09 23:33:55 UTC 2026","passed","Thu Jul 09 23:33:55 UTC 2026","","eu.esdihumboldt.hale.io.shp.ShapeInstanceReaderTest","eu.esdihumboldt.hale.io.shp.ShapeInstanceReaderTest","testReadXsdInstancesTypenameWithNamespace"
"","180","testFilterSame1","","Thu Jul 09 23:22:04 UTC 2026","passed","Thu Jul 09 23:22:05 UTC 2026","","eu.esdihumboldt.hale.common.align.merge.test.impl.DefaultMergeCellMigratorTest","eu.esdihumboldt.hale.common.align.merge.test.impl.DefaultMergeCellMigratorTest","testFilterSame1"
"","130","testRetypeConditionRenameTypeFilteredTranslated","","Thu Jul 09 23:22:13 UTC 2026","passed","Thu Jul 09 23:22:13 UTC 2026","","eu.esdihumboldt.hale.common.align.merge.test.impl.JoinRetainConditionsTest","eu.esdihumboldt.hale.common.align.merge.test.impl.JoinRetainConditionsTest","testRetypeConditionRenameTypeFilteredTranslated"
"","3","testNullNoSchema","","Thu Jul 09 23:23:09 UTC 2026","passed","Thu Jul 09 23:23:09 UTC 2026","","eu.esdihumboldt.hale.common.filter.ECQLFilterTest","eu.esdihumboldt.hale.common.filter.ECQLFilterTest","testNullNoSchema"
"","2","testEmptyObject","","Thu Jul 09 23:36:04 UTC 2026","passed","Thu Jul 09 23:36:04 UTC 2026","","eu.esdihumboldt.util.groovy.json.JsonStreamBuilderTest","eu.esdihumboldt.util.groovy.json.JsonStreamBuilderTest","testEmptyObject"
"","15","testArcString","","Thu Jul 09 23:35:48 UTC 2026","passed","Thu Jul 09 23:35:48 UTC 2026","","eu.esdihumboldt.util.geometry.interpolation.grid.GridInterpolationTest","eu.esdihumboldt.util.geometry.interpolation.grid.GridInterpolationTest","testArcString"
"","153","testGeometryPrimitive_32_MultiLineString","","Thu Jul 09 23:29:54 UTC 2026","passed","Thu Jul 09 23:29:54 UTC 2026","","eu.esdihumboldt.hale.io.gml.writer.internal.StreamGmlWriterTest","eu.esdihumboldt.hale.io.gml.writer.internal.StreamGmlWriterTest","testGeometryPrimitive_32_MultiLineString"
"","521","testReadInstancesXsdGmlConflict","","Thu Jul 09 23:28:32 UTC 2026","passed","Thu Jul 09 23:28:32 UTC 2026","","eu.esdihumboldt.hale.io.geopackage.GeopackageInstanceReaderTest","eu.esdihumboldt.hale.io.geopackage.GeopackageInstanceReaderTest","testReadInstancesXsdGmlConflict"
"","188","testJoinMultiCond_1","","Thu Jul 09 23:26:14 UTC 2026","passed","Thu Jul 09 23:26:14 UTC 2026","","eu.esdihumboldt.cst.internal.ConceptualSchemaTransformerTest","eu.esdihumboldt.cst.internal.ConceptualSchemaTransformerTest","testJoinMultiCond_1"
"","3","testCW1","","Thu Jul 09 23:35:48 UTC 2026","passed","Thu Jul 09 23:35:48 UTC 2026","","eu.esdihumboldt.util.geometry.interpolation.model.impl.ArcByCenterPointImplTest","eu.esdihumboldt.util.geometry.interpolation.model.impl.ArcByCenterPointImplTest","testCW1"
"","4","testStringLookup","","Thu Jul 09 23:24:24 UTC 2026","passed","Thu Jul 09 23:24:24 UTC 2026","","eu.esdihumboldt.hale.common.lookup.internal.LookupTableTypeTest","eu.esdihumboldt.hale.common.lookup.internal.LookupTableTypeTest","testStringLookup"
"","46","simpleSchemaTestECQL","","Thu Jul 09 23:23:12 UTC 2026","passed","Thu Jul 09 23:23:12 UTC 2026","","eu.esdihumboldt.hale.common.filter.FilterTest","eu.esdihumboldt.hale.common.filter.FilterTest","simpleSchemaTestECQL"
"","479","testGmlIndependent","","Thu Jul 09 23:23:38 UTC 2026","passed","Thu Jul 09 23:23:39 UTC 2026","","eu.esdihumboldt.hale.common.instance.graph.test.ReferenceGraphTest","eu.esdihumboldt.hale.common.instance.graph.test.ReferenceGraphTest","testGmlIndependent"
"","1","testRead2","","Thu Jul 09 23:27:48 UTC 2026","passed","Thu Jul 09 23:27:48 UTC 2026","","eu.esdihumboldt.hale.io.csv.CSVSchemaReaderTest","eu.esdihumboldt.hale.io.csv.CSVSchemaReaderTest","testRead2"
"","53","testMetaClass","","Thu Jul 09 23:21:42 UTC 2026","passed","Thu Jul 09 23:21:42 UTC 2026","","eu.esdihumboldt.hale.common.align.groovy.accessor.EntityAccessorTest","eu.esdihumboldt.hale.common.align.groovy.accessor.EntityAccessorTest","testMetaClass"
"","31","testCallMethod","","Thu Jul 09 23:30:13 UTC 2026","passed","Thu Jul 09 23:30:13 UTC 2026","","eu.esdihumboldt.hale.io.groovy.snippets.GroovySnippetsTest","eu.esdihumboldt.hale.io.groovy.snippets.GroovySnippetsTest","testCallMethod"
"","69","testSingleGeometry","","Thu Jul 09 23:34:01 UTC 2026","passed","Thu Jul 09 23:34:01 UTC 2026","","eu.esdihumboldt.hale.io.shp.ShapefileInstanceWriterTest","eu.esdihumboldt.hale.io.shp.ShapefileInstanceWriterTest","testSingleGeometry"
"","3","testNumberString","","Thu Jul 09 23:23:08 UTC 2026","passed","Thu Jul 09 23:23:08 UTC 2026","","eu.esdihumboldt.hale.common.filter.CQLFilterTest","eu.esdihumboldt.hale.common.filter.CQLFilterTest","testNumberString"
"","10","testReadNestedGeometry","","Thu Jul 09 23:32:53 UTC 2026","passed","Thu Jul 09 23:32:53 UTC 2026","","eu.esdihumboldt.hale.io.json.test.JsonToInstanceTest","eu.esdihumboldt.hale.io.json.test.JsonToInstanceTest","testReadNestedGeometry"
"","2","testName","","Thu Jul 09 23:25:05 UTC 2026","passed","Thu Jul 09 23:25:05 UTC 2026","","eu.esdihumboldt.hale.common.schema.groovy.constraints.DisplayNameFactoryTest","eu.esdihumboldt.hale.common.schema.groovy.constraints.DisplayNameFactoryTest","testName"
"","25","testReadXsdInstancesTypenameAmbiguousLocalNameWithNamespace2","","Thu Jul 09 23:33:53 UTC 2026","passed","Thu Jul 09 23:33:54 UTC 2026","","eu.esdihumboldt.hale.io.shp.ShapeInstanceReaderTest","eu.esdihumboldt.hale.io.shp.ShapeInstanceReaderTest","testReadXsdInstancesTypenameAmbiguousLocalNameWithNamespace2"
"","5","testInstanceNullSchema","","Thu Jul 09 23:23:08 UTC 2026","passed","Thu Jul 09 23:23:08 UTC 2026","","eu.esdihumboldt.hale.common.filter.ECQLFilterTest","eu.esdihumboldt.hale.common.filter.ECQLFilterTest","testInstanceNullSchema"
"","81","testClassification3","","Thu Jul 09 23:26:12 UTC 2026","passed","Thu Jul 09 23:26:12 UTC 2026","","eu.esdihumboldt.cst.internal.ConceptualSchemaTransformerTest","eu.esdihumboldt.cst.internal.ConceptualSchemaTransformerTest","testClassification3"
"","0","testHttpAbsoluteOtherHttp","","Thu Jul 09 23:35:14 UTC 2026","passed","Thu Jul 09 23:35:14 UTC 2026","","eu.esdihumboldt.hale.io.xsd.reader.HumboldtURIResolverTest","eu.esdihumboldt.hale.io.xsd.reader.HumboldtURIResolverTest","testHttpAbsoluteOtherHttp"
"","3113","testFiltersForMultiType4","","Thu Jul 09 23:20:30 UTC 2026","passed","Thu Jul 09 23:20:33 UTC 2026","","eu.esdihumboldt.hale.app.transform.test.ExecuteTest","eu.esdihumboldt.hale.app.transform.test.ExecuteTest","testFiltersForMultiType4"
"","95","testSrs","","Thu Jul 09 23:29:32 UTC 2026","passed","Thu Jul 09 23:29:32 UTC 2026","","eu.esdihumboldt.hale.io.gml.reader.internal.StreamGmlReaderTest","eu.esdihumboldt.hale.io.gml.reader.internal.StreamGmlReaderTest","testSrs"
"","35","testGeoCrosses","","Thu Jul 09 23:23:08 UTC 2026","passed","Thu Jul 09 23:23:08 UTC 2026","","eu.esdihumboldt.hale.common.filter.CQLFilterTest","eu.esdihumboldt.hale.common.filter.CQLFilterTest","testGeoCrosses"
"","1463","testMerge","","Thu Jul 09 23:25:59 UTC 2026","passed","Thu Jul 09 23:26:01 UTC 2026","","eu.esdihumboldt.cst.internal.ConceptualSchemaTransformerTest","eu.esdihumboldt.cst.internal.ConceptualSchemaTransformerTest","testMerge"
"","0","testUnifyMultiPolygon","","Thu Jul 09 23:35:47 UTC 2026","passed","Thu Jul 09 23:35:47 UTC 2026","","eu.esdihumboldt.util.geometry.WindingOrderTest","eu.esdihumboldt.util.geometry.WindingOrderTest","testUnifyMultiPolygon"
"","23","testWriteVersion4","","Thu Jul 09 23:32:32 UTC 2026","passed","Thu Jul 09 23:32:32 UTC 2026","","eu.esdihumboldt.hale.io.jdbc.spatialite.writer.internal.SpatiaLiteInstanceWriterTest","eu.esdihumboldt.hale.io.jdbc.spatialite.writer.internal.SpatiaLiteInstanceWriterTest","testWriteVersion4"
"","6","testJsonBuilderPrettyPrint","","Thu Jul 09 23:36:03 UTC 2026","passed","Thu Jul 09 23:36:03 UTC 2026","","eu.esdihumboldt.util.groovy.json.JsonStreamBuilderTest","eu.esdihumboldt.util.groovy.json.JsonStreamBuilderTest","testJsonBuilderPrettyPrint"
"","3","testMixedKeys","","Thu Jul 09 23:27:11 UTC 2026","passed","Thu Jul 09 23:27:11 UTC 2026","","eu.esdihumboldt.cst.functions.groovy.helpers.util.CollectorTest","eu.esdihumboldt.cst.functions.groovy.helpers.util.CollectorTest","testMixedKeys"
"","8","testBasicObject","","Thu Jul 09 23:36:03 UTC 2026","passed","Thu Jul 09 23:36:03 UTC 2026","","eu.esdihumboldt.util.groovy.json.JsonStreamBuilderTest","eu.esdihumboldt.util.groovy.json.JsonStreamBuilderTest","testBasicObject"
"","17","testNumberList","","Thu Jul 09 23:23:07 UTC 2026","passed","Thu Jul 09 23:23:07 UTC 2026","","eu.esdihumboldt.hale.common.filter.CQLFilterTest","eu.esdihumboldt.hale.common.filter.CQLFilterTest","testNumberList"
"","4","testRefTypes","","Thu Jul 09 23:24:49 UTC 2026","passed","Thu Jul 09 23:24:49 UTC 2026","","eu.esdihumboldt.hale.common.schema.model.constraint.factory.property.ReferenceFactoryTest","eu.esdihumboldt.hale.common.schema.model.constraint.factory.property.ReferenceFactoryTest","testRefTypes"
"","0","testGeoIntersect","","Thu Jul 09 23:23:07 UTC 2026","skipped","Thu Jul 09 23:23:07 UTC 2026","","eu.esdihumboldt.hale.common.filter.CQLFilterTest","eu.esdihumboldt.hale.common.filter.CQLFilterTest","testGeoIntersect"
"","0","testDefault","","Thu Jul 09 23:24:49 UTC 2026","passed","Thu Jul 09 23:24:49 UTC 2026","","eu.esdihumboldt.hale.common.schema.model.constraint.factory.type.PrimaryKeyFactoryTest","eu.esdihumboldt.hale.common.schema.model.constraint.factory.type.PrimaryKeyFactoryTest","testDefault"
"","91","testSqlQuery","","Thu Jul 09 23:36:28 UTC 2026","passed","Thu Jul 09 23:36:29 UTC 2026","","eu.esdihumboldt.util.orient.embedded.MemoryDocumentTest","eu.esdihumboldt.util.orient.embedded.MemoryDocumentTest","testSqlQuery"
"","222","testGroovyRetypeCondition","","Thu Jul 09 23:22:11 UTC 2026","passed","Thu Jul 09 23:22:12 UTC 2026","","eu.esdihumboldt.hale.common.align.merge.test.impl.JoinFocusRetainConditionTest","eu.esdihumboldt.hale.common.align.merge.test.impl.JoinFocusRetainConditionTest","testGroovyRetypeCondition"
"","191","testGroovyWarningRetype","","Thu Jul 09 23:22:09 UTC 2026","passed","Thu Jul 09 23:22:09 UTC 2026","","eu.esdihumboldt.hale.common.align.merge.test.impl.DefaultMergeCellMigratorTest","eu.esdihumboldt.hale.common.align.merge.test.impl.DefaultMergeCellMigratorTest","testGroovyWarningRetype"
"","64","testGeoIntersects","","Thu Jul 09 23:23:08 UTC 2026","passed","Thu Jul 09 23:23:08 UTC 2026","","eu.esdihumboldt.hale.common.filter.CQLFilterTest","eu.esdihumboldt.hale.common.filter.CQLFilterTest","testGeoIntersects"
"","1224","testReadNoNames","","Thu Jul 09 23:27:40 UTC 2026","passed","Thu Jul 09 23:27:41 UTC 2026","","eu.esdihumboldt.hale.io.codelist.xml.reader.XmlCodeListTest","eu.esdihumboldt.hale.io.codelist.xml.reader.XmlCodeListTest","testReadNoNames"
"","0","testPropertiesMix","","Thu Jul 09 23:26:04 UTC 2026","skipped","Thu Jul 09 23:26:04 UTC 2026","","eu.esdihumboldt.cst.internal.ConceptualSchemaTransformerTest","eu.esdihumboldt.cst.internal.ConceptualSchemaTransformerTest","testPropertiesMix"
"","29","testAlias","","Thu Jul 09 23:30:42 UTC 2026","passed","Thu Jul 09 23:30:42 UTC 2026","","eu.esdihumboldt.hale.io.jdbc.test.constraints.factory.GeometryMetadataFactoryTest","eu.esdihumboldt.hale.io.jdbc.test.constraints.factory.GeometryMetadataFactoryTest","testAlias"
"","131","testNativeQuery","","Thu Jul 09 23:36:28 UTC 2026","passed","Thu Jul 09 23:36:28 UTC 2026","","eu.esdihumboldt.util.orient.embedded.LocalDocumentTest","eu.esdihumboldt.util.orient.embedded.LocalDocumentTest","testNativeQuery"
"","3","testReadSimpleWithDate","","Thu Jul 09 23:27:48 UTC 2026","passed","Thu Jul 09 23:27:48 UTC 2026","","eu.esdihumboldt.hale.io.csv.CSVInstanceReaderTest","eu.esdihumboldt.hale.io.csv.CSVInstanceReaderTest","testReadSimpleWithDate"
"","6","testComplexStructureFromTheGuardianTypeSafe","","Thu Jul 09 23:36:04 UTC 2026","passed","Thu Jul 09 23:36:04 UTC 2026","","eu.esdihumboldt.util.groovy.json.JsonStreamBuilderTest","eu.esdihumboldt.util.groovy.json.JsonStreamBuilderTest","testComplexStructureFromTheGuardianTypeSafe"
"","0","testLimit2","","Thu Jul 09 23:22:52 UTC 2026","passed","Thu Jul 09 23:22:52 UTC 2026","","eu.esdihumboldt.hale.common.core.io.supplier.LookupStreamResourceTest","eu.esdihumboldt.hale.common.core.io.supplier.LookupStreamResourceTest","testLimit2"
"","14","testReadComplexNested","","Thu Jul 09 23:32:53 UTC 2026","passed","Thu Jul 09 23:32:53 UTC 2026","","eu.esdihumboldt.hale.io.json.test.JsonToInstanceTest","eu.esdihumboldt.hale.io.json.test.JsonToInstanceTest","testReadComplexNested"
"","23","testValueListValueList","","Thu Jul 09 23:22:51 UTC 2026","passed","Thu Jul 09 23:22:51 UTC 2026","","eu.esdihumboldt.hale.common.core.io.impl.ValueListTypeTest","eu.esdihumboldt.hale.common.core.io.impl.ValueListTypeTest","testValueListValueList"
"","0","testRange","","Thu Jul 09 23:25:05 UTC 2026","passed","Thu Jul 09 23:25:05 UTC 2026","","eu.esdihumboldt.hale.common.schema.groovy.constraints.CardinalityFactoryTest","eu.esdihumboldt.hale.common.schema.groovy.constraints.CardinalityFactoryTest","testRange"
"","72","testStructuralRename1","","Thu Jul 09 23:26:14 UTC 2026","passed","Thu Jul 09 23:26:14 UTC 2026","","eu.esdihumboldt.cst.internal.ConceptualSchemaTransformerTest","eu.esdihumboldt.cst.internal.ConceptualSchemaTransformerTest","testStructuralRename1"
"","4","testEqualityList","","Thu Jul 09 23:23:09 UTC 2026","passed","Thu Jul 09 23:23:09 UTC 2026","","eu.esdihumboldt.hale.common.filter.ECQLFilterTest","eu.esdihumboldt.hale.common.filter.ECQLFilterTest","testEqualityList"
"","8","testSimpleSingleStrictFail","","Thu Jul 09 23:25:05 UTC 2026","passed","Thu Jul 09 23:25:05 UTC 2026","","eu.esdihumboldt.hale.common.schema.groovy.DefinitionAccessorTest","eu.esdihumboldt.hale.common.schema.groovy.DefinitionAccessorTest","testSimpleSingleStrictFail"
"","0","testGeometryPrimitive_32_Curve_MultiLineString","","Thu Jul 09 23:29:43 UTC 2026","skipped","Thu Jul 09 23:29:43 UTC 2026","","eu.esdihumboldt.hale.io.gml.writer.internal.StreamGmlWriter2Test","eu.esdihumboldt.hale.io.gml.writer.internal.StreamGmlWriter2Test","testGeometryPrimitive_32_Curve_MultiLineString"
"","396","testGeometryAggregate_32_MultiPolygon","","Thu Jul 09 23:29:51 UTC 2026","passed","Thu Jul 09 23:29:51 UTC 2026","","eu.esdihumboldt.hale.io.gml.writer.internal.StreamGmlWriterTest","eu.esdihumboldt.hale.io.gml.writer.internal.StreamGmlWriterTest","testGeometryAggregate_32_MultiPolygon"
"","2191","simpleSchemaWriteTest","","Thu Jul 09 23:33:58 UTC 2026","passed","Thu Jul 09 23:34:01 UTC 2026","","eu.esdihumboldt.hale.io.shp.ShapefileInstanceWriterTest","eu.esdihumboldt.hale.io.shp.ShapefileInstanceWriterTest","simpleSchemaWriteTest"
"","14","testReadVersion4","","Thu Jul 09 23:32:32 UTC 2026","passed","Thu Jul 09 23:32:32 UTC 2026","","eu.esdihumboldt.hale.io.jdbc.spatialite.reader.internal.SpatiaLiteInstanceReaderTest","eu.esdihumboldt.hale.io.jdbc.spatialite.reader.internal.SpatiaLiteInstanceReaderTest","testReadVersion4"
"","42","testWriteMultipleGeometries","","Thu Jul 09 23:34:01 UTC 2026","passed","Thu Jul 09 23:34:01 UTC 2026","","eu.esdihumboldt.hale.io.shp.ShapefileInstanceWriterTest","eu.esdihumboldt.hale.io.shp.ShapefileInstanceWriterTest","testWriteMultipleGeometries"
"","4322","testTransformXml","","Thu Jul 09 23:20:07 UTC 2026","passed","Thu Jul 09 23:20:11 UTC 2026","","eu.esdihumboldt.hale.app.transform.test.ExecuteTest","eu.esdihumboldt.hale.app.transform.test.ExecuteTest","testTransformXml"
"","3","testBooleanProperty","","Thu Jul 09 23:32:53 UTC 2026","passed","Thu Jul 09 23:32:53 UTC 2026","","eu.esdihumboldt.hale.io.json.test.JsonSchemaReaderTest","eu.esdihumboldt.hale.io.json.test.JsonSchemaReaderTest","testBooleanProperty"
"","222","testJoinCondition","","Thu Jul 09 23:22:11 UTC 2026","passed","Thu Jul 09 23:22:11 UTC 2026","","eu.esdihumboldt.hale.common.align.merge.test.impl.JoinFocusRetainConditionTest","eu.esdihumboldt.hale.common.align.merge.test.impl.JoinFocusRetainConditionTest","testJoinCondition"
"","11038","testLists","","Thu Jul 09 23:35:28 UTC 2026","passed","Thu Jul 09 23:35:39 UTC 2026","","eu.esdihumboldt.util.config.ConfigMergerTest","eu.esdihumboldt.util.config.ConfigMergerTest","testLists"
"","6","testLoopArray","","Thu Jul 09 23:36:04 UTC 2026","passed","Thu Jul 09 23:36:04 UTC 2026","","eu.esdihumboldt.util.groovy.json.JsonStreamBuilderTest","eu.esdihumboldt.util.groovy.json.JsonStreamBuilderTest","testLoopArray"
"","5","testNumberBetween","","Thu Jul 09 23:23:08 UTC 2026","passed","Thu Jul 09 23:23:08 UTC 2026","","eu.esdihumboldt.hale.common.filter.CQLFilterTest","eu.esdihumboldt.hale.common.filter.CQLFilterTest","testNumberBetween"
"","1","testSubfolder2","","Thu Jul 09 23:22:39 UTC 2026","passed","Thu Jul 09 23:22:39 UTC 2026","","eu.esdihumboldt.hale.common.core.io.PathUpdateTest","eu.esdihumboldt.hale.common.core.io.PathUpdateTest","testSubfolder2"
"","5","testAfter","","Thu Jul 09 23:23:08 UTC 2026","passed","Thu Jul 09 23:23:08 UTC 2026","","eu.esdihumboldt.hale.common.filter.ECQLFilterTest","eu.esdihumboldt.hale.common.filter.ECQLFilterTest","testAfter"
"","246","testCondition1","","Thu Jul 09 23:22:04 UTC 2026","passed","Thu Jul 09 23:22:04 UTC 2026","","eu.esdihumboldt.hale.common.align.merge.test.impl.DefaultMergeCellMigratorTest","eu.esdihumboldt.hale.common.align.merge.test.impl.DefaultMergeCellMigratorTest","testCondition1"
"","1","testFormatter[3]","","Thu Jul 09 23:35:44 UTC 2026","passed","Thu Jul 09 23:35:44 UTC 2026","","eu.esdihumboldt.util.geometry.DecimalFormatUtilTest","eu.esdihumboldt.util.geometry.DecimalFormatUtilTest","testFormatter[3]"
"","6","testGeoIntersects","","Thu Jul 09 23:23:08 UTC 2026","passed","Thu Jul 09 23:23:09 UTC 2026","","eu.esdihumboldt.hale.common.filter.ECQLFilterTest","eu.esdihumboldt.hale.common.filter.ECQLFilterTest","testGeoIntersects"
"","5","testHalfCircleAllGrid","","Thu Jul 09 23:35:48 UTC 2026","passed","Thu Jul 09 23:35:48 UTC 2026","","eu.esdihumboldt.util.geometry.interpolation.grid.GridInterpolationTest","eu.esdihumboldt.util.geometry.interpolation.grid.GridInterpolationTest","testHalfCircleAllGrid"
"","3867","testTransform","","Thu Jul 09 23:20:59 UTC 2026","passed","Thu Jul 09 23:21:02 UTC 2026","","eu.esdihumboldt.hale.app.transform.test.ExecuteTest","eu.esdihumboldt.hale.app.transform.test.ExecuteTest","testTransform"
"","0","testLoadShiporderCQL","","Thu Jul 09 23:23:12 UTC 2026","skipped","Thu Jul 09 23:23:12 UTC 2026","","eu.esdihumboldt.hale.common.filter.FilterTest","eu.esdihumboldt.hale.common.filter.FilterTest","testLoadShiporderCQL"
"","0","testTimeEqualsList","","Thu Jul 09 23:23:08 UTC 2026","skipped","Thu Jul 09 23:23:08 UTC 2026","","eu.esdihumboldt.hale.common.filter.CQLFilterTest","eu.esdihumboldt.hale.common.filter.CQLFilterTest","testTimeEqualsList"
"","7","testHalfCircle","","Thu Jul 09 23:35:48 UTC 2026","passed","Thu Jul 09 23:35:48 UTC 2026","","eu.esdihumboldt.util.geometry.interpolation.split.SplitInterpolationTest","eu.esdihumboldt.util.geometry.interpolation.split.SplitInterpolationTest","testHalfCircle"
"","2","testValueProperties","","Thu Jul 09 23:22:52 UTC 2026","passed","Thu Jul 09 23:22:52 UTC 2026","","eu.esdihumboldt.hale.common.core.io.impl.ValuePropertiesTypeTest","eu.esdihumboldt.hale.common.core.io.impl.ValuePropertiesTypeTest","testValueProperties"
"","82","testWriteComplexSchema","","Thu Jul 09 23:34:58 UTC 2026","passed","Thu Jul 09 23:34:58 UTC 2026","","eu.esdihumboldt.hale.io.xls.test.writer.XLSInstanceWriterTest","eu.esdihumboldt.hale.io.xls.test.writer.XLSInstanceWriterTest","testWriteComplexSchema"
"","7","testLoad","","Thu Jul 09 23:35:14 UTC 2026","passed","Thu Jul 09 23:35:14 UTC 2026","","eu.esdihumboldt.hale.io.xsd.anytype.valuetypes.CustomTypeContentConfigurationTypeTest","eu.esdihumboldt.hale.io.xsd.anytype.valuetypes.CustomTypeContentConfigurationTypeTest","testLoad"
"","0","testBox","","Thu Jul 09 23:29:55 UTC 2026","passed","Thu Jul 09 23:29:55 UTC 2026","","eu.esdihumboldt.hale.io.gml.writer.internal.geometry.converters.PolygonToLineStringTest","eu.esdihumboldt.hale.io.gml.writer.internal.geometry.converters.PolygonToLineStringTest","testBox"
"","0","testFormatter[7]","","Thu Jul 09 23:35:44 UTC 2026","passed","Thu Jul 09 23:35:44 UTC 2026","","eu.esdihumboldt.util.geometry.DecimalFormatUtilTest","eu.esdihumboldt.util.geometry.DecimalFormatUtilTest","testFormatter[7]"
"","22","testCallBindung","","Thu Jul 09 23:30:13 UTC 2026","passed","Thu Jul 09 23:30:13 UTC 2026","","eu.esdihumboldt.hale.io.groovy.snippets.GroovySnippetsTest","eu.esdihumboldt.hale.io.groovy.snippets.GroovySnippetsTest","testCallBindung"
"","0","testNullTargetValueIsPreserved","","Thu Jul 09 23:24:15 UTC 2026","passed","Thu Jul 09 23:24:15 UTC 2026","","eu.esdihumboldt.hale.common.lookup.impl.LookupTableImplTest","eu.esdihumboldt.hale.common.lookup.impl.LookupTableImplTest","testNullTargetValueIsPreserved"
"","6","testSimpleAll","","Thu Jul 09 23:25:05 UTC 2026","passed","Thu Jul 09 23:25:05 UTC 2026","","eu.esdihumboldt.hale.common.schema.groovy.DefinitionAccessorTest","eu.esdihumboldt.hale.common.schema.groovy.DefinitionAccessorTest","testSimpleAll"
"","0","testCurve2","","Thu Jul 09 23:26:50 UTC 2026","passed","Thu Jul 09 23:26:50 UTC 2026","","eu.esdihumboldt.cst.functions.geometric.test.InteriorPointTest","eu.esdihumboldt.cst.functions.geometric.test.InteriorPointTest","testCurve2"
"","26","testWriteReadDateTime","","Thu Jul 09 23:34:01 UTC 2026","passed","Thu Jul 09 23:34:01 UTC 2026","","eu.esdihumboldt.hale.io.shp.ShapefileInstanceWriterTest","eu.esdihumboldt.hale.io.shp.ShapefileInstanceWriterTest","testWriteReadDateTime"
"","68","testRegexAnalysis","","Thu Jul 09 23:26:14 UTC 2026","passed","Thu Jul 09 23:26:14 UTC 2026","","eu.esdihumboldt.cst.internal.ConceptualSchemaTransformerTest","eu.esdihumboldt.cst.internal.ConceptualSchemaTransformerTest","testRegexAnalysis"
"","6","testExportNullTargetValue","","Thu Jul 09 23:34:58 UTC 2026","passed","Thu Jul 09 23:34:58 UTC 2026","","eu.esdihumboldt.hale.io.xls.test.writer.XLSLookupTableWriterTest","eu.esdihumboldt.hale.io.xls.test.writer.XLSLookupTableWriterTest","testExportNullTargetValue"
"","2","testCMNested1","","Thu Jul 09 23:25:46 UTC 2026","skipped","Thu Jul 09 23:25:46 UTC 2026","","eu.esdihumboldt.cst.internal.ConceptualSchemaTransformerTest","eu.esdihumboldt.cst.internal.ConceptualSchemaTransformerTest","testCMNested1"
"","4","testWith","","Thu Jul 09 23:26:50 UTC 2026","passed","Thu Jul 09 23:26:50 UTC 2026","","eu.esdihumboldt.cst.functions.geometric.test.GeometryHelperFunctionsTest","eu.esdihumboldt.cst.functions.geometric.test.GeometryHelperFunctionsTest","testWith"
"","90","testNullValue","","Thu Jul 09 23:26:14 UTC 2026","passed","Thu Jul 09 23:26:14 UTC 2026","","eu.esdihumboldt.cst.internal.ConceptualSchemaTransformerTest","eu.esdihumboldt.cst.internal.ConceptualSchemaTransformerTest","testNullValue"
"","7","testNumberList","","Thu Jul 09 23:23:08 UTC 2026","passed","Thu Jul 09 23:23:08 UTC 2026","","eu.esdihumboldt.hale.common.filter.ECQLFilterTest","eu.esdihumboldt.hale.common.filter.ECQLFilterTest","testNumberList"
"","1","testGeometry_2_MultiLineString","","Thu Jul 09 23:29:49 UTC 2026","skipped","Thu Jul 09 23:29:49 UTC 2026","","eu.esdihumboldt.hale.io.gml.writer.internal.StreamGmlWriterTest","eu.esdihumboldt.hale.io.gml.writer.internal.StreamGmlWriterTest","testGeometry_2_MultiLineString"
"","4214","testGroovyContextFilterExclusionForHydro","","Thu Jul 09 23:20:03 UTC 2026","passed","Thu Jul 09 23:20:07 UTC 2026","","eu.esdihumboldt.hale.app.transform.test.ExecuteTest","eu.esdihumboldt.hale.app.transform.test.ExecuteTest","testGroovyContextFilterExclusionForHydro"
"","567","testJoin","","Thu Jul 09 23:26:01 UTC 2026","passed","Thu Jul 09 23:26:01 UTC 2026","","eu.esdihumboldt.cst.internal.ConceptualSchemaTransformerTest","eu.esdihumboldt.cst.internal.ConceptualSchemaTransformerTest","testJoin"
"","128","testRetypeConditionRenameTypeFiltered","","Thu Jul 09 23:22:13 UTC 2026","passed","Thu Jul 09 23:22:13 UTC 2026","","eu.esdihumboldt.hale.common.align.merge.test.impl.JoinRetainConditionsTest","eu.esdihumboldt.hale.common.align.merge.test.impl.JoinRetainConditionsTest","testRetypeConditionRenameTypeFiltered"
"","1","testNotOrigin","","Thu Jul 09 23:35:48 UTC 2026","passed","Thu Jul 09 23:35:48 UTC 2026","","eu.esdihumboldt.util.geometry.interpolation.model.impl.ArcByPointsImplTest","eu.esdihumboldt.util.geometry.interpolation.model.impl.ArcByPointsImplTest","testNotOrigin"
"","2","testCircle","","Thu Jul 09 23:35:48 UTC 2026","passed","Thu Jul 09 23:35:48 UTC 2026","","eu.esdihumboldt.util.geometry.interpolation.model.impl.ArcByPointsImplTest","eu.esdihumboldt.util.geometry.interpolation.model.impl.ArcByPointsImplTest","testCircle"
"","1","testInvalidKey2","","Thu Jul 09 23:35:40 UTC 2026","passed","Thu Jul 09 23:35:40 UTC 2026","","eu.esdihumboldt.util.config.ConfigTest","eu.esdihumboldt.util.config.ConfigTest","testInvalidKey2"
"","428","testSchema","","Thu Jul 09 23:23:54 UTC 2026","passed","Thu Jul 09 23:23:55 UTC 2026","","eu.esdihumboldt.hale.common.instance.groovy.InstanceAccessorTest","eu.esdihumboldt.hale.common.instance.groovy.InstanceAccessorTest","testSchema"
"","13383","migrateRenameFormattedString","","Thu Jul 09 23:27:16 UTC 2026","passed","Thu Jul 09 23:27:29 UTC 2026","","eu.esdihumboldt.hale.adv.merge.test.AdVMeasurementMergeTest","eu.esdihumboldt.hale.adv.merge.test.AdVMeasurementMergeTest","migrateRenameFormattedString"
"","4269","testExcludeTypeForHydro","","Thu Jul 09 23:20:40 UTC 2026","passed","Thu Jul 09 23:20:44 UTC 2026","","eu.esdihumboldt.hale.app.transform.test.ExecuteTest","eu.esdihumboldt.hale.app.transform.test.ExecuteTest","testExcludeTypeForHydro"
"","65","testSchema","","Thu Jul 09 23:23:55 UTC 2026","passed","Thu Jul 09 23:23:55 UTC 2026","","eu.esdihumboldt.hale.common.instance.groovy.InstanceFamilyAccessorTest","eu.esdihumboldt.hale.common.instance.groovy.InstanceFamilyAccessorTest","testSchema"
"","4","testDuring","","Thu Jul 09 23:23:09 UTC 2026","passed","Thu Jul 09 23:23:09 UTC 2026","","eu.esdihumboldt.hale.common.filter.ECQLFilterTest","eu.esdihumboldt.hale.common.filter.ECQLFilterTest","testDuring"
"","179","testMergeMultiPropKeyWithComplexAtt","","Thu Jul 09 23:26:01 UTC 2026","passed","Thu Jul 09 23:26:02 UTC 2026","","eu.esdihumboldt.cst.internal.ConceptualSchemaTransformerTest","eu.esdihumboldt.cst.internal.ConceptualSchemaTransformerTest","testMergeMultiPropKeyWithComplexAtt"
"","0","testFormatter[4]","","Thu Jul 09 23:35:44 UTC 2026","passed","Thu Jul 09 23:35:44 UTC 2026","","eu.esdihumboldt.util.geometry.DecimalFormatUtilTest","eu.esdihumboldt.util.geometry.DecimalFormatUtilTest","testFormatter[4]"
"","13330","testFromWKT","","Thu Jul 09 23:26:34 UTC 2026","passed","Thu Jul 09 23:26:47 UTC 2026","","eu.esdihumboldt.cst.functions.geometric.test.CRSHelperFunctionsTest","eu.esdihumboldt.cst.functions.geometric.test.CRSHelperFunctionsTest","testFromWKT"
"","10291","testPersonWriteValidate","","Thu Jul 09 23:25:10 UTC 2026","passed","Thu Jul 09 23:25:20 UTC 2026","","eu.esdihumboldt.hale.common.schema.persist.hsd.test.HaleSchemaWriterTest","eu.esdihumboldt.hale.common.schema.persist.hsd.test.HaleSchemaWriterTest","testPersonWriteValidate"
"","1862","testAppInfo","","Thu Jul 09 23:35:14 UTC 2026","passed","Thu Jul 09 23:35:16 UTC 2026","","eu.esdihumboldt.hale.io.xsd.reader.XmlSchemaReaderMoreTest","eu.esdihumboldt.hale.io.xsd.reader.XmlSchemaReaderMoreTest","testAppInfo"
"","2","testDisabled","","Thu Jul 09 23:24:48 UTC 2026","passed","Thu Jul 09 23:24:48 UTC 2026","","eu.esdihumboldt.hale.common.schema.model.constraint.factory.property.NillableFlagFactoryTest","eu.esdihumboldt.hale.common.schema.model.constraint.factory.property.NillableFlagFactoryTest","testDisabled"
"","73","testGenerateUID","","Thu Jul 09 23:26:13 UTC 2026","passed","Thu Jul 09 23:26:13 UTC 2026","","eu.esdihumboldt.cst.internal.ConceptualSchemaTransformerTest","eu.esdihumboldt.cst.internal.ConceptualSchemaTransformerTest","testGenerateUID"
"","0","testQ2","","Thu Jul 09 23:35:48 UTC 2026","passed","Thu Jul 09 23:35:48 UTC 2026","","eu.esdihumboldt.util.geometry.interpolation.grid.GridUtilTest","eu.esdihumboldt.util.geometry.interpolation.grid.GridUtilTest","testQ2"
"","16","testEnabled","","Thu Jul 09 23:24:49 UTC 2026","passed","Thu Jul 09 23:24:49 UTC 2026","","eu.esdihumboldt.hale.common.schema.model.constraint.factory.type.AbstractFlagFactoryTest","eu.esdihumboldt.hale.common.schema.model.constraint.factory.type.AbstractFlagFactoryTest","testEnabled"
"","727","testWfsPaginationWithResolvedepth","","Thu Jul 09 23:29:34 UTC 2026","passed","Thu Jul 09 23:29:35 UTC 2026","","eu.esdihumboldt.hale.io.gml.reader.internal.StreamGmlReaderTest","eu.esdihumboldt.hale.io.gml.reader.internal.StreamGmlReaderTest","testWfsPaginationWithResolvedepth"
"","265","testGroovy2","","Thu Jul 09 23:26:03 UTC 2026","passed","Thu Jul 09 23:26:03 UTC 2026","","eu.esdihumboldt.cst.internal.ConceptualSchemaTransformerTest","eu.esdihumboldt.cst.internal.ConceptualSchemaTransformerTest","testGroovy2"
"","4","testLikeNoSchema","","Thu Jul 09 23:23:08 UTC 2026","passed","Thu Jul 09 23:23:08 UTC 2026","","eu.esdihumboldt.hale.common.filter.CQLFilterTest","eu.esdihumboldt.hale.common.filter.CQLFilterTest","testLikeNoSchema"
"","116","testGmlReferencesMultiPartFill","","Thu Jul 09 23:23:40 UTC 2026","passed","Thu Jul 09 23:23:40 UTC 2026","","eu.esdihumboldt.hale.common.instance.graph.test.ReferenceGraphTest","eu.esdihumboldt.hale.common.instance.graph.test.ReferenceGraphTest","testGmlReferencesMultiPartFill"
"","70","testStructuralRetype1","","Thu Jul 09 23:26:14 UTC 2026","passed","Thu Jul 09 23:26:14 UTC 2026","","eu.esdihumboldt.cst.internal.ConceptualSchemaTransformerTest","eu.esdihumboldt.cst.internal.ConceptualSchemaTransformerTest","testStructuralRetype1"
"","30","testShapefileInstanceFromFile","","Thu Jul 09 23:33:51 UTC 2026","passed","Thu Jul 09 23:33:51 UTC 2026","","eu.esdihumboldt.hale.io.shp.ShapeInstanceReaderTest","eu.esdihumboldt.hale.io.shp.ShapeInstanceReaderTest","testShapefileInstanceFromFile"
"","400","testGeometryPrimitive_32_MultiPolygon_WindingOrder_CCW","","Thu Jul 09 23:29:53 UTC 2026","passed","Thu Jul 09 23:29:53 UTC 2026","","eu.esdihumboldt.hale.io.gml.writer.internal.StreamGmlWriterTest","eu.esdihumboldt.hale.io.gml.writer.internal.StreamGmlWriterTest","testGeometryPrimitive_32_MultiPolygon_WindingOrder_CCW"
"","1","testNoGeom","","Thu Jul 09 23:24:49 UTC 2026","passed","Thu Jul 09 23:24:49 UTC 2026","","eu.esdihumboldt.hale.common.schema.model.constraint.factory.type.GeometryTypeFactoryTest","eu.esdihumboldt.hale.common.schema.model.constraint.factory.type.GeometryTypeFactoryTest","testNoGeom"
"","0","testMsAccessSchemaReaderForAccdbTest","","Thu Jul 09 23:30:51 UTC 2026","skipped","Thu Jul 09 23:30:51 UTC 2026","","eu.esdihumboldt.hale.io.jdbc.msaccess.reader.MsAccessSchemaReaderTest","eu.esdihumboldt.hale.io.jdbc.msaccess.reader.MsAccessSchemaReaderTest","testMsAccessSchemaReaderForAccdbTest"
"","8","testReadEmptySheet","","Thu Jul 09 23:34:56 UTC 2026","passed","Thu Jul 09 23:34:56 UTC 2026","","eu.esdihumboldt.hale.io.xls.test.reader.XLSReaderTest","eu.esdihumboldt.hale.io.xls.test.reader.XLSReaderTest","testReadEmptySheet"
"","81","testSimpleAssign","","Thu Jul 09 23:26:12 UTC 2026","passed","Thu Jul 09 23:26:12 UTC 2026","","eu.esdihumboldt.cst.internal.ConceptualSchemaTransformerTest","eu.esdihumboldt.cst.internal.ConceptualSchemaTransformerTest","testSimpleAssign"
"","93","testCardinalityMerge_1","","Thu Jul 09 23:26:11 UTC 2026","passed","Thu Jul 09 23:26:11 UTC 2026","","eu.esdihumboldt.cst.internal.ConceptualSchemaTransformerTest","eu.esdihumboldt.cst.internal.ConceptualSchemaTransformerTest","testCardinalityMerge_1"
"","367","testGeometryAggregate_32_MultiLineString","","Thu Jul 09 23:29:54 UTC 2026","passed","Thu Jul 09 23:29:54 UTC 2026","","eu.esdihumboldt.hale.io.gml.writer.internal.StreamGmlWriterTest","eu.esdihumboldt.hale.io.gml.writer.internal.StreamGmlWriterTest","testGeometryAggregate_32_MultiLineString"
"","8","testReadSimpleWithDate","","Thu Jul 09 23:34:56 UTC 2026","passed","Thu Jul 09 23:34:56 UTC 2026","","eu.esdihumboldt.hale.io.xls.test.reader.XLSReaderTest","eu.esdihumboldt.hale.io.xls.test.reader.XLSReaderTest","testReadSimpleWithDate"
"","7","testSpecifyType","","Thu Jul 09 23:32:53 UTC 2026","passed","Thu Jul 09 23:32:53 UTC 2026","","eu.esdihumboldt.hale.io.json.test.JsonToInstanceTest","eu.esdihumboldt.hale.io.json.test.JsonToInstanceTest","testSpecifyType"
"","23","testArcStringAllGrid","","Thu Jul 09 23:35:48 UTC 2026","passed","Thu Jul 09 23:35:48 UTC 2026","","eu.esdihumboldt.util.geometry.interpolation.grid.GridInterpolationTest","eu.esdihumboldt.util.geometry.interpolation.grid.GridInterpolationTest","testArcStringAllGrid"
"","4","testByPoints1","","Thu Jul 09 23:35:48 UTC 2026","passed","Thu Jul 09 23:35:48 UTC 2026","","eu.esdihumboldt.util.geometry.interpolation.split.SplitInterpolationTest","eu.esdihumboldt.util.geometry.interpolation.split.SplitInterpolationTest","testByPoints1"
"","44","testNamespaceIndexChildContextType","","Thu Jul 09 23:21:42 UTC 2026","passed","Thu Jul 09 23:21:42 UTC 2026","","eu.esdihumboldt.hale.common.align.groovy.accessor.EntityAccessorTest","eu.esdihumboldt.hale.common.align.groovy.accessor.EntityAccessorTest","testNamespaceIndexChildContextType"
"","8034","testLoadWFS2Capabilities","","Thu Jul 09 23:34:26 UTC 2026","passed","Thu Jul 09 23:34:34 UTC 2026","","eu.esdihumboldt.hale.io.wfs.test.capabilities.CapabilitiesHelperTest","eu.esdihumboldt.hale.io.wfs.test.capabilities.CapabilitiesHelperTest","testLoadWFS2Capabilities"
"","9","testNumber","","Thu Jul 09 23:23:08 UTC 2026","passed","Thu Jul 09 23:23:08 UTC 2026","","eu.esdihumboldt.hale.common.filter.CQLFilterTest","eu.esdihumboldt.hale.common.filter.CQLFilterTest","testNumber"
"","181","testGroovyWarningCreateTarget","","Thu Jul 09 23:22:10 UTC 2026","passed","Thu Jul 09 23:22:10 UTC 2026","","eu.esdihumboldt.hale.common.align.merge.test.impl.DefaultMergeCellMigratorTest","eu.esdihumboldt.hale.common.align.merge.test.impl.DefaultMergeCellMigratorTest","testGroovyWarningCreateTarget"
"","0","testCenter","","Thu Jul 09 23:35:48 UTC 2026","passed","Thu Jul 09 23:35:48 UTC 2026","","eu.esdihumboldt.util.geometry.interpolation.grid.GridUtilTest","eu.esdihumboldt.util.geometry.interpolation.grid.GridUtilTest","testCenter"
"","2","testValues","","Thu Jul 09 23:24:49 UTC 2026","passed","Thu Jul 09 23:24:49 UTC 2026","","eu.esdihumboldt.hale.common.schema.model.constraint.factory.type.EnumerationFactoryTest","eu.esdihumboldt.hale.common.schema.model.constraint.factory.type.EnumerationFactoryTest","testValues"
"","3100","testFiltersForMultiType3","","Thu Jul 09 23:20:27 UTC 2026","passed","Thu Jul 09 23:20:30 UTC 2026","","eu.esdihumboldt.hale.app.transform.test.ExecuteTest","eu.esdihumboldt.hale.app.transform.test.ExecuteTest","testFiltersForMultiType3"
"","66","testNativeQuery","","Thu Jul 09 23:36:29 UTC 2026","passed","Thu Jul 09 23:36:29 UTC 2026","","eu.esdihumboldt.util.orient.embedded.MemoryDocumentTest","eu.esdihumboldt.util.orient.embedded.MemoryDocumentTest","testNativeQuery"
"","0","testGeometry_2_MultiPolygon","","Thu Jul 09 23:29:54 UTC 2026","skipped","Thu Jul 09 23:29:54 UTC 2026","","eu.esdihumboldt.hale.io.gml.writer.internal.StreamGmlWriterTest","eu.esdihumboldt.hale.io.gml.writer.internal.StreamGmlWriterTest","testGeometry_2_MultiPolygon"
"","58","testSchemaLess","","Thu Jul 09 23:23:54 UTC 2026","passed","Thu Jul 09 23:23:54 UTC 2026","","eu.esdihumboldt.hale.common.instance.groovy.InstanceAccessorTest","eu.esdihumboldt.hale.common.instance.groovy.InstanceAccessorTest","testSchemaLess"
"","0","testGeometryPrimitive_32_CompositeCurve_MultiLineString","","Thu Jul 09 23:29:43 UTC 2026","skipped","Thu Jul 09 23:29:43 UTC 2026","","eu.esdihumboldt.hale.io.gml.writer.internal.StreamGmlWriter2Test","eu.esdihumboldt.hale.io.gml.writer.internal.StreamGmlWriter2Test","testGeometryPrimitive_32_CompositeCurve_MultiLineString"
"","280","testGeometryPrimitive_31_Polygon","","Thu Jul 09 23:29:54 UTC 2026","passed","Thu Jul 09 23:29:55 UTC 2026","","eu.esdihumboldt.hale.io.gml.writer.internal.StreamGmlWriterTest","eu.esdihumboldt.hale.io.gml.writer.internal.StreamGmlWriterTest","testGeometryPrimitive_31_Polygon"
"","55","testTemplate","","Thu Jul 09 23:21:26 UTC 2026","passed","Thu Jul 09 23:21:26 UTC 2026","","eu.esdihumboldt.hale.common.align.model.impl.mdexpl.MarkdownCellExplanationTest","eu.esdihumboldt.hale.common.align.model.impl.mdexpl.MarkdownCellExplanationTest","testTemplate"
"","81","testWriteReadBoolean","","Thu Jul 09 23:28:34 UTC 2026","passed","Thu Jul 09 23:28:34 UTC 2026","","eu.esdihumboldt.hale.io.geopackage.GeopackageInstanceWriterTest","eu.esdihumboldt.hale.io.geopackage.GeopackageInstanceWriterTest","testWriteReadBoolean"
"","62","testTypeFilter","","Thu Jul 09 23:26:14 UTC 2026","passed","Thu Jul 09 23:26:14 UTC 2026","","eu.esdihumboldt.cst.internal.ConceptualSchemaTransformerTest","eu.esdihumboldt.cst.internal.ConceptualSchemaTransformerTest","testTypeFilter"
"","641","testInvalidMaxNodes","","Thu Jul 09 23:35:48 UTC 2026","passed","Thu Jul 09 23:35:49 UTC 2026","","eu.esdihumboldt.util.geometry.quadtree.QuadtreeTest","eu.esdihumboldt.util.geometry.quadtree.QuadtreeTest","testInvalidMaxNodes"
"","79","testReadFromFolder","","Thu Jul 09 23:33:56 UTC 2026","passed","Thu Jul 09 23:33:56 UTC 2026","","eu.esdihumboldt.hale.io.shp.ShapeInstanceReaderTest","eu.esdihumboldt.hale.io.shp.ShapeInstanceReaderTest","testReadFromFolder"
"","115","testSimpleComplex","","Thu Jul 09 23:26:13 UTC 2026","passed","Thu Jul 09 23:26:14 UTC 2026","","eu.esdihumboldt.cst.internal.ConceptualSchemaTransformerTest","eu.esdihumboldt.cst.internal.ConceptualSchemaTransformerTest","testSimpleComplex"
"","3","testSerializeCompact","","Thu Jul 09 23:36:03 UTC 2026","passed","Thu Jul 09 23:36:03 UTC 2026","","eu.esdihumboldt.util.groovy.collector.StatsCollectorTest","eu.esdihumboldt.util.groovy.collector.StatsCollectorTest","testSerializeCompact"
"","3","testNested","","Thu Jul 09 23:32:53 UTC 2026","passed","Thu Jul 09 23:32:53 UTC 2026","","eu.esdihumboldt.hale.io.json.test.JsonSchemaReaderTest","eu.esdihumboldt.hale.io.json.test.JsonSchemaReaderTest","testNested"
"","0","testSuccessSaveDDL","","Thu Jul 09 23:28:06 UTC 2026","skipped","Thu Jul 09 23:28:06 UTC 2026","","eu.esdihumboldt.hale.io.deegree.mapping.MappingWriterTest","eu.esdihumboldt.hale.io.deegree.mapping.MappingWriterTest","testSuccessSaveDDL"
"","1","testFormatter[6]","","Thu Jul 09 23:35:44 UTC 2026","passed","Thu Jul 09 23:35:44 UTC 2026","","eu.esdihumboldt.util.geometry.DecimalFormatUtilTest","eu.esdihumboldt.util.geometry.DecimalFormatUtilTest","testFormatter[6]"
"","1","testCCW","","Thu Jul 09 23:35:48 UTC 2026","passed","Thu Jul 09 23:35:48 UTC 2026","","eu.esdihumboldt.util.geometry.interpolation.model.impl.ArcByPointsImplTest","eu.esdihumboldt.util.geometry.interpolation.model.impl.ArcByPointsImplTest","testCCW"
"","0","testLookupAndConsumeMark","","Thu Jul 09 23:22:52 UTC 2026","passed","Thu Jul 09 23:22:52 UTC 2026","","eu.esdihumboldt.hale.common.core.io.supplier.LookupStreamResourceTest","eu.esdihumboldt.hale.common.core.io.supplier.LookupStreamResourceTest","testLookupAndConsumeMark"
"","159","testParentMappingGeometry","","Thu Jul 09 23:22:06 UTC 2026","passed","Thu Jul 09 23:22:06 UTC 2026","","eu.esdihumboldt.hale.common.align.merge.test.impl.DefaultMergeCellMigratorTest","eu.esdihumboldt.hale.common.align.merge.test.impl.DefaultMergeCellMigratorTest","testParentMappingGeometry"
"","3","testJsonBuilderSameNameFail2","","Thu Jul 09 23:36:03 UTC 2026","passed","Thu Jul 09 23:36:03 UTC 2026","","eu.esdihumboldt.util.groovy.json.JsonStreamBuilderTest","eu.esdihumboldt.util.groovy.json.JsonStreamBuilderTest","testJsonBuilderSameNameFail2"
"","108","testIDSaveLoad","","Thu Jul 09 23:21:12 UTC 2026","passed","Thu Jul 09 23:21:13 UTC 2026","","eu.esdihumboldt.hale.common.align.io.CastorAlignmentIOTest","eu.esdihumboldt.hale.common.align.io.CastorAlignmentIOTest","testIDSaveLoad"
"","0","testGeoCross","","Thu Jul 09 23:23:08 UTC 2026","skipped","Thu Jul 09 23:23:08 UTC 2026","","eu.esdihumboldt.hale.common.filter.ECQLFilterTest","eu.esdihumboldt.hale.common.filter.ECQLFilterTest","testGeoCross"
"","161","testFilterSame4","","Thu Jul 09 23:22:05 UTC 2026","passed","Thu Jul 09 23:22:05 UTC 2026","","eu.esdihumboldt.hale.common.align.merge.test.impl.DefaultMergeCellMigratorTest","eu.esdihumboldt.hale.common.align.merge.test.impl.DefaultMergeCellMigratorTest","testFilterSame4"
"","1","testDisabled","","Thu Jul 09 23:24:49 UTC 2026","passed","Thu Jul 09 23:24:49 UTC 2026","","eu.esdihumboldt.hale.common.schema.model.constraint.factory.type.HasValueFlagFactoryTest","eu.esdihumboldt.hale.common.schema.model.constraint.factory.type.HasValueFlagFactoryTest","testDisabled"
"","4418","testArrayTypes","","Thu Jul 09 23:31:46 UTC 2026","passed","Thu Jul 09 23:31:50 UTC 2026","","eu.esdihumboldt.hale.io.jdbc.postgresql.test.MultiDimensionalArraysIT","eu.esdihumboldt.hale.io.jdbc.postgresql.test.MultiDimensionalArraysIT","testArrayTypes"
"","1","testLimit","","Thu Jul 09 23:22:52 UTC 2026","passed","Thu Jul 09 23:22:52 UTC 2026","","eu.esdihumboldt.hale.common.core.io.supplier.LookupStreamResourceTest","eu.esdihumboldt.hale.common.core.io.supplier.LookupStreamResourceTest","testLimit"
"","132","testImplicitAssign","","Thu Jul 09 23:26:11 UTC 2026","passed","Thu Jul 09 23:26:11 UTC 2026","","eu.esdihumboldt.cst.internal.ConceptualSchemaTransformerTest","eu.esdihumboldt.cst.internal.ConceptualSchemaTransformerTest","testImplicitAssign"
"","13522","testGeoJsonSimpleMixed_7_and_14","","Thu Jul 09 23:32:37 UTC 2026","passed","Thu Jul 09 23:32:50 UTC 2026","","eu.esdihumboldt.hale.io.json.test.InstanceToJsonTest","eu.esdihumboldt.hale.io.json.test.InstanceToJsonTest","testGeoJsonSimpleMixed_7_and_14"
"","1035","simpleSchemaTestCQL","","Thu Jul 09 23:23:11 UTC 2026","passed","Thu Jul 09 23:23:12 UTC 2026","","eu.esdihumboldt.hale.common.filter.FilterTest","eu.esdihumboldt.hale.common.filter.FilterTest","simpleSchemaTestCQL"
"","0","testGeometry_2_Point","","Thu Jul 09 23:29:55 UTC 2026","skipped","Thu Jul 09 23:29:55 UTC 2026","","eu.esdihumboldt.hale.io.gml.writer.internal.StreamGmlWriterTest","eu.esdihumboldt.hale.io.gml.writer.internal.StreamGmlWriterTest","testGeometry_2_Point"
"","1453","testConvertJson2PB","","Thu Jul 09 23:32:57 UTC 2026","passed","Thu Jul 09 23:32:59 UTC 2026","","eu.esdihumboldt.hale.io.pb.test.ProtocolBufferInstanceWriterTest","eu.esdihumboldt.hale.io.pb.test.ProtocolBufferInstanceWriterTest","testConvertJson2PB"
"","7","testReadSimple","","Thu Jul 09 23:27:48 UTC 2026","passed","Thu Jul 09 23:27:48 UTC 2026","","eu.esdihumboldt.hale.io.csv.CSVInstanceReaderTest","eu.esdihumboldt.hale.io.csv.CSVInstanceReaderTest","testReadSimple"
"","295","basicClassesAllowed","","Thu Jul 09 23:36:21 UTC 2026","passed","Thu Jul 09 23:36:21 UTC 2026","","eu.esdihumboldt.util.groovy.sandbox.test.internal.GroovySandboxTest","eu.esdihumboldt.util.groovy.sandbox.test.internal.GroovySandboxTest","basicClassesAllowed"
"","0","testOrder","","Thu Jul 09 23:35:20 UTC 2026","passed","Thu Jul 09 23:35:20 UTC 2026","","eu.esdihumboldt.util.DependencyOrderedListTest","eu.esdihumboldt.util.DependencyOrderedListTest","testOrder"
"","1","testHalfmoonThin","","Thu Jul 09 23:26:50 UTC 2026","passed","Thu Jul 09 23:26:50 UTC 2026","","eu.esdihumboldt.cst.functions.geometric.test.InteriorPointTest","eu.esdihumboldt.cst.functions.geometric.test.InteriorPointTest","testHalfmoonThin"
"","3304","testArgsFileForMultiTypesSource","","Thu Jul 09 23:19:52 UTC 2026","passed","Thu Jul 09 23:19:56 UTC 2026","","eu.esdihumboldt.hale.app.transform.test.ExecuteTest","eu.esdihumboldt.hale.app.transform.test.ExecuteTest","testArgsFileForMultiTypesSource"
"","363","testGeometryPrimitive_32_MultiPolygon","","Thu Jul 09 23:29:55 UTC 2026","passed","Thu Jul 09 23:29:55 UTC 2026","","eu.esdihumboldt.hale.io.gml.writer.internal.StreamGmlWriterTest","eu.esdihumboldt.hale.io.gml.writer.internal.StreamGmlWriterTest","testGeometryPrimitive_32_MultiPolygon"
"","2126","testReadInstances","","Thu Jul 09 23:28:30 UTC 2026","passed","Thu Jul 09 23:28:32 UTC 2026","","eu.esdihumboldt.hale.io.geopackage.GeopackageInstanceReaderTest","eu.esdihumboldt.hale.io.geopackage.GeopackageInstanceReaderTest","testReadInstances"
"","250","testNgaSpatialIndexCreation","","Thu Jul 09 23:28:33 UTC 2026","passed","Thu Jul 09 23:28:34 UTC 2026","","eu.esdihumboldt.hale.io.geopackage.GeopackageInstanceWriterTest","eu.esdihumboldt.hale.io.geopackage.GeopackageInstanceWriterTest","testNgaSpatialIndexCreation"
"","1","testQ1","","Thu Jul 09 23:35:48 UTC 2026","passed","Thu Jul 09 23:35:48 UTC 2026","","eu.esdihumboldt.util.geometry.interpolation.grid.GridUtilTest","eu.esdihumboldt.util.geometry.interpolation.grid.GridUtilTest","testQ1"
"","3","testVirtualRootPrettyPrint","","Thu Jul 09 23:36:04 UTC 2026","passed","Thu Jul 09 23:36:04 UTC 2026","","eu.esdihumboldt.util.groovy.json.JsonStreamBuilderTest","eu.esdihumboldt.util.groovy.json.JsonStreamBuilderTest","testVirtualRootPrettyPrint"
"","362","testGeometryPrimitive_32_MultiLineString_Curve2","","Thu Jul 09 23:29:50 UTC 2026","passed","Thu Jul 09 23:29:51 UTC 2026","","eu.esdihumboldt.hale.io.gml.writer.internal.StreamGmlWriterTest","eu.esdihumboldt.hale.io.gml.writer.internal.StreamGmlWriterTest","testGeometryPrimitive_32_MultiLineString_Curve2"
"","169","testValueMapJson","","Thu Jul 09 23:22:51 UTC 2026","passed","Thu Jul 09 23:22:52 UTC 2026","","eu.esdihumboldt.hale.common.core.io.impl.ValueMapTypeTest","eu.esdihumboldt.hale.common.core.io.impl.ValueMapTypeTest","testValueMapJson"
"","4","testMetaClass","","Thu Jul 09 23:25:05 UTC 2026","passed","Thu Jul 09 23:25:05 UTC 2026","","eu.esdihumboldt.hale.common.schema.groovy.DefinitionAccessorTest","eu.esdihumboldt.hale.common.schema.groovy.DefinitionAccessorTest","testMetaClass"
"","45","testGeom","","Thu Jul 09 23:24:49 UTC 2026","passed","Thu Jul 09 23:24:49 UTC 2026","","eu.esdihumboldt.hale.common.schema.model.constraint.factory.type.GeometryTypeFactoryTest","eu.esdihumboldt.hale.common.schema.model.constraint.factory.type.GeometryTypeFactoryTest","testGeom"
"","310","testWfsNonPaginated","","Thu Jul 09 23:29:35 UTC 2026","passed","Thu Jul 09 23:29:36 UTC 2026","","eu.esdihumboldt.hale.io.gml.reader.internal.StreamGmlReaderTest","eu.esdihumboldt.hale.io.gml.reader.internal.StreamGmlReaderTest","testWfsNonPaginated"
"","0","testPropertyMerge","","Thu Jul 09 23:26:10 UTC 2026","skipped","Thu Jul 09 23:26:10 UTC 2026","","eu.esdihumboldt.cst.internal.ConceptualSchemaTransformerTest","eu.esdihumboldt.cst.internal.ConceptualSchemaTransformerTest","testPropertyMerge"
"","0","testHttpAbsoluteOtherFile","","Thu Jul 09 23:35:14 UTC 2026","passed","Thu Jul 09 23:35:14 UTC 2026","","eu.esdihumboldt.hale.io.xsd.reader.HumboldtURIResolverTest","eu.esdihumboldt.hale.io.xsd.reader.HumboldtURIResolverTest","testHttpAbsoluteOtherFile"
"","10","testNestedArrayPrettyPrint","","Thu Jul 09 23:36:03 UTC 2026","passed","Thu Jul 09 23:36:03 UTC 2026","","eu.esdihumboldt.util.groovy.json.JsonStreamBuilderTest","eu.esdihumboldt.util.groovy.json.JsonStreamBuilderTest","testNestedArrayPrettyPrint"
"","0","testComplexWrite","","Thu Jul 09 23:36:28 UTC 2026","skipped","Thu Jul 09 23:36:28 UTC 2026","","eu.esdihumboldt.util.orient.embedded.LocalDocumentTest","eu.esdihumboldt.util.orient.embedded.LocalDocumentTest","testComplexWrite"
"","6","testNullProperties","","Thu Jul 09 23:23:54 UTC 2026","passed","Thu Jul 09 23:23:54 UTC 2026","","eu.esdihumboldt.hale.common.instance.groovy.InstanceAccessorTest","eu.esdihumboldt.hale.common.instance.groovy.InstanceAccessorTest","testNullProperties"
"","29","testRead_definitive_annotated","","Thu Jul 09 23:35:16 UTC 2026","passed","Thu Jul 09 23:35:16 UTC 2026","","eu.esdihumboldt.hale.io.xsd.reader.XmlSchemaReaderTest","eu.esdihumboldt.hale.io.xsd.reader.XmlSchemaReaderTest","testRead_definitive_annotated"
"","0","testInputLookupAndConsume","","Thu Jul 09 23:22:52 UTC 2026","passed","Thu Jul 09 23:22:52 UTC 2026","","eu.esdihumboldt.hale.common.core.io.supplier.LookupStreamResourceTest","eu.esdihumboldt.hale.common.core.io.supplier.LookupStreamResourceTest","testInputLookupAndConsume"
"","49","testWriteMultiSchemas","","Thu Jul 09 23:33:58 UTC 2026","passed","Thu Jul 09 23:33:58 UTC 2026","","eu.esdihumboldt.hale.io.shp.ShapefileInstanceWriterTest","eu.esdihumboldt.hale.io.shp.ShapefileInstanceWriterTest","testWriteMultiSchemas"
"","97","testWriteReadDateTime","","Thu Jul 09 23:28:34 UTC 2026","passed","Thu Jul 09 23:28:34 UTC 2026","","eu.esdihumboldt.hale.io.geopackage.GeopackageInstanceWriterTest","eu.esdihumboldt.hale.io.geopackage.GeopackageInstanceWriterTest","testWriteReadDateTime"
"","183","testSqlQuery","","Thu Jul 09 23:36:28 UTC 2026","passed","Thu Jul 09 23:36:28 UTC 2026","","eu.esdihumboldt.util.orient.embedded.LocalDocumentTest","eu.esdihumboldt.util.orient.embedded.LocalDocumentTest","testSqlQuery"
"","14","testReadPolygonWithHole","","Thu Jul 09 23:32:53 UTC 2026","passed","Thu Jul 09 23:32:53 UTC 2026","","eu.esdihumboldt.hale.io.json.test.JsonToInstanceTest","eu.esdihumboldt.hale.io.json.test.JsonToInstanceTest","testReadPolygonWithHole"
"","0","testInstanceValueExistsSchema","","Thu Jul 09 23:23:07 UTC 2026","skipped","Thu Jul 09 23:23:07 UTC 2026","","eu.esdihumboldt.hale.common.filter.CQLFilterTest","eu.esdihumboldt.hale.common.filter.CQLFilterTest","testInstanceValueExistsSchema"
"","0","testReverseGroupsKeysBySharedValue","","Thu Jul 09 23:24:15 UTC 2026","passed","Thu Jul 09 23:24:15 UTC 2026","","eu.esdihumboldt.hale.common.lookup.impl.LookupTableImplTest","eu.esdihumboldt.hale.common.lookup.impl.LookupTableImplTest","testReverseGroupsKeysBySharedValue"
"","0","testExistsNoSchema","","Thu Jul 09 23:23:09 UTC 2026","skipped","Thu Jul 09 23:23:09 UTC 2026","","eu.esdihumboldt.hale.common.filter.ECQLFilterTest","eu.esdihumboldt.hale.common.filter.ECQLFilterTest","testExistsNoSchema"
"","342","testGeometryAggregate_32_Point","","Thu Jul 09 23:29:52 UTC 2026","passed","Thu Jul 09 23:29:53 UTC 2026","","eu.esdihumboldt.hale.io.gml.writer.internal.StreamGmlWriterTest","eu.esdihumboldt.hale.io.gml.writer.internal.StreamGmlWriterTest","testGeometryAggregate_32_Point"
"","11","testGeoJsonSimple_7_andLess","","Thu Jul 09 23:32:51 UTC 2026","passed","Thu Jul 09 23:32:51 UTC 2026","","eu.esdihumboldt.hale.io.json.test.InstanceToJsonTest","eu.esdihumboldt.hale.io.json.test.InstanceToJsonTest","testGeoJsonSimple_7_andLess"
"","0","testCurve","","Thu Jul 09 23:26:50 UTC 2026","passed","Thu Jul 09 23:26:50 UTC 2026","","eu.esdihumboldt.cst.functions.geometric.test.InteriorPointTest","eu.esdihumboldt.cst.functions.geometric.test.InteriorPointTest","testCurve"
"","155","testFilterSame3","","Thu Jul 09 23:22:05 UTC 2026","passed","Thu Jul 09 23:22:05 UTC 2026","","eu.esdihumboldt.hale.common.align.merge.test.impl.DefaultMergeCellMigratorTest","eu.esdihumboldt.hale.common.align.merge.test.impl.DefaultMergeCellMigratorTest","testFilterSame3"
"","630","testWfsPaginationPageSizeEqualsTotal","","Thu Jul 09 23:29:31 UTC 2026","passed","Thu Jul 09 23:29:32 UTC 2026","","eu.esdihumboldt.hale.io.gml.reader.internal.StreamGmlReaderTest","eu.esdihumboldt.hale.io.gml.reader.internal.StreamGmlReaderTest","testWfsPaginationPageSizeEqualsTotal"
"","0","testSubfolder","","Thu Jul 09 23:22:39 UTC 2026","passed","Thu Jul 09 23:22:39 UTC 2026","","eu.esdihumboldt.hale.common.core.io.PathUpdateTest","eu.esdihumboldt.hale.common.core.io.PathUpdateTest","testSubfolder"
"","15","testArcString","","Thu Jul 09 23:35:48 UTC 2026","passed","Thu Jul 09 23:35:48 UTC 2026","","eu.esdihumboldt.util.geometry.interpolation.split.SplitInterpolationTest","eu.esdihumboldt.util.geometry.interpolation.split.SplitInterpolationTest","testArcString"
"","142","testSimpleMerge","","Thu Jul 09 23:26:11 UTC 2026","passed","Thu Jul 09 23:26:11 UTC 2026","","eu.esdihumboldt.cst.internal.ConceptualSchemaTransformerTest","eu.esdihumboldt.cst.internal.ConceptualSchemaTransformerTest","testSimpleMerge"
"","5","testReadDefaultType","","Thu Jul 09 23:32:53 UTC 2026","passed","Thu Jul 09 23:32:53 UTC 2026","","eu.esdihumboldt.hale.io.json.test.JsonInstanceReaderTest","eu.esdihumboldt.hale.io.json.test.JsonInstanceReaderTest","testReadDefaultType"
"","30","testWriteRead","","Thu Jul 09 23:36:04 UTC 2026","passed","Thu Jul 09 23:36:04 UTC 2026","","eu.esdihumboldt.util.groovy.xml.NSDOMBuilderTest","eu.esdihumboldt.util.groovy.xml.NSDOMBuilderTest","testWriteRead"
"","1","testFormatter[2]","","Thu Jul 09 23:35:44 UTC 2026","passed","Thu Jul 09 23:35:44 UTC 2026","","eu.esdihumboldt.util.geometry.DecimalFormatUtilTest","eu.esdihumboldt.util.geometry.DecimalFormatUtilTest","testFormatter[2]"
"","2","testDisabled","","Thu Jul 09 23:24:49 UTC 2026","passed","Thu Jul 09 23:24:49 UTC 2026","","eu.esdihumboldt.hale.common.schema.model.constraint.factory.type.AbstractFlagFactoryTest","eu.esdihumboldt.hale.common.schema.model.constraint.factory.type.AbstractFlagFactoryTest","testDisabled"
"","60","testReadMultiSheetDetectType","","Thu Jul 09 23:34:55 UTC 2026","passed","Thu Jul 09 23:34:55 UTC 2026","","eu.esdihumboldt.hale.io.xls.test.reader.XLSReaderTest","eu.esdihumboldt.hale.io.xls.test.reader.XLSReaderTest","testReadMultiSheetDetectType"
"","1096","testReadXsdInstancesResultPrefix1","","Thu Jul 09 23:33:51 UTC 2026","passed","Thu Jul 09 23:33:52 UTC 2026","","eu.esdihumboldt.hale.io.shp.ShapeInstanceReaderTest","eu.esdihumboldt.hale.io.shp.ShapeInstanceReaderTest","testReadXsdInstancesResultPrefix1"
"","192","testGroovyWarningMergeTarget","","Thu Jul 09 23:22:08 UTC 2026","passed","Thu Jul 09 23:22:09 UTC 2026","","eu.esdihumboldt.hale.common.align.merge.test.impl.DefaultMergeCellMigratorTest","eu.esdihumboldt.hale.common.align.merge.test.impl.DefaultMergeCellMigratorTest","testGroovyWarningMergeTarget"
"","53","testReadMultiSheetTypeNames","","Thu Jul 09 23:34:56 UTC 2026","passed","Thu Jul 09 23:34:56 UTC 2026","","eu.esdihumboldt.hale.io.xls.test.reader.XLSReaderTest","eu.esdihumboldt.hale.io.xls.test.reader.XLSReaderTest","testReadMultiSheetTypeNames"
"","154","testMultiResult2","","Thu Jul 09 23:26:04 UTC 2026","passed","Thu Jul 09 23:26:04 UTC 2026","","eu.esdihumboldt.cst.internal.ConceptualSchemaTransformerTest","eu.esdihumboldt.cst.internal.ConceptualSchemaTransformerTest","testMultiResult2"
"","229","testReadForceDefaultType","","Thu Jul 09 23:32:53 UTC 2026","passed","Thu Jul 09 23:32:53 UTC 2026","","eu.esdihumboldt.hale.io.json.test.JsonInstanceReaderTest","eu.esdihumboldt.hale.io.json.test.JsonInstanceReaderTest","testReadForceDefaultType"
"","577","testExportPropertyJoin","","Thu Jul 09 23:30:36 UTC 2026","passed","Thu Jul 09 23:30:37 UTC 2026","","eu.esdihumboldt.hale.io.html.svg.json.JsonMappingExporterTest","eu.esdihumboldt.hale.io.html.svg.json.JsonMappingExporterTest","testExportPropertyJoin"
"","5","testJsonBuilderRawJson","","Thu Jul 09 23:36:03 UTC 2026","passed","Thu Jul 09 23:36:03 UTC 2026","","eu.esdihumboldt.util.groovy.json.JsonStreamBuilderTest","eu.esdihumboldt.util.groovy.json.JsonStreamBuilderTest","testJsonBuilderRawJson"
"","0","testChoice","","Thu Jul 09 23:26:14 UTC 2026","skipped","Thu Jul 09 23:26:14 UTC 2026","","eu.esdihumboldt.cst.internal.ConceptualSchemaTransformerTest","eu.esdihumboldt.cst.internal.ConceptualSchemaTransformerTest","testChoice"
"","259","testTypeFilter5","","Thu Jul 09 23:22:07 UTC 2026","passed","Thu Jul 09 23:22:07 UTC 2026","","eu.esdihumboldt.hale.common.align.merge.test.impl.DefaultMergeCellMigratorTest","eu.esdihumboldt.hale.common.align.merge.test.impl.DefaultMergeCellMigratorTest","testTypeFilter5"
"","80","testFormatstring","","Thu Jul 09 23:26:13 UTC 2026","passed","Thu Jul 09 23:26:13 UTC 2026","","eu.esdihumboldt.cst.internal.ConceptualSchemaTransformerTest","eu.esdihumboldt.cst.internal.ConceptualSchemaTransformerTest","testFormatstring"
"","35","testRead_shiporder_types_reverse","","Thu Jul 09 23:35:16 UTC 2026","passed","Thu Jul 09 23:35:16 UTC 2026","","eu.esdihumboldt.hale.io.xsd.reader.XmlSchemaReaderTest","eu.esdihumboldt.hale.io.xsd.reader.XmlSchemaReaderTest","testRead_shiporder_types_reverse"
"","325","testMatchCondition1","","Thu Jul 09 23:22:04 UTC 2026","passed","Thu Jul 09 23:22:04 UTC 2026","","eu.esdihumboldt.hale.common.align.merge.test.impl.DefaultMergeCellMigratorTest","eu.esdihumboldt.hale.common.align.merge.test.impl.DefaultMergeCellMigratorTest","testMatchCondition1"
"","239","mergeJoinWithRetype","","Thu Jul 09 23:22:08 UTC 2026","passed","Thu Jul 09 23:22:08 UTC 2026","","eu.esdihumboldt.hale.common.align.merge.test.impl.DefaultMergeCellMigratorTest","eu.esdihumboldt.hale.common.align.merge.test.impl.DefaultMergeCellMigratorTest","mergeJoinWithRetype"
"","23","testReadSimple","","Thu Jul 09 23:34:56 UTC 2026","passed","Thu Jul 09 23:34:56 UTC 2026","","eu.esdihumboldt.hale.io.xls.test.reader.XLSReaderTest","eu.esdihumboldt.hale.io.xls.test.reader.XLSReaderTest","testReadSimple"
"","98","testMergeWithoutAdditionalProp","","Thu Jul 09 23:26:10 UTC 2026","passed","Thu Jul 09 23:26:10 UTC 2026","","eu.esdihumboldt.cst.internal.ConceptualSchemaTransformerTest","eu.esdihumboldt.cst.internal.ConceptualSchemaTransformerTest","testMergeWithoutAdditionalProp"
"","203","testGroovyWarningMerge","","Thu Jul 09 23:22:06 UTC 2026","passed","Thu Jul 09 23:22:06 UTC 2026","","eu.esdihumboldt.hale.common.align.merge.test.impl.DefaultMergeCellMigratorTest","eu.esdihumboldt.hale.common.align.merge.test.impl.DefaultMergeCellMigratorTest","testGroovyWarningMerge"
"","57","testWriteAttributes","","Thu Jul 09 23:28:34 UTC 2026","passed","Thu Jul 09 23:28:34 UTC 2026","","eu.esdihumboldt.hale.io.geopackage.GeopackageInstanceWriterTest","eu.esdihumboldt.hale.io.geopackage.GeopackageInstanceWriterTest","testWriteAttributes"
"","66","testAfter","","Thu Jul 09 23:23:07 UTC 2026","passed","Thu Jul 09 23:23:07 UTC 2026","","eu.esdihumboldt.hale.common.filter.CQLFilterTest","eu.esdihumboldt.hale.common.filter.CQLFilterTest","testAfter"
"","4","testStringBetween","","Thu Jul 09 23:23:08 UTC 2026","passed","Thu Jul 09 23:23:08 UTC 2026","","eu.esdihumboldt.hale.common.filter.CQLFilterTest","eu.esdihumboldt.hale.common.filter.CQLFilterTest","testStringBetween"
"","2","testNestedOverride","","Thu Jul 09 23:35:39 UTC 2026","passed","Thu Jul 09 23:35:39 UTC 2026","","eu.esdihumboldt.util.config.ConfigMergerTest","eu.esdihumboldt.util.config.ConfigMergerTest","testNestedOverride"
"","0","testUnifyHoles","","Thu Jul 09 23:35:47 UTC 2026","passed","Thu Jul 09 23:35:47 UTC 2026","","eu.esdihumboldt.util.geometry.WindingOrderTest","eu.esdihumboldt.util.geometry.WindingOrderTest","testUnifyHoles"
"","9","testEdgeCases","","Thu Jul 09 23:36:04 UTC 2026","passed","Thu Jul 09 23:36:04 UTC 2026","","eu.esdihumboldt.util.groovy.json.JsonStreamBuilderTest","eu.esdihumboldt.util.groovy.json.JsonStreamBuilderTest","testEdgeCases"
"","0","testFormatter[10]","","Thu Jul 09 23:35:44 UTC 2026","passed","Thu Jul 09 23:35:44 UTC 2026","","eu.esdihumboldt.util.geometry.DecimalFormatUtilTest","eu.esdihumboldt.util.geometry.DecimalFormatUtilTest","testFormatter[10]"
"","4022","testAdvCrsFactories","","Thu Jul 09 23:24:27 UTC 2026","passed","Thu Jul 09 23:24:31 UTC 2026","","eu.esdihumboldt.hale.common.referencing.factory.CrsAuthorityFactoryTest","eu.esdihumboldt.hale.common.referencing.factory.CrsAuthorityFactoryTest","testAdvCrsFactories"
"","10027","testSha256_String","","Thu Jul 09 23:27:00 UTC 2026","passed","Thu Jul 09 23:27:10 UTC 2026","","eu.esdihumboldt.cst.functions.groovy.helpers.CryptoHelpersTest","eu.esdihumboldt.cst.functions.groovy.helpers.CryptoHelpersTest","testSha256_String"
"","16","testNullList","","Thu Jul 09 23:23:07 UTC 2026","passed","Thu Jul 09 23:23:07 UTC 2026","","eu.esdihumboldt.hale.common.filter.CQLFilterTest","eu.esdihumboldt.hale.common.filter.CQLFilterTest","testNullList"
"","122","testMergeAdditionalProp","","Thu Jul 09 23:26:11 UTC 2026","passed","Thu Jul 09 23:26:11 UTC 2026","","eu.esdihumboldt.cst.internal.ConceptualSchemaTransformerTest","eu.esdihumboldt.cst.internal.ConceptualSchemaTransformerTest","testMergeAdditionalProp"
"","149","testWriteDocument","","Thu Jul 09 23:36:28 UTC 2026","passed","Thu Jul 09 23:36:28 UTC 2026","","eu.esdihumboldt.util.orient.embedded.LocalDocumentTest","eu.esdihumboldt.util.orient.embedded.LocalDocumentTest","testWriteDocument"
"","5","testDescriptions","","Thu Jul 09 23:25:05 UTC 2026","passed","Thu Jul 09 23:25:05 UTC 2026","","eu.esdihumboldt.hale.common.schema.groovy.SchemaBuilderTest","eu.esdihumboldt.hale.common.schema.groovy.SchemaBuilderTest","testDescriptions"
"","7681","testShapefileInstanceFromNginxUrl","","Thu Jul 09 23:33:43 UTC 2026","passed","Thu Jul 09 23:33:51 UTC 2026","","eu.esdihumboldt.hale.io.shp.ShapeInstanceReaderTest","eu.esdihumboldt.hale.io.shp.ShapeInstanceReaderTest","testShapefileInstanceFromNginxUrl"
"","11","testJsonSimple","","Thu Jul 09 23:32:51 UTC 2026","passed","Thu Jul 09 23:32:51 UTC 2026","","eu.esdihumboldt.hale.io.json.test.InstanceToJsonTest","eu.esdihumboldt.hale.io.json.test.InstanceToJsonTest","testJsonSimple"
"","148","migrateJoinGroovyRetype","","Thu Jul 09 23:22:11 UTC 2026","passed","Thu Jul 09 23:22:11 UTC 2026","","eu.esdihumboldt.hale.common.align.merge.test.impl.GroovyRetypeMergeTest","eu.esdihumboldt.hale.common.align.merge.test.impl.GroovyRetypeMergeTest","migrateJoinGroovyRetype"
"","2","testDisabled","","Thu Jul 09 23:24:48 UTC 2026","passed","Thu Jul 09 23:24:48 UTC 2026","","eu.esdihumboldt.hale.common.schema.model.constraint.factory.property.ChoiceFlagFactoryTest","eu.esdihumboldt.hale.common.schema.model.constraint.factory.property.ChoiceFlagFactoryTest","testDisabled"
"","177","testTypeFilter3","","Thu Jul 09 23:22:06 UTC 2026","passed","Thu Jul 09 23:22:07 UTC 2026","","eu.esdihumboldt.hale.common.align.merge.test.impl.DefaultMergeCellMigratorTest","eu.esdihumboldt.hale.common.align.merge.test.impl.DefaultMergeCellMigratorTest","testTypeFilter3"
"","1","testDisabled","","Thu Jul 09 23:24:49 UTC 2026","passed","Thu Jul 09 23:24:49 UTC 2026","","eu.esdihumboldt.hale.common.schema.model.constraint.factory.type.MappableFlagFactoryTest","eu.esdihumboldt.hale.common.schema.model.constraint.factory.type.MappableFlagFactoryTest","testDisabled"
"","365","testInspireReferenceAppInfo","","Thu Jul 09 23:35:16 UTC 2026","passed","Thu Jul 09 23:35:16 UTC 2026","","eu.esdihumboldt.hale.io.xsd.reader.XmlSchemaReaderMoreTest","eu.esdihumboldt.hale.io.xsd.reader.XmlSchemaReaderMoreTest","testInspireReferenceAppInfo"
"","0","testInstanceReader","","Thu Jul 09 23:30:56 UTC 2026","skipped","Thu Jul 09 23:30:56 UTC 2026","","eu.esdihumboldt.hale.io.jdbc.mssql.test.MsSqlDataReaderTest","eu.esdihumboldt.hale.io.jdbc.mssql.test.MsSqlDataReaderTest","testInstanceReader"
"","60","testLoadWVAIgnoreNamespace","","Thu Jul 09 23:28:47 UTC 2026","passed","Thu Jul 09 23:28:47 UTC 2026","","eu.esdihumboldt.hale.io.gml.reader.internal.GmlInstanceCollectionTest","eu.esdihumboldt.hale.io.gml.reader.internal.GmlInstanceCollectionTest","testLoadWVAIgnoreNamespace"
"","2","testPrimitive","","Thu Jul 09 23:24:49 UTC 2026","passed","Thu Jul 09 23:24:49 UTC 2026","","eu.esdihumboldt.hale.common.schema.model.constraint.factory.type.BindingFactoryTest","eu.esdihumboldt.hale.common.schema.model.constraint.factory.type.BindingFactoryTest","testPrimitive"
"","6","testInstanceValueNullSchema","","Thu Jul 09 23:23:08 UTC 2026","passed","Thu Jul 09 23:23:08 UTC 2026","","eu.esdihumboldt.hale.common.filter.CQLFilterTest","eu.esdihumboldt.hale.common.filter.CQLFilterTest","testInstanceValueNullSchema"
"","41","testLoadAllGroup","","Thu Jul 09 23:28:46 UTC 2026","passed","Thu Jul 09 23:28:46 UTC 2026","","eu.esdihumboldt.hale.io.gml.reader.internal.GmlInstanceCollectionTest","eu.esdihumboldt.hale.io.gml.reader.internal.GmlInstanceCollectionTest","testLoadAllGroup"
"","220","testTypeFilter6Present","","Thu Jul 09 23:22:07 UTC 2026","passed","Thu Jul 09 23:22:07 UTC 2026","","eu.esdihumboldt.hale.common.align.merge.test.impl.DefaultMergeCellMigratorTest","eu.esdihumboldt.hale.common.align.merge.test.impl.DefaultMergeCellMigratorTest","testTypeFilter6Present"
"","1","testSimple","","Thu Jul 09 23:35:14 UTC 2026","passed","Thu Jul 09 23:35:14 UTC 2026","","eu.esdihumboldt.hale.io.xsd.anytype.valuetypes.CustomTypeContentTypeTest","eu.esdihumboldt.hale.io.xsd.anytype.valuetypes.CustomTypeContentTypeTest","testSimple"
"","16722","testExportPropertyJoin","","Thu Jul 09 23:30:19 UTC 2026","passed","Thu Jul 09 23:30:35 UTC 2026","","eu.esdihumboldt.hale.io.html.svg.MappingExporterTest","eu.esdihumboldt.hale.io.html.svg.MappingExporterTest","testExportPropertyJoin"
"","3976","testEvaluateSuccess2","","Thu Jul 09 23:20:48 UTC 2026","passed","Thu Jul 09 23:20:52 UTC 2026","","eu.esdihumboldt.hale.app.transform.test.ExecuteTest","eu.esdihumboldt.hale.app.transform.test.ExecuteTest","testEvaluateSuccess2"
"","1469","testExplanation","","Thu Jul 09 23:21:24 UTC 2026","passed","Thu Jul 09 23:21:26 UTC 2026","","eu.esdihumboldt.hale.common.align.model.impl.mdexpl.MarkdownCellExplanationTest","eu.esdihumboldt.hale.common.align.model.impl.mdexpl.MarkdownCellExplanationTest","testExplanation"
"","12","testRootArrayObjectNestedPrettyPrint","","Thu Jul 09 23:36:03 UTC 2026","passed","Thu Jul 09 23:36:03 UTC 2026","","eu.esdihumboldt.util.groovy.json.JsonStreamBuilderTest","eu.esdihumboldt.util.groovy.json.JsonStreamBuilderTest","testRootArrayObjectNestedPrettyPrint"
"","20","testPropertyType","","Thu Jul 09 23:34:56 UTC 2026","passed","Thu Jul 09 23:34:56 UTC 2026","","eu.esdihumboldt.hale.io.xls.test.reader.XLSReaderTest","eu.esdihumboldt.hale.io.xls.test.reader.XLSReaderTest","testPropertyType"
"","27","testRead_shiporder_types_cycle","","Thu Jul 09 23:35:16 UTC 2026","passed","Thu Jul 09 23:35:16 UTC 2026","","eu.esdihumboldt.hale.io.xsd.reader.XmlSchemaReaderTest","eu.esdihumboldt.hale.io.xsd.reader.XmlSchemaReaderTest","testRead_shiporder_types_cycle"
"","25","testRead_definitive_choice","","Thu Jul 09 23:35:16 UTC 2026","passed","Thu Jul 09 23:35:16 UTC 2026","","eu.esdihumboldt.hale.io.xsd.reader.XmlSchemaReaderTest","eu.esdihumboldt.hale.io.xsd.reader.XmlSchemaReaderTest","testRead_definitive_choice"
"","5","testReadInteger","","Thu Jul 09 23:32:53 UTC 2026","passed","Thu Jul 09 23:32:53 UTC 2026","","eu.esdihumboldt.hale.io.json.test.JsonToInstanceTest","eu.esdihumboldt.hale.io.json.test.JsonToInstanceTest","testReadInteger"
"","425","testReadXsdInstancesName","","Thu Jul 09 23:33:51 UTC 2026","passed","Thu Jul 09 23:33:51 UTC 2026","","eu.esdihumboldt.hale.io.shp.ShapeInstanceReaderTest","eu.esdihumboldt.hale.io.shp.ShapeInstanceReaderTest","testReadXsdInstancesName"
"","391","testGeometryPrimitive_32_MultiLineString_Curve1","","Thu Jul 09 23:29:50 UTC 2026","passed","Thu Jul 09 23:29:50 UTC 2026","","eu.esdihumboldt.hale.io.gml.writer.internal.StreamGmlWriterTest","eu.esdihumboldt.hale.io.gml.writer.internal.StreamGmlWriterTest","testGeometryPrimitive_32_MultiLineString_Curve1"
"","5","testGeoBboxList","","Thu Jul 09 23:23:09 UTC 2026","passed","Thu Jul 09 23:23:09 UTC 2026","","eu.esdihumboldt.hale.common.filter.ECQLFilterTest","eu.esdihumboldt.hale.common.filter.ECQLFilterTest","testGeoBboxList"
"","364","testGeometryPrimitive_32_MultiPolygon_WindingOrder","","Thu Jul 09 23:29:52 UTC 2026","passed","Thu Jul 09 23:29:52 UTC 2026","","eu.esdihumboldt.hale.io.gml.writer.internal.StreamGmlWriterTest","eu.esdihumboldt.hale.io.gml.writer.internal.StreamGmlWriterTest","testGeometryPrimitive_32_MultiPolygon_WindingOrder"
"","0","testCRSFlipped","","Thu Jul 09 23:35:47 UTC 2026","passed","Thu Jul 09 23:35:47 UTC 2026","","eu.esdihumboldt.util.geometry.WindingOrderTest","eu.esdihumboldt.util.geometry.WindingOrderTest","testCRSFlipped"
"","3","testDoesNotExistSchema","","Thu Jul 09 23:23:09 UTC 2026","passed","Thu Jul 09 23:23:09 UTC 2026","","eu.esdihumboldt.hale.common.filter.ECQLFilterTest","eu.esdihumboldt.hale.common.filter.ECQLFilterTest","testDoesNotExistSchema"
"","15953","testReadInstancesXSDQualified","","Thu Jul 09 23:28:14 UTC 2026","passed","Thu Jul 09 23:28:30 UTC 2026","","eu.esdihumboldt.hale.io.geopackage.GeopackageInstanceReaderTest","eu.esdihumboldt.hale.io.geopackage.GeopackageInstanceReaderTest","testReadInstancesXSDQualified"
"","55","testEnabled","","Thu Jul 09 23:24:48 UTC 2026","passed","Thu Jul 09 23:24:48 UTC 2026","","eu.esdihumboldt.hale.common.schema.model.constraint.factory.property.ChoiceFlagFactoryTest","eu.esdihumboldt.hale.common.schema.model.constraint.factory.property.ChoiceFlagFactoryTest","testEnabled"
"","8","testLoadWFS11Capabilities","","Thu Jul 09 23:34:35 UTC 2026","passed","Thu Jul 09 23:34:35 UTC 2026","","eu.esdihumboldt.hale.io.wfs.test.capabilities.CapabilitiesHelperTest","eu.esdihumboldt.hale.io.wfs.test.capabilities.CapabilitiesHelperTest","testLoadWFS11Capabilities"
"","41","testGroup","","Thu Jul 09 23:25:05 UTC 2026","passed","Thu Jul 09 23:25:05 UTC 2026","","eu.esdihumboldt.hale.common.schema.groovy.SchemaBuilderTest","eu.esdihumboldt.hale.common.schema.groovy.SchemaBuilderTest","testGroup"
"","26","testSinglePolyGeometry","","Thu Jul 09 23:34:01 UTC 2026","passed","Thu Jul 09 23:34:01 UTC 2026","","eu.esdihumboldt.hale.io.shp.ShapefileInstanceWriterTest","eu.esdihumboldt.hale.io.shp.ShapefileInstanceWriterTest","testSinglePolyGeometry"
"","3592","testGroovyFilterForHydro","","Thu Jul 09 23:20:33 UTC 2026","passed","Thu Jul 09 23:20:36 UTC 2026","","eu.esdihumboldt.hale.app.transform.test.ExecuteTest","eu.esdihumboldt.hale.app.transform.test.ExecuteTest","testGroovyFilterForHydro"
"","33","testGmlNoId","","Thu Jul 09 23:23:40 UTC 2026","passed","Thu Jul 09 23:23:40 UTC 2026","","eu.esdihumboldt.hale.common.instance.graph.test.ReferenceGraphTest","eu.esdihumboldt.hale.common.instance.graph.test.ReferenceGraphTest","testGmlNoId"
"","0","testUnifyEmpty","","Thu Jul 09 23:35:47 UTC 2026","passed","Thu Jul 09 23:35:47 UTC 2026","","eu.esdihumboldt.util.geometry.WindingOrderTest","eu.esdihumboldt.util.geometry.WindingOrderTest","testUnifyEmpty"
"","197","testGroovy3","","Thu Jul 09 23:26:03 UTC 2026","passed","Thu Jul 09 23:26:03 UTC 2026","","eu.esdihumboldt.cst.internal.ConceptualSchemaTransformerTest","eu.esdihumboldt.cst.internal.ConceptualSchemaTransformerTest","testGroovy3"
"","3119","testFiltersForMultiType2","","Thu Jul 09 23:20:23 UTC 2026","passed","Thu Jul 09 23:20:27 UTC 2026","","eu.esdihumboldt.hale.app.transform.test.ExecuteTest","eu.esdihumboldt.hale.app.transform.test.ExecuteTest","testFiltersForMultiType2"
"","0","testGeometryPrimitive_3_Polygon","","Thu Jul 09 23:29:54 UTC 2026","skipped","Thu Jul 09 23:29:54 UTC 2026","","eu.esdihumboldt.hale.io.gml.writer.internal.StreamGmlWriterTest","eu.esdihumboldt.hale.io.gml.writer.internal.StreamGmlWriterTest","testGeometryPrimitive_3_Polygon"
"","2","testListAndValue","","Thu Jul 09 23:35:39 UTC 2026","passed","Thu Jul 09 23:35:39 UTC 2026","","eu.esdihumboldt.util.config.ConfigMergerTest","eu.esdihumboldt.util.config.ConfigMergerTest","testListAndValue"
"","1078","testReadXsdInstancesResultPrefix2","","Thu Jul 09 23:33:52 UTC 2026","passed","Thu Jul 09 23:33:53 UTC 2026","","eu.esdihumboldt.hale.io.shp.ShapeInstanceReaderTest","eu.esdihumboldt.hale.io.shp.ShapeInstanceReaderTest","testReadXsdInstancesResultPrefix2"
"","10","testWriteReadTypeSafe","","Thu Jul 09 23:36:04 UTC 2026","passed","Thu Jul 09 23:36:04 UTC 2026","","eu.esdihumboldt.util.groovy.xml.NSDOMBuilderTest","eu.esdihumboldt.util.groovy.xml.NSDOMBuilderTest","testWriteReadTypeSafe"
"","86","testLikeSchema","","Thu Jul 09 23:23:07 UTC 2026","passed","Thu Jul 09 23:23:07 UTC 2026","","eu.esdihumboldt.hale.common.filter.CQLFilterTest","eu.esdihumboldt.hale.common.filter.CQLFilterTest","testLikeSchema"
"","32","testEnabled","","Thu Jul 09 23:24:48 UTC 2026","passed","Thu Jul 09 23:24:48 UTC 2026","","eu.esdihumboldt.hale.common.schema.model.constraint.factory.property.NillableFlagFactoryTest","eu.esdihumboldt.hale.common.schema.model.constraint.factory.property.NillableFlagFactoryTest","testEnabled"
"","1","testStoreRestoreDefault","","Thu Jul 09 23:24:48 UTC 2026","passed","Thu Jul 09 23:24:48 UTC 2026","","eu.esdihumboldt.hale.common.schema.model.constraint.factory.DisplayNameFactoryTest","eu.esdihumboldt.hale.common.schema.model.constraint.factory.DisplayNameFactoryTest","testStoreRestoreDefault"
"","7","testMerge4","","Thu Jul 09 23:22:52 UTC 2026","passed","Thu Jul 09 23:22:52 UTC 2026","","eu.esdihumboldt.hale.common.core.report.util.StatsMergeTest","eu.esdihumboldt.hale.common.core.report.util.StatsMergeTest","testMerge4"
"","15337","testTypeFilter2Property","","Thu Jul 09 23:21:48 UTC 2026","passed","Thu Jul 09 23:22:03 UTC 2026","","eu.esdihumboldt.hale.common.align.merge.test.impl.DefaultMergeCellMigratorTest","eu.esdihumboldt.hale.common.align.merge.test.impl.DefaultMergeCellMigratorTest","testTypeFilter2Property"
"","341","testGeometryPrimitive_32_Point","","Thu Jul 09 23:29:53 UTC 2026","passed","Thu Jul 09 23:29:53 UTC 2026","","eu.esdihumboldt.hale.io.gml.writer.internal.StreamGmlWriterTest","eu.esdihumboldt.hale.io.gml.writer.internal.StreamGmlWriterTest","testGeometryPrimitive_32_Point"
"","347","testGeometryPrimitive_32_LineString","","Thu Jul 09 23:29:53 UTC 2026","passed","Thu Jul 09 23:29:54 UTC 2026","","eu.esdihumboldt.hale.io.gml.writer.internal.StreamGmlWriterTest","eu.esdihumboldt.hale.io.gml.writer.internal.StreamGmlWriterTest","testGeometryPrimitive_32_LineString"
"","4","testInstanceValueNullSchema","","Thu Jul 09 23:23:08 UTC 2026","passed","Thu Jul 09 23:23:08 UTC 2026","","eu.esdihumboldt.hale.common.filter.ECQLFilterTest","eu.esdihumboldt.hale.common.filter.ECQLFilterTest","testInstanceValueNullSchema"
"","763","testGroovy1","","Thu Jul 09 23:26:02 UTC 2026","passed","Thu Jul 09 23:26:03 UTC 2026","","eu.esdihumboldt.cst.internal.ConceptualSchemaTransformerTest","eu.esdihumboldt.cst.internal.ConceptualSchemaTransformerTest","testGroovy1"
"","0","testLocales1","","Thu Jul 09 23:21:26 UTC 2026","skipped","Thu Jul 09 23:21:26 UTC 2026","","eu.esdihumboldt.hale.common.align.model.impl.mdexpl.MarkdownCellExplanationTest","eu.esdihumboldt.hale.common.align.model.impl.mdexpl.MarkdownCellExplanationTest","testLocales1"
"","132","testLarge","","Thu Jul 09 23:35:48 UTC 2026","passed","Thu Jul 09 23:35:48 UTC 2026","","eu.esdihumboldt.util.geometry.interpolation.grid.GridInterpolationTest","eu.esdihumboldt.util.geometry.interpolation.grid.GridInterpolationTest","testLarge"
"","8","testEqualityList","","Thu Jul 09 23:23:08 UTC 2026","passed","Thu Jul 09 23:23:08 UTC 2026","","eu.esdihumboldt.hale.common.filter.CQLFilterTest","eu.esdihumboldt.hale.common.filter.CQLFilterTest","testEqualityList"
"","108","testCMMulti4","","Thu Jul 09 23:26:12 UTC 2026","passed","Thu Jul 09 23:26:12 UTC 2026","","eu.esdihumboldt.cst.internal.ConceptualSchemaTransformerTest","eu.esdihumboldt.cst.internal.ConceptualSchemaTransformerTest","testCMMulti4"
"","0","testSchemaReader","","Thu Jul 09 23:30:56 UTC 2026","skipped","Thu Jul 09 23:30:56 UTC 2026","","eu.esdihumboldt.hale.io.jdbc.mssql.test.MsSqlDataReaderTest","eu.esdihumboldt.hale.io.jdbc.mssql.test.MsSqlDataReaderTest","testSchemaReader"
"","8842","testSerialize","","Thu Jul 09 23:35:54 UTC 2026","passed","Thu Jul 09 23:36:03 UTC 2026","","eu.esdihumboldt.util.groovy.collector.StatsCollectorTest","eu.esdihumboldt.util.groovy.collector.StatsCollectorTest","testSerialize"
"","3","testElements","","Thu Jul 09 23:35:14 UTC 2026","passed","Thu Jul 09 23:35:14 UTC 2026","","eu.esdihumboldt.hale.io.xsd.anytype.valuetypes.CustomTypeContentTypeTest","eu.esdihumboldt.hale.io.xsd.anytype.valuetypes.CustomTypeContentTypeTest","testElements"
"","1","testStreetOuter","","Thu Jul 09 23:26:50 UTC 2026","passed","Thu Jul 09 23:26:50 UTC 2026","","eu.esdihumboldt.cst.functions.geometric.test.InteriorPointTest","eu.esdihumboldt.cst.functions.geometric.test.InteriorPointTest","testStreetOuter"
"","10646","testCellDisableSaveLoad","","Thu Jul 09 23:21:13 UTC 2026","passed","Thu Jul 09 23:21:23 UTC 2026","","eu.esdihumboldt.hale.common.align.io.JaxbAlignmentIOTest","eu.esdihumboldt.hale.common.align.io.JaxbAlignmentIOTest","testCellDisableSaveLoad"
"","7","testComplexStructureFromTheGuardian","","Thu Jul 09 23:36:04 UTC 2026","passed","Thu Jul 09 23:36:04 UTC 2026","","eu.esdihumboldt.util.groovy.json.JsonStreamBuilderTest","eu.esdihumboldt.util.groovy.json.JsonStreamBuilderTest","testComplexStructureFromTheGuardian"
"","0","testIterateEmpty","","Thu Jul 09 23:23:23 UTC 2026","passed","Thu Jul 09 23:23:23 UTC 2026","","eu.esdihumboldt.hale.common.instance.tools.impl.SimplePartitionerTest","eu.esdihumboldt.hale.common.instance.tools.impl.SimplePartitionerTest","testIterateEmpty"
"","4","testHttpRelative1","","Thu Jul 09 23:35:14 UTC 2026","passed","Thu Jul 09 23:35:14 UTC 2026","","eu.esdihumboldt.hale.io.xsd.reader.HumboldtURIResolverTest","eu.esdihumboldt.hale.io.xsd.reader.HumboldtURIResolverTest","testHttpRelative1"
"","0","testExistsSchema","","Thu Jul 09 23:23:09 UTC 2026","skipped","Thu Jul 09 23:23:09 UTC 2026","","eu.esdihumboldt.hale.common.filter.ECQLFilterTest","eu.esdihumboldt.hale.common.filter.ECQLFilterTest","testExistsSchema"
"","8210","testComplexLookupJsonGroovy","","Thu Jul 09 23:24:15 UTC 2026","passed","Thu Jul 09 23:24:24 UTC 2026","","eu.esdihumboldt.hale.common.lookup.internal.LookupTableTypeTest","eu.esdihumboldt.hale.common.lookup.internal.LookupTableTypeTest","testComplexLookupJsonGroovy"
"","3120","testArgsFileWOFilterForMultiTypesSource","","Thu Jul 09 23:20:16 UTC 2026","passed","Thu Jul 09 23:20:19 UTC 2026","","eu.esdihumboldt.hale.app.transform.test.ExecuteTest","eu.esdihumboldt.hale.app.transform.test.ExecuteTest","testArgsFileWOFilterForMultiTypesSource"
"","19","testRead_shiporder_types","","Thu Jul 09 23:35:16 UTC 2026","passed","Thu Jul 09 23:35:16 UTC 2026","","eu.esdihumboldt.hale.io.xsd.reader.XmlSchemaReaderTest","eu.esdihumboldt.hale.io.xsd.reader.XmlSchemaReaderTest","testRead_shiporder_types"
"","71","testStructuralRename2","","Thu Jul 09 23:26:14 UTC 2026","passed","Thu Jul 09 23:26:14 UTC 2026","","eu.esdihumboldt.cst.internal.ConceptualSchemaTransformerTest","eu.esdihumboldt.cst.internal.ConceptualSchemaTransformerTest","testStructuralRename2"
"","3","testInstanceNoValueNullSchema","","Thu Jul 09 23:23:08 UTC 2026","passed","Thu Jul 09 23:23:08 UTC 2026","","eu.esdihumboldt.hale.common.filter.ECQLFilterTest","eu.esdihumboldt.hale.common.filter.ECQLFilterTest","testInstanceNoValueNullSchema"
"","0","testGeoCross","","Thu Jul 09 23:23:07 UTC 2026","skipped","Thu Jul 09 23:23:07 UTC 2026","","eu.esdihumboldt.hale.common.filter.CQLFilterTest","eu.esdihumboldt.hale.common.filter.CQLFilterTest","testGeoCross"
"","125","testReadSimpleArray","","Thu Jul 09 23:32:53 UTC 2026","passed","Thu Jul 09 23:32:53 UTC 2026","","eu.esdihumboldt.hale.io.json.test.JsonToInstanceTest","eu.esdihumboldt.hale.io.json.test.JsonToInstanceTest","testReadSimpleArray"
"","40","testReadDouble","","Thu Jul 09 23:32:53 UTC 2026","passed","Thu Jul 09 23:32:53 UTC 2026","","eu.esdihumboldt.hale.io.json.test.JsonToInstanceTest","eu.esdihumboldt.hale.io.json.test.JsonToInstanceTest","testReadDouble"
"","49","testMerge","","Thu Jul 09 23:22:52 UTC 2026","passed","Thu Jul 09 23:22:52 UTC 2026","","eu.esdihumboldt.hale.common.core.report.util.StatsMergeTest","eu.esdihumboldt.hale.common.core.report.util.StatsMergeTest","testMerge"
"","447","testInnerJoinConditions","","Thu Jul 09 23:26:10 UTC 2026","passed","Thu Jul 09 23:26:10 UTC 2026","","eu.esdihumboldt.cst.internal.ConceptualSchemaTransformerTest","eu.esdihumboldt.cst.internal.ConceptualSchemaTransformerTest","testInnerJoinConditions"
"","0","testReverseSkipsNullValues","","Thu Jul 09 23:24:15 UTC 2026","passed","Thu Jul 09 23:24:15 UTC 2026","","eu.esdihumboldt.hale.common.lookup.impl.LookupTableImplTest","eu.esdihumboldt.hale.common.lookup.impl.LookupTableImplTest","testReverseSkipsNullValues"
"","1","testMerge6","","Thu Jul 09 23:22:52 UTC 2026","passed","Thu Jul 09 23:22:52 UTC 2026","","eu.esdihumboldt.hale.common.core.report.util.StatsMergeTest","eu.esdihumboldt.hale.common.core.report.util.StatsMergeTest","testMerge6"
"","54","testOffsetBig","","Thu Jul 09 23:35:48 UTC 2026","passed","Thu Jul 09 23:35:48 UTC 2026","","eu.esdihumboldt.util.geometry.interpolation.split.SplitInterpolationTest","eu.esdihumboldt.util.geometry.interpolation.split.SplitInterpolationTest","testOffsetBig"
"","8","testReadLineString","","Thu Jul 09 23:32:53 UTC 2026","passed","Thu Jul 09 23:32:53 UTC 2026","","eu.esdihumboldt.hale.io.json.test.JsonToInstanceTest","eu.esdihumboldt.hale.io.json.test.JsonToInstanceTest","testReadLineString"
"","6","testTrendsFromTwitter","","Thu Jul 09 23:36:03 UTC 2026","passed","Thu Jul 09 23:36:03 UTC 2026","","eu.esdihumboldt.util.groovy.json.JsonStreamBuilderTest","eu.esdihumboldt.util.groovy.json.JsonStreamBuilderTest","testTrendsFromTwitter"
"","5","testByPoints2AllGrid","","Thu Jul 09 23:35:48 UTC 2026","passed","Thu Jul 09 23:35:48 UTC 2026","","eu.esdihumboldt.util.geometry.interpolation.grid.GridInterpolationTest","eu.esdihumboldt.util.geometry.interpolation.grid.GridInterpolationTest","testByPoints2AllGrid"
"","98","testGetReferencesNested","","Thu Jul 09 23:23:08 UTC 2026","passed","Thu Jul 09 23:23:08 UTC 2026","","eu.esdihumboldt.hale.common.filter.CQLFilterTest","eu.esdihumboldt.hale.common.filter.CQLFilterTest","testGetReferencesNested"
"","74","testSimpleRename","","Thu Jul 09 23:26:13 UTC 2026","passed","Thu Jul 09 23:26:13 UTC 2026","","eu.esdihumboldt.cst.internal.ConceptualSchemaTransformerTest","eu.esdihumboldt.cst.internal.ConceptualSchemaTransformerTest","testSimpleRename"
"","6123","testInnerJoinNas","","Thu Jul 09 23:26:04 UTC 2026","passed","Thu Jul 09 23:26:10 UTC 2026","","eu.esdihumboldt.cst.internal.ConceptualSchemaTransformerTest","eu.esdihumboldt.cst.internal.ConceptualSchemaTransformerTest","testInnerJoinNas"
"","79","testPriority","","Thu Jul 09 23:26:13 UTC 2026","passed","Thu Jul 09 23:26:13 UTC 2026","","eu.esdihumboldt.cst.internal.ConceptualSchemaTransformerTest","eu.esdihumboldt.cst.internal.ConceptualSchemaTransformerTest","testPriority"
"","1","testFormatter[12]","","Thu Jul 09 23:35:44 UTC 2026","passed","Thu Jul 09 23:35:44 UTC 2026","","eu.esdihumboldt.util.geometry.DecimalFormatUtilTest","eu.esdihumboldt.util.geometry.DecimalFormatUtilTest","testFormatter[12]"
"","2","testTrueFalse","","Thu Jul 09 23:25:05 UTC 2026","passed","Thu Jul 09 23:25:05 UTC 2026","","eu.esdihumboldt.hale.common.schema.groovy.constraints.NillableFactoryTest","eu.esdihumboldt.hale.common.schema.groovy.constraints.NillableFactoryTest","testTrueFalse"
"","54","testValidators","","Thu Jul 09 23:24:49 UTC 2026","passed","Thu Jul 09 23:24:49 UTC 2026","","eu.esdihumboldt.hale.common.schema.model.constraint.factory.type.ValidationConstraintFactoryTest","eu.esdihumboldt.hale.common.schema.model.constraint.factory.type.ValidationConstraintFactoryTest","testValidators"
"","2","testNumberProperty","","Thu Jul 09 23:32:53 UTC 2026","passed","Thu Jul 09 23:32:53 UTC 2026","","eu.esdihumboldt.hale.io.json.test.JsonSchemaReaderTest","eu.esdihumboldt.hale.io.json.test.JsonSchemaReaderTest","testNumberProperty"
"","4362","testArrayTypes","","Thu Jul 09 23:31:55 UTC 2026","passed","Thu Jul 09 23:32:00 UTC 2026","","eu.esdihumboldt.hale.io.jdbc.postgresql.test.OneDimensionalArraysIT","eu.esdihumboldt.hale.io.jdbc.postgresql.test.OneDimensionalArraysIT","testArrayTypes"
"","1","testGeometryNormalOnCRS","","Thu Jul 09 23:35:47 UTC 2026","passed","Thu Jul 09 23:35:47 UTC 2026","","eu.esdihumboldt.util.geometry.WindingOrderTest","eu.esdihumboldt.util.geometry.WindingOrderTest","testGeometryNormalOnCRS"
"","4","testCW2","","Thu Jul 09 23:35:48 UTC 2026","passed","Thu Jul 09 23:35:48 UTC 2026","","eu.esdihumboldt.util.geometry.interpolation.model.impl.ArcByCenterPointImplTest","eu.esdihumboldt.util.geometry.interpolation.model.impl.ArcByCenterPointImplTest","testCW2"
"","92","testCMMulti3","","Thu Jul 09 23:26:12 UTC 2026","passed","Thu Jul 09 23:26:12 UTC 2026","","eu.esdihumboldt.cst.internal.ConceptualSchemaTransformerTest","eu.esdihumboldt.cst.internal.ConceptualSchemaTransformerTest","testCMMulti3"
"","2","testTrueFalse","","Thu Jul 09 23:25:05 UTC 2026","passed","Thu Jul 09 23:25:05 UTC 2026","","eu.esdihumboldt.hale.common.schema.groovy.constraints.TypeAbstractFactoryTest","eu.esdihumboldt.hale.common.schema.groovy.constraints.TypeAbstractFactoryTest","testTrueFalse"
"","99","testPropertyFilter","","Thu Jul 09 23:26:14 UTC 2026","passed","Thu Jul 09 23:26:14 UTC 2026","","eu.esdihumboldt.cst.internal.ConceptualSchemaTransformerTest","eu.esdihumboldt.cst.internal.ConceptualSchemaTransformerTest","testPropertyFilter"
"","3","testNoRef","","Thu Jul 09 23:24:49 UTC 2026","passed","Thu Jul 09 23:24:49 UTC 2026","","eu.esdihumboldt.hale.common.schema.model.constraint.factory.property.ReferenceFactoryTest","eu.esdihumboldt.hale.common.schema.model.constraint.factory.property.ReferenceFactoryTest","testNoRef"
"","7","testInstanceNoValueNullSchema","","Thu Jul 09 23:23:08 UTC 2026","passed","Thu Jul 09 23:23:08 UTC 2026","","eu.esdihumboldt.hale.common.filter.CQLFilterTest","eu.esdihumboldt.hale.common.filter.CQLFilterTest","testInstanceNoValueNullSchema"
"","27","testSinglePolyGeometryWithLongAlphanumericNamesWithMultipleInstances","","Thu Jul 09 23:34:01 UTC 2026","passed","Thu Jul 09 23:34:01 UTC 2026","","eu.esdihumboldt.hale.io.shp.ShapefileInstanceWriterTest","eu.esdihumboldt.hale.io.shp.ShapefileInstanceWriterTest","testSinglePolyGeometryWithLongAlphanumericNamesWithMultipleInstances"
"","50","groovyStuffDisallowed","","Thu Jul 09 23:36:21 UTC 2026","passed","Thu Jul 09 23:36:21 UTC 2026","","eu.esdihumboldt.util.groovy.sandbox.test.internal.GroovySandboxTest","eu.esdihumboldt.util.groovy.sandbox.test.internal.GroovySandboxTest","groovyStuffDisallowed"
"","7","testGeoBbox","","Thu Jul 09 23:23:08 UTC 2026","passed","Thu Jul 09 23:23:08 UTC 2026","","eu.esdihumboldt.hale.common.filter.ECQLFilterTest","eu.esdihumboldt.hale.common.filter.ECQLFilterTest","testGeoBbox"
"","13","testComplexInstancesCQL","","Thu Jul 09 23:23:12 UTC 2026","passed","Thu Jul 09 23:23:12 UTC 2026","","eu.esdihumboldt.hale.common.filter.FilterTest","eu.esdihumboldt.hale.common.filter.FilterTest","testComplexInstancesCQL"
"","4604","writeRead","","Thu Jul 09 23:32:17 UTC 2026","passed","Thu Jul 09 23:32:22 UTC 2026","","eu.esdihumboldt.hale.io.jdbc.postgresql.test.ReadWriteIT","eu.esdihumboldt.hale.io.jdbc.postgresql.test.ReadWriteIT","writeRead"
"","0","testGeometry_2_LineString","","Thu Jul 09 23:29:49 UTC 2026","skipped","Thu Jul 09 23:29:49 UTC 2026","","eu.esdihumboldt.hale.io.gml.writer.internal.StreamGmlWriterTest","eu.esdihumboldt.hale.io.gml.writer.internal.StreamGmlWriterTest","testGeometry_2_LineString"
"","5043","testDataTypesSql","","Thu Jul 09 23:32:12 UTC 2026","passed","Thu Jul 09 23:32:17 UTC 2026","","eu.esdihumboldt.hale.io.jdbc.postgresql.test.PostDataTypesIT","eu.esdihumboldt.hale.io.jdbc.postgresql.test.PostDataTypesIT","testDataTypesSql"
"","1","testOrderCounterClockwise","","Thu Jul 09 23:35:47 UTC 2026","passed","Thu Jul 09 23:35:47 UTC 2026","","eu.esdihumboldt.util.geometry.WindingOrderTest","eu.esdihumboldt.util.geometry.WindingOrderTest","testOrderCounterClockwise"
"","118","testArray","","Thu Jul 09 23:32:53 UTC 2026","passed","Thu Jul 09 23:32:53 UTC 2026","","eu.esdihumboldt.hale.io.json.test.JsonSchemaReaderTest","eu.esdihumboldt.hale.io.json.test.JsonSchemaReaderTest","testArray"
"","0","testCMUnion2","","Thu Jul 09 23:26:02 UTC 2026","skipped","Thu Jul 09 23:26:02 UTC 2026","","eu.esdihumboldt.cst.internal.ConceptualSchemaTransformerTest","eu.esdihumboldt.cst.internal.ConceptualSchemaTransformerTest","testCMUnion2"
"","12138","testParentBindung","","Thu Jul 09 23:30:00 UTC 2026","passed","Thu Jul 09 23:30:12 UTC 2026","","eu.esdihumboldt.hale.io.groovy.snippets.GroovySnippetsTest","eu.esdihumboldt.hale.io.groovy.snippets.GroovySnippetsTest","testParentBindung"
"","16","testConstraints","","Thu Jul 09 23:25:05 UTC 2026","passed","Thu Jul 09 23:25:05 UTC 2026","","eu.esdihumboldt.hale.common.schema.groovy.SchemaBuilderTest","eu.esdihumboldt.hale.common.schema.groovy.SchemaBuilderTest","testConstraints"
"","2","testStreetHole","","Thu Jul 09 23:26:50 UTC 2026","passed","Thu Jul 09 23:26:50 UTC 2026","","eu.esdihumboldt.cst.functions.geometric.test.InteriorPointTest","eu.esdihumboldt.cst.functions.geometric.test.InteriorPointTest","testStreetHole"
"","3","testNumber","","Thu Jul 09 23:23:09 UTC 2026","passed","Thu Jul 09 23:23:09 UTC 2026","","eu.esdihumboldt.hale.common.filter.ECQLFilterTest","eu.esdihumboldt.hale.common.filter.ECQLFilterTest","testNumber"
"","0","testGeometryFlippedOnCRS","","Thu Jul 09 23:35:47 UTC 2026","passed","Thu Jul 09 23:35:47 UTC 2026","","eu.esdihumboldt.util.geometry.WindingOrderTest","eu.esdihumboldt.util.geometry.WindingOrderTest","testGeometryFlippedOnCRS"
"","301","testMsAccessSchemaReaderForMdbTest","","Thu Jul 09 23:30:51 UTC 2026","passed","Thu Jul 09 23:30:52 UTC 2026","","eu.esdihumboldt.hale.io.jdbc.msaccess.reader.MsAccessSchemaReaderTest","eu.esdihumboldt.hale.io.jdbc.msaccess.reader.MsAccessSchemaReaderTest","testMsAccessSchemaReaderForMdbTest"
"","15","testDoubleObject","","Thu Jul 09 23:36:04 UTC 2026","passed","Thu Jul 09 23:36:04 UTC 2026","","eu.esdihumboldt.util.groovy.json.JsonStreamBuilderTest","eu.esdihumboldt.util.groovy.json.JsonStreamBuilderTest","testDoubleObject"
"","184","testRetypeCondition","","Thu Jul 09 23:22:12 UTC 2026","passed","Thu Jul 09 23:22:13 UTC 2026","","eu.esdihumboldt.hale.common.align.merge.test.impl.JoinRetainConditionsTest","eu.esdihumboldt.hale.common.align.merge.test.impl.JoinRetainConditionsTest","testRetypeCondition"
"","1","testRead","","Thu Jul 09 23:27:48 UTC 2026","passed","Thu Jul 09 23:27:48 UTC 2026","","eu.esdihumboldt.hale.io.csv.CSVSchemaReaderTest","eu.esdihumboldt.hale.io.csv.CSVSchemaReaderTest","testRead"
"","8","testCreateTypeIndex","","Thu Jul 09 23:25:05 UTC 2026","passed","Thu Jul 09 23:25:05 UTC 2026","","eu.esdihumboldt.hale.common.schema.groovy.SchemaBuilderTest","eu.esdihumboldt.hale.common.schema.groovy.SchemaBuilderTest","testCreateTypeIndex"
"","46","testCallClosure","","Thu Jul 09 23:30:13 UTC 2026","passed","Thu Jul 09 23:30:13 UTC 2026","","eu.esdihumboldt.hale.io.groovy.snippets.GroovySnippetsTest","eu.esdihumboldt.hale.io.groovy.snippets.GroovySnippetsTest","testCallClosure"
"","554","testGeometryPrimitive_32_MultiPolygon_WindingOrder_CW","","Thu Jul 09 23:29:51 UTC 2026","passed","Thu Jul 09 23:29:52 UTC 2026","","eu.esdihumboldt.hale.io.gml.writer.internal.StreamGmlWriterTest","eu.esdihumboldt.hale.io.gml.writer.internal.StreamGmlWriterTest","testGeometryPrimitive_32_MultiPolygon_WindingOrder_CW"
"","1","testDisabled","","Thu Jul 09 23:24:49 UTC 2026","passed","Thu Jul 09 23:24:49 UTC 2026","","eu.esdihumboldt.hale.common.schema.model.constraint.factory.type.MappingRelevantFlagFactoryTest","eu.esdihumboldt.hale.common.schema.model.constraint.factory.type.MappingRelevantFlagFactoryTest","testDisabled"
"","61","testGmlOverflow2","","Thu Jul 09 23:23:40 UTC 2026","passed","Thu Jul 09 23:23:40 UTC 2026","","eu.esdihumboldt.hale.common.instance.graph.test.ReferenceGraphTest","eu.esdihumboldt.hale.common.instance.graph.test.ReferenceGraphTest","testGmlOverflow2"
"","8","testDefinedTypeReference","","Thu Jul 09 23:25:05 UTC 2026","passed","Thu Jul 09 23:25:05 UTC 2026","","eu.esdihumboldt.hale.common.schema.groovy.SchemaBuilderTest","eu.esdihumboldt.hale.common.schema.groovy.SchemaBuilderTest","testDefinedTypeReference"
"","161","testComplexLookupJson","","Thu Jul 09 23:24:24 UTC 2026","passed","Thu Jul 09 23:24:24 UTC 2026","","eu.esdihumboldt.hale.common.lookup.internal.LookupTableTypeTest","eu.esdihumboldt.hale.common.lookup.internal.LookupTableTypeTest","testComplexLookupJson"
"","4","testByPoints2","","Thu Jul 09 23:35:48 UTC 2026","passed","Thu Jul 09 23:35:48 UTC 2026","","eu.esdihumboldt.util.geometry.interpolation.split.SplitInterpolationTest","eu.esdihumboldt.util.geometry.interpolation.split.SplitInterpolationTest","testByPoints2"
"","4","testSimpleSingleLax","","Thu Jul 09 23:25:05 UTC 2026","passed","Thu Jul 09 23:25:05 UTC 2026","","eu.esdihumboldt.hale.common.schema.groovy.DefinitionAccessorTest","eu.esdihumboldt.hale.common.schema.groovy.DefinitionAccessorTest","testSimpleSingleLax"
"","470","testToFrom","","Thu Jul 09 23:21:24 UTC 2026","passed","Thu Jul 09 23:21:24 UTC 2026","","eu.esdihumboldt.hale.common.align.model.functions.join.JoinParameterTest","eu.esdihumboldt.hale.common.align.model.functions.join.JoinParameterTest","testToFrom"
"","4","testSKOSFromRDF1","","Thu Jul 09 23:27:36 UTC 2026","passed","Thu Jul 09 23:27:36 UTC 2026","","eu.esdihumboldt.hale.io.codelist.skos.test.SkosCodeListTest","eu.esdihumboldt.hale.io.codelist.skos.test.SkosCodeListTest","testSKOSFromRDF1"
"","1","testSimple","","Thu Jul 09 23:35:39 UTC 2026","passed","Thu Jul 09 23:35:39 UTC 2026","","eu.esdihumboldt.util.config.ConfigMergerTest","eu.esdihumboldt.util.config.ConfigMergerTest","testSimple"
"","240","testNotes1","","Thu Jul 09 23:22:09 UTC 2026","passed","Thu Jul 09 23:22:09 UTC 2026","","eu.esdihumboldt.hale.common.align.merge.test.impl.DefaultMergeCellMigratorTest","eu.esdihumboldt.hale.common.align.merge.test.impl.DefaultMergeCellMigratorTest","testNotes1"
"","397","testJoinsCondition","","Thu Jul 09 23:22:11 UTC 2026","passed","Thu Jul 09 23:22:11 UTC 2026","","eu.esdihumboldt.hale.common.align.merge.test.impl.JoinFocusRetainConditionTest","eu.esdihumboldt.hale.common.align.merge.test.impl.JoinFocusRetainConditionTest","testJoinsCondition"
"","1","testDefault","","Thu Jul 09 23:24:49 UTC 2026","passed","Thu Jul 09 23:24:49 UTC 2026","","eu.esdihumboldt.hale.common.schema.model.constraint.factory.type.AugmentedValueFlagFactoryTest","eu.esdihumboldt.hale.common.schema.model.constraint.factory.type.AugmentedValueFlagFactoryTest","testDefault"
"","258","mergeJoinsWithJoin_abstract2","","Thu Jul 09 23:22:12 UTC 2026","passed","Thu Jul 09 23:22:12 UTC 2026","","eu.esdihumboldt.hale.common.align.merge.test.impl.JoinMergeTest","eu.esdihumboldt.hale.common.align.merge.test.impl.JoinMergeTest","mergeJoinsWithJoin_abstract2"
"","91","test2","","Thu Jul 09 23:25:40 UTC 2026","passed","Thu Jul 09 23:25:40 UTC 2026","","eu.esdihumboldt.hale.common.service.helper.test.PopulationCountTest","eu.esdihumboldt.hale.common.service.helper.test.PopulationCountTest","test2"
"","20","testRead_definitive_substitution","","Thu Jul 09 23:35:16 UTC 2026","passed","Thu Jul 09 23:35:16 UTC 2026","","eu.esdihumboldt.hale.io.xsd.reader.XmlSchemaReaderTest","eu.esdihumboldt.hale.io.xsd.reader.XmlSchemaReaderTest","testRead_definitive_substitution"
"","364","testWfsPaginationBasinFeatures","","Thu Jul 09 23:29:32 UTC 2026","passed","Thu Jul 09 23:29:32 UTC 2026","","eu.esdihumboldt.hale.io.gml.reader.internal.StreamGmlReaderTest","eu.esdihumboldt.hale.io.gml.reader.internal.StreamGmlReaderTest","testWfsPaginationBasinFeatures"
"","177","testJoinFilter","","Thu Jul 09 23:22:12 UTC 2026","passed","Thu Jul 09 23:22:12 UTC 2026","","eu.esdihumboldt.hale.common.align.merge.test.impl.JoinMergeTest","eu.esdihumboldt.hale.common.align.merge.test.impl.JoinMergeTest","testJoinFilter"
"","27","testRead_definitive_sequencegroup","","Thu Jul 09 23:35:16 UTC 2026","passed","Thu Jul 09 23:35:16 UTC 2026","","eu.esdihumboldt.hale.io.xsd.reader.XmlSchemaReaderTest","eu.esdihumboldt.hale.io.xsd.reader.XmlSchemaReaderTest","testRead_definitive_sequencegroup"
"","0","testSimple","","Thu Jul 09 23:22:39 UTC 2026","passed","Thu Jul 09 23:22:39 UTC 2026","","eu.esdihumboldt.hale.common.core.io.PathUpdateTest","eu.esdihumboldt.hale.common.core.io.PathUpdateTest","testSimple"
"","0","testAschemaReader","","Thu Jul 09 23:30:56 UTC 2026","skipped","Thu Jul 09 23:30:56 UTC 2026","","eu.esdihumboldt.hale.io.jdbc.mssql.test.MsSQLServer14Test","eu.esdihumboldt.hale.io.jdbc.mssql.test.MsSQLServer14Test","testAschemaReader"
"","159","testNotes2","","Thu Jul 09 23:22:09 UTC 2026","passed","Thu Jul 09 23:22:09 UTC 2026","","eu.esdihumboldt.hale.common.align.merge.test.impl.DefaultMergeCellMigratorTest","eu.esdihumboldt.hale.common.align.merge.test.impl.DefaultMergeCellMigratorTest","testNotes2"
"","42","testSKOSFromRDF4_language_de","","Thu Jul 09 23:27:36 UTC 2026","passed","Thu Jul 09 23:27:36 UTC 2026","","eu.esdihumboldt.hale.io.codelist.skos.test.SkosCodeListTest","eu.esdihumboldt.hale.io.codelist.skos.test.SkosCodeListTest","testSKOSFromRDF4_language_de"
"","443","testSaveLoad","","Thu Jul 09 23:22:52 UTC 2026","passed","Thu Jul 09 23:22:52 UTC 2026","","eu.esdihumboldt.hale.common.core.io.project.ProjectTest","eu.esdihumboldt.hale.common.core.io.project.ProjectTest","testSaveLoad"
"","3","testNullNotExistsSchema","","Thu Jul 09 23:23:08 UTC 2026","passed","Thu Jul 09 23:23:08 UTC 2026","","eu.esdihumboldt.hale.common.filter.CQLFilterTest","eu.esdihumboldt.hale.common.filter.CQLFilterTest","testNullNotExistsSchema"
"","1","testIterateEven","","Thu Jul 09 23:23:23 UTC 2026","passed","Thu Jul 09 23:23:23 UTC 2026","","eu.esdihumboldt.hale.common.instance.tools.impl.SimplePartitionerTest","eu.esdihumboldt.hale.common.instance.tools.impl.SimplePartitionerTest","testIterateEven"
"","218","testJoinCondition","","Thu Jul 09 23:22:13 UTC 2026","passed","Thu Jul 09 23:22:13 UTC 2026","","eu.esdihumboldt.hale.common.align.merge.test.impl.JoinRetainConditionsTest","eu.esdihumboldt.hale.common.align.merge.test.impl.JoinRetainConditionsTest","testJoinCondition"
"","0","testCopyISOTC211","","Thu Jul 09 23:22:52 UTC 2026","skipped","Thu Jul 09 23:22:52 UTC 2026","","eu.esdihumboldt.hale.common.core.io.project.util.XMLPathUpdaterTest","eu.esdihumboldt.hale.common.core.io.project.util.XMLPathUpdaterTest","testCopyISOTC211"
"","5","testNumberBetweenList","","Thu Jul 09 23:23:09 UTC 2026","passed","Thu Jul 09 23:23:09 UTC 2026","","eu.esdihumboldt.hale.common.filter.ECQLFilterTest","eu.esdihumboldt.hale.common.filter.ECQLFilterTest","testNumberBetweenList"
"","2135","testComplexInstancesECQL","","Thu Jul 09 23:23:09 UTC 2026","passed","Thu Jul 09 23:23:11 UTC 2026","","eu.esdihumboldt.hale.common.filter.FilterTest","eu.esdihumboldt.hale.common.filter.FilterTest","testComplexInstancesECQL"
"","27","testValueMap","","Thu Jul 09 23:22:52 UTC 2026","passed","Thu Jul 09 23:22:52 UTC 2026","","eu.esdihumboldt.hale.common.core.io.impl.ValueMapTypeTest","eu.esdihumboldt.hale.common.core.io.impl.ValueMapTypeTest","testValueMap"
"","0","testBeforeList","","Thu Jul 09 23:23:08 UTC 2026","skipped","Thu Jul 09 23:23:08 UTC 2026","","eu.esdihumboldt.hale.common.filter.ECQLFilterTest","eu.esdihumboldt.hale.common.filter.ECQLFilterTest","testBeforeList"
"","3","testEqualitySimpleNoSchema","","Thu Jul 09 23:23:09 UTC 2026","passed","Thu Jul 09 23:23:09 UTC 2026","","eu.esdihumboldt.hale.common.filter.ECQLFilterTest","eu.esdihumboldt.hale.common.filter.ECQLFilterTest","testEqualitySimpleNoSchema"
"","481","testByPointsToCenterAllGrid","","Thu Jul 09 23:35:47 UTC 2026","passed","Thu Jul 09 23:35:48 UTC 2026","","eu.esdihumboldt.util.geometry.interpolation.grid.GridInterpolationTest","eu.esdihumboldt.util.geometry.interpolation.grid.GridInterpolationTest","testByPointsToCenterAllGrid"
"","0","testPropertiesMix2","","Thu Jul 09 23:26:04 UTC 2026","skipped","Thu Jul 09 23:26:04 UTC 2026","","eu.esdihumboldt.cst.internal.ConceptualSchemaTransformerTest","eu.esdihumboldt.cst.internal.ConceptualSchemaTransformerTest","testPropertiesMix2"
"","2","testCircle1","","Thu Jul 09 23:35:48 UTC 2026","passed","Thu Jul 09 23:35:48 UTC 2026","","eu.esdihumboldt.util.geometry.interpolation.model.impl.ArcByCenterPointImplTest","eu.esdihumboldt.util.geometry.interpolation.model.impl.ArcByCenterPointImplTest","testCircle1"
"","83","testCMUnion3","","Thu Jul 09 23:26:12 UTC 2026","passed","Thu Jul 09 23:26:12 UTC 2026","","eu.esdihumboldt.cst.internal.ConceptualSchemaTransformerTest","eu.esdihumboldt.cst.internal.ConceptualSchemaTransformerTest","testCMUnion3"
"","26","testRead_shiporder_unqualified","","Thu Jul 09 23:35:16 UTC 2026","passed","Thu Jul 09 23:35:16 UTC 2026","","eu.esdihumboldt.hale.io.xsd.reader.XmlSchemaReaderTest","eu.esdihumboldt.hale.io.xsd.reader.XmlSchemaReaderTest","testRead_shiporder_unqualified"
"","0","testLoadShiporderECQL","","Thu Jul 09 23:23:12 UTC 2026","skipped","Thu Jul 09 23:23:12 UTC 2026","","eu.esdihumboldt.hale.common.filter.FilterTest","eu.esdihumboldt.hale.common.filter.FilterTest","testLoadShiporderECQL"
"","81","testDupeAssign","","Thu Jul 09 23:26:12 UTC 2026","passed","Thu Jul 09 23:26:12 UTC 2026","","eu.esdihumboldt.cst.internal.ConceptualSchemaTransformerTest","eu.esdihumboldt.cst.internal.ConceptualSchemaTransformerTest","testDupeAssign"
"","0","testCMUnion1","","Thu Jul 09 23:26:02 UTC 2026","skipped","Thu Jul 09 23:26:02 UTC 2026","","eu.esdihumboldt.cst.internal.ConceptualSchemaTransformerTest","eu.esdihumboldt.cst.internal.ConceptualSchemaTransformerTest","testCMUnion1"
"","0","testSplitMulti_Mixed","","Thu Jul 09 23:26:50 UTC 2026","passed","Thu Jul 09 23:26:50 UTC 2026","","eu.esdihumboldt.cst.functions.geometric.test.GeometryHelperFunctionsTest","eu.esdihumboldt.cst.functions.geometric.test.GeometryHelperFunctionsTest","testSplitMulti_Mixed"
"","0","testGeometry_2_MultiPoint","","Thu Jul 09 23:29:53 UTC 2026","skipped","Thu Jul 09 23:29:53 UTC 2026","","eu.esdihumboldt.hale.io.gml.writer.internal.StreamGmlWriterTest","eu.esdihumboldt.hale.io.gml.writer.internal.StreamGmlWriterTest","testGeometry_2_MultiPoint"
"","1","testJarURI","","Thu Jul 09 23:35:14 UTC 2026","passed","Thu Jul 09 23:35:14 UTC 2026","","eu.esdihumboldt.hale.io.xsd.reader.HumboldtURIResolverTest","eu.esdihumboldt.hale.io.xsd.reader.HumboldtURIResolverTest","testJarURI"
"","2170","testValid","","Thu Jul 09 23:33:04 UTC 2026","passed","Thu Jul 09 23:33:07 UTC 2026","","eu.esdihumboldt.hale.io.schematron.SchematronInstanceValidatorTest","eu.esdihumboldt.hale.io.schematron.SchematronInstanceValidatorTest","testValid"
"","5","testSpecifyTypeGeojson","","Thu Jul 09 23:32:53 UTC 2026","passed","Thu Jul 09 23:32:53 UTC 2026","","eu.esdihumboldt.hale.io.json.test.JsonToInstanceTest","eu.esdihumboldt.hale.io.json.test.JsonToInstanceTest","testSpecifyTypeGeojson"
"","0","testDirectFail","","Thu Jul 09 23:29:55 UTC 2026","passed","Thu Jul 09 23:29:55 UTC 2026","","eu.esdihumboldt.hale.io.gml.writer.internal.geometry.writers.PatternTest","eu.esdihumboldt.hale.io.gml.writer.internal.geometry.writers.PatternTest","testDirectFail"
"","8","testInstanceNoValueNullNoSchema","","Thu Jul 09 23:23:08 UTC 2026","passed","Thu Jul 09 23:23:08 UTC 2026","","eu.esdihumboldt.hale.common.filter.CQLFilterTest","eu.esdihumboldt.hale.common.filter.CQLFilterTest","testInstanceNoValueNullNoSchema"
"","0","testHalfmoon","","Thu Jul 09 23:26:50 UTC 2026","passed","Thu Jul 09 23:26:50 UTC 2026","","eu.esdihumboldt.cst.functions.geometric.test.InteriorPointTest","eu.esdihumboldt.cst.functions.geometric.test.InteriorPointTest","testHalfmoon"
"","50","testGmlOverflow3","","Thu Jul 09 23:23:40 UTC 2026","passed","Thu Jul 09 23:23:40 UTC 2026","","eu.esdihumboldt.hale.common.instance.graph.test.ReferenceGraphTest","eu.esdihumboldt.hale.common.instance.graph.test.ReferenceGraphTest","testGmlOverflow3"
"","0","testTimeEqualsList","","Thu Jul 09 23:23:09 UTC 2026","skipped","Thu Jul 09 23:23:09 UTC 2026","","eu.esdihumboldt.hale.common.filter.ECQLFilterTest","eu.esdihumboldt.hale.common.filter.ECQLFilterTest","testTimeEqualsList"
"","9","testSchemaLessSafeAPI","","Thu Jul 09 23:23:55 UTC 2026","passed","Thu Jul 09 23:23:55 UTC 2026","","eu.esdihumboldt.hale.common.instance.groovy.InstanceBuilderTest","eu.esdihumboldt.hale.common.instance.groovy.InstanceBuilderTest","testSchemaLessSafeAPI"
"","63","testNoSpatialIndexCreation","","Thu Jul 09 23:28:34 UTC 2026","passed","Thu Jul 09 23:28:34 UTC 2026","","eu.esdihumboldt.hale.io.geopackage.GeopackageInstanceWriterTest","eu.esdihumboldt.hale.io.geopackage.GeopackageInstanceWriterTest","testNoSpatialIndexCreation"
"","828","testWriteFeaturesTargetCRS","","Thu Jul 09 23:28:33 UTC 2026","passed","Thu Jul 09 23:28:33 UTC 2026","","eu.esdihumboldt.hale.io.geopackage.GeopackageInstanceWriterTest","eu.esdihumboldt.hale.io.geopackage.GeopackageInstanceWriterTest","testWriteFeaturesTargetCRS"
"","0","testFileRelative2","","Thu Jul 09 23:35:14 UTC 2026","passed","Thu Jul 09 23:35:14 UTC 2026","","eu.esdihumboldt.hale.io.xsd.reader.HumboldtURIResolverTest","eu.esdihumboldt.hale.io.xsd.reader.HumboldtURIResolverTest","testFileRelative2"
"","5","testNullSchema","","Thu Jul 09 23:23:08 UTC 2026","passed","Thu Jul 09 23:23:08 UTC 2026","","eu.esdihumboldt.hale.common.filter.CQLFilterTest","eu.esdihumboldt.hale.common.filter.CQLFilterTest","testNullSchema"
"","1","simpleFilterTestECQL","","Thu Jul 09 23:23:12 UTC 2026","passed","Thu Jul 09 23:23:12 UTC 2026","","eu.esdihumboldt.hale.common.filter.FilterTest","eu.esdihumboldt.hale.common.filter.FilterTest","simpleFilterTestECQL"
"","188","testGroovyWarningRetypeTarget","","Thu Jul 09 23:22:08 UTC 2026","passed","Thu Jul 09 23:22:08 UTC 2026","","eu.esdihumboldt.hale.common.align.merge.test.impl.DefaultMergeCellMigratorTest","eu.esdihumboldt.hale.common.align.merge.test.impl.DefaultMergeCellMigratorTest","testGroovyWarningRetypeTarget"
"","2","testValuePropertiesListJson","","Thu Jul 09 23:22:52 UTC 2026","passed","Thu Jul 09 23:22:52 UTC 2026","","eu.esdihumboldt.hale.common.core.io.impl.ValuePropertiesTypeTest","eu.esdihumboldt.hale.common.core.io.impl.ValuePropertiesTypeTest","testValuePropertiesListJson"
"","5","testByPoints2","","Thu Jul 09 23:35:48 UTC 2026","passed","Thu Jul 09 23:35:48 UTC 2026","","eu.esdihumboldt.util.geometry.interpolation.grid.GridInterpolationTest","eu.esdihumboldt.util.geometry.interpolation.grid.GridInterpolationTest","testByPoints2"
"","0","testTriangleHole","","Thu Jul 09 23:26:50 UTC 2026","passed","Thu Jul 09 23:26:50 UTC 2026","","eu.esdihumboldt.cst.functions.geometric.test.InteriorPointTest","eu.esdihumboldt.cst.functions.geometric.test.InteriorPointTest","testTriangleHole"
"","3","testNullNotExistsNoSchema","","Thu Jul 09 23:23:09 UTC 2026","passed","Thu Jul 09 23:23:09 UTC 2026","","eu.esdihumboldt.hale.common.filter.ECQLFilterTest","eu.esdihumboldt.hale.common.filter.ECQLFilterTest","testNullNotExistsNoSchema"
"","526","testSaveLoad","","Thu Jul 09 23:21:12 UTC 2026","passed","Thu Jul 09 23:21:12 UTC 2026","","eu.esdihumboldt.hale.common.align.io.CastorAlignmentIOTest","eu.esdihumboldt.hale.common.align.io.CastorAlignmentIOTest","testSaveLoad"
"","1","testRead4","","Thu Jul 09 23:27:48 UTC 2026","passed","Thu Jul 09 23:27:48 UTC 2026","","eu.esdihumboldt.hale.io.csv.CSVSchemaReaderTest","eu.esdihumboldt.hale.io.csv.CSVSchemaReaderTest","testRead4"
"","43","testSKOSFromRDF2","","Thu Jul 09 23:27:36 UTC 2026","passed","Thu Jul 09 23:27:36 UTC 2026","","eu.esdihumboldt.hale.io.codelist.skos.test.SkosCodeListTest","eu.esdihumboldt.hale.io.codelist.skos.test.SkosCodeListTest","testSKOSFromRDF2"
"","1","testDefault","","Thu Jul 09 23:24:49 UTC 2026","passed","Thu Jul 09 23:24:49 UTC 2026","","eu.esdihumboldt.hale.common.schema.model.constraint.factory.type.MappableFlagFactoryTest","eu.esdihumboldt.hale.common.schema.model.constraint.factory.type.MappableFlagFactoryTest","testDefault"
"","8","testTimeEquals","","Thu Jul 09 23:23:08 UTC 2026","passed","Thu Jul 09 23:23:08 UTC 2026","","eu.esdihumboldt.hale.common.filter.CQLFilterTest","eu.esdihumboldt.hale.common.filter.CQLFilterTest","testTimeEquals"
"","57","testPolygon","","Thu Jul 09 23:25:05 UTC 2026","passed","Thu Jul 09 23:25:05 UTC 2026","","eu.esdihumboldt.hale.common.schema.groovy.constraints.GeometryFactoryTest","eu.esdihumboldt.hale.common.schema.groovy.constraints.GeometryFactoryTest","testPolygon"
"","95","testCMUnion5","","Thu Jul 09 23:26:13 UTC 2026","passed","Thu Jul 09 23:26:13 UTC 2026","","eu.esdihumboldt.cst.internal.ConceptualSchemaTransformerTest","eu.esdihumboldt.cst.internal.ConceptualSchemaTransformerTest","testCMUnion5"
"","435","testDoesNotExistSchema","","Thu Jul 09 23:23:08 UTC 2026","passed","Thu Jul 09 23:23:08 UTC 2026","","eu.esdihumboldt.hale.common.filter.CQLFilterTest","eu.esdihumboldt.hale.common.filter.CQLFilterTest","testDoesNotExistSchema"
"","32","testWriteBigNumbers","","Thu Jul 09 23:34:01 UTC 2026","passed","Thu Jul 09 23:34:01 UTC 2026","","eu.esdihumboldt.hale.io.shp.ShapefileInstanceWriterTest","eu.esdihumboldt.hale.io.shp.ShapefileInstanceWriterTest","testWriteBigNumbers"
"","9","testDuring","","Thu Jul 09 23:23:08 UTC 2026","passed","Thu Jul 09 23:23:08 UTC 2026","","eu.esdihumboldt.hale.common.filter.CQLFilterTest","eu.esdihumboldt.hale.common.filter.CQLFilterTest","testDuring"
"","189","mergeJoinsWithJoin_abstract1","","Thu Jul 09 23:22:12 UTC 2026","passed","Thu Jul 09 23:22:12 UTC 2026","","eu.esdihumboldt.hale.common.align.merge.test.impl.JoinMergeTest","eu.esdihumboldt.hale.common.align.merge.test.impl.JoinMergeTest","mergeJoinsWithJoin_abstract1"
"","3","testNullSchema","","Thu Jul 09 23:23:09 UTC 2026","passed","Thu Jul 09 23:23:09 UTC 2026","","eu.esdihumboldt.hale.common.filter.ECQLFilterTest","eu.esdihumboldt.hale.common.filter.ECQLFilterTest","testNullSchema"
"","2","testCW3","","Thu Jul 09 23:35:48 UTC 2026","passed","Thu Jul 09 23:35:48 UTC 2026","","eu.esdihumboldt.util.geometry.interpolation.model.impl.ArcByCenterPointImplTest","eu.esdihumboldt.util.geometry.interpolation.model.impl.ArcByCenterPointImplTest","testCW3"
"","33","testSingleGeometryWithMissingProperties","","Thu Jul 09 23:33:58 UTC 2026","passed","Thu Jul 09 23:33:58 UTC 2026","","eu.esdihumboldt.hale.io.shp.ShapefileInstanceWriterTest","eu.esdihumboldt.hale.io.shp.ShapefileInstanceWriterTest","testSingleGeometryWithMissingProperties"
"","451","testGeometryPrimitive_32_Curve_LineString","","Thu Jul 09 23:29:42 UTC 2026","passed","Thu Jul 09 23:29:43 UTC 2026","","eu.esdihumboldt.hale.io.gml.writer.internal.StreamGmlWriter2Test","eu.esdihumboldt.hale.io.gml.writer.internal.StreamGmlWriter2Test","testGeometryPrimitive_32_Curve_LineString"
"","8","testNamespace","","Thu Jul 09 23:25:05 UTC 2026","passed","Thu Jul 09 23:25:05 UTC 2026","","eu.esdihumboldt.hale.common.schema.groovy.DefinitionAccessorTest","eu.esdihumboldt.hale.common.schema.groovy.DefinitionAccessorTest","testNamespace"
"","559","testStoreRestoreCustomName","","Thu Jul 09 23:24:48 UTC 2026","passed","Thu Jul 09 23:24:48 UTC 2026","","eu.esdihumboldt.hale.common.schema.model.constraint.factory.DisplayNameFactoryTest","eu.esdihumboldt.hale.common.schema.model.constraint.factory.DisplayNameFactoryTest","testStoreRestoreCustomName"
"","0","testFootprint2","","Thu Jul 09 23:26:50 UTC 2026","passed","Thu Jul 09 23:26:50 UTC 2026","","eu.esdihumboldt.cst.functions.geometric.test.InteriorPointTest","eu.esdihumboldt.cst.functions.geometric.test.InteriorPointTest","testFootprint2"
"","4439","testWriteRead","","Thu Jul 09 23:32:00 UTC 2026","passed","Thu Jul 09 23:32:04 UTC 2026","","eu.esdihumboldt.hale.io.jdbc.postgresql.test.OneDimensionalArraysIT","eu.esdihumboldt.hale.io.jdbc.postgresql.test.OneDimensionalArraysIT","testWriteRead"
"","232","testPersonWriteValidate","","Thu Jul 09 23:25:22 UTC 2026","passed","Thu Jul 09 23:25:22 UTC 2026","","eu.esdihumboldt.hale.common.schema.persist.hsd.test.json.HaleSchemaWriterJsonTest","eu.esdihumboldt.hale.common.schema.persist.hsd.test.json.HaleSchemaWriterJsonTest","testPersonWriteValidate"
"","6","testPath1","","Thu Jul 09 23:24:49 UTC 2026","passed","Thu Jul 09 23:24:49 UTC 2026","","eu.esdihumboldt.hale.common.schema.model.constraint.factory.type.PrimaryKeyFactoryTest","eu.esdihumboldt.hale.common.schema.model.constraint.factory.type.PrimaryKeyFactoryTest","testPath1"
"","0","testQ3","","Thu Jul 09 23:35:48 UTC 2026","passed","Thu Jul 09 23:35:48 UTC 2026","","eu.esdihumboldt.util.geometry.interpolation.grid.GridUtilTest","eu.esdihumboldt.util.geometry.interpolation.grid.GridUtilTest","testQ3"
"","115","testReadGeoJsonArray","","Thu Jul 09 23:32:52 UTC 2026","passed","Thu Jul 09 23:32:53 UTC 2026","","eu.esdihumboldt.hale.io.json.test.JsonInstanceCollectionTest","eu.esdihumboldt.hale.io.json.test.JsonInstanceCollectionTest","testReadGeoJsonArray"
"","6","testEmpty","","Thu Jul 09 23:24:49 UTC 2026","passed","Thu Jul 09 23:24:49 UTC 2026","","eu.esdihumboldt.hale.common.schema.model.constraint.factory.type.EnumerationFactoryTest","eu.esdihumboldt.hale.common.schema.model.constraint.factory.type.EnumerationFactoryTest","testEmpty"
"","14","testGmlUnresolvableReferences","","Thu Jul 09 23:23:40 UTC 2026","passed","Thu Jul 09 23:23:40 UTC 2026","","eu.esdihumboldt.hale.common.instance.graph.test.ReferenceGraphTest","eu.esdihumboldt.hale.common.instance.graph.test.ReferenceGraphTest","testGmlUnresolvableReferences"
"","17","testGmlReferences","","Thu Jul 09 23:23:40 UTC 2026","passed","Thu Jul 09 23:23:40 UTC 2026","","eu.esdihumboldt.hale.common.instance.graph.test.ReferenceGraphTest","eu.esdihumboldt.hale.common.instance.graph.test.ReferenceGraphTest","testGmlReferences"
"","0","testInstanceExistsSchema","","Thu Jul 09 23:23:09 UTC 2026","skipped","Thu Jul 09 23:23:09 UTC 2026","","eu.esdihumboldt.hale.common.filter.ECQLFilterTest","eu.esdihumboldt.hale.common.filter.ECQLFilterTest","testInstanceExistsSchema"
"","15","testBackwardCompatibilityRead","","Thu Jul 09 23:34:56 UTC 2026","passed","Thu Jul 09 23:34:56 UTC 2026","","eu.esdihumboldt.hale.io.xls.test.reader.XLSReaderTest","eu.esdihumboldt.hale.io.xls.test.reader.XLSReaderTest","testBackwardCompatibilityRead"
"","32","testGmlReferencesMultiPart","","Thu Jul 09 23:23:40 UTC 2026","passed","Thu Jul 09 23:23:40 UTC 2026","","eu.esdihumboldt.hale.common.instance.graph.test.ReferenceGraphTest","eu.esdihumboldt.hale.common.instance.graph.test.ReferenceGraphTest","testGmlReferencesMultiPart"
"","25","testLoadMixed","","Thu Jul 09 23:28:52 UTC 2026","passed","Thu Jul 09 23:28:52 UTC 2026","","eu.esdihumboldt.hale.io.gml.reader.internal.GmlInstanceCollectionTest","eu.esdihumboldt.hale.io.gml.reader.internal.GmlInstanceCollectionTest","testLoadMixed"
"","0","testGroup","","Thu Jul 09 23:25:59 UTC 2026","skipped","Thu Jul 09 23:25:59 UTC 2026","","eu.esdihumboldt.cst.internal.ConceptualSchemaTransformerTest","eu.esdihumboldt.cst.internal.ConceptualSchemaTransformerTest","testGroup"
"","1480","testLoadShiporderWrapped","","Thu Jul 09 23:23:22 UTC 2026","passed","Thu Jul 09 23:23:23 UTC 2026","","eu.esdihumboldt.hale.common.instance.helper.PropertyResolverTest","eu.esdihumboldt.hale.common.instance.helper.PropertyResolverTest","testLoadShiporderWrapped"
"","17","testArray","","Thu Jul 09 23:24:49 UTC 2026","passed","Thu Jul 09 23:24:49 UTC 2026","","eu.esdihumboldt.hale.common.schema.model.constraint.factory.type.BindingFactoryTest","eu.esdihumboldt.hale.common.schema.model.constraint.factory.type.BindingFactoryTest","testArray"
