"DESCRIPTION","DURATION IN MS","NAME","PARENT SUITE","START TIME","STATUS","STOP TIME","SUB SUITE","SUITE","TEST CLASS","TEST METHOD"
"","164","testJoinCondition","","Wed Jul 08 11:39:27 UTC 2026","passed","Wed Jul 08 11:39:28 UTC 2026","","eu.esdihumboldt.hale.common.align.merge.test.impl.JoinFocusRetainConditionTest","eu.esdihumboldt.hale.common.align.merge.test.impl.JoinFocusRetainConditionTest","testJoinCondition"
"","0","testGeometry_2_Polygon","","Wed Jul 08 11:45:52 UTC 2026","skipped","Wed Jul 08 11:45:52 UTC 2026","","eu.esdihumboldt.hale.io.gml.writer.internal.StreamGmlWriterTest","eu.esdihumboldt.hale.io.gml.writer.internal.StreamGmlWriterTest","testGeometry_2_Polygon"
"","43","testLoadWVAIgnoreNamespace","","Wed Jul 08 11:44:55 UTC 2026","passed","Wed Jul 08 11:44:55 UTC 2026","","eu.esdihumboldt.hale.io.gml.reader.internal.GmlInstanceCollectionTest","eu.esdihumboldt.hale.io.gml.reader.internal.GmlInstanceCollectionTest","testLoadWVAIgnoreNamespace"
"","1","testHttpAbsoluteOtherHttp","","Wed Jul 08 11:50:39 UTC 2026","passed","Wed Jul 08 11:50:39 UTC 2026","","eu.esdihumboldt.hale.io.xsd.reader.HumboldtURIResolverTest","eu.esdihumboldt.hale.io.xsd.reader.HumboldtURIResolverTest","testHttpAbsoluteOtherHttp"
"","1","testRange","","Wed Jul 08 11:41:52 UTC 2026","passed","Wed Jul 08 11:41:52 UTC 2026","","eu.esdihumboldt.hale.common.schema.groovy.constraints.CardinalityFactoryTest","eu.esdihumboldt.hale.common.schema.groovy.constraints.CardinalityFactoryTest","testRange"
"","12","testReadVersion4","","Wed Jul 08 11:48:30 UTC 2026","passed","Wed Jul 08 11:48:30 UTC 2026","","eu.esdihumboldt.hale.io.jdbc.spatialite.reader.internal.SpatiaLiteInstanceReaderTest","eu.esdihumboldt.hale.io.jdbc.spatialite.reader.internal.SpatiaLiteInstanceReaderTest","testReadVersion4"
"","1","testDisabled","","Wed Jul 08 11:41:38 UTC 2026","passed","Wed Jul 08 11:41:38 UTC 2026","","eu.esdihumboldt.hale.common.schema.model.constraint.factory.property.NillableFlagFactoryTest","eu.esdihumboldt.hale.common.schema.model.constraint.factory.property.NillableFlagFactoryTest","testDisabled"
"","104","testGroovyWarningRetypeTarget","","Wed Jul 08 11:39:25 UTC 2026","passed","Wed Jul 08 11:39:25 UTC 2026","","eu.esdihumboldt.hale.common.align.merge.test.impl.DefaultMergeCellMigratorTest","eu.esdihumboldt.hale.common.align.merge.test.impl.DefaultMergeCellMigratorTest","testGroovyWarningRetypeTarget"
"","31","testWriteSingleCorrectSchemasWithOneMissingGeom","","Wed Jul 08 11:49:42 UTC 2026","passed","Wed Jul 08 11:49:42 UTC 2026","","eu.esdihumboldt.hale.io.shp.ShapefileInstanceWriterTest","eu.esdihumboldt.hale.io.shp.ShapefileInstanceWriterTest","testWriteSingleCorrectSchemasWithOneMissingGeom"
"","71","testWriteMultiSchemasWithOneMissingGeom","","Wed Jul 08 11:49:40 UTC 2026","passed","Wed Jul 08 11:49:40 UTC 2026","","eu.esdihumboldt.hale.io.shp.ShapefileInstanceWriterTest","eu.esdihumboldt.hale.io.shp.ShapefileInstanceWriterTest","testWriteMultiSchemasWithOneMissingGeom"
"","33","testEqualitySimple","","Wed Jul 08 11:40:17 UTC 2026","passed","Wed Jul 08 11:40:17 UTC 2026","","eu.esdihumboldt.hale.common.filter.ECQLFilterTest","eu.esdihumboldt.hale.common.filter.ECQLFilterTest","testEqualitySimple"
"","0","testUnifyEmpty","","Wed Jul 08 11:51:03 UTC 2026","passed","Wed Jul 08 11:51:03 UTC 2026","","eu.esdihumboldt.util.geometry.WindingOrderTest","eu.esdihumboldt.util.geometry.WindingOrderTest","testUnifyEmpty"
"","107","testPropertyCondition2","","Wed Jul 08 11:42:48 UTC 2026","passed","Wed Jul 08 11:42:48 UTC 2026","","eu.esdihumboldt.cst.internal.ConceptualSchemaTransformerTest","eu.esdihumboldt.cst.internal.ConceptualSchemaTransformerTest","testPropertyCondition2"
"","104","testCMMulti1","","Wed Jul 08 11:42:47 UTC 2026","passed","Wed Jul 08 11:42:47 UTC 2026","","eu.esdihumboldt.cst.internal.ConceptualSchemaTransformerTest","eu.esdihumboldt.cst.internal.ConceptualSchemaTransformerTest","testCMMulti1"
"","317","testGeometryPrimitive_32_MultiPolygon","","Wed Jul 08 11:45:55 UTC 2026","passed","Wed Jul 08 11:45:55 UTC 2026","","eu.esdihumboldt.hale.io.gml.writer.internal.StreamGmlWriterTest","eu.esdihumboldt.hale.io.gml.writer.internal.StreamGmlWriterTest","testGeometryPrimitive_32_MultiPolygon"
"","4","testStringBetween","","Wed Jul 08 11:40:17 UTC 2026","passed","Wed Jul 08 11:40:17 UTC 2026","","eu.esdihumboldt.hale.common.filter.CQLFilterTest","eu.esdihumboldt.hale.common.filter.CQLFilterTest","testStringBetween"
"","171","testPropertyJoinNonMatchingTypes","","Wed Jul 08 11:42:39 UTC 2026","passed","Wed Jul 08 11:42:39 UTC 2026","","eu.esdihumboldt.cst.internal.ConceptualSchemaTransformerTest","eu.esdihumboldt.cst.internal.ConceptualSchemaTransformerTest","testPropertyJoinNonMatchingTypes"
"","40","simpleSchemaTestECQL","","Wed Jul 08 11:40:20 UTC 2026","passed","Wed Jul 08 11:40:20 UTC 2026","","eu.esdihumboldt.hale.common.filter.FilterTest","eu.esdihumboldt.hale.common.filter.FilterTest","simpleSchemaTestECQL"
"","43","testNullMixed","","Wed Jul 08 11:40:55 UTC 2026","passed","Wed Jul 08 11:40:55 UTC 2026","","eu.esdihumboldt.hale.common.instance.groovy.InstanceAccessorTest","eu.esdihumboldt.hale.common.instance.groovy.InstanceAccessorTest","testNullMixed"
"","137","testRetypeCondition","","Wed Jul 08 11:39:28 UTC 2026","passed","Wed Jul 08 11:39:28 UTC 2026","","eu.esdihumboldt.hale.common.align.merge.test.impl.JoinRetainConditionsTest","eu.esdihumboldt.hale.common.align.merge.test.impl.JoinRetainConditionsTest","testRetypeCondition"
"","0","testExistsSchema","","Wed Jul 08 11:40:17 UTC 2026","skipped","Wed Jul 08 11:40:17 UTC 2026","","eu.esdihumboldt.hale.common.filter.CQLFilterTest","eu.esdihumboldt.hale.common.filter.CQLFilterTest","testExistsSchema"
"","1048","testLoadFile","","Wed Jul 08 11:44:24 UTC 2026","passed","Wed Jul 08 11:44:25 UTC 2026","","eu.esdihumboldt.hale.io.geopackage.GeopackageApiTest","eu.esdihumboldt.hale.io.geopackage.GeopackageApiTest","testLoadFile"
"","421","testMsAccessSchemaReaderForMdbTest","","Wed Jul 08 11:46:38 UTC 2026","passed","Wed Jul 08 11:46:39 UTC 2026","","eu.esdihumboldt.hale.io.jdbc.msaccess.reader.MsAccessSchemaReaderTest","eu.esdihumboldt.hale.io.jdbc.msaccess.reader.MsAccessSchemaReaderTest","testMsAccessSchemaReaderForMdbTest"
"","84","testCMUnion3","","Wed Jul 08 11:42:47 UTC 2026","passed","Wed Jul 08 11:42:47 UTC 2026","","eu.esdihumboldt.cst.internal.ConceptualSchemaTransformerTest","eu.esdihumboldt.cst.internal.ConceptualSchemaTransformerTest","testCMUnion3"
"","29","testGroup","","Wed Jul 08 11:41:52 UTC 2026","passed","Wed Jul 08 11:41:52 UTC 2026","","eu.esdihumboldt.hale.common.schema.groovy.SchemaBuilderTest","eu.esdihumboldt.hale.common.schema.groovy.SchemaBuilderTest","testGroup"
"","280","testGeometryPrimitive_32_LineString","","Wed Jul 08 11:45:54 UTC 2026","passed","Wed Jul 08 11:45:54 UTC 2026","","eu.esdihumboldt.hale.io.gml.writer.internal.StreamGmlWriterTest","eu.esdihumboldt.hale.io.gml.writer.internal.StreamGmlWriterTest","testGeometryPrimitive_32_LineString"
"","271","testGeometryPrimitive_32_Point","","Wed Jul 08 11:45:53 UTC 2026","passed","Wed Jul 08 11:45:53 UTC 2026","","eu.esdihumboldt.hale.io.gml.writer.internal.StreamGmlWriterTest","eu.esdihumboldt.hale.io.gml.writer.internal.StreamGmlWriterTest","testGeometryPrimitive_32_Point"
"","0","testPrimitiveArray","","Wed Jul 08 11:41:39 UTC 2026","passed","Wed Jul 08 11:41:39 UTC 2026","","eu.esdihumboldt.hale.common.schema.model.constraint.factory.type.BindingFactoryTest","eu.esdihumboldt.hale.common.schema.model.constraint.factory.type.BindingFactoryTest","testPrimitiveArray"
"","1","testNested","","Wed Jul 08 11:50:57 UTC 2026","passed","Wed Jul 08 11:50:57 UTC 2026","","eu.esdihumboldt.util.config.ConfigMergerTest","eu.esdihumboldt.util.config.ConfigMergerTest","testNested"
"","1","testOptional","","Wed Jul 08 11:41:38 UTC 2026","passed","Wed Jul 08 11:41:38 UTC 2026","","eu.esdihumboldt.hale.common.schema.model.constraint.factory.property.CardinalityFactoryTest","eu.esdihumboldt.hale.common.schema.model.constraint.factory.property.CardinalityFactoryTest","testOptional"
"","40","checkCyclicTypes","","Wed Jul 08 11:47:32 UTC 2026","passed","Wed Jul 08 11:47:32 UTC 2026","","eu.esdihumboldt.hale.io.jdbc.postgresql.test.CheckSortingForCyclicTypesTest","eu.esdihumboldt.hale.io.jdbc.postgresql.test.CheckSortingForCyclicTypesTest","checkCyclicTypes"
"","117","testArray","","Wed Jul 08 11:48:46 UTC 2026","passed","Wed Jul 08 11:48:47 UTC 2026","","eu.esdihumboldt.hale.io.json.test.JsonSchemaReaderTest","eu.esdihumboldt.hale.io.json.test.JsonSchemaReaderTest","testArray"
"","192","mergeJoinsWithJoin_sample_hydro","","Wed Jul 08 11:39:28 UTC 2026","passed","Wed Jul 08 11:39:28 UTC 2026","","eu.esdihumboldt.hale.common.align.merge.test.impl.JoinMergeTest","eu.esdihumboldt.hale.common.align.merge.test.impl.JoinMergeTest","mergeJoinsWithJoin_sample_hydro"
"","13","testRead_shiporder_types","","Wed Jul 08 11:50:41 UTC 2026","passed","Wed Jul 08 11:50:41 UTC 2026","","eu.esdihumboldt.hale.io.xsd.reader.XmlSchemaReaderTest","eu.esdihumboldt.hale.io.xsd.reader.XmlSchemaReaderTest","testRead_shiporder_types"
"","15","testRead_definitive_annotated","","Wed Jul 08 11:50:41 UTC 2026","passed","Wed Jul 08 11:50:41 UTC 2026","","eu.esdihumboldt.hale.io.xsd.reader.XmlSchemaReaderTest","eu.esdihumboldt.hale.io.xsd.reader.XmlSchemaReaderTest","testRead_definitive_annotated"
"","43","testTemplate","","Wed Jul 08 11:38:51 UTC 2026","passed","Wed Jul 08 11:38:51 UTC 2026","","eu.esdihumboldt.hale.common.align.model.impl.mdexpl.MarkdownCellExplanationTest","eu.esdihumboldt.hale.common.align.model.impl.mdexpl.MarkdownCellExplanationTest","testTemplate"
"","26","testReadXsdInstancesTypenameAmbiguousLocalNameWithNamespace2","","Wed Jul 08 11:49:35 UTC 2026","passed","Wed Jul 08 11:49:35 UTC 2026","","eu.esdihumboldt.hale.io.shp.ShapeInstanceReaderTest","eu.esdihumboldt.hale.io.shp.ShapeInstanceReaderTest","testReadXsdInstancesTypenameAmbiguousLocalNameWithNamespace2"
"","7","testSimpleSingleStrictFail","","Wed Jul 08 11:39:04 UTC 2026","passed","Wed Jul 08 11:39:04 UTC 2026","","eu.esdihumboldt.hale.common.align.groovy.accessor.EntityAccessorTest","eu.esdihumboldt.hale.common.align.groovy.accessor.EntityAccessorTest","testSimpleSingleStrictFail"
"","12","testGmlUnresolvableReferences","","Wed Jul 08 11:40:43 UTC 2026","passed","Wed Jul 08 11:40:43 UTC 2026","","eu.esdihumboldt.hale.common.instance.graph.test.ReferenceGraphTest","eu.esdihumboldt.hale.common.instance.graph.test.ReferenceGraphTest","testGmlUnresolvableReferences"
"","3","testRefTypes","","Wed Jul 08 11:41:38 UTC 2026","passed","Wed Jul 08 11:41:38 UTC 2026","","eu.esdihumboldt.hale.common.schema.model.constraint.factory.property.ReferenceFactoryTest","eu.esdihumboldt.hale.common.schema.model.constraint.factory.property.ReferenceFactoryTest","testRefTypes"
"","434","testWfsPaginationInstanceContent","","Wed Jul 08 11:45:37 UTC 2026","passed","Wed Jul 08 11:45:38 UTC 2026","","eu.esdihumboldt.hale.io.gml.reader.internal.StreamGmlReaderTest","eu.esdihumboldt.hale.io.gml.reader.internal.StreamGmlReaderTest","testWfsPaginationInstanceContent"
"","2","testByPoints1AllGrid","","Wed Jul 08 11:51:04 UTC 2026","passed","Wed Jul 08 11:51:04 UTC 2026","","eu.esdihumboldt.util.geometry.interpolation.grid.GridInterpolationTest","eu.esdihumboldt.util.geometry.interpolation.grid.GridInterpolationTest","testByPoints1AllGrid"
"","0","testComplexWrite","","Wed Jul 08 11:51:37 UTC 2026","skipped","Wed Jul 08 11:51:37 UTC 2026","","eu.esdihumboldt.util.orient.embedded.LocalDocumentTest","eu.esdihumboldt.util.orient.embedded.LocalDocumentTest","testComplexWrite"
"","3","testLikeNoSchema","","Wed Jul 08 11:40:17 UTC 2026","passed","Wed Jul 08 11:40:17 UTC 2026","","eu.esdihumboldt.hale.common.filter.CQLFilterTest","eu.esdihumboldt.hale.common.filter.CQLFilterTest","testLikeNoSchema"
"","11047","migrateRenameFormattedString","","Wed Jul 08 11:43:40 UTC 2026","passed","Wed Jul 08 11:43:51 UTC 2026","","eu.esdihumboldt.hale.adv.merge.test.AdVMeasurementMergeTest","eu.esdihumboldt.hale.adv.merge.test.AdVMeasurementMergeTest","migrateRenameFormattedString"
"","125","testGroovy3","","Wed Jul 08 11:42:40 UTC 2026","passed","Wed Jul 08 11:42:40 UTC 2026","","eu.esdihumboldt.cst.internal.ConceptualSchemaTransformerTest","eu.esdihumboldt.cst.internal.ConceptualSchemaTransformerTest","testGroovy3"
"","14","testReadComplexNested","","Wed Jul 08 11:48:47 UTC 2026","passed","Wed Jul 08 11:48:47 UTC 2026","","eu.esdihumboldt.hale.io.json.test.JsonToInstanceTest","eu.esdihumboldt.hale.io.json.test.JsonToInstanceTest","testReadComplexNested"
"","3","testNullNotExistsNoSchema","","Wed Jul 08 11:40:17 UTC 2026","passed","Wed Jul 08 11:40:17 UTC 2026","","eu.esdihumboldt.hale.common.filter.CQLFilterTest","eu.esdihumboldt.hale.common.filter.CQLFilterTest","testNullNotExistsNoSchema"
"","10","testGeoJsonSimple_7_andLess","","Wed Jul 08 11:48:45 UTC 2026","passed","Wed Jul 08 11:48:45 UTC 2026","","eu.esdihumboldt.hale.io.json.test.InstanceToJsonTest","eu.esdihumboldt.hale.io.json.test.InstanceToJsonTest","testGeoJsonSimple_7_andLess"
"","5","testGeoBboxList","","Wed Jul 08 11:40:17 UTC 2026","passed","Wed Jul 08 11:40:17 UTC 2026","","eu.esdihumboldt.hale.common.filter.CQLFilterTest","eu.esdihumboldt.hale.common.filter.CQLFilterTest","testGeoBboxList"
"","3","testGeoCrosses","","Wed Jul 08 11:40:18 UTC 2026","passed","Wed Jul 08 11:40:18 UTC 2026","","eu.esdihumboldt.hale.common.filter.ECQLFilterTest","eu.esdihumboldt.hale.common.filter.ECQLFilterTest","testGeoCrosses"
"","0","testGeometryNormalOnCRS","","Wed Jul 08 11:51:03 UTC 2026","passed","Wed Jul 08 11:51:03 UTC 2026","","eu.esdihumboldt.util.geometry.WindingOrderTest","eu.esdihumboldt.util.geometry.WindingOrderTest","testGeometryNormalOnCRS"
"","174","mergeJoinsWithJoin_abstract1","","Wed Jul 08 11:39:28 UTC 2026","passed","Wed Jul 08 11:39:28 UTC 2026","","eu.esdihumboldt.hale.common.align.merge.test.impl.JoinMergeTest","eu.esdihumboldt.hale.common.align.merge.test.impl.JoinMergeTest","mergeJoinsWithJoin_abstract1"
"","144","testTypeFilter4","","Wed Jul 08 11:39:24 UTC 2026","passed","Wed Jul 08 11:39:24 UTC 2026","","eu.esdihumboldt.hale.common.align.merge.test.impl.DefaultMergeCellMigratorTest","eu.esdihumboldt.hale.common.align.merge.test.impl.DefaultMergeCellMigratorTest","testTypeFilter4"
"","4099","testLoadFilterNoDuplicates","","Wed Jul 08 11:44:55 UTC 2026","passed","Wed Jul 08 11:44:59 UTC 2026","","eu.esdihumboldt.hale.io.gml.reader.internal.GmlInstanceCollectionTest","eu.esdihumboldt.hale.io.gml.reader.internal.GmlInstanceCollectionTest","testLoadFilterNoDuplicates"
"","4330","testStatistics","","Wed Jul 08 11:37:44 UTC 2026","passed","Wed Jul 08 11:37:48 UTC 2026","","eu.esdihumboldt.hale.app.transform.test.ExecuteTest","eu.esdihumboldt.hale.app.transform.test.ExecuteTest","testStatistics"
"","2","testGetReferencesSimple","","Wed Jul 08 11:40:18 UTC 2026","passed","Wed Jul 08 11:40:18 UTC 2026","","eu.esdihumboldt.hale.common.filter.ECQLFilterTest","eu.esdihumboldt.hale.common.filter.ECQLFilterTest","testGetReferencesSimple"
"","90","testRetypeConditionRenameTypeFilteredTranslated","","Wed Jul 08 11:39:29 UTC 2026","passed","Wed Jul 08 11:39:29 UTC 2026","","eu.esdihumboldt.hale.common.align.merge.test.impl.JoinRetainConditionsTest","eu.esdihumboldt.hale.common.align.merge.test.impl.JoinRetainConditionsTest","testRetypeConditionRenameTypeFilteredTranslated"
"","2","testGeoContains","","Wed Jul 08 11:40:18 UTC 2026","passed","Wed Jul 08 11:40:18 UTC 2026","","eu.esdihumboldt.hale.common.filter.ECQLFilterTest","eu.esdihumboldt.hale.common.filter.ECQLFilterTest","testGeoContains"
"","1","testCircle2","","Wed Jul 08 11:51:04 UTC 2026","passed","Wed Jul 08 11:51:04 UTC 2026","","eu.esdihumboldt.util.geometry.interpolation.model.impl.ArcByCenterPointImplTest","eu.esdihumboldt.util.geometry.interpolation.model.impl.ArcByCenterPointImplTest","testCircle2"
"","13076","testExportPropertyJoin","","Wed Jul 08 11:46:14 UTC 2026","passed","Wed Jul 08 11:46:27 UTC 2026","","eu.esdihumboldt.hale.io.html.svg.MappingExporterTest","eu.esdihumboldt.hale.io.html.svg.MappingExporterTest","testExportPropertyJoin"
"","3","testGetReferencesNested","","Wed Jul 08 11:40:18 UTC 2026","passed","Wed Jul 08 11:40:18 UTC 2026","","eu.esdihumboldt.hale.common.filter.ECQLFilterTest","eu.esdihumboldt.hale.common.filter.ECQLFilterTest","testGetReferencesNested"
"","2068","testReadInstances","","Wed Jul 08 11:44:39 UTC 2026","passed","Wed Jul 08 11:44:41 UTC 2026","","eu.esdihumboldt.hale.io.geopackage.GeopackageInstanceReaderTest","eu.esdihumboldt.hale.io.geopackage.GeopackageInstanceReaderTest","testReadInstances"
"","0","testPropertiesMix","","Wed Jul 08 11:42:40 UTC 2026","skipped","Wed Jul 08 11:42:40 UTC 2026","","eu.esdihumboldt.cst.internal.ConceptualSchemaTransformerTest","eu.esdihumboldt.cst.internal.ConceptualSchemaTransformerTest","testPropertiesMix"
"","2","testNamespaceIndexChildContext","","Wed Jul 08 11:39:04 UTC 2026","passed","Wed Jul 08 11:39:04 UTC 2026","","eu.esdihumboldt.hale.common.align.groovy.accessor.EntityAccessorTest","eu.esdihumboldt.hale.common.align.groovy.accessor.EntityAccessorTest","testNamespaceIndexChildContext"
"","235","testGeometryPrimitive_31_Polygon","","Wed Jul 08 11:45:54 UTC 2026","passed","Wed Jul 08 11:45:55 UTC 2026","","eu.esdihumboldt.hale.io.gml.writer.internal.StreamGmlWriterTest","eu.esdihumboldt.hale.io.gml.writer.internal.StreamGmlWriterTest","testGeometryPrimitive_31_Polygon"
"","125","testFilterSame5","","Wed Jul 08 11:39:23 UTC 2026","passed","Wed Jul 08 11:39:23 UTC 2026","","eu.esdihumboldt.hale.common.align.merge.test.impl.DefaultMergeCellMigratorTest","eu.esdihumboldt.hale.common.align.merge.test.impl.DefaultMergeCellMigratorTest","testFilterSame5"
"","8","testNotEqualSimple","","Wed Jul 08 11:40:17 UTC 2026","passed","Wed Jul 08 11:40:17 UTC 2026","","eu.esdihumboldt.hale.common.filter.CQLFilterTest","eu.esdihumboldt.hale.common.filter.CQLFilterTest","testNotEqualSimple"
"","61","testDupeAssign","","Wed Jul 08 11:42:47 UTC 2026","passed","Wed Jul 08 11:42:47 UTC 2026","","eu.esdihumboldt.cst.internal.ConceptualSchemaTransformerTest","eu.esdihumboldt.cst.internal.ConceptualSchemaTransformerTest","testDupeAssign"
"","126","testGroovyWarningMergeTarget","","Wed Jul 08 11:39:26 UTC 2026","passed","Wed Jul 08 11:39:26 UTC 2026","","eu.esdihumboldt.hale.common.align.merge.test.impl.DefaultMergeCellMigratorTest","eu.esdihumboldt.hale.common.align.merge.test.impl.DefaultMergeCellMigratorTest","testGroovyWarningMergeTarget"
"","1","testLookupAndConsumeMark","","Wed Jul 08 11:40:02 UTC 2026","passed","Wed Jul 08 11:40:02 UTC 2026","","eu.esdihumboldt.hale.common.core.io.supplier.LookupStreamResourceTest","eu.esdihumboldt.hale.common.core.io.supplier.LookupStreamResourceTest","testLookupAndConsumeMark"
"","124","mergeJoinWithRetype","","Wed Jul 08 11:39:25 UTC 2026","passed","Wed Jul 08 11:39:25 UTC 2026","","eu.esdihumboldt.hale.common.align.merge.test.impl.DefaultMergeCellMigratorTest","eu.esdihumboldt.hale.common.align.merge.test.impl.DefaultMergeCellMigratorTest","mergeJoinWithRetype"
"","106","testStringValueList","","Wed Jul 08 11:40:01 UTC 2026","passed","Wed Jul 08 11:40:01 UTC 2026","","eu.esdihumboldt.hale.common.core.io.impl.ValueListTypeTest","eu.esdihumboldt.hale.common.core.io.impl.ValueListTypeTest","testStringValueList"
"","171","testReadMultipleValues","","Wed Jul 08 11:50:25 UTC 2026","passed","Wed Jul 08 11:50:25 UTC 2026","","eu.esdihumboldt.hale.io.xls.test.reader.XLSReaderTest","eu.esdihumboldt.hale.io.xls.test.reader.XLSReaderTest","testReadMultipleValues"
"","21","testWriteReadDateTime","","Wed Jul 08 11:49:42 UTC 2026","passed","Wed Jul 08 11:49:42 UTC 2026","","eu.esdihumboldt.hale.io.shp.ShapefileInstanceWriterTest","eu.esdihumboldt.hale.io.shp.ShapefileInstanceWriterTest","testWriteReadDateTime"
"","22","testSimpleSingleStrictFail","","Wed Jul 08 11:41:52 UTC 2026","passed","Wed Jul 08 11:41:52 UTC 2026","","eu.esdihumboldt.hale.common.schema.groovy.DefinitionAccessorTest","eu.esdihumboldt.hale.common.schema.groovy.DefinitionAccessorTest","testSimpleSingleStrictFail"
"","263","testGeometryAggregate_32_Point","","Wed Jul 08 11:45:53 UTC 2026","passed","Wed Jul 08 11:45:53 UTC 2026","","eu.esdihumboldt.hale.io.gml.writer.internal.StreamGmlWriterTest","eu.esdihumboldt.hale.io.gml.writer.internal.StreamGmlWriterTest","testGeometryAggregate_32_Point"
"","69","testNonNullValuesUnaffectedByNullEntry","","Wed Jul 08 11:41:11 UTC 2026","passed","Wed Jul 08 11:41:11 UTC 2026","","eu.esdihumboldt.hale.common.lookup.impl.LookupTableImplTest","eu.esdihumboldt.hale.common.lookup.impl.LookupTableImplTest","testNonNullValuesUnaffectedByNullEntry"
"","1","testFormatter[7]","","Wed Jul 08 11:51:01 UTC 2026","passed","Wed Jul 08 11:51:01 UTC 2026","","eu.esdihumboldt.util.geometry.DecimalFormatUtilTest","eu.esdihumboldt.util.geometry.DecimalFormatUtilTest","testFormatter[7]"
"","8430","testDimensionRule","","Wed Jul 08 11:48:58 UTC 2026","passed","Wed Jul 08 11:49:06 UTC 2026","","eu.esdihumboldt.hale.io.schematron.SchematronInstanceValidatorTest","eu.esdihumboldt.hale.io.schematron.SchematronInstanceValidatorTest","testDimensionRule"
"","3","testByPoints1","","Wed Jul 08 11:51:04 UTC 2026","passed","Wed Jul 08 11:51:04 UTC 2026","","eu.esdihumboldt.util.geometry.interpolation.grid.GridInterpolationTest","eu.esdihumboldt.util.geometry.interpolation.grid.GridInterpolationTest","testByPoints1"
"","5","testReadComplex","","Wed Jul 08 11:48:47 UTC 2026","passed","Wed Jul 08 11:48:47 UTC 2026","","eu.esdihumboldt.hale.io.json.test.JsonToInstanceTest","eu.esdihumboldt.hale.io.json.test.JsonToInstanceTest","testReadComplex"
"","122","testFilterSame2","","Wed Jul 08 11:39:23 UTC 2026","passed","Wed Jul 08 11:39:23 UTC 2026","","eu.esdihumboldt.hale.common.align.merge.test.impl.DefaultMergeCellMigratorTest","eu.esdihumboldt.hale.common.align.merge.test.impl.DefaultMergeCellMigratorTest","testFilterSame2"
"","0","testDisabled","","Wed Jul 08 11:41:39 UTC 2026","passed","Wed Jul 08 11:41:39 UTC 2026","","eu.esdihumboldt.hale.common.schema.model.constraint.factory.type.MappableFlagFactoryTest","eu.esdihumboldt.hale.common.schema.model.constraint.factory.type.MappableFlagFactoryTest","testDisabled"
"","2","testNestedOverride","","Wed Jul 08 11:50:57 UTC 2026","passed","Wed Jul 08 11:50:57 UTC 2026","","eu.esdihumboldt.util.config.ConfigMergerTest","eu.esdihumboldt.util.config.ConfigMergerTest","testNestedOverride"
"","5","testNumberList","","Wed Jul 08 11:40:18 UTC 2026","passed","Wed Jul 08 11:40:18 UTC 2026","","eu.esdihumboldt.hale.common.filter.ECQLFilterTest","eu.esdihumboldt.hale.common.filter.ECQLFilterTest","testNumberList"
"","124","testNullValue","","Wed Jul 08 11:42:49 UTC 2026","passed","Wed Jul 08 11:42:49 UTC 2026","","eu.esdihumboldt.cst.internal.ConceptualSchemaTransformerTest","eu.esdihumboldt.cst.internal.ConceptualSchemaTransformerTest","testNullValue"
"","79","testLoadWVA","","Wed Jul 08 11:44:55 UTC 2026","passed","Wed Jul 08 11:44:55 UTC 2026","","eu.esdihumboldt.hale.io.gml.reader.internal.GmlInstanceCollectionTest","eu.esdihumboldt.hale.io.gml.reader.internal.GmlInstanceCollectionTest","testLoadWVA"
"","5348","testWriteRead","","Wed Jul 08 11:47:52 UTC 2026","passed","Wed Jul 08 11:47:58 UTC 2026","","eu.esdihumboldt.hale.io.jdbc.postgresql.test.OneDimensionalArraysIT","eu.esdihumboldt.hale.io.jdbc.postgresql.test.OneDimensionalArraysIT","testWriteRead"
"","253","testInspireReferenceAppInfo","","Wed Jul 08 11:50:41 UTC 2026","passed","Wed Jul 08 11:50:41 UTC 2026","","eu.esdihumboldt.hale.io.xsd.reader.XmlSchemaReaderMoreTest","eu.esdihumboldt.hale.io.xsd.reader.XmlSchemaReaderMoreTest","testInspireReferenceAppInfo"
"","6620","testInstanceWriteOrder","","Wed Jul 08 11:48:19 UTC 2026","passed","Wed Jul 08 11:48:25 UTC 2026","","eu.esdihumboldt.hale.io.jdbc.postgresql.test.WriteInstanceOrderIT","eu.esdihumboldt.hale.io.jdbc.postgresql.test.WriteInstanceOrderIT","testInstanceWriteOrder"
"","1","testDisabled","","Wed Jul 08 11:41:38 UTC 2026","passed","Wed Jul 08 11:41:38 UTC 2026","","eu.esdihumboldt.hale.common.schema.model.constraint.factory.type.AbstractFlagFactoryTest","eu.esdihumboldt.hale.common.schema.model.constraint.factory.type.AbstractFlagFactoryTest","testDisabled"
"","4265","testConnection","","Wed Jul 08 11:47:32 UTC 2026","passed","Wed Jul 08 11:47:37 UTC 2026","","eu.esdihumboldt.hale.io.jdbc.postgresql.test.DatabaseIT","eu.esdihumboldt.hale.io.jdbc.postgresql.test.DatabaseIT","testConnection"
"","321","testByPointsToCenterAllGrid","","Wed Jul 08 11:51:03 UTC 2026","passed","Wed Jul 08 11:51:03 UTC 2026","","eu.esdihumboldt.util.geometry.interpolation.grid.GridInterpolationTest","eu.esdihumboldt.util.geometry.interpolation.grid.GridInterpolationTest","testByPointsToCenterAllGrid"
"","124","testParentMappingGeometry","","Wed Jul 08 11:39:24 UTC 2026","passed","Wed Jul 08 11:39:24 UTC 2026","","eu.esdihumboldt.hale.common.align.merge.test.impl.DefaultMergeCellMigratorTest","eu.esdihumboldt.hale.common.align.merge.test.impl.DefaultMergeCellMigratorTest","testParentMappingGeometry"
"","4","testRootArrayObjects","","Wed Jul 08 11:51:17 UTC 2026","passed","Wed Jul 08 11:51:17 UTC 2026","","eu.esdihumboldt.util.groovy.json.JsonStreamBuilderTest","eu.esdihumboldt.util.groovy.json.JsonStreamBuilderTest","testRootArrayObjects"
"","553","testWriteBigNumbers","","Wed Jul 08 11:44:44 UTC 2026","passed","Wed Jul 08 11:44:44 UTC 2026","","eu.esdihumboldt.hale.io.geopackage.GeopackageInstanceWriterTest","eu.esdihumboldt.hale.io.geopackage.GeopackageInstanceWriterTest","testWriteBigNumbers"
"","0","testLocalING4479","","Wed Jul 08 11:38:26 UTC 2026","skipped","Wed Jul 08 11:38:26 UTC 2026","","eu.esdihumboldt.hale.app.transform.test.ExecuteTest","eu.esdihumboldt.hale.app.transform.test.ExecuteTest","testLocalING4479"
"","2","testMixedKeys","","Wed Jul 08 11:43:36 UTC 2026","passed","Wed Jul 08 11:43:36 UTC 2026","","eu.esdihumboldt.cst.functions.groovy.helpers.util.CollectorTest","eu.esdihumboldt.cst.functions.groovy.helpers.util.CollectorTest","testMixedKeys"
"","3","testReadString","","Wed Jul 08 11:48:47 UTC 2026","passed","Wed Jul 08 11:48:47 UTC 2026","","eu.esdihumboldt.hale.io.json.test.JsonToInstanceTest","eu.esdihumboldt.hale.io.json.test.JsonToInstanceTest","testReadString"
"","292","testGeometryPrimitive_32_MultiPolygon_WindingOrder_CCW","","Wed Jul 08 11:45:53 UTC 2026","passed","Wed Jul 08 11:45:54 UTC 2026","","eu.esdihumboldt.hale.io.gml.writer.internal.StreamGmlWriterTest","eu.esdihumboldt.hale.io.gml.writer.internal.StreamGmlWriterTest","testGeometryPrimitive_32_MultiPolygon_WindingOrder_CCW"
"","179","testTypeFilter5Present","","Wed Jul 08 11:39:26 UTC 2026","passed","Wed Jul 08 11:39:26 UTC 2026","","eu.esdihumboldt.hale.common.align.merge.test.impl.DefaultMergeCellMigratorTest","eu.esdihumboldt.hale.common.align.merge.test.impl.DefaultMergeCellMigratorTest","testTypeFilter5Present"
"","473","testWriteFeaturesTargetCRS","","Wed Jul 08 11:49:39 UTC 2026","passed","Wed Jul 08 11:49:40 UTC 2026","","eu.esdihumboldt.hale.io.shp.ShapefileInstanceWriterTest","eu.esdihumboldt.hale.io.shp.ShapefileInstanceWriterTest","testWriteFeaturesTargetCRS"
"","17","testLoadMixed","","Wed Jul 08 11:44:59 UTC 2026","passed","Wed Jul 08 11:44:59 UTC 2026","","eu.esdihumboldt.hale.io.gml.reader.internal.GmlInstanceCollectionTest","eu.esdihumboldt.hale.io.gml.reader.internal.GmlInstanceCollectionTest","testLoadMixed"
"","24","notAllowedClassesDisallowed","","Wed Jul 08 11:51:30 UTC 2026","passed","Wed Jul 08 11:51:30 UTC 2026","","eu.esdihumboldt.util.groovy.sandbox.test.internal.GroovySandboxTest","eu.esdihumboldt.util.groovy.sandbox.test.internal.GroovySandboxTest","notAllowedClassesDisallowed"
"","3","testReadSimpleWithDate","","Wed Jul 08 11:44:06 UTC 2026","passed","Wed Jul 08 11:44:06 UTC 2026","","eu.esdihumboldt.hale.io.csv.CSVInstanceReaderTest","eu.esdihumboldt.hale.io.csv.CSVInstanceReaderTest","testReadSimpleWithDate"
"","120","testWriteDocument","","Wed Jul 08 11:51:37 UTC 2026","passed","Wed Jul 08 11:51:38 UTC 2026","","eu.esdihumboldt.util.orient.embedded.LocalDocumentTest","eu.esdihumboldt.util.orient.embedded.LocalDocumentTest","testWriteDocument"
"","1","testSame","","Wed Jul 08 11:39:51 UTC 2026","passed","Wed Jul 08 11:39:51 UTC 2026","","eu.esdihumboldt.hale.common.core.io.PathUpdateTest","eu.esdihumboldt.hale.common.core.io.PathUpdateTest","testSame"
"","5","testDuring","","Wed Jul 08 11:40:17 UTC 2026","passed","Wed Jul 08 11:40:17 UTC 2026","","eu.esdihumboldt.hale.common.filter.CQLFilterTest","eu.esdihumboldt.hale.common.filter.CQLFilterTest","testDuring"
"","3","testAfter","","Wed Jul 08 11:40:18 UTC 2026","passed","Wed Jul 08 11:40:18 UTC 2026","","eu.esdihumboldt.hale.common.filter.ECQLFilterTest","eu.esdihumboldt.hale.common.filter.ECQLFilterTest","testAfter"
"","84","testSplitMulti_Singles","","Wed Jul 08 11:43:18 UTC 2026","passed","Wed Jul 08 11:43:18 UTC 2026","","eu.esdihumboldt.cst.functions.geometric.test.GeometryHelperFunctionsTest","eu.esdihumboldt.cst.functions.geometric.test.GeometryHelperFunctionsTest","testSplitMulti_Singles"
"","9458","testAddRemoveMappingMultipleProperties","","Wed Jul 08 11:40:58 UTC 2026","passed","Wed Jul 08 11:41:07 UTC 2026","","eu.esdihumboldt.hale.common.instance.index.MultimapInstanceIndexTest","eu.esdihumboldt.hale.common.instance.index.MultimapInstanceIndexTest","testAddRemoveMappingMultipleProperties"
"","400","testGeometryPrimitive_32_Polygon","","Wed Jul 08 11:45:51 UTC 2026","passed","Wed Jul 08 11:45:51 UTC 2026","","eu.esdihumboldt.hale.io.gml.writer.internal.StreamGmlWriterTest","eu.esdihumboldt.hale.io.gml.writer.internal.StreamGmlWriterTest","testGeometryPrimitive_32_Polygon"
"","0","testIterateEmpty","","Wed Jul 08 11:40:28 UTC 2026","passed","Wed Jul 08 11:40:28 UTC 2026","","eu.esdihumboldt.hale.common.instance.tools.impl.SimplePartitionerTest","eu.esdihumboldt.hale.common.instance.tools.impl.SimplePartitionerTest","testIterateEmpty"
"","302","testGeometryPrimitive_32_MultiPolygon_WindingOrder","","Wed Jul 08 11:45:52 UTC 2026","passed","Wed Jul 08 11:45:53 UTC 2026","","eu.esdihumboldt.hale.io.gml.writer.internal.StreamGmlWriterTest","eu.esdihumboldt.hale.io.gml.writer.internal.StreamGmlWriterTest","testGeometryPrimitive_32_MultiPolygon_WindingOrder"
"","3","testNumber","","Wed Jul 08 11:40:18 UTC 2026","passed","Wed Jul 08 11:40:18 UTC 2026","","eu.esdihumboldt.hale.common.filter.ECQLFilterTest","eu.esdihumboldt.hale.common.filter.ECQLFilterTest","testNumber"
"","428","testSaveLoad","","Wed Jul 08 11:40:01 UTC 2026","passed","Wed Jul 08 11:40:02 UTC 2026","","eu.esdihumboldt.hale.common.core.io.project.ProjectTest","eu.esdihumboldt.hale.common.core.io.project.ProjectTest","testSaveLoad"
"","78","testRetypeConditionRenameTypeFiltered","","Wed Jul 08 11:39:29 UTC 2026","passed","Wed Jul 08 11:39:29 UTC 2026","","eu.esdihumboldt.hale.common.align.merge.test.impl.JoinRetainConditionsTest","eu.esdihumboldt.hale.common.align.merge.test.impl.JoinRetainConditionsTest","testRetypeConditionRenameTypeFiltered"
"","0","testCMUnion1","","Wed Jul 08 11:42:39 UTC 2026","skipped","Wed Jul 08 11:42:39 UTC 2026","","eu.esdihumboldt.cst.internal.ConceptualSchemaTransformerTest","eu.esdihumboldt.cst.internal.ConceptualSchemaTransformerTest","testCMUnion1"
"","1","testMerge6","","Wed Jul 08 11:40:02 UTC 2026","passed","Wed Jul 08 11:40:02 UTC 2026","","eu.esdihumboldt.hale.common.core.report.util.StatsMergeTest","eu.esdihumboldt.hale.common.core.report.util.StatsMergeTest","testMerge6"
"","5130","testWriteRead","","Wed Jul 08 11:47:42 UTC 2026","passed","Wed Jul 08 11:47:47 UTC 2026","","eu.esdihumboldt.hale.io.jdbc.postgresql.test.MultiDimensionalArraysIT","eu.esdihumboldt.hale.io.jdbc.postgresql.test.MultiDimensionalArraysIT","testWriteRead"
"","2","testInstanceNoValueNullSchema","","Wed Jul 08 11:40:18 UTC 2026","passed","Wed Jul 08 11:40:18 UTC 2026","","eu.esdihumboldt.hale.common.filter.ECQLFilterTest","eu.esdihumboldt.hale.common.filter.ECQLFilterTest","testInstanceNoValueNullSchema"
"","4","testReadSimple","","Wed Jul 08 11:44:06 UTC 2026","passed","Wed Jul 08 11:44:06 UTC 2026","","eu.esdihumboldt.hale.io.csv.CSVInstanceReaderTest","eu.esdihumboldt.hale.io.csv.CSVInstanceReaderTest","testReadSimple"
"","56","testValidators","","Wed Jul 08 11:41:39 UTC 2026","passed","Wed Jul 08 11:41:39 UTC 2026","","eu.esdihumboldt.hale.common.schema.model.constraint.factory.type.ValidationConstraintFactoryTest","eu.esdihumboldt.hale.common.schema.model.constraint.factory.type.ValidationConstraintFactoryTest","testValidators"
"","2","testNullNoSchema","","Wed Jul 08 11:40:18 UTC 2026","passed","Wed Jul 08 11:40:18 UTC 2026","","eu.esdihumboldt.hale.common.filter.ECQLFilterTest","eu.esdihumboldt.hale.common.filter.ECQLFilterTest","testNullNoSchema"
"","976","testReadXsdInstancesResultPrefix1","","Wed Jul 08 11:49:33 UTC 2026","passed","Wed Jul 08 11:49:34 UTC 2026","","eu.esdihumboldt.hale.io.shp.ShapeInstanceReaderTest","eu.esdihumboldt.hale.io.shp.ShapeInstanceReaderTest","testReadXsdInstancesResultPrefix1"
"","0","testGeoJsonSimple","","Wed Jul 08 11:48:45 UTC 2026","skipped","Wed Jul 08 11:48:45 UTC 2026","","eu.esdihumboldt.hale.io.json.test.InstanceToJsonTest","eu.esdihumboldt.hale.io.json.test.InstanceToJsonTest","testGeoJsonSimple"
"","33","testValueMap","","Wed Jul 08 11:40:01 UTC 2026","passed","Wed Jul 08 11:40:01 UTC 2026","","eu.esdihumboldt.hale.common.core.io.impl.ValueMapTypeTest","eu.esdihumboldt.hale.common.core.io.impl.ValueMapTypeTest","testValueMap"
"","3","testTypeBinding","","Wed Jul 08 11:41:39 UTC 2026","passed","Wed Jul 08 11:41:39 UTC 2026","","eu.esdihumboldt.hale.common.schema.model.constraint.factory.type.ElementTypeFactoryTest","eu.esdihumboldt.hale.common.schema.model.constraint.factory.type.ElementTypeFactoryTest","testTypeBinding"
"","500","testWriteRead","","Wed Jul 08 11:42:07 UTC 2026","passed","Wed Jul 08 11:42:07 UTC 2026","","eu.esdihumboldt.hale.common.schema.persist.hsd.test.HaleSchemaWriterTest","eu.esdihumboldt.hale.common.schema.persist.hsd.test.HaleSchemaWriterTest","testWriteRead"
"","1","testRead4","","Wed Jul 08 11:44:06 UTC 2026","passed","Wed Jul 08 11:44:06 UTC 2026","","eu.esdihumboldt.hale.io.csv.CSVSchemaReaderTest","eu.esdihumboldt.hale.io.csv.CSVSchemaReaderTest","testRead4"
"","4","testExampleFromTheGep7Page","","Wed Jul 08 11:51:17 UTC 2026","passed","Wed Jul 08 11:51:17 UTC 2026","","eu.esdihumboldt.util.groovy.json.JsonStreamBuilderTest","eu.esdihumboldt.util.groovy.json.JsonStreamBuilderTest","testExampleFromTheGep7Page"
"","96","testReadGeoJsonArray","","Wed Jul 08 11:48:46 UTC 2026","passed","Wed Jul 08 11:48:46 UTC 2026","","eu.esdihumboldt.hale.io.json.test.JsonInstanceCollectionTest","eu.esdihumboldt.hale.io.json.test.JsonInstanceCollectionTest","testReadGeoJsonArray"
"","2","testCW3","","Wed Jul 08 11:51:04 UTC 2026","passed","Wed Jul 08 11:51:04 UTC 2026","","eu.esdihumboldt.util.geometry.interpolation.model.impl.ArcByCenterPointImplTest","eu.esdihumboldt.util.geometry.interpolation.model.impl.ArcByCenterPointImplTest","testCW3"
"","1155","testExplanation","","Wed Jul 08 11:38:50 UTC 2026","passed","Wed Jul 08 11:38:51 UTC 2026","","eu.esdihumboldt.hale.common.align.model.impl.mdexpl.MarkdownCellExplanationTest","eu.esdihumboldt.hale.common.align.model.impl.mdexpl.MarkdownCellExplanationTest","testExplanation"
"","6","testGetReferencesSimple","","Wed Jul 08 11:40:17 UTC 2026","passed","Wed Jul 08 11:40:17 UTC 2026","","eu.esdihumboldt.hale.common.filter.CQLFilterTest","eu.esdihumboldt.hale.common.filter.CQLFilterTest","testGetReferencesSimple"
"","3","testBackwardCompatibilityRead","","Wed Jul 08 11:44:06 UTC 2026","passed","Wed Jul 08 11:44:06 UTC 2026","","eu.esdihumboldt.hale.io.csv.CSVInstanceReaderTest","eu.esdihumboldt.hale.io.csv.CSVInstanceReaderTest","testBackwardCompatibilityRead"
"","35","testOffsetBig","","Wed Jul 08 11:51:04 UTC 2026","passed","Wed Jul 08 11:51:04 UTC 2026","","eu.esdihumboldt.util.geometry.interpolation.grid.GridInterpolationTest","eu.esdihumboldt.util.geometry.interpolation.grid.GridInterpolationTest","testOffsetBig"
"","30","testMetaClass","","Wed Jul 08 11:39:03 UTC 2026","passed","Wed Jul 08 11:39:03 UTC 2026","","eu.esdihumboldt.hale.common.align.groovy.accessor.EntityAccessorTest","eu.esdihumboldt.hale.common.align.groovy.accessor.EntityAccessorTest","testMetaClass"
"","0","testPropertiesMix2","","Wed Jul 08 11:42:40 UTC 2026","skipped","Wed Jul 08 11:42:40 UTC 2026","","eu.esdihumboldt.cst.internal.ConceptualSchemaTransformerTest","eu.esdihumboldt.cst.internal.ConceptualSchemaTransformerTest","testPropertiesMix2"
"","140","testNotes1","","Wed Jul 08 11:39:26 UTC 2026","passed","Wed Jul 08 11:39:26 UTC 2026","","eu.esdihumboldt.hale.common.align.merge.test.impl.DefaultMergeCellMigratorTest","eu.esdihumboldt.hale.common.align.merge.test.impl.DefaultMergeCellMigratorTest","testNotes1"
"","13001","testReadShapeInstances","","Wed Jul 08 11:49:10 UTC 2026","passed","Wed Jul 08 11:49:23 UTC 2026","","eu.esdihumboldt.hale.io.shp.ShapeInstanceReaderTest","eu.esdihumboldt.hale.io.shp.ShapeInstanceReaderTest","testReadShapeInstances"
"","0","testSimpleOverride","","Wed Jul 08 11:50:57 UTC 2026","passed","Wed Jul 08 11:50:57 UTC 2026","","eu.esdihumboldt.util.config.ConfigMergerTest","eu.esdihumboldt.util.config.ConfigMergerTest","testSimpleOverride"
"","22","testJsonBuilderSameNameFail","","Wed Jul 08 11:51:17 UTC 2026","passed","Wed Jul 08 11:51:17 UTC 2026","","eu.esdihumboldt.util.groovy.json.JsonStreamBuilderTest","eu.esdihumboldt.util.groovy.json.JsonStreamBuilderTest","testJsonBuilderSameNameFail"
"","4","testLikeSchema","","Wed Jul 08 11:40:17 UTC 2026","passed","Wed Jul 08 11:40:17 UTC 2026","","eu.esdihumboldt.hale.common.filter.ECQLFilterTest","eu.esdihumboldt.hale.common.filter.ECQLFilterTest","testLikeSchema"
"","2","testTrueFalse","","Wed Jul 08 11:41:52 UTC 2026","passed","Wed Jul 08 11:41:52 UTC 2026","","eu.esdihumboldt.hale.common.schema.groovy.constraints.AugmentedValueFactoryTest","eu.esdihumboldt.hale.common.schema.groovy.constraints.AugmentedValueFactoryTest","testTrueFalse"
"","3","testElementHasListOfObjects2","","Wed Jul 08 11:51:17 UTC 2026","passed","Wed Jul 08 11:51:17 UTC 2026","","eu.esdihumboldt.util.groovy.json.JsonStreamBuilderTest","eu.esdihumboldt.util.groovy.json.JsonStreamBuilderTest","testElementHasListOfObjects2"
"","420","testWriteFeatures","","Wed Jul 08 11:44:45 UTC 2026","passed","Wed Jul 08 11:44:45 UTC 2026","","eu.esdihumboldt.hale.io.geopackage.GeopackageInstanceWriterTest","eu.esdihumboldt.hale.io.geopackage.GeopackageInstanceWriterTest","testWriteFeatures"
"","4","test90Deegrees","","Wed Jul 08 11:51:04 UTC 2026","passed","Wed Jul 08 11:51:04 UTC 2026","","eu.esdihumboldt.util.geometry.interpolation.grid.GridInterpolationTest","eu.esdihumboldt.util.geometry.interpolation.grid.GridInterpolationTest","test90Deegrees"
"","84","testCMMulti2","","Wed Jul 08 11:42:47 UTC 2026","passed","Wed Jul 08 11:42:47 UTC 2026","","eu.esdihumboldt.cst.internal.ConceptualSchemaTransformerTest","eu.esdihumboldt.cst.internal.ConceptualSchemaTransformerTest","testCMMulti2"
"","1842","testInspireCodespaceAutoAddDefault","","Wed Jul 08 11:45:40 UTC 2026","passed","Wed Jul 08 11:45:42 UTC 2026","","eu.esdihumboldt.hale.io.gml.writer.internal.StreamGmlWriter2Test","eu.esdihumboldt.hale.io.gml.writer.internal.StreamGmlWriter2Test","testInspireCodespaceAutoAddDefault"
"","3","testProblemCase","","Wed Jul 08 11:43:18 UTC 2026","passed","Wed Jul 08 11:43:18 UTC 2026","","eu.esdihumboldt.cst.functions.geometric.test.InteriorPointTest","eu.esdihumboldt.cst.functions.geometric.test.InteriorPointTest","testProblemCase"
"","2399","testMsAccessSchemaReaderForMdbTest","","Wed Jul 08 11:46:36 UTC 2026","passed","Wed Jul 08 11:46:38 UTC 2026","","eu.esdihumboldt.hale.io.jdbc.msaccess.reader.MsAccessInstanceReaderTest","eu.esdihumboldt.hale.io.jdbc.msaccess.reader.MsAccessInstanceReaderTest","testMsAccessSchemaReaderForMdbTest"
"","516","testInvalidMaxNodes","","Wed Jul 08 11:51:04 UTC 2026","passed","Wed Jul 08 11:51:05 UTC 2026","","eu.esdihumboldt.util.geometry.quadtree.QuadtreeTest","eu.esdihumboldt.util.geometry.quadtree.QuadtreeTest","testInvalidMaxNodes"
"","30","testWriteMultipleGeometries","","Wed Jul 08 11:49:42 UTC 2026","passed","Wed Jul 08 11:49:42 UTC 2026","","eu.esdihumboldt.hale.io.shp.ShapefileInstanceWriterTest","eu.esdihumboldt.hale.io.shp.ShapefileInstanceWriterTest","testWriteMultipleGeometries"
"","81","testPropertyCondition1","","Wed Jul 08 11:42:48 UTC 2026","passed","Wed Jul 08 11:42:48 UTC 2026","","eu.esdihumboldt.cst.internal.ConceptualSchemaTransformerTest","eu.esdihumboldt.cst.internal.ConceptualSchemaTransformerTest","testPropertyCondition1"
"","13","testRead_shiporder_types_cycle","","Wed Jul 08 11:50:41 UTC 2026","passed","Wed Jul 08 11:50:41 UTC 2026","","eu.esdihumboldt.hale.io.xsd.reader.XmlSchemaReaderTest","eu.esdihumboldt.hale.io.xsd.reader.XmlSchemaReaderTest","testRead_shiporder_types_cycle"
"","1302","testShapefileInstanceFromNginxUrlWithoutFixFile","","Wed Jul 08 11:49:35 UTC 2026","passed","Wed Jul 08 11:49:37 UTC 2026","","eu.esdihumboldt.hale.io.shp.ShapeInstanceReaderTest","eu.esdihumboldt.hale.io.shp.ShapeInstanceReaderTest","testShapefileInstanceFromNginxUrlWithoutFixFile"
"","1","testNoBinding","","Wed Jul 08 11:41:39 UTC 2026","passed","Wed Jul 08 11:41:39 UTC 2026","","eu.esdihumboldt.hale.common.schema.model.constraint.factory.type.ElementTypeFactoryTest","eu.esdihumboldt.hale.common.schema.model.constraint.factory.type.ElementTypeFactoryTest","testNoBinding"
"","123","testInnerJoinFirstLevel","","Wed Jul 08 11:42:46 UTC 2026","passed","Wed Jul 08 11:42:46 UTC 2026","","eu.esdihumboldt.cst.internal.ConceptualSchemaTransformerTest","eu.esdihumboldt.cst.internal.ConceptualSchemaTransformerTest","testInnerJoinFirstLevel"
"","6326","testGroovyContextFilterForHydro","","Wed Jul 08 11:37:29 UTC 2026","passed","Wed Jul 08 11:37:36 UTC 2026","","eu.esdihumboldt.hale.app.transform.test.ExecuteTest","eu.esdihumboldt.hale.app.transform.test.ExecuteTest","testGroovyContextFilterForHydro"
"","0","testIterateLess","","Wed Jul 08 11:40:28 UTC 2026","passed","Wed Jul 08 11:40:28 UTC 2026","","eu.esdihumboldt.hale.common.instance.tools.impl.SimplePartitionerTest","eu.esdihumboldt.hale.common.instance.tools.impl.SimplePartitionerTest","testIterateLess"
"","1","eu.esdihumboldt.util.blueprints.entities.test.VertexEntityTransformationTest","","Wed Jul 08 11:50:47 UTC 2026","skipped","Wed Jul 08 11:50:47 UTC 2026","","eu.esdihumboldt.util.blueprints.entities.test.VertexEntityTransformationTest","eu.esdihumboldt.util.blueprints.entities.test.VertexEntityTransformationTest","eu.esdihumboldt.util.blueprints.entities.test.VertexEntityTransformationTest"
"","459","testExportPropertyJoin","","Wed Jul 08 11:46:27 UTC 2026","passed","Wed Jul 08 11:46:28 UTC 2026","","eu.esdihumboldt.hale.io.html.svg.json.JsonMappingExporterTest","eu.esdihumboldt.hale.io.html.svg.json.JsonMappingExporterTest","testExportPropertyJoin"
"","1","simpleFilterTestCQL","","Wed Jul 08 11:40:19 UTC 2026","passed","Wed Jul 08 11:40:19 UTC 2026","","eu.esdihumboldt.hale.common.filter.FilterTest","eu.esdihumboldt.hale.common.filter.FilterTest","simpleFilterTestCQL"
"","28","testLoadShiporder","","Wed Jul 08 11:44:55 UTC 2026","passed","Wed Jul 08 11:44:55 UTC 2026","","eu.esdihumboldt.hale.io.gml.reader.internal.GmlInstanceCollectionTest","eu.esdihumboldt.hale.io.gml.reader.internal.GmlInstanceCollectionTest","testLoadShiporder"
"","1","testUnifyGeometryCollection","","Wed Jul 08 11:51:03 UTC 2026","passed","Wed Jul 08 11:51:03 UTC 2026","","eu.esdihumboldt.util.geometry.WindingOrderTest","eu.esdihumboldt.util.geometry.WindingOrderTest","testUnifyGeometryCollection"
"","2033","testEpsgCrsAxisOrder","","Wed Jul 08 11:40:23 UTC 2026","passed","Wed Jul 08 11:40:25 UTC 2026","","eu.esdihumboldt.hale.common.instance.geometry.CRSDefinitionUtilTest","eu.esdihumboldt.hale.common.instance.geometry.CRSDefinitionUtilTest","testEpsgCrsAxisOrder"
"","2","testPrimitive","","Wed Jul 08 11:41:39 UTC 2026","passed","Wed Jul 08 11:41:39 UTC 2026","","eu.esdihumboldt.hale.common.schema.model.constraint.factory.type.BindingFactoryTest","eu.esdihumboldt.hale.common.schema.model.constraint.factory.type.BindingFactoryTest","testPrimitive"
"","0","testLoadShiporderCQL","","Wed Jul 08 11:40:20 UTC 2026","skipped","Wed Jul 08 11:40:20 UTC 2026","","eu.esdihumboldt.hale.common.filter.FilterTest","eu.esdihumboldt.hale.common.filter.FilterTest","testLoadShiporderCQL"
"","6","testEachCollector","","Wed Jul 08 11:43:36 UTC 2026","passed","Wed Jul 08 11:43:36 UTC 2026","","eu.esdihumboldt.cst.functions.groovy.helpers.util.CollectorTest","eu.esdihumboldt.cst.functions.groovy.helpers.util.CollectorTest","testEachCollector"
"","935","testReadNoNames","","Wed Jul 08 11:43:59 UTC 2026","passed","Wed Jul 08 11:44:00 UTC 2026","","eu.esdihumboldt.hale.io.codelist.xml.reader.XmlCodeListTest","eu.esdihumboldt.hale.io.codelist.xml.reader.XmlCodeListTest","testReadNoNames"
"","6726","testLists","","Wed Jul 08 11:50:50 UTC 2026","passed","Wed Jul 08 11:50:57 UTC 2026","","eu.esdihumboldt.util.config.ConfigMergerTest","eu.esdihumboldt.util.config.ConfigMergerTest","testLists"
"","194","closureStuffDisallowed","","Wed Jul 08 11:51:30 UTC 2026","passed","Wed Jul 08 11:51:30 UTC 2026","","eu.esdihumboldt.util.groovy.sandbox.test.internal.GroovySandboxTest","eu.esdihumboldt.util.groovy.sandbox.test.internal.GroovySandboxTest","closureStuffDisallowed"
"","249","testWfsPaginationCountWithFeaturesPerRequest","","Wed Jul 08 11:45:38 UTC 2026","passed","Wed Jul 08 11:45:39 UTC 2026","","eu.esdihumboldt.hale.io.gml.reader.internal.StreamGmlReaderTest","eu.esdihumboldt.hale.io.gml.reader.internal.StreamGmlReaderTest","testWfsPaginationCountWithFeaturesPerRequest"
"","5805","checkComplexOrder","","Wed Jul 08 11:47:26 UTC 2026","passed","Wed Jul 08 11:47:32 UTC 2026","","eu.esdihumboldt.hale.io.jdbc.postgresql.test.CheckComplexTypeOrderIT","eu.esdihumboldt.hale.io.jdbc.postgresql.test.CheckComplexTypeOrderIT","checkComplexOrder"
"","72","testSrs","","Wed Jul 08 11:45:37 UTC 2026","passed","Wed Jul 08 11:45:37 UTC 2026","","eu.esdihumboldt.hale.io.gml.reader.internal.StreamGmlReaderTest","eu.esdihumboldt.hale.io.gml.reader.internal.StreamGmlReaderTest","testSrs"
"","2","testEqualitySimpleNoSchema","","Wed Jul 08 11:40:18 UTC 2026","passed","Wed Jul 08 11:40:18 UTC 2026","","eu.esdihumboldt.hale.common.filter.ECQLFilterTest","eu.esdihumboldt.hale.common.filter.ECQLFilterTest","testEqualitySimpleNoSchema"
"","1","testFootprint2","","Wed Jul 08 11:43:18 UTC 2026","passed","Wed Jul 08 11:43:18 UTC 2026","","eu.esdihumboldt.cst.functions.geometric.test.InteriorPointTest","eu.esdihumboldt.cst.functions.geometric.test.InteriorPointTest","testFootprint2"
"","2","testNoRef","","Wed Jul 08 11:41:38 UTC 2026","passed","Wed Jul 08 11:41:38 UTC 2026","","eu.esdihumboldt.hale.common.schema.model.constraint.factory.property.ReferenceFactoryTest","eu.esdihumboldt.hale.common.schema.model.constraint.factory.property.ReferenceFactoryTest","testNoRef"
"","63","testAfter","","Wed Jul 08 11:40:17 UTC 2026","passed","Wed Jul 08 11:40:17 UTC 2026","","eu.esdihumboldt.hale.common.filter.CQLFilterTest","eu.esdihumboldt.hale.common.filter.CQLFilterTest","testAfter"
"","62","testSimpleRename","","Wed Jul 08 11:42:47 UTC 2026","passed","Wed Jul 08 11:42:48 UTC 2026","","eu.esdihumboldt.cst.internal.ConceptualSchemaTransformerTest","eu.esdihumboldt.cst.internal.ConceptualSchemaTransformerTest","testSimpleRename"
"","202","testGroovy2","","Wed Jul 08 11:42:40 UTC 2026","passed","Wed Jul 08 11:42:40 UTC 2026","","eu.esdihumboldt.cst.internal.ConceptualSchemaTransformerTest","eu.esdihumboldt.cst.internal.ConceptualSchemaTransformerTest","testGroovy2"
"","488","testSqlQuery","","Wed Jul 08 11:51:37 UTC 2026","passed","Wed Jul 08 11:51:37 UTC 2026","","eu.esdihumboldt.util.orient.embedded.LocalDocumentTest","eu.esdihumboldt.util.orient.embedded.LocalDocumentTest","testSqlQuery"
"","1600","testRequestCache","","Wed Jul 08 11:39:32 UTC 2026","passed","Wed Jul 08 11:39:33 UTC 2026","","eu.esdihumboldt.hale.common.cache.RequestTest","eu.esdihumboldt.hale.common.cache.RequestTest","testRequestCache"
"","2","testElements","","Wed Jul 08 11:50:39 UTC 2026","passed","Wed Jul 08 11:50:39 UTC 2026","","eu.esdihumboldt.hale.io.xsd.anytype.valuetypes.CustomTypeContentTypeTest","eu.esdihumboldt.hale.io.xsd.anytype.valuetypes.CustomTypeContentTypeTest","testElements"
"","44","testMerge","","Wed Jul 08 11:40:02 UTC 2026","passed","Wed Jul 08 11:40:02 UTC 2026","","eu.esdihumboldt.hale.common.core.report.util.StatsMergeTest","eu.esdihumboldt.hale.common.core.report.util.StatsMergeTest","testMerge"
"","9704","testToFrom","","Wed Jul 08 11:39:51 UTC 2026","passed","Wed Jul 08 11:40:01 UTC 2026","","eu.esdihumboldt.hale.common.core.io.impl.TextTypeJsonTest","eu.esdihumboldt.hale.common.core.io.impl.TextTypeJsonTest","testToFrom"
"","233","testWfsNonPaginated","","Wed Jul 08 11:45:39 UTC 2026","passed","Wed Jul 08 11:45:40 UTC 2026","","eu.esdihumboldt.hale.io.gml.reader.internal.StreamGmlReaderTest","eu.esdihumboldt.hale.io.gml.reader.internal.StreamGmlReaderTest","testWfsNonPaginated"
"","0","testSuccessSaveDDL","","Wed Jul 08 11:44:20 UTC 2026","skipped","Wed Jul 08 11:44:20 UTC 2026","","eu.esdihumboldt.hale.io.deegree.mapping.MappingWriterTest","eu.esdihumboldt.hale.io.deegree.mapping.MappingWriterTest","testSuccessSaveDDL"
"","2","testValuePropertiesListJson","","Wed Jul 08 11:40:01 UTC 2026","passed","Wed Jul 08 11:40:01 UTC 2026","","eu.esdihumboldt.hale.common.core.io.impl.ValuePropertiesTypeTest","eu.esdihumboldt.hale.common.core.io.impl.ValuePropertiesTypeTest","testValuePropertiesListJson"
"","0","testFindPolygons","","Wed Jul 08 11:43:18 UTC 2026","passed","Wed Jul 08 11:43:18 UTC 2026","","eu.esdihumboldt.cst.functions.geometric.test.GeometryHelperFunctionsTest","eu.esdihumboldt.cst.functions.geometric.test.GeometryHelperFunctionsTest","testFindPolygons"
"","2","testValues","","Wed Jul 08 11:41:39 UTC 2026","passed","Wed Jul 08 11:41:39 UTC 2026","","eu.esdihumboldt.hale.common.schema.model.constraint.factory.type.EnumerationFactoryTest","eu.esdihumboldt.hale.common.schema.model.constraint.factory.type.EnumerationFactoryTest","testValues"
"","63","testCMUnion5","","Wed Jul 08 11:42:47 UTC 2026","passed","Wed Jul 08 11:42:47 UTC 2026","","eu.esdihumboldt.cst.internal.ConceptualSchemaTransformerTest","eu.esdihumboldt.cst.internal.ConceptualSchemaTransformerTest","testCMUnion5"
"","76","testClassification1","","Wed Jul 08 11:42:46 UTC 2026","passed","Wed Jul 08 11:42:47 UTC 2026","","eu.esdihumboldt.cst.internal.ConceptualSchemaTransformerTest","eu.esdihumboldt.cst.internal.ConceptualSchemaTransformerTest","testClassification1"
"","17","testRead_definitive_sequencegroup","","Wed Jul 08 11:50:41 UTC 2026","passed","Wed Jul 08 11:50:41 UTC 2026","","eu.esdihumboldt.hale.io.xsd.reader.XmlSchemaReaderTest","eu.esdihumboldt.hale.io.xsd.reader.XmlSchemaReaderTest","testRead_definitive_sequencegroup"
"","4","testConsumeMap","","Wed Jul 08 11:43:36 UTC 2026","passed","Wed Jul 08 11:43:36 UTC 2026","","eu.esdihumboldt.cst.functions.groovy.helpers.util.CollectorTest","eu.esdihumboldt.cst.functions.groovy.helpers.util.CollectorTest","testConsumeMap"
"","8697","testFindPropertyIgnoreNamespace","","Wed Jul 08 11:41:28 UTC 2026","passed","Wed Jul 08 11:41:37 UTC 2026","","eu.esdihumboldt.hale.common.schema.helper.DefinitionResolverTest","eu.esdihumboldt.hale.common.schema.helper.DefinitionResolverTest","testFindPropertyIgnoreNamespace"
"","139","testInnerJoin","","Wed Jul 08 11:42:40 UTC 2026","passed","Wed Jul 08 11:42:40 UTC 2026","","eu.esdihumboldt.cst.internal.ConceptualSchemaTransformerTest","eu.esdihumboldt.cst.internal.ConceptualSchemaTransformerTest","testInnerJoin"
"","0","testInputLookupAndConsume","","Wed Jul 08 11:40:02 UTC 2026","passed","Wed Jul 08 11:40:02 UTC 2026","","eu.esdihumboldt.hale.common.core.io.supplier.LookupStreamResourceTest","eu.esdihumboldt.hale.common.core.io.supplier.LookupStreamResourceTest","testInputLookupAndConsume"
"","2","testCW1","","Wed Jul 08 11:51:04 UTC 2026","passed","Wed Jul 08 11:51:04 UTC 2026","","eu.esdihumboldt.util.geometry.interpolation.model.impl.ArcByCenterPointImplTest","eu.esdihumboldt.util.geometry.interpolation.model.impl.ArcByCenterPointImplTest","testCW1"
"","3","failTest2","","Wed Jul 08 11:44:06 UTC 2026","passed","Wed Jul 08 11:44:06 UTC 2026","","eu.esdihumboldt.hale.io.csv.CSVSchemaReaderTest","eu.esdihumboldt.hale.io.csv.CSVSchemaReaderTest","failTest2"
"","0","testLimit2","","Wed Jul 08 11:40:02 UTC 2026","passed","Wed Jul 08 11:40:02 UTC 2026","","eu.esdihumboldt.hale.common.core.io.supplier.LookupStreamResourceTest","eu.esdihumboldt.hale.common.core.io.supplier.LookupStreamResourceTest","testLimit2"
"","99","testPropertyJoin","","Wed Jul 08 11:42:48 UTC 2026","passed","Wed Jul 08 11:42:48 UTC 2026","","eu.esdihumboldt.cst.internal.ConceptualSchemaTransformerTest","eu.esdihumboldt.cst.internal.ConceptualSchemaTransformerTest","testPropertyJoin"
"","3","testNamespaceIndex","","Wed Jul 08 11:39:04 UTC 2026","passed","Wed Jul 08 11:39:04 UTC 2026","","eu.esdihumboldt.hale.common.align.groovy.accessor.EntityAccessorTest","eu.esdihumboldt.hale.common.align.groovy.accessor.EntityAccessorTest","testNamespaceIndex"
"","89","testExportMultiFeatureToExcel","","Wed Jul 08 11:50:27 UTC 2026","passed","Wed Jul 08 11:50:27 UTC 2026","","eu.esdihumboldt.hale.io.xls.test.writer.XLSInstanceWriterTest","eu.esdihumboldt.hale.io.xls.test.writer.XLSInstanceWriterTest","testExportMultiFeatureToExcel"
"","87","testClassification2","","Wed Jul 08 11:42:47 UTC 2026","passed","Wed Jul 08 11:42:47 UTC 2026","","eu.esdihumboldt.cst.internal.ConceptualSchemaTransformerTest","eu.esdihumboldt.cst.internal.ConceptualSchemaTransformerTest","testClassification2"
"","8251","testWriteRead","","Wed Jul 08 11:42:53 UTC 2026","passed","Wed Jul 08 11:43:01 UTC 2026","","eu.esdihumboldt.cst.functions.custom.test.internal.DefaultCustomPropertyFunctionTypeTest","eu.esdihumboldt.cst.functions.custom.test.internal.DefaultCustomPropertyFunctionTypeTest","testWriteRead"
"","0","testQ4","","Wed Jul 08 11:51:04 UTC 2026","passed","Wed Jul 08 11:51:04 UTC 2026","","eu.esdihumboldt.util.geometry.interpolation.grid.GridUtilTest","eu.esdihumboldt.util.geometry.interpolation.grid.GridUtilTest","testQ4"
"","0","testFormatter[8]","","Wed Jul 08 11:51:01 UTC 2026","passed","Wed Jul 08 11:51:01 UTC 2026","","eu.esdihumboldt.util.geometry.DecimalFormatUtilTest","eu.esdihumboldt.util.geometry.DecimalFormatUtilTest","testFormatter[8]"
"","0","testInnerJoinNasIndexBased","","Wed Jul 08 11:42:39 UTC 2026","skipped","Wed Jul 08 11:42:39 UTC 2026","","eu.esdihumboldt.cst.internal.ConceptualSchemaTransformerTest","eu.esdihumboldt.cst.internal.ConceptualSchemaTransformerTest","testInnerJoinNasIndexBased"
"","137","testMethodCallWithNamedArguments","","Wed Jul 08 11:51:17 UTC 2026","passed","Wed Jul 08 11:51:17 UTC 2026","","eu.esdihumboldt.util.groovy.json.JsonStreamBuilderTest","eu.esdihumboldt.util.groovy.json.JsonStreamBuilderTest","testMethodCallWithNamedArguments"
"","1","testDefault","","Wed Jul 08 11:41:38 UTC 2026","passed","Wed Jul 08 11:41:38 UTC 2026","","eu.esdihumboldt.hale.common.schema.model.constraint.factory.property.UniqueConstraintFactoryTest","eu.esdihumboldt.hale.common.schema.model.constraint.factory.property.UniqueConstraintFactoryTest","testDefault"
"","380","testToFrom","","Wed Jul 08 11:38:49 UTC 2026","passed","Wed Jul 08 11:38:50 UTC 2026","","eu.esdihumboldt.hale.common.align.model.functions.join.JoinParameterTest","eu.esdihumboldt.hale.common.align.model.functions.join.JoinParameterTest","testToFrom"
"","40","testReadXsdInstancesTypenameAmbiguousLocalName","","Wed Jul 08 11:49:33 UTC 2026","passed","Wed Jul 08 11:49:33 UTC 2026","","eu.esdihumboldt.hale.io.shp.ShapeInstanceReaderTest","eu.esdihumboldt.hale.io.shp.ShapeInstanceReaderTest","testReadXsdInstancesTypenameAmbiguousLocalName"
"","469","testSaveLoad","","Wed Jul 08 11:38:40 UTC 2026","passed","Wed Jul 08 11:38:41 UTC 2026","","eu.esdihumboldt.hale.common.align.io.CastorAlignmentIOTest","eu.esdihumboldt.hale.common.align.io.CastorAlignmentIOTest","testSaveLoad"
"","38","groovyStuffDisallowed","","Wed Jul 08 11:51:30 UTC 2026","passed","Wed Jul 08 11:51:30 UTC 2026","","eu.esdihumboldt.util.groovy.sandbox.test.internal.GroovySandboxTest","eu.esdihumboldt.util.groovy.sandbox.test.internal.GroovySandboxTest","groovyStuffDisallowed"
"","69","testSimpleMerge","","Wed Jul 08 11:42:46 UTC 2026","passed","Wed Jul 08 11:42:46 UTC 2026","","eu.esdihumboldt.cst.internal.ConceptualSchemaTransformerTest","eu.esdihumboldt.cst.internal.ConceptualSchemaTransformerTest","testSimpleMerge"
"","1","testFormatter[4]","","Wed Jul 08 11:51:01 UTC 2026","passed","Wed Jul 08 11:51:01 UTC 2026","","eu.esdihumboldt.util.geometry.DecimalFormatUtilTest","eu.esdihumboldt.util.geometry.DecimalFormatUtilTest","testFormatter[4]"
"","8","testSchemaLessSafeAPI","","Wed Jul 08 11:40:55 UTC 2026","passed","Wed Jul 08 11:40:55 UTC 2026","","eu.esdihumboldt.hale.common.instance.groovy.InstanceBuilderTest","eu.esdihumboldt.hale.common.instance.groovy.InstanceBuilderTest","testSchemaLessSafeAPI"
"","4","testFindPropertyNamespace","","Wed Jul 08 11:41:37 UTC 2026","passed","Wed Jul 08 11:41:37 UTC 2026","","eu.esdihumboldt.hale.common.schema.helper.DefinitionResolverTest","eu.esdihumboldt.hale.common.schema.helper.DefinitionResolverTest","testFindPropertyNamespace"
"","11210","testGeoJsonSimpleMixed_7_and_14","","Wed Jul 08 11:48:33 UTC 2026","passed","Wed Jul 08 11:48:44 UTC 2026","","eu.esdihumboldt.hale.io.json.test.InstanceToJsonTest","eu.esdihumboldt.hale.io.json.test.InstanceToJsonTest","testGeoJsonSimpleMixed_7_and_14"
"","11","testGeoJsonSimple_14","","Wed Jul 08 11:48:45 UTC 2026","passed","Wed Jul 08 11:48:45 UTC 2026","","eu.esdihumboldt.hale.io.json.test.InstanceToJsonTest","eu.esdihumboldt.hale.io.json.test.InstanceToJsonTest","testGeoJsonSimple_14"
"","203","testWfsPaginationIgnoreNumberMatched","","Wed Jul 08 11:45:40 UTC 2026","passed","Wed Jul 08 11:45:40 UTC 2026","","eu.esdihumboldt.hale.io.gml.reader.internal.StreamGmlReaderTest","eu.esdihumboldt.hale.io.gml.reader.internal.StreamGmlReaderTest","testWfsPaginationIgnoreNumberMatched"
"","509","testNesting","","Wed Jul 08 11:39:04 UTC 2026","passed","Wed Jul 08 11:39:04 UTC 2026","","eu.esdihumboldt.hale.common.align.groovy.accessor.EntityAccessorTest","eu.esdihumboldt.hale.common.align.groovy.accessor.EntityAccessorTest","testNesting"
"","24","testArcStringAllGrid","","Wed Jul 08 11:51:03 UTC 2026","passed","Wed Jul 08 11:51:03 UTC 2026","","eu.esdihumboldt.util.geometry.interpolation.grid.GridInterpolationTest","eu.esdihumboldt.util.geometry.interpolation.grid.GridInterpolationTest","testArcStringAllGrid"
"","3","testInstanceValueNullSchema","","Wed Jul 08 11:40:18 UTC 2026","passed","Wed Jul 08 11:40:18 UTC 2026","","eu.esdihumboldt.hale.common.filter.ECQLFilterTest","eu.esdihumboldt.hale.common.filter.ECQLFilterTest","testInstanceValueNullSchema"
"","3","testSpecifyTypeGeojson","","Wed Jul 08 11:48:47 UTC 2026","passed","Wed Jul 08 11:48:47 UTC 2026","","eu.esdihumboldt.hale.io.json.test.JsonToInstanceTest","eu.esdihumboldt.hale.io.json.test.JsonToInstanceTest","testSpecifyTypeGeojson"
"","13","testBinding","","Wed Jul 08 11:41:39 UTC 2026","passed","Wed Jul 08 11:41:39 UTC 2026","","eu.esdihumboldt.hale.common.schema.model.constraint.factory.type.ElementTypeFactoryTest","eu.esdihumboldt.hale.common.schema.model.constraint.factory.type.ElementTypeFactoryTest","testBinding"
"","69","testLikeSchema","","Wed Jul 08 11:40:17 UTC 2026","passed","Wed Jul 08 11:40:17 UTC 2026","","eu.esdihumboldt.hale.common.filter.CQLFilterTest","eu.esdihumboldt.hale.common.filter.CQLFilterTest","testLikeSchema"
"","673","testInspireCodespaceNoAutoAdd","","Wed Jul 08 11:45:44 UTC 2026","passed","Wed Jul 08 11:45:45 UTC 2026","","eu.esdihumboldt.hale.io.gml.writer.internal.StreamGmlWriter2Test","eu.esdihumboldt.hale.io.gml.writer.internal.StreamGmlWriter2Test","testInspireCodespaceNoAutoAdd"
"","0","testReverseSkipsNullValues","","Wed Jul 08 11:41:12 UTC 2026","passed","Wed Jul 08 11:41:12 UTC 2026","","eu.esdihumboldt.hale.common.lookup.impl.LookupTableImplTest","eu.esdihumboldt.hale.common.lookup.impl.LookupTableImplTest","testReverseSkipsNullValues"
"","0","testInstanceValueExistsSchema","","Wed Jul 08 11:40:18 UTC 2026","skipped","Wed Jul 08 11:40:18 UTC 2026","","eu.esdihumboldt.hale.common.filter.ECQLFilterTest","eu.esdihumboldt.hale.common.filter.ECQLFilterTest","testInstanceValueExistsSchema"
"","9698","testWriteSimpleSchemaDelimiter","","Wed Jul 08 11:44:06 UTC 2026","passed","Wed Jul 08 11:44:16 UTC 2026","","eu.esdihumboldt.hale.io.csv.writer.CSVInstanceWriterTest","eu.esdihumboldt.hale.io.csv.writer.CSVInstanceWriterTest","testWriteSimpleSchemaDelimiter"
"","7","testReadEmptySheet","","Wed Jul 08 11:50:25 UTC 2026","passed","Wed Jul 08 11:50:25 UTC 2026","","eu.esdihumboldt.hale.io.xls.test.reader.XLSReaderTest","eu.esdihumboldt.hale.io.xls.test.reader.XLSReaderTest","testReadEmptySheet"
"","1450","testBaseNameFromURL","","Wed Jul 08 11:49:38 UTC 2026","passed","Wed Jul 08 11:49:39 UTC 2026","","eu.esdihumboldt.hale.io.shp.ShapeInstanceReaderTest","eu.esdihumboldt.hale.io.shp.ShapeInstanceReaderTest","testBaseNameFromURL"
"","192","testTypeFilter3Present","","Wed Jul 08 11:39:23 UTC 2026","passed","Wed Jul 08 11:39:24 UTC 2026","","eu.esdihumboldt.hale.common.align.merge.test.impl.DefaultMergeCellMigratorTest","eu.esdihumboldt.hale.common.align.merge.test.impl.DefaultMergeCellMigratorTest","testTypeFilter3Present"
"","0","testFormatter[3]","","Wed Jul 08 11:51:01 UTC 2026","passed","Wed Jul 08 11:51:01 UTC 2026","","eu.esdihumboldt.util.geometry.DecimalFormatUtilTest","eu.esdihumboldt.util.geometry.DecimalFormatUtilTest","testFormatter[3]"
"","3","testByPoints2","","Wed Jul 08 11:51:04 UTC 2026","passed","Wed Jul 08 11:51:04 UTC 2026","","eu.esdihumboldt.util.geometry.interpolation.grid.GridInterpolationTest","eu.esdihumboldt.util.geometry.interpolation.grid.GridInterpolationTest","testByPoints2"
"","0","testSimpleContentAttribute","","Wed Jul 08 11:42:46 UTC 2026","skipped","Wed Jul 08 11:42:46 UTC 2026","","eu.esdihumboldt.cst.internal.ConceptualSchemaTransformerTest","eu.esdihumboldt.cst.internal.ConceptualSchemaTransformerTest","testSimpleContentAttribute"
"","111","testJoinCondition","","Wed Jul 08 11:39:28 UTC 2026","passed","Wed Jul 08 11:39:29 UTC 2026","","eu.esdihumboldt.hale.common.align.merge.test.impl.JoinRetainConditionsTest","eu.esdihumboldt.hale.common.align.merge.test.impl.JoinRetainConditionsTest","testJoinCondition"
"","9047","test","","Wed Jul 08 11:50:14 UTC 2026","passed","Wed Jul 08 11:50:23 UTC 2026","","eu.esdihumboldt.hale.io.xls.test.XLSInstanceIOTest","eu.esdihumboldt.hale.io.xls.test.XLSInstanceIOTest","test"
"","0","testPropertyMerge","","Wed Jul 08 11:42:46 UTC 2026","skipped","Wed Jul 08 11:42:46 UTC 2026","","eu.esdihumboldt.cst.internal.ConceptualSchemaTransformerTest","eu.esdihumboldt.cst.internal.ConceptualSchemaTransformerTest","testPropertyMerge"
"","1","testMixedProperty","","Wed Jul 08 11:48:47 UTC 2026","passed","Wed Jul 08 11:48:47 UTC 2026","","eu.esdihumboldt.hale.io.json.test.JsonSchemaReaderTest","eu.esdihumboldt.hale.io.json.test.JsonSchemaReaderTest","testMixedProperty"
"","103","testMergeComplexPropKey","","Wed Jul 08 11:42:46 UTC 2026","passed","Wed Jul 08 11:42:46 UTC 2026","","eu.esdihumboldt.cst.internal.ConceptualSchemaTransformerTest","eu.esdihumboldt.cst.internal.ConceptualSchemaTransformerTest","testMergeComplexPropKey"
"","3","testEqualityListNoSchema","","Wed Jul 08 11:40:18 UTC 2026","passed","Wed Jul 08 11:40:18 UTC 2026","","eu.esdihumboldt.hale.common.filter.ECQLFilterTest","eu.esdihumboldt.hale.common.filter.ECQLFilterTest","testEqualityListNoSchema"
"","3815","testEvaluateSuccess1","","Wed Jul 08 11:38:15 UTC 2026","passed","Wed Jul 08 11:38:19 UTC 2026","","eu.esdihumboldt.hale.app.transform.test.ExecuteTest","eu.esdihumboldt.hale.app.transform.test.ExecuteTest","testEvaluateSuccess1"
"","0","testIterateRest","","Wed Jul 08 11:40:28 UTC 2026","passed","Wed Jul 08 11:40:28 UTC 2026","","eu.esdihumboldt.hale.common.instance.tools.impl.SimplePartitionerTest","eu.esdihumboldt.hale.common.instance.tools.impl.SimplePartitionerTest","testIterateRest"
"","0","testAschemaReader","","Wed Jul 08 11:46:42 UTC 2026","skipped","Wed Jul 08 11:46:42 UTC 2026","","eu.esdihumboldt.hale.io.jdbc.mssql.test.MsSQLServer14Test","eu.esdihumboldt.hale.io.jdbc.mssql.test.MsSQLServer14Test","testAschemaReader"
"","0","testIterate2","","Wed Jul 08 11:40:28 UTC 2026","passed","Wed Jul 08 11:40:28 UTC 2026","","eu.esdihumboldt.hale.common.instance.tools.impl.SimplePartitionerTest","eu.esdihumboldt.hale.common.instance.tools.impl.SimplePartitionerTest","testIterate2"
"","8928","gstringIntercepted","","Wed Jul 08 11:51:20 UTC 2026","passed","Wed Jul 08 11:51:29 UTC 2026","","eu.esdihumboldt.util.groovy.sandbox.test.internal.GroovySandboxTest","eu.esdihumboldt.util.groovy.sandbox.test.internal.GroovySandboxTest","gstringIntercepted"
"","0","testBox","","Wed Jul 08 11:45:55 UTC 2026","passed","Wed Jul 08 11:45:55 UTC 2026","","eu.esdihumboldt.hale.io.gml.writer.internal.geometry.converters.PolygonToLineStringTest","eu.esdihumboldt.hale.io.gml.writer.internal.geometry.converters.PolygonToLineStringTest","testBox"
"","1","testNumberProperty","","Wed Jul 08 11:48:47 UTC 2026","passed","Wed Jul 08 11:48:47 UTC 2026","","eu.esdihumboldt.hale.io.json.test.JsonSchemaReaderTest","eu.esdihumboldt.hale.io.json.test.JsonSchemaReaderTest","testNumberProperty"
"","4","testEqualitySimpleNoSchema","","Wed Jul 08 11:40:17 UTC 2026","passed","Wed Jul 08 11:40:17 UTC 2026","","eu.esdihumboldt.hale.common.filter.CQLFilterTest","eu.esdihumboldt.hale.common.filter.CQLFilterTest","testEqualitySimpleNoSchema"
"","5","testList","","Wed Jul 08 11:43:36 UTC 2026","passed","Wed Jul 08 11:43:36 UTC 2026","","eu.esdihumboldt.cst.functions.groovy.helpers.util.CollectorTest","eu.esdihumboldt.cst.functions.groovy.helpers.util.CollectorTest","testList"
"","2780","testAdvCrsFactories","","Wed Jul 08 11:41:22 UTC 2026","passed","Wed Jul 08 11:41:25 UTC 2026","","eu.esdihumboldt.hale.common.referencing.factory.CrsAuthorityFactoryTest","eu.esdihumboldt.hale.common.referencing.factory.CrsAuthorityFactoryTest","testAdvCrsFactories"
"","114","testReadSimpleArray","","Wed Jul 08 11:48:47 UTC 2026","passed","Wed Jul 08 11:48:47 UTC 2026","","eu.esdihumboldt.hale.io.json.test.JsonToInstanceTest","eu.esdihumboldt.hale.io.json.test.JsonToInstanceTest","testReadSimpleArray"
"","5","testHalfCircle","","Wed Jul 08 11:51:03 UTC 2026","passed","Wed Jul 08 11:51:03 UTC 2026","","eu.esdihumboldt.util.geometry.interpolation.grid.GridInterpolationTest","eu.esdihumboldt.util.geometry.interpolation.grid.GridInterpolationTest","testHalfCircle"
"","13","testSimpleSingleLax","","Wed Jul 08 11:41:52 UTC 2026","passed","Wed Jul 08 11:41:52 UTC 2026","","eu.esdihumboldt.hale.common.schema.groovy.DefinitionAccessorTest","eu.esdihumboldt.hale.common.schema.groovy.DefinitionAccessorTest","testSimpleSingleLax"
"","151","mergeJoinsWithJoin_abstract2","","Wed Jul 08 11:39:28 UTC 2026","passed","Wed Jul 08 11:39:28 UTC 2026","","eu.esdihumboldt.hale.common.align.merge.test.impl.JoinMergeTest","eu.esdihumboldt.hale.common.align.merge.test.impl.JoinMergeTest","mergeJoinsWithJoin_abstract2"
"","95","testStructuralRename3","","Wed Jul 08 11:42:48 UTC 2026","passed","Wed Jul 08 11:42:48 UTC 2026","","eu.esdihumboldt.cst.internal.ConceptualSchemaTransformerTest","eu.esdihumboldt.cst.internal.ConceptualSchemaTransformerTest","testStructuralRename3"
"","1","testDisabled","","Wed Jul 08 11:41:38 UTC 2026","passed","Wed Jul 08 11:41:38 UTC 2026","","eu.esdihumboldt.hale.common.schema.model.constraint.factory.property.ChoiceFlagFactoryTest","eu.esdihumboldt.hale.common.schema.model.constraint.factory.property.ChoiceFlagFactoryTest","testDisabled"
"","1126","testMerge","","Wed Jul 08 11:42:37 UTC 2026","passed","Wed Jul 08 11:42:38 UTC 2026","","eu.esdihumboldt.cst.internal.ConceptualSchemaTransformerTest","eu.esdihumboldt.cst.internal.ConceptualSchemaTransformerTest","testMerge"
"","2","testRead2","","Wed Jul 08 11:44:06 UTC 2026","passed","Wed Jul 08 11:44:06 UTC 2026","","eu.esdihumboldt.hale.io.csv.CSVSchemaReaderTest","eu.esdihumboldt.hale.io.csv.CSVSchemaReaderTest","testRead2"
"","10775","testFormattingStringInstance","","Wed Jul 08 11:42:27 UTC 2026","passed","Wed Jul 08 11:42:37 UTC 2026","","eu.esdihumboldt.cst.internal.ConceptualSchemaTransformerTest","eu.esdihumboldt.cst.internal.ConceptualSchemaTransformerTest","testFormattingStringInstance"
"","3","testWith","","Wed Jul 08 11:43:18 UTC 2026","passed","Wed Jul 08 11:43:18 UTC 2026","","eu.esdihumboldt.cst.functions.geometric.test.GeometryHelperFunctionsTest","eu.esdihumboldt.cst.functions.geometric.test.GeometryHelperFunctionsTest","testWith"
"","5","testGeoContains","","Wed Jul 08 11:40:17 UTC 2026","passed","Wed Jul 08 11:40:17 UTC 2026","","eu.esdihumboldt.hale.common.filter.CQLFilterTest","eu.esdihumboldt.hale.common.filter.CQLFilterTest","testGeoContains"
"","0","testHasNext","","Wed Jul 08 11:51:36 UTC 2026","skipped","Wed Jul 08 11:51:36 UTC 2026","","eu.esdihumboldt.util.orient.embedded.BrowseClassIterateTest","eu.esdihumboldt.util.orient.embedded.BrowseClassIterateTest","testHasNext"
"","13","testByPoints3AllGrid","","Wed Jul 08 11:51:04 UTC 2026","passed","Wed Jul 08 11:51:04 UTC 2026","","eu.esdihumboldt.util.geometry.interpolation.grid.GridInterpolationTest","eu.esdihumboldt.util.geometry.interpolation.grid.GridInterpolationTest","testByPoints3AllGrid"
"","6","testHalfCircle","","Wed Jul 08 11:51:04 UTC 2026","passed","Wed Jul 08 11:51:04 UTC 2026","","eu.esdihumboldt.util.geometry.interpolation.split.SplitInterpolationTest","eu.esdihumboldt.util.geometry.interpolation.split.SplitInterpolationTest","testHalfCircle"
"","2","testCreateType","","Wed Jul 08 11:41:52 UTC 2026","passed","Wed Jul 08 11:41:52 UTC 2026","","eu.esdihumboldt.hale.common.schema.groovy.SchemaBuilderTest","eu.esdihumboldt.hale.common.schema.groovy.SchemaBuilderTest","testCreateType"
"","351","testGeometryPrimitive_32_Curve_LineString","","Wed Jul 08 11:45:45 UTC 2026","passed","Wed Jul 08 11:45:45 UTC 2026","","eu.esdihumboldt.hale.io.gml.writer.internal.StreamGmlWriter2Test","eu.esdihumboldt.hale.io.gml.writer.internal.StreamGmlWriter2Test","testGeometryPrimitive_32_Curve_LineString"
"","1","testMerge3","","Wed Jul 08 11:40:02 UTC 2026","passed","Wed Jul 08 11:40:02 UTC 2026","","eu.esdihumboldt.hale.common.core.report.util.StatsMergeTest","eu.esdihumboldt.hale.common.core.report.util.StatsMergeTest","testMerge3"
"","10","testGString","","Wed Jul 08 11:43:36 UTC 2026","passed","Wed Jul 08 11:43:36 UTC 2026","","eu.esdihumboldt.cst.functions.groovy.helpers.util.CollectorTest","eu.esdihumboldt.cst.functions.groovy.helpers.util.CollectorTest","testGString"
"","0","testFormatter[6]","","Wed Jul 08 11:51:01 UTC 2026","passed","Wed Jul 08 11:51:01 UTC 2026","","eu.esdihumboldt.util.geometry.DecimalFormatUtilTest","eu.esdihumboldt.util.geometry.DecimalFormatUtilTest","testFormatter[6]"
"","212","testWfsPaginationWithStartIndex","","Wed Jul 08 11:45:38 UTC 2026","passed","Wed Jul 08 11:45:38 UTC 2026","","eu.esdihumboldt.hale.io.gml.reader.internal.StreamGmlReaderTest","eu.esdihumboldt.hale.io.gml.reader.internal.StreamGmlReaderTest","testWfsPaginationWithStartIndex"
"","462","testRequestNoCache","","Wed Jul 08 11:39:34 UTC 2026","passed","Wed Jul 08 11:39:34 UTC 2026","","eu.esdihumboldt.hale.common.cache.RequestTest","eu.esdihumboldt.hale.common.cache.RequestTest","testRequestNoCache"
"","54","testGenerateUID","","Wed Jul 08 11:42:48 UTC 2026","passed","Wed Jul 08 11:42:48 UTC 2026","","eu.esdihumboldt.cst.internal.ConceptualSchemaTransformerTest","eu.esdihumboldt.cst.internal.ConceptualSchemaTransformerTest","testGenerateUID"
"","3","testEqualityList","","Wed Jul 08 11:40:18 UTC 2026","passed","Wed Jul 08 11:40:18 UTC 2026","","eu.esdihumboldt.hale.common.filter.ECQLFilterTest","eu.esdihumboldt.hale.common.filter.ECQLFilterTest","testEqualityList"
"","0","testGeometry_2_Point","","Wed Jul 08 11:45:55 UTC 2026","skipped","Wed Jul 08 11:45:55 UTC 2026","","eu.esdihumboldt.hale.io.gml.writer.internal.StreamGmlWriterTest","eu.esdihumboldt.hale.io.gml.writer.internal.StreamGmlWriterTest","testGeometry_2_Point"
"","0","testGeometryFlippedOnCRS","","Wed Jul 08 11:51:03 UTC 2026","passed","Wed Jul 08 11:51:03 UTC 2026","","eu.esdihumboldt.util.geometry.WindingOrderTest","eu.esdihumboldt.util.geometry.WindingOrderTest","testGeometryFlippedOnCRS"
"","1","testTrueFalse","","Wed Jul 08 11:41:52 UTC 2026","passed","Wed Jul 08 11:41:52 UTC 2026","","eu.esdihumboldt.hale.common.schema.groovy.constraints.NillableFactoryTest","eu.esdihumboldt.hale.common.schema.groovy.constraints.NillableFactoryTest","testTrueFalse"
"","8301","testSimpleAll","","Wed Jul 08 11:38:55 UTC 2026","passed","Wed Jul 08 11:39:03 UTC 2026","","eu.esdihumboldt.hale.common.align.groovy.accessor.EntityAccessorTest","eu.esdihumboldt.hale.common.align.groovy.accessor.EntityAccessorTest","testSimpleAll"
"","9","testValuesAllowOthers","","Wed Jul 08 11:41:39 UTC 2026","passed","Wed Jul 08 11:41:39 UTC 2026","","eu.esdihumboldt.hale.common.schema.model.constraint.factory.type.EnumerationFactoryTest","eu.esdihumboldt.hale.common.schema.model.constraint.factory.type.EnumerationFactoryTest","testValuesAllowOthers"
"","3","testStringBetween","","Wed Jul 08 11:40:18 UTC 2026","passed","Wed Jul 08 11:40:18 UTC 2026","","eu.esdihumboldt.hale.common.filter.ECQLFilterTest","eu.esdihumboldt.hale.common.filter.ECQLFilterTest","testStringBetween"
"","19","testLoopArrayPrettyPrint","","Wed Jul 08 11:51:17 UTC 2026","passed","Wed Jul 08 11:51:17 UTC 2026","","eu.esdihumboldt.util.groovy.json.JsonStreamBuilderTest","eu.esdihumboldt.util.groovy.json.JsonStreamBuilderTest","testLoopArrayPrettyPrint"
"","244","testValueListValueListJson","","Wed Jul 08 11:40:01 UTC 2026","passed","Wed Jul 08 11:40:01 UTC 2026","","eu.esdihumboldt.hale.common.core.io.impl.ValueListTypeTest","eu.esdihumboldt.hale.common.core.io.impl.ValueListTypeTest","testValueListValueListJson"
"","170","mergeJoinGroovyRetype","","Wed Jul 08 11:39:27 UTC 2026","passed","Wed Jul 08 11:39:27 UTC 2026","","eu.esdihumboldt.hale.common.align.merge.test.impl.GroovyRetypeMergeTest","eu.esdihumboldt.hale.common.align.merge.test.impl.GroovyRetypeMergeTest","mergeJoinGroovyRetype"
"","10126","testEqualitySimple","","Wed Jul 08 11:40:06 UTC 2026","passed","Wed Jul 08 11:40:16 UTC 2026","","eu.esdihumboldt.hale.common.filter.CQLFilterTest","eu.esdihumboldt.hale.common.filter.CQLFilterTest","testEqualitySimple"
"","240","testDoesNotExistSchema","","Wed Jul 08 11:40:17 UTC 2026","passed","Wed Jul 08 11:40:17 UTC 2026","","eu.esdihumboldt.hale.common.filter.CQLFilterTest","eu.esdihumboldt.hale.common.filter.CQLFilterTest","testDoesNotExistSchema"
"","4","testGeoBboxList","","Wed Jul 08 11:40:18 UTC 2026","passed","Wed Jul 08 11:40:18 UTC 2026","","eu.esdihumboldt.hale.common.filter.ECQLFilterTest","eu.esdihumboldt.hale.common.filter.ECQLFilterTest","testGeoBboxList"
"","3","testDoesNotExistSchema","","Wed Jul 08 11:40:18 UTC 2026","passed","Wed Jul 08 11:40:18 UTC 2026","","eu.esdihumboldt.hale.common.filter.ECQLFilterTest","eu.esdihumboldt.hale.common.filter.ECQLFilterTest","testDoesNotExistSchema"
"","13","testRead_definitive_substitution","","Wed Jul 08 11:50:41 UTC 2026","passed","Wed Jul 08 11:50:41 UTC 2026","","eu.esdihumboldt.hale.io.xsd.reader.XmlSchemaReaderTest","eu.esdihumboldt.hale.io.xsd.reader.XmlSchemaReaderTest","testRead_definitive_substitution"
"","4","testByPoints2AllGrid","","Wed Jul 08 11:51:04 UTC 2026","passed","Wed Jul 08 11:51:04 UTC 2026","","eu.esdihumboldt.util.geometry.interpolation.grid.GridInterpolationTest","eu.esdihumboldt.util.geometry.interpolation.grid.GridInterpolationTest","testByPoints2AllGrid"
"","0","testLimit","","Wed Jul 08 11:40:02 UTC 2026","passed","Wed Jul 08 11:40:02 UTC 2026","","eu.esdihumboldt.hale.common.core.io.supplier.LookupStreamResourceTest","eu.esdihumboldt.hale.common.core.io.supplier.LookupStreamResourceTest","testLimit"
"","1220","testSKOSFromRDF5_language_de","","Wed Jul 08 11:43:55 UTC 2026","passed","Wed Jul 08 11:43:56 UTC 2026","","eu.esdihumboldt.hale.io.codelist.skos.test.SkosCodeListTest","eu.esdihumboldt.hale.io.codelist.skos.test.SkosCodeListTest","testSKOSFromRDF5_language_de"
"","1","testMsAccessSchemaReaderForAccdbTest","","Wed Jul 08 11:46:38 UTC 2026","skipped","Wed Jul 08 11:46:38 UTC 2026","","eu.esdihumboldt.hale.io.jdbc.msaccess.reader.MsAccessSchemaReaderTest","eu.esdihumboldt.hale.io.jdbc.msaccess.reader.MsAccessSchemaReaderTest","testMsAccessSchemaReaderForAccdbTest"
"","10","testReadBlankCells","","Wed Jul 08 11:50:25 UTC 2026","passed","Wed Jul 08 11:50:25 UTC 2026","","eu.esdihumboldt.hale.io.xls.test.reader.XLSReaderTest","eu.esdihumboldt.hale.io.xls.test.reader.XLSReaderTest","testReadBlankCells"
"","16","testOverrideBindung","","Wed Jul 08 11:46:10 UTC 2026","passed","Wed Jul 08 11:46:10 UTC 2026","","eu.esdihumboldt.hale.io.groovy.snippets.GroovySnippetsTest","eu.esdihumboldt.hale.io.groovy.snippets.GroovySnippetsTest","testOverrideBindung"
"","673","testThread","","Wed Jul 08 11:51:36 UTC 2026","passed","Wed Jul 08 11:51:36 UTC 2026","","eu.esdihumboldt.util.orient.embedded.LocalDocumentTest","eu.esdihumboldt.util.orient.embedded.LocalDocumentTest","testThread"
"","3","testLoopArray","","Wed Jul 08 11:51:17 UTC 2026","passed","Wed Jul 08 11:51:17 UTC 2026","","eu.esdihumboldt.util.groovy.json.JsonStreamBuilderTest","eu.esdihumboldt.util.groovy.json.JsonStreamBuilderTest","testLoopArray"
"","1","testQ1","","Wed Jul 08 11:51:04 UTC 2026","passed","Wed Jul 08 11:51:04 UTC 2026","","eu.esdihumboldt.util.geometry.interpolation.grid.GridUtilTest","eu.esdihumboldt.util.geometry.interpolation.grid.GridUtilTest","testQ1"
"","0","testSchemaReader","","Wed Jul 08 11:46:42 UTC 2026","skipped","Wed Jul 08 11:46:42 UTC 2026","","eu.esdihumboldt.hale.io.jdbc.mssql.test.MsSqlDataReaderTest","eu.esdihumboldt.hale.io.jdbc.mssql.test.MsSqlDataReaderTest","testSchemaReader"
"","4","testLoopArrayTypeSafe","","Wed Jul 08 11:51:17 UTC 2026","passed","Wed Jul 08 11:51:17 UTC 2026","","eu.esdihumboldt.util.groovy.json.JsonStreamBuilderTest","eu.esdihumboldt.util.groovy.json.JsonStreamBuilderTest","testLoopArrayTypeSafe"
"","5","testNumberBetweenList","","Wed Jul 08 11:40:17 UTC 2026","passed","Wed Jul 08 11:40:17 UTC 2026","","eu.esdihumboldt.hale.common.filter.CQLFilterTest","eu.esdihumboldt.hale.common.filter.CQLFilterTest","testNumberBetweenList"
"","217","testWriteVersion3","","Wed Jul 08 11:48:30 UTC 2026","passed","Wed Jul 08 11:48:30 UTC 2026","","eu.esdihumboldt.hale.io.jdbc.spatialite.writer.internal.SpatiaLiteInstanceWriterTest","eu.esdihumboldt.hale.io.jdbc.spatialite.writer.internal.SpatiaLiteInstanceWriterTest","testWriteVersion3"
"","5","testByPoints3","","Wed Jul 08 11:51:04 UTC 2026","passed","Wed Jul 08 11:51:04 UTC 2026","","eu.esdihumboldt.util.geometry.interpolation.split.SplitInterpolationTest","eu.esdihumboldt.util.geometry.interpolation.split.SplitInterpolationTest","testByPoints3"
"","44","testReadMultiSheetTypeSkipSettings","","Wed Jul 08 11:50:25 UTC 2026","passed","Wed Jul 08 11:50:25 UTC 2026","","eu.esdihumboldt.hale.io.xls.test.reader.XLSReaderTest","eu.esdihumboldt.hale.io.xls.test.reader.XLSReaderTest","testReadMultiSheetTypeSkipSettings"
"","135","migrateRenameFormattedString","","Wed Jul 08 11:39:27 UTC 2026","passed","Wed Jul 08 11:39:27 UTC 2026","","eu.esdihumboldt.hale.common.align.merge.test.impl.FormattedStringMergeTest","eu.esdihumboldt.hale.common.align.merge.test.impl.FormattedStringMergeTest","migrateRenameFormattedString"
"","0","testFormatter[10]","","Wed Jul 08 11:51:01 UTC 2026","passed","Wed Jul 08 11:51:01 UTC 2026","","eu.esdihumboldt.util.geometry.DecimalFormatUtilTest","eu.esdihumboldt.util.geometry.DecimalFormatUtilTest","testFormatter[10]"
"","8045","testSerialize","","Wed Jul 08 11:51:08 UTC 2026","passed","Wed Jul 08 11:51:16 UTC 2026","","eu.esdihumboldt.util.groovy.collector.StatsCollectorTest","eu.esdihumboldt.util.groovy.collector.StatsCollectorTest","testSerialize"
"","0","testCopyISOTC211","","Wed Jul 08 11:40:02 UTC 2026","skipped","Wed Jul 08 11:40:02 UTC 2026","","eu.esdihumboldt.hale.common.core.io.project.util.XMLPathUpdaterTest","eu.esdihumboldt.hale.common.core.io.project.util.XMLPathUpdaterTest","testCopyISOTC211"
"","81","testStructuralRename1","","Wed Jul 08 11:42:48 UTC 2026","passed","Wed Jul 08 11:42:48 UTC 2026","","eu.esdihumboldt.cst.internal.ConceptualSchemaTransformerTest","eu.esdihumboldt.cst.internal.ConceptualSchemaTransformerTest","testStructuralRename1"
"","3402","testGroovyFilterForHydro","","Wed Jul 08 11:38:05 UTC 2026","passed","Wed Jul 08 11:38:08 UTC 2026","","eu.esdihumboldt.hale.app.transform.test.ExecuteTest","eu.esdihumboldt.hale.app.transform.test.ExecuteTest","testGroovyFilterForHydro"
"","12","testArcString","","Wed Jul 08 11:51:03 UTC 2026","passed","Wed Jul 08 11:51:03 UTC 2026","","eu.esdihumboldt.util.geometry.interpolation.grid.GridInterpolationTest","eu.esdihumboldt.util.geometry.interpolation.grid.GridInterpolationTest","testArcString"
"","0","testSimple","","Wed Jul 08 11:39:51 UTC 2026","passed","Wed Jul 08 11:39:51 UTC 2026","","eu.esdihumboldt.hale.common.core.io.PathUpdateTest","eu.esdihumboldt.hale.common.core.io.PathUpdateTest","testSimple"
"","13","testGmlReferences","","Wed Jul 08 11:40:43 UTC 2026","passed","Wed Jul 08 11:40:43 UTC 2026","","eu.esdihumboldt.hale.common.instance.graph.test.ReferenceGraphTest","eu.esdihumboldt.hale.common.instance.graph.test.ReferenceGraphTest","testGmlReferences"
"","11","testDoubleConsume","","Wed Jul 08 11:40:02 UTC 2026","passed","Wed Jul 08 11:40:02 UTC 2026","","eu.esdihumboldt.hale.common.core.io.supplier.LookupStreamResourceTest","eu.esdihumboldt.hale.common.core.io.supplier.LookupStreamResourceTest","testDoubleConsume"
"","133","testFilterSame1","","Wed Jul 08 11:39:23 UTC 2026","passed","Wed Jul 08 11:39:23 UTC 2026","","eu.esdihumboldt.hale.common.align.merge.test.impl.DefaultMergeCellMigratorTest","eu.esdihumboldt.hale.common.align.merge.test.impl.DefaultMergeCellMigratorTest","testFilterSame1"
"","3","testNotEqualSimple","","Wed Jul 08 11:40:18 UTC 2026","passed","Wed Jul 08 11:40:18 UTC 2026","","eu.esdihumboldt.hale.common.filter.ECQLFilterTest","eu.esdihumboldt.hale.common.filter.ECQLFilterTest","testNotEqualSimple"
"","0","testFormatter[2]","","Wed Jul 08 11:51:01 UTC 2026","passed","Wed Jul 08 11:51:01 UTC 2026","","eu.esdihumboldt.util.geometry.DecimalFormatUtilTest","eu.esdihumboldt.util.geometry.DecimalFormatUtilTest","testFormatter[2]"
"","0","testLoadShiporderECQL","","Wed Jul 08 11:40:20 UTC 2026","skipped","Wed Jul 08 11:40:20 UTC 2026","","eu.esdihumboldt.hale.common.filter.FilterTest","eu.esdihumboldt.hale.common.filter.FilterTest","testLoadShiporderECQL"
"","1324","testAppInfo","","Wed Jul 08 11:50:39 UTC 2026","passed","Wed Jul 08 11:50:41 UTC 2026","","eu.esdihumboldt.hale.io.xsd.reader.XmlSchemaReaderMoreTest","eu.esdihumboldt.hale.io.xsd.reader.XmlSchemaReaderMoreTest","testAppInfo"
"","60","testCardinalityMove","","Wed Jul 08 11:42:48 UTC 2026","passed","Wed Jul 08 11:42:48 UTC 2026","","eu.esdihumboldt.cst.internal.ConceptualSchemaTransformerTest","eu.esdihumboldt.cst.internal.ConceptualSchemaTransformerTest","testCardinalityMove"
"","13","testGeoJsonSimple_2","","Wed Jul 08 11:48:45 UTC 2026","passed","Wed Jul 08 11:48:45 UTC 2026","","eu.esdihumboldt.hale.io.json.test.InstanceToJsonTest","eu.esdihumboldt.hale.io.json.test.InstanceToJsonTest","testGeoJsonSimple_2"
"","0","testFormatter[1]","","Wed Jul 08 11:51:01 UTC 2026","passed","Wed Jul 08 11:51:01 UTC 2026","","eu.esdihumboldt.util.geometry.DecimalFormatUtilTest","eu.esdihumboldt.util.geometry.DecimalFormatUtilTest","testFormatter[1]"
"","3","testByPoints3","","Wed Jul 08 11:51:04 UTC 2026","passed","Wed Jul 08 11:51:04 UTC 2026","","eu.esdihumboldt.util.geometry.interpolation.grid.GridInterpolationTest","eu.esdihumboldt.util.geometry.interpolation.grid.GridInterpolationTest","testByPoints3"
"","1","testFormatter[9]","","Wed Jul 08 11:51:01 UTC 2026","passed","Wed Jul 08 11:51:01 UTC 2026","","eu.esdihumboldt.util.geometry.DecimalFormatUtilTest","eu.esdihumboldt.util.geometry.DecimalFormatUtilTest","testFormatter[9]"
"","59","testWriteComplexSchema","","Wed Jul 08 11:50:27 UTC 2026","passed","Wed Jul 08 11:50:27 UTC 2026","","eu.esdihumboldt.hale.io.xls.test.writer.XLSInstanceWriterTest","eu.esdihumboldt.hale.io.xls.test.writer.XLSInstanceWriterTest","testWriteComplexSchema"
"","63","testPriority","","Wed Jul 08 11:42:47 UTC 2026","passed","Wed Jul 08 11:42:47 UTC 2026","","eu.esdihumboldt.cst.internal.ConceptualSchemaTransformerTest","eu.esdihumboldt.cst.internal.ConceptualSchemaTransformerTest","testPriority"
"","3231","testArgsFileForMultiTypesSource","","Wed Jul 08 11:37:26 UTC 2026","passed","Wed Jul 08 11:37:29 UTC 2026","","eu.esdihumboldt.hale.app.transform.test.ExecuteTest","eu.esdihumboldt.hale.app.transform.test.ExecuteTest","testArgsFileForMultiTypesSource"
"","8189","testCellDisableSaveLoad","","Wed Jul 08 11:38:41 UTC 2026","passed","Wed Jul 08 11:38:49 UTC 2026","","eu.esdihumboldt.hale.common.align.io.JaxbAlignmentIOTest","eu.esdihumboldt.hale.common.align.io.JaxbAlignmentIOTest","testCellDisableSaveLoad"
"","270","testGeometryAggregate_32_MultiPoint","","Wed Jul 08 11:45:55 UTC 2026","passed","Wed Jul 08 11:45:55 UTC 2026","","eu.esdihumboldt.hale.io.gml.writer.internal.StreamGmlWriterTest","eu.esdihumboldt.hale.io.gml.writer.internal.StreamGmlWriterTest","testGeometryAggregate_32_MultiPoint"
"","1","testPrimitiveArray2","","Wed Jul 08 11:41:39 UTC 2026","passed","Wed Jul 08 11:41:39 UTC 2026","","eu.esdihumboldt.hale.common.schema.model.constraint.factory.type.BindingFactoryTest","eu.esdihumboldt.hale.common.schema.model.constraint.factory.type.BindingFactoryTest","testPrimitiveArray2"
"","2","testMetaClass","","Wed Jul 08 11:41:52 UTC 2026","passed","Wed Jul 08 11:41:52 UTC 2026","","eu.esdihumboldt.hale.common.schema.groovy.DefinitionAccessorTest","eu.esdihumboldt.hale.common.schema.groovy.DefinitionAccessorTest","testMetaClass"
"","86","testSchemaCollection","","Wed Jul 08 11:40:55 UTC 2026","passed","Wed Jul 08 11:40:55 UTC 2026","","eu.esdihumboldt.hale.common.instance.groovy.InstanceBuilderTest","eu.esdihumboldt.hale.common.instance.groovy.InstanceBuilderTest","testSchemaCollection"
"","15","testReadPointGeoJson","","Wed Jul 08 11:48:47 UTC 2026","passed","Wed Jul 08 11:48:47 UTC 2026","","eu.esdihumboldt.hale.io.json.test.JsonToInstanceTest","eu.esdihumboldt.hale.io.json.test.JsonToInstanceTest","testReadPointGeoJson"
"","0","testInstanceValueExistsSchema","","Wed Jul 08 11:40:17 UTC 2026","skipped","Wed Jul 08 11:40:17 UTC 2026","","eu.esdihumboldt.hale.common.filter.CQLFilterTest","eu.esdihumboldt.hale.common.filter.CQLFilterTest","testInstanceValueExistsSchema"
"","58","testWfsResolvedepthResponseStructure","","Wed Jul 08 11:45:38 UTC 2026","passed","Wed Jul 08 11:45:38 UTC 2026","","eu.esdihumboldt.hale.io.gml.reader.internal.StreamGmlReaderTest","eu.esdihumboldt.hale.io.gml.reader.internal.StreamGmlReaderTest","testWfsResolvedepthResponseStructure"
"","11","testReadVersion4","","Wed Jul 08 11:48:30 UTC 2026","passed","Wed Jul 08 11:48:30 UTC 2026","","eu.esdihumboldt.hale.io.jdbc.spatialite.reader.internal.SpatiaLiteSchemaReaderTest","eu.esdihumboldt.hale.io.jdbc.spatialite.reader.internal.SpatiaLiteSchemaReaderTest","testReadVersion4"
"","0","testStringValueListJson","","Wed Jul 08 11:40:01 UTC 2026","passed","Wed Jul 08 11:40:01 UTC 2026","","eu.esdihumboldt.hale.common.core.io.impl.ValueListTypeTest","eu.esdihumboldt.hale.common.core.io.impl.ValueListTypeTest","testStringValueListJson"
"","148","testDuplicateRule","","Wed Jul 08 11:48:57 UTC 2026","passed","Wed Jul 08 11:48:58 UTC 2026","","eu.esdihumboldt.hale.io.schematron.SchematronInstanceValidatorTest","eu.esdihumboldt.hale.io.schematron.SchematronInstanceValidatorTest","testDuplicateRule"
"","6","testSize","","Wed Jul 08 11:40:28 UTC 2026","passed","Wed Jul 08 11:40:28 UTC 2026","","eu.esdihumboldt.hale.common.instance.tools.impl.SimplePartitionerTest","eu.esdihumboldt.hale.common.instance.tools.impl.SimplePartitionerTest","testSize"
"","0","testInstanceExistsSchema","","Wed Jul 08 11:40:18 UTC 2026","skipped","Wed Jul 08 11:40:18 UTC 2026","","eu.esdihumboldt.hale.common.filter.ECQLFilterTest","eu.esdihumboldt.hale.common.filter.ECQLFilterTest","testInstanceExistsSchema"
"","9","testValuePropertiesJson","","Wed Jul 08 11:40:01 UTC 2026","passed","Wed Jul 08 11:40:01 UTC 2026","","eu.esdihumboldt.hale.common.core.io.impl.ValuePropertiesTypeTest","eu.esdihumboldt.hale.common.core.io.impl.ValuePropertiesTypeTest","testValuePropertiesJson"
"","138","testWriteReadDateTime","","Wed Jul 08 11:44:44 UTC 2026","passed","Wed Jul 08 11:44:44 UTC 2026","","eu.esdihumboldt.hale.io.geopackage.GeopackageInstanceWriterTest","eu.esdihumboldt.hale.io.geopackage.GeopackageInstanceWriterTest","testWriteReadDateTime"
"","30","testGmlOverflow3","","Wed Jul 08 11:40:43 UTC 2026","passed","Wed Jul 08 11:40:43 UTC 2026","","eu.esdihumboldt.hale.common.instance.graph.test.ReferenceGraphTest","eu.esdihumboldt.hale.common.instance.graph.test.ReferenceGraphTest","testGmlOverflow3"
"","1","testNested","","Wed Jul 08 11:43:36 UTC 2026","passed","Wed Jul 08 11:43:36 UTC 2026","","eu.esdihumboldt.cst.functions.groovy.helpers.util.CollectorTest","eu.esdihumboldt.cst.functions.groovy.helpers.util.CollectorTest","testNested"
"","0","testSplitMulti_Mixed","","Wed Jul 08 11:43:18 UTC 2026","passed","Wed Jul 08 11:43:18 UTC 2026","","eu.esdihumboldt.cst.functions.geometric.test.GeometryHelperFunctionsTest","eu.esdihumboldt.cst.functions.geometric.test.GeometryHelperFunctionsTest","testSplitMulti_Mixed"
"","0","testGeometry_2_MultiLineString","","Wed Jul 08 11:45:51 UTC 2026","skipped","Wed Jul 08 11:45:51 UTC 2026","","eu.esdihumboldt.hale.io.gml.writer.internal.StreamGmlWriterTest","eu.esdihumboldt.hale.io.gml.writer.internal.StreamGmlWriterTest","testGeometry_2_MultiLineString"
"","1863","testCount","","Wed Jul 08 11:51:33 UTC 2026","passed","Wed Jul 08 11:51:35 UTC 2026","","eu.esdihumboldt.util.orient.embedded.BrowseClassIterateTest","eu.esdihumboldt.util.orient.embedded.BrowseClassIterateTest","testCount"
"","0","testSubfolder2","","Wed Jul 08 11:39:51 UTC 2026","passed","Wed Jul 08 11:39:51 UTC 2026","","eu.esdihumboldt.hale.common.core.io.PathUpdateTest","eu.esdihumboldt.hale.common.core.io.PathUpdateTest","testSubfolder2"
"","4","testPointGeometry","","Wed Jul 08 11:48:47 UTC 2026","passed","Wed Jul 08 11:48:47 UTC 2026","","eu.esdihumboldt.hale.io.json.test.JsonSchemaReaderTest","eu.esdihumboldt.hale.io.json.test.JsonSchemaReaderTest","testPointGeometry"
"","40","testBuilder","","Wed Jul 08 11:51:05 UTC 2026","passed","Wed Jul 08 11:51:05 UTC 2026","","eu.esdihumboldt.util.geometry.quadtree.QuadtreeTest","eu.esdihumboldt.util.geometry.quadtree.QuadtreeTest","testBuilder"
"","4","testReadPoint","","Wed Jul 08 11:48:47 UTC 2026","passed","Wed Jul 08 11:48:47 UTC 2026","","eu.esdihumboldt.hale.io.json.test.JsonToInstanceTest","eu.esdihumboldt.hale.io.json.test.JsonToInstanceTest","testReadPoint"
"","9042","testNestingAll","","Wed Jul 08 11:41:43 UTC 2026","passed","Wed Jul 08 11:41:52 UTC 2026","","eu.esdihumboldt.hale.common.schema.groovy.DefinitionAccessorTest","eu.esdihumboldt.hale.common.schema.groovy.DefinitionAccessorTest","testNestingAll"
"","4","testEmpty","","Wed Jul 08 11:41:39 UTC 2026","passed","Wed Jul 08 11:41:39 UTC 2026","","eu.esdihumboldt.hale.common.schema.model.constraint.factory.type.EnumerationFactoryTest","eu.esdihumboldt.hale.common.schema.model.constraint.factory.type.EnumerationFactoryTest","testEmpty"
"","3","testNumberBetweenList","","Wed Jul 08 11:40:18 UTC 2026","passed","Wed Jul 08 11:40:18 UTC 2026","","eu.esdihumboldt.hale.common.filter.ECQLFilterTest","eu.esdihumboldt.hale.common.filter.ECQLFilterTest","testNumberBetweenList"
"","30","testReuse","","Wed Jul 08 11:39:51 UTC 2026","passed","Wed Jul 08 11:39:51 UTC 2026","","eu.esdihumboldt.hale.common.core.io.PathUpdateTest","eu.esdihumboldt.hale.common.core.io.PathUpdateTest","testReuse"
"","19","testSinglePolyGeometry","","Wed Jul 08 11:49:42 UTC 2026","passed","Wed Jul 08 11:49:42 UTC 2026","","eu.esdihumboldt.hale.io.shp.ShapefileInstanceWriterTest","eu.esdihumboldt.hale.io.shp.ShapefileInstanceWriterTest","testSinglePolyGeometry"
"","0","testProjectSubfolder","","Wed Jul 08 11:39:51 UTC 2026","passed","Wed Jul 08 11:39:51 UTC 2026","","eu.esdihumboldt.hale.common.core.io.PathUpdateTest","eu.esdihumboldt.hale.common.core.io.PathUpdateTest","testProjectSubfolder"
"","6","testNullList","","Wed Jul 08 11:40:17 UTC 2026","passed","Wed Jul 08 11:40:17 UTC 2026","","eu.esdihumboldt.hale.common.filter.CQLFilterTest","eu.esdihumboldt.hale.common.filter.CQLFilterTest","testNullList"
"","194","testWfsPagination","","Wed Jul 08 11:45:38 UTC 2026","passed","Wed Jul 08 11:45:38 UTC 2026","","eu.esdihumboldt.hale.io.gml.reader.internal.StreamGmlReaderTest","eu.esdihumboldt.hale.io.gml.reader.internal.StreamGmlReaderTest","testWfsPagination"
"","7343","testShapefileInstanceFromNginxUrl","","Wed Jul 08 11:49:26 UTC 2026","passed","Wed Jul 08 11:49:33 UTC 2026","","eu.esdihumboldt.hale.io.shp.ShapeInstanceReaderTest","eu.esdihumboldt.hale.io.shp.ShapeInstanceReaderTest","testShapefileInstanceFromNginxUrl"
"","41","testRun","","Wed Jul 08 11:46:09 UTC 2026","passed","Wed Jul 08 11:46:09 UTC 2026","","eu.esdihumboldt.hale.io.groovy.snippets.GroovySnippetsTest","eu.esdihumboldt.hale.io.groovy.snippets.GroovySnippetsTest","testRun"
"","6","testCreateTypeIndex","","Wed Jul 08 11:41:52 UTC 2026","passed","Wed Jul 08 11:41:52 UTC 2026","","eu.esdihumboldt.hale.common.schema.groovy.SchemaBuilderTest","eu.esdihumboldt.hale.common.schema.groovy.SchemaBuilderTest","testCreateTypeIndex"
"","45","testIDSaveLoad","","Wed Jul 08 11:38:49 UTC 2026","passed","Wed Jul 08 11:38:49 UTC 2026","","eu.esdihumboldt.hale.common.align.io.JaxbAlignmentIOTest","eu.esdihumboldt.hale.common.align.io.JaxbAlignmentIOTest","testIDSaveLoad"
"","52","testReadDouble","","Wed Jul 08 11:48:47 UTC 2026","passed","Wed Jul 08 11:48:47 UTC 2026","","eu.esdihumboldt.hale.io.json.test.JsonToInstanceTest","eu.esdihumboldt.hale.io.json.test.JsonToInstanceTest","testReadDouble"
"","1","testMerge5","","Wed Jul 08 11:40:02 UTC 2026","passed","Wed Jul 08 11:40:02 UTC 2026","","eu.esdihumboldt.hale.common.core.report.util.StatsMergeTest","eu.esdihumboldt.hale.common.core.report.util.StatsMergeTest","testMerge5"
"","10","testInstanceNullSchema","","Wed Jul 08 11:40:17 UTC 2026","passed","Wed Jul 08 11:40:17 UTC 2026","","eu.esdihumboldt.hale.common.filter.CQLFilterTest","eu.esdihumboldt.hale.common.filter.CQLFilterTest","testInstanceNullSchema"
"","42","testReadMultiSheetTypeNames","","Wed Jul 08 11:50:25 UTC 2026","passed","Wed Jul 08 11:50:25 UTC 2026","","eu.esdihumboldt.hale.io.xls.test.reader.XLSReaderTest","eu.esdihumboldt.hale.io.xls.test.reader.XLSReaderTest","testReadMultiSheetTypeNames"
"","0","testOrderHolesCCW","","Wed Jul 08 11:51:03 UTC 2026","passed","Wed Jul 08 11:51:03 UTC 2026","","eu.esdihumboldt.util.geometry.WindingOrderTest","eu.esdihumboldt.util.geometry.WindingOrderTest","testOrderHolesCCW"
"","13","testConstraints","","Wed Jul 08 11:41:52 UTC 2026","passed","Wed Jul 08 11:41:52 UTC 2026","","eu.esdihumboldt.hale.common.schema.groovy.SchemaBuilderTest","eu.esdihumboldt.hale.common.schema.groovy.SchemaBuilderTest","testConstraints"
"","6879","testAccessNullProperties","","Wed Jul 08 11:40:47 UTC 2026","passed","Wed Jul 08 11:40:54 UTC 2026","","eu.esdihumboldt.hale.common.instance.groovy.InstanceAccessorTest","eu.esdihumboldt.hale.common.instance.groovy.InstanceAccessorTest","testAccessNullProperties"
"","2","testInvalidKey2","","Wed Jul 08 11:50:57 UTC 2026","passed","Wed Jul 08 11:50:57 UTC 2026","","eu.esdihumboldt.util.config.ConfigTest","eu.esdihumboldt.util.config.ConfigTest","testInvalidKey2"
"","5","testReadSimplePolygon","","Wed Jul 08 11:48:47 UTC 2026","passed","Wed Jul 08 11:48:47 UTC 2026","","eu.esdihumboldt.hale.io.json.test.JsonToInstanceTest","eu.esdihumboldt.hale.io.json.test.JsonToInstanceTest","testReadSimplePolygon"
"","7","testSKOSFromRDF3","","Wed Jul 08 11:43:56 UTC 2026","passed","Wed Jul 08 11:43:56 UTC 2026","","eu.esdihumboldt.hale.io.codelist.skos.test.SkosCodeListTest","eu.esdihumboldt.hale.io.codelist.skos.test.SkosCodeListTest","testSKOSFromRDF3"
"","227","testWriteReadTypeSafeQName","","Wed Jul 08 11:51:17 UTC 2026","passed","Wed Jul 08 11:51:17 UTC 2026","","eu.esdihumboldt.util.groovy.xml.NSDOMBuilderTest","eu.esdihumboldt.util.groovy.xml.NSDOMBuilderTest","testWriteReadTypeSafeQName"
"","2","testRootArrayObjectsFail","","Wed Jul 08 11:51:17 UTC 2026","passed","Wed Jul 08 11:51:17 UTC 2026","","eu.esdihumboldt.util.groovy.json.JsonStreamBuilderTest","eu.esdihumboldt.util.groovy.json.JsonStreamBuilderTest","testRootArrayObjectsFail"
"","3638","testTransform","","Wed Jul 08 11:38:29 UTC 2026","passed","Wed Jul 08 11:38:33 UTC 2026","","eu.esdihumboldt.hale.app.transform.test.ExecuteTest","eu.esdihumboldt.hale.app.transform.test.ExecuteTest","testTransform"
"","129","testGroovyWarningMerge","","Wed Jul 08 11:39:24 UTC 2026","passed","Wed Jul 08 11:39:24 UTC 2026","","eu.esdihumboldt.hale.common.align.merge.test.impl.DefaultMergeCellMigratorTest","eu.esdihumboldt.hale.common.align.merge.test.impl.DefaultMergeCellMigratorTest","testGroovyWarningMerge"
"","202","testWfsPaginationWithCountLimit","","Wed Jul 08 11:45:38 UTC 2026","passed","Wed Jul 08 11:45:38 UTC 2026","","eu.esdihumboldt.hale.io.gml.reader.internal.StreamGmlReaderTest","eu.esdihumboldt.hale.io.gml.reader.internal.StreamGmlReaderTest","testWfsPaginationWithCountLimit"
"","0","testQ2","","Wed Jul 08 11:51:04 UTC 2026","passed","Wed Jul 08 11:51:04 UTC 2026","","eu.esdihumboldt.util.geometry.interpolation.grid.GridUtilTest","eu.esdihumboldt.util.geometry.interpolation.grid.GridUtilTest","testQ2"
"","1","simpleFilterTestECQL","","Wed Jul 08 11:40:20 UTC 2026","passed","Wed Jul 08 11:40:20 UTC 2026","","eu.esdihumboldt.hale.common.filter.FilterTest","eu.esdihumboldt.hale.common.filter.FilterTest","simpleFilterTestECQL"
"","25","testSinglePolyGeometryWithLongAlphanumericNamesWithMultipleInstancesWithMissingData","","Wed Jul 08 11:49:42 UTC 2026","passed","Wed Jul 08 11:49:42 UTC 2026","","eu.esdihumboldt.hale.io.shp.ShapefileInstanceWriterTest","eu.esdihumboldt.hale.io.shp.ShapefileInstanceWriterTest","testSinglePolyGeometryWithLongAlphanumericNamesWithMultipleInstancesWithMissingData"
"","740","testWfsPaginationPageSizeEqualsTotal","","Wed Jul 08 11:45:36 UTC 2026","passed","Wed Jul 08 11:45:37 UTC 2026","","eu.esdihumboldt.hale.io.gml.reader.internal.StreamGmlReaderTest","eu.esdihumboldt.hale.io.gml.reader.internal.StreamGmlReaderTest","testWfsPaginationPageSizeEqualsTotal"
"","3445","testTypedFilterForHydro","","Wed Jul 08 11:38:08 UTC 2026","passed","Wed Jul 08 11:38:12 UTC 2026","","eu.esdihumboldt.hale.app.transform.test.ExecuteTest","eu.esdihumboldt.hale.app.transform.test.ExecuteTest","testTypedFilterForHydro"
"","15","testRead_shiporder_one","","Wed Jul 08 11:50:41 UTC 2026","passed","Wed Jul 08 11:50:41 UTC 2026","","eu.esdihumboldt.hale.io.xsd.reader.XmlSchemaReaderTest","eu.esdihumboldt.hale.io.xsd.reader.XmlSchemaReaderTest","testRead_shiporder_one"
"","6","testDoubleObject","","Wed Jul 08 11:51:17 UTC 2026","passed","Wed Jul 08 11:51:17 UTC 2026","","eu.esdihumboldt.util.groovy.json.JsonStreamBuilderTest","eu.esdihumboldt.util.groovy.json.JsonStreamBuilderTest","testDoubleObject"
"","43","testGeoBbox","","Wed Jul 08 11:40:17 UTC 2026","passed","Wed Jul 08 11:40:17 UTC 2026","","eu.esdihumboldt.hale.common.filter.CQLFilterTest","eu.esdihumboldt.hale.common.filter.CQLFilterTest","testGeoBbox"
"","0","testInstanceNoValueExistsSchema","","Wed Jul 08 11:40:17 UTC 2026","skipped","Wed Jul 08 11:40:17 UTC 2026","","eu.esdihumboldt.hale.common.filter.CQLFilterTest","eu.esdihumboldt.hale.common.filter.CQLFilterTest","testInstanceNoValueExistsSchema"
"","3","testJsonBuilderConstructor","","Wed Jul 08 11:51:17 UTC 2026","passed","Wed Jul 08 11:51:17 UTC 2026","","eu.esdihumboldt.util.groovy.json.JsonStreamBuilderTest","eu.esdihumboldt.util.groovy.json.JsonStreamBuilderTest","testJsonBuilderConstructor"
"","104","testGroovyWarningScript","","Wed Jul 08 11:39:26 UTC 2026","passed","Wed Jul 08 11:39:26 UTC 2026","","eu.esdihumboldt.hale.common.align.merge.test.impl.DefaultMergeCellMigratorTest","eu.esdihumboldt.hale.common.align.merge.test.impl.DefaultMergeCellMigratorTest","testGroovyWarningScript"
"","5","testMerge2","","Wed Jul 08 11:40:02 UTC 2026","passed","Wed Jul 08 11:40:02 UTC 2026","","eu.esdihumboldt.hale.common.core.report.util.StatsMergeTest","eu.esdihumboldt.hale.common.core.report.util.StatsMergeTest","testMerge2"
"","47","testReadMultiSheetDetectType","","Wed Jul 08 11:50:25 UTC 2026","passed","Wed Jul 08 11:50:25 UTC 2026","","eu.esdihumboldt.hale.io.xls.test.reader.XLSReaderTest","eu.esdihumboldt.hale.io.xls.test.reader.XLSReaderTest","testReadMultiSheetDetectType"
"","4","testGeoBbox","","Wed Jul 08 11:40:18 UTC 2026","passed","Wed Jul 08 11:40:18 UTC 2026","","eu.esdihumboldt.hale.common.filter.ECQLFilterTest","eu.esdihumboldt.hale.common.filter.ECQLFilterTest","testGeoBbox"
"","3","testNullProperties","","Wed Jul 08 11:40:55 UTC 2026","passed","Wed Jul 08 11:40:55 UTC 2026","","eu.esdihumboldt.hale.common.instance.groovy.InstanceAccessorTest","eu.esdihumboldt.hale.common.instance.groovy.InstanceAccessorTest","testNullProperties"
"","0","testInstanceNoValueExistsSchema","","Wed Jul 08 11:40:18 UTC 2026","skipped","Wed Jul 08 11:40:18 UTC 2026","","eu.esdihumboldt.hale.common.filter.ECQLFilterTest","eu.esdihumboldt.hale.common.filter.ECQLFilterTest","testInstanceNoValueExistsSchema"
"","11","testReadNestedGeometryGeoJson","","Wed Jul 08 11:48:47 UTC 2026","passed","Wed Jul 08 11:48:47 UTC 2026","","eu.esdihumboldt.hale.io.json.test.JsonToInstanceTest","eu.esdihumboldt.hale.io.json.test.JsonToInstanceTest","testReadNestedGeometryGeoJson"
"","1","testLargeArc","","Wed Jul 08 11:51:04 UTC 2026","passed","Wed Jul 08 11:51:04 UTC 2026","","eu.esdihumboldt.util.geometry.interpolation.model.impl.ArcByPointsImplTest","eu.esdihumboldt.util.geometry.interpolation.model.impl.ArcByPointsImplTest","testLargeArc"
"","2","testPath2","","Wed Jul 08 11:41:39 UTC 2026","passed","Wed Jul 08 11:41:39 UTC 2026","","eu.esdihumboldt.hale.common.schema.model.constraint.factory.type.PrimaryKeyFactoryTest","eu.esdihumboldt.hale.common.schema.model.constraint.factory.type.PrimaryKeyFactoryTest","testPath2"
"","12","testStandardBuilderStyle","","Wed Jul 08 11:51:17 UTC 2026","passed","Wed Jul 08 11:51:17 UTC 2026","","eu.esdihumboldt.util.groovy.json.JsonStreamBuilderTest","eu.esdihumboldt.util.groovy.json.JsonStreamBuilderTest","testStandardBuilderStyle"
"","0","testSubfolder","","Wed Jul 08 11:39:51 UTC 2026","passed","Wed Jul 08 11:39:51 UTC 2026","","eu.esdihumboldt.hale.common.core.io.PathUpdateTest","eu.esdihumboldt.hale.common.core.io.PathUpdateTest","testSubfolder"
"","2","testBefore","","Wed Jul 08 11:40:18 UTC 2026","passed","Wed Jul 08 11:40:18 UTC 2026","","eu.esdihumboldt.hale.common.filter.ECQLFilterTest","eu.esdihumboldt.hale.common.filter.ECQLFilterTest","testBefore"
"","5206","testNumbers","","Wed Jul 08 11:45:45 UTC 2026","passed","Wed Jul 08 11:45:51 UTC 2026","","eu.esdihumboldt.hale.io.gml.writer.internal.StreamGmlWriter2Test","eu.esdihumboldt.hale.io.gml.writer.internal.StreamGmlWriter2Test","testNumbers"
"","704","testReadXsdInstancesTypenameWithoutNamespace","","Wed Jul 08 11:49:37 UTC 2026","passed","Wed Jul 08 11:49:38 UTC 2026","","eu.esdihumboldt.hale.io.shp.ShapeInstanceReaderTest","eu.esdihumboldt.hale.io.shp.ShapeInstanceReaderTest","testReadXsdInstancesTypenameWithoutNamespace"
"","153","testFilterSame3","","Wed Jul 08 11:39:23 UTC 2026","passed","Wed Jul 08 11:39:23 UTC 2026","","eu.esdihumboldt.hale.common.align.merge.test.impl.DefaultMergeCellMigratorTest","eu.esdihumboldt.hale.common.align.merge.test.impl.DefaultMergeCellMigratorTest","testFilterSame3"
"","119","migrateJoinGroovyRetype","","Wed Jul 08 11:39:27 UTC 2026","passed","Wed Jul 08 11:39:27 UTC 2026","","eu.esdihumboldt.hale.common.align.merge.test.impl.GroovyRetypeMergeTest","eu.esdihumboldt.hale.common.align.merge.test.impl.GroovyRetypeMergeTest","migrateJoinGroovyRetype"
"","3","testExportNullTargetValue","","Wed Jul 08 11:44:16 UTC 2026","passed","Wed Jul 08 11:44:16 UTC 2026","","eu.esdihumboldt.hale.io.csv.writer.CSVLookupWriterTest","eu.esdihumboldt.hale.io.csv.writer.CSVLookupWriterTest","testExportNullTargetValue"
"","14","testShapefileInstanceFromFile","","Wed Jul 08 11:49:33 UTC 2026","passed","Wed Jul 08 11:49:33 UTC 2026","","eu.esdihumboldt.hale.io.shp.ShapeInstanceReaderTest","eu.esdihumboldt.hale.io.shp.ShapeInstanceReaderTest","testShapefileInstanceFromFile"
"","19","testPrimitive2","","Wed Jul 08 11:41:38 UTC 2026","passed","Wed Jul 08 11:41:39 UTC 2026","","eu.esdihumboldt.hale.common.schema.model.constraint.factory.type.BindingFactoryTest","eu.esdihumboldt.hale.common.schema.model.constraint.factory.type.BindingFactoryTest","testPrimitive2"
"","0","testGeoIntersect","","Wed Jul 08 11:40:17 UTC 2026","skipped","Wed Jul 08 11:40:17 UTC 2026","","eu.esdihumboldt.hale.common.filter.CQLFilterTest","eu.esdihumboldt.hale.common.filter.CQLFilterTest","testGeoIntersect"
"","1","testDefault","","Wed Jul 08 11:41:39 UTC 2026","passed","Wed Jul 08 11:41:39 UTC 2026","","eu.esdihumboldt.hale.common.schema.model.constraint.factory.type.SkipValidationFactoryTest","eu.esdihumboldt.hale.common.schema.model.constraint.factory.type.SkipValidationFactoryTest","testDefault"
"","78","testCardinalityRename","","Wed Jul 08 11:42:49 UTC 2026","passed","Wed Jul 08 11:42:49 UTC 2026","","eu.esdihumboldt.cst.internal.ConceptualSchemaTransformerTest","eu.esdihumboldt.cst.internal.ConceptualSchemaTransformerTest","testCardinalityRename"
"","39168","testReferenceWriting","","Wed Jul 08 11:46:47 UTC 2026","passed","Wed Jul 08 11:47:26 UTC 2026","","eu.esdihumboldt.hale.io.jdbc.postgresql.test.AutoGenKeyReferenceIT","eu.esdihumboldt.hale.io.jdbc.postgresql.test.AutoGenKeyReferenceIT","testReferenceWriting"
"","0","testBeforeList","","Wed Jul 08 11:40:17 UTC 2026","skipped","Wed Jul 08 11:40:17 UTC 2026","","eu.esdihumboldt.hale.common.filter.CQLFilterTest","eu.esdihumboldt.hale.common.filter.CQLFilterTest","testBeforeList"
"","4601","testInnerJoinNas","","Wed Jul 08 11:42:40 UTC 2026","passed","Wed Jul 08 11:42:45 UTC 2026","","eu.esdihumboldt.cst.internal.ConceptualSchemaTransformerTest","eu.esdihumboldt.cst.internal.ConceptualSchemaTransformerTest","testInnerJoinNas"
"","295","testGeometryPrimitive_32_MultiLineString_Curve1","","Wed Jul 08 11:45:51 UTC 2026","passed","Wed Jul 08 11:45:51 UTC 2026","","eu.esdihumboldt.hale.io.gml.writer.internal.StreamGmlWriterTest","eu.esdihumboldt.hale.io.gml.writer.internal.StreamGmlWriterTest","testGeometryPrimitive_32_MultiLineString_Curve1"
"","4","testUnbounded","","Wed Jul 08 11:41:38 UTC 2026","passed","Wed Jul 08 11:41:38 UTC 2026","","eu.esdihumboldt.hale.common.schema.model.constraint.factory.property.CardinalityFactoryTest","eu.esdihumboldt.hale.common.schema.model.constraint.factory.property.CardinalityFactoryTest","testUnbounded"
"","114","testGeometryPrimitive_32_MultiLineString","","Wed Jul 08 11:45:54 UTC 2026","passed","Wed Jul 08 11:45:54 UTC 2026","","eu.esdihumboldt.hale.io.gml.writer.internal.StreamGmlWriterTest","eu.esdihumboldt.hale.io.gml.writer.internal.StreamGmlWriterTest","testGeometryPrimitive_32_MultiLineString"
"","1","testCCW1","","Wed Jul 08 11:51:04 UTC 2026","passed","Wed Jul 08 11:51:04 UTC 2026","","eu.esdihumboldt.util.geometry.interpolation.model.impl.ArcByCenterPointImplTest","eu.esdihumboldt.util.geometry.interpolation.model.impl.ArcByCenterPointImplTest","testCCW1"
"","1","testFixed","","Wed Jul 08 11:41:52 UTC 2026","passed","Wed Jul 08 11:41:52 UTC 2026","","eu.esdihumboldt.hale.common.schema.groovy.constraints.CardinalityFactoryTest","eu.esdihumboldt.hale.common.schema.groovy.constraints.CardinalityFactoryTest","testFixed"
"","0","testFileRelative2","","Wed Jul 08 11:50:39 UTC 2026","passed","Wed Jul 08 11:50:39 UTC 2026","","eu.esdihumboldt.hale.io.xsd.reader.HumboldtURIResolverTest","eu.esdihumboldt.hale.io.xsd.reader.HumboldtURIResolverTest","testFileRelative2"
"","0","testChoice","","Wed Jul 08 11:42:48 UTC 2026","skipped","Wed Jul 08 11:42:48 UTC 2026","","eu.esdihumboldt.cst.internal.ConceptualSchemaTransformerTest","eu.esdihumboldt.cst.internal.ConceptualSchemaTransformerTest","testChoice"
"","32","testNativeQuery","","Wed Jul 08 11:51:38 UTC 2026","passed","Wed Jul 08 11:51:38 UTC 2026","","eu.esdihumboldt.util.orient.embedded.MemoryDocumentTest","eu.esdihumboldt.util.orient.embedded.MemoryDocumentTest","testNativeQuery"
"","72","testCMMulti3","","Wed Jul 08 11:42:47 UTC 2026","passed","Wed Jul 08 11:42:47 UTC 2026","","eu.esdihumboldt.cst.internal.ConceptualSchemaTransformerTest","eu.esdihumboldt.cst.internal.ConceptualSchemaTransformerTest","testCMMulti3"
"","2","testSerializeCompact","","Wed Jul 08 11:51:17 UTC 2026","passed","Wed Jul 08 11:51:17 UTC 2026","","eu.esdihumboldt.util.groovy.collector.StatsCollectorTest","eu.esdihumboldt.util.groovy.collector.StatsCollectorTest","testSerializeCompact"
"","1","testCircle1","","Wed Jul 08 11:51:04 UTC 2026","passed","Wed Jul 08 11:51:04 UTC 2026","","eu.esdihumboldt.util.geometry.interpolation.model.impl.ArcByCenterPointImplTest","eu.esdihumboldt.util.geometry.interpolation.model.impl.ArcByCenterPointImplTest","testCircle1"
"","463","testBadEnvelope","","Wed Jul 08 11:51:05 UTC 2026","passed","Wed Jul 08 11:51:05 UTC 2026","","eu.esdihumboldt.util.geometry.quadtree.QuadtreeTest","eu.esdihumboldt.util.geometry.quadtree.QuadtreeTest","testBadEnvelope"
"","1048","testToFrom","","Wed Jul 08 11:43:19 UTC 2026","passed","Wed Jul 08 11:43:20 UTC 2026","","eu.esdihumboldt.cst.functions.geometric.test.join.SpatialJoinParameterTest","eu.esdihumboldt.cst.functions.geometric.test.join.SpatialJoinParameterTest","testToFrom"
"","1","testValueListValueListJsonGroovy","","Wed Jul 08 11:40:01 UTC 2026","passed","Wed Jul 08 11:40:01 UTC 2026","","eu.esdihumboldt.hale.common.core.io.impl.ValueListTypeTest","eu.esdihumboldt.hale.common.core.io.impl.ValueListTypeTest","testValueListValueListJsonGroovy"
"","7","testCycle","","Wed Jul 08 11:50:44 UTC 2026","passed","Wed Jul 08 11:50:44 UTC 2026","","eu.esdihumboldt.util.DependencyOrderedListTest","eu.esdihumboldt.util.DependencyOrderedListTest","testCycle"
"","63","testStructuralRename2","","Wed Jul 08 11:42:48 UTC 2026","passed","Wed Jul 08 11:42:48 UTC 2026","","eu.esdihumboldt.cst.internal.ConceptualSchemaTransformerTest","eu.esdihumboldt.cst.internal.ConceptualSchemaTransformerTest","testStructuralRename2"
"","4","testComplexStructureFromTheGuardianTypeSafe","","Wed Jul 08 11:51:17 UTC 2026","passed","Wed Jul 08 11:51:17 UTC 2026","","eu.esdihumboldt.util.groovy.json.JsonStreamBuilderTest","eu.esdihumboldt.util.groovy.json.JsonStreamBuilderTest","testComplexStructureFromTheGuardianTypeSafe"
"","261","testGeometryAggregate_32_MultiLineString","","Wed Jul 08 11:45:54 UTC 2026","passed","Wed Jul 08 11:45:54 UTC 2026","","eu.esdihumboldt.hale.io.gml.writer.internal.StreamGmlWriterTest","eu.esdihumboldt.hale.io.gml.writer.internal.StreamGmlWriterTest","testGeometryAggregate_32_MultiLineString"
"","4","testBefore","","Wed Jul 08 11:40:17 UTC 2026","passed","Wed Jul 08 11:40:17 UTC 2026","","eu.esdihumboldt.hale.common.filter.CQLFilterTest","eu.esdihumboldt.hale.common.filter.CQLFilterTest","testBefore"
"","67","testWriteMultiSchemasWithDifferentGeometryTypes","","Wed Jul 08 11:49:42 UTC 2026","passed","Wed Jul 08 11:49:42 UTC 2026","","eu.esdihumboldt.hale.io.shp.ShapefileInstanceWriterTest","eu.esdihumboldt.hale.io.shp.ShapefileInstanceWriterTest","testWriteMultiSchemasWithDifferentGeometryTypes"
"","1","testSuccessSaveConfig","","Wed Jul 08 11:44:20 UTC 2026","skipped","Wed Jul 08 11:44:20 UTC 2026","","eu.esdihumboldt.hale.io.deegree.mapping.MappingWriterTest","eu.esdihumboldt.hale.io.deegree.mapping.MappingWriterTest","testSuccessSaveConfig"
"","1788","testWriteNotNestedProperties","","Wed Jul 08 11:50:25 UTC 2026","passed","Wed Jul 08 11:50:27 UTC 2026","","eu.esdihumboldt.hale.io.xls.test.writer.XLSInstanceWriterTest","eu.esdihumboldt.hale.io.xls.test.writer.XLSInstanceWriterTest","testWriteNotNestedProperties"
"","10901","testWriteTopoJson","","Wed Jul 08 11:49:46 UTC 2026","passed","Wed Jul 08 11:49:57 UTC 2026","","eu.esdihumboldt.hale.io.topojson.test.TopoJsonInstanceWriterTest","eu.esdihumboldt.hale.io.topojson.test.TopoJsonInstanceWriterTest","testWriteTopoJson"
"","21","testReadVersion3","","Wed Jul 08 11:48:30 UTC 2026","passed","Wed Jul 08 11:48:30 UTC 2026","","eu.esdihumboldt.hale.io.jdbc.spatialite.reader.internal.SpatiaLiteSchemaReaderTest","eu.esdihumboldt.hale.io.jdbc.spatialite.reader.internal.SpatiaLiteSchemaReaderTest","testReadVersion3"
"","100","testGroovyWarningRetype","","Wed Jul 08 11:39:26 UTC 2026","passed","Wed Jul 08 11:39:26 UTC 2026","","eu.esdihumboldt.hale.common.align.merge.test.impl.DefaultMergeCellMigratorTest","eu.esdihumboldt.hale.common.align.merge.test.impl.DefaultMergeCellMigratorTest","testGroovyWarningRetype"
"","295","testReadInstancesXSD","","Wed Jul 08 11:44:42 UTC 2026","passed","Wed Jul 08 11:44:42 UTC 2026","","eu.esdihumboldt.hale.io.geopackage.GeopackageInstanceReaderTest","eu.esdihumboldt.hale.io.geopackage.GeopackageInstanceReaderTest","testReadInstancesXSD"
"","0","testCMUnion2","","Wed Jul 08 11:42:39 UTC 2026","skipped","Wed Jul 08 11:42:39 UTC 2026","","eu.esdihumboldt.cst.internal.ConceptualSchemaTransformerTest","eu.esdihumboldt.cst.internal.ConceptualSchemaTransformerTest","testCMUnion2"
"","9","testClass","","Wed Jul 08 11:41:52 UTC 2026","passed","Wed Jul 08 11:41:52 UTC 2026","","eu.esdihumboldt.hale.common.schema.groovy.constraints.BindingFactoryTest","eu.esdihumboldt.hale.common.schema.groovy.constraints.BindingFactoryTest","testClass"
"","3","testDuring","","Wed Jul 08 11:40:18 UTC 2026","passed","Wed Jul 08 11:40:18 UTC 2026","","eu.esdihumboldt.hale.common.filter.ECQLFilterTest","eu.esdihumboldt.hale.common.filter.ECQLFilterTest","testDuring"
"","0","testNoGeom","","Wed Jul 08 11:41:39 UTC 2026","passed","Wed Jul 08 11:41:39 UTC 2026","","eu.esdihumboldt.hale.common.schema.model.constraint.factory.type.GeometryTypeFactoryTest","eu.esdihumboldt.hale.common.schema.model.constraint.factory.type.GeometryTypeFactoryTest","testNoGeom"
"","5","testTrendsFromTwitter","","Wed Jul 08 11:51:17 UTC 2026","passed","Wed Jul 08 11:51:17 UTC 2026","","eu.esdihumboldt.util.groovy.json.JsonStreamBuilderTest","eu.esdihumboldt.util.groovy.json.JsonStreamBuilderTest","testTrendsFromTwitter"
"","49","testNamespaceIndexChildContextType","","Wed Jul 08 11:39:03 UTC 2026","passed","Wed Jul 08 11:39:04 UTC 2026","","eu.esdihumboldt.hale.common.align.groovy.accessor.EntityAccessorTest","eu.esdihumboldt.hale.common.align.groovy.accessor.EntityAccessorTest","testNamespaceIndexChildContextType"
"","9722","testPersonWriteValidate","","Wed Jul 08 11:41:56 UTC 2026","passed","Wed Jul 08 11:42:06 UTC 2026","","eu.esdihumboldt.hale.common.schema.persist.hsd.test.HaleSchemaWriterTest","eu.esdihumboldt.hale.common.schema.persist.hsd.test.HaleSchemaWriterTest","testPersonWriteValidate"
"","0","testDefault","","Wed Jul 08 11:41:39 UTC 2026","passed","Wed Jul 08 11:41:39 UTC 2026","","eu.esdihumboldt.hale.common.schema.model.constraint.factory.type.HasValueFlagFactoryTest","eu.esdihumboldt.hale.common.schema.model.constraint.factory.type.HasValueFlagFactoryTest","testDefault"
"","6","testNamespace","","Wed Jul 08 11:41:52 UTC 2026","passed","Wed Jul 08 11:41:52 UTC 2026","","eu.esdihumboldt.hale.common.schema.groovy.DefinitionAccessorTest","eu.esdihumboldt.hale.common.schema.groovy.DefinitionAccessorTest","testNamespace"
"","0","testFormatter[11]","","Wed Jul 08 11:51:01 UTC 2026","passed","Wed Jul 08 11:51:01 UTC 2026","","eu.esdihumboldt.util.geometry.DecimalFormatUtilTest","eu.esdihumboldt.util.geometry.DecimalFormatUtilTest","testFormatter[11]"
"","1","testTrueFalse","","Wed Jul 08 11:41:52 UTC 2026","passed","Wed Jul 08 11:41:52 UTC 2026","","eu.esdihumboldt.hale.common.schema.groovy.constraints.TypeAbstractFactoryTest","eu.esdihumboldt.hale.common.schema.groovy.constraints.TypeAbstractFactoryTest","testTrueFalse"
"","6","testLoopStartArray","","Wed Jul 08 11:51:17 UTC 2026","passed","Wed Jul 08 11:51:17 UTC 2026","","eu.esdihumboldt.util.groovy.json.JsonStreamBuilderTest","eu.esdihumboldt.util.groovy.json.JsonStreamBuilderTest","testLoopStartArray"
"","2","testNested","","Wed Jul 08 11:48:47 UTC 2026","passed","Wed Jul 08 11:48:47 UTC 2026","","eu.esdihumboldt.hale.io.json.test.JsonSchemaReaderTest","eu.esdihumboldt.hale.io.json.test.JsonSchemaReaderTest","testNested"
"","121","testIDSaveLoad","","Wed Jul 08 11:38:41 UTC 2026","passed","Wed Jul 08 11:38:41 UTC 2026","","eu.esdihumboldt.hale.common.align.io.CastorAlignmentIOTest","eu.esdihumboldt.hale.common.align.io.CastorAlignmentIOTest","testIDSaveLoad"
"","163","mergeJoinWithRetypeDef","","Wed Jul 08 11:39:25 UTC 2026","passed","Wed Jul 08 11:39:25 UTC 2026","","eu.esdihumboldt.hale.common.align.merge.test.impl.DefaultMergeCellMigratorTest","eu.esdihumboldt.hale.common.align.merge.test.impl.DefaultMergeCellMigratorTest","mergeJoinWithRetypeDef"
"","8","testReadMultiPoint","","Wed Jul 08 11:48:47 UTC 2026","passed","Wed Jul 08 11:48:47 UTC 2026","","eu.esdihumboldt.hale.io.json.test.JsonToInstanceTest","eu.esdihumboldt.hale.io.json.test.JsonToInstanceTest","testReadMultiPoint"
"","19","testFindPropertyCached","","Wed Jul 08 11:41:37 UTC 2026","passed","Wed Jul 08 11:41:37 UTC 2026","","eu.esdihumboldt.hale.common.schema.helper.DefinitionResolverTest","eu.esdihumboldt.hale.common.schema.helper.DefinitionResolverTest","testFindPropertyCached"
"","1","testGetVersion","","Wed Jul 08 11:39:50 UTC 2026","skipped","Wed Jul 08 11:39:50 UTC 2026","","eu.esdihumboldt.hale.common.core.HalePlatformTest","eu.esdihumboldt.hale.common.core.HalePlatformTest","testGetVersion"
"","3","testInstanceNoValueNullNoSchema","","Wed Jul 08 11:40:17 UTC 2026","passed","Wed Jul 08 11:40:17 UTC 2026","","eu.esdihumboldt.hale.common.filter.CQLFilterTest","eu.esdihumboldt.hale.common.filter.CQLFilterTest","testInstanceNoValueNullNoSchema"
"","11","testSKOSFromRDF5_language_en","","Wed Jul 08 11:43:56 UTC 2026","passed","Wed Jul 08 11:43:56 UTC 2026","","eu.esdihumboldt.hale.io.codelist.skos.test.SkosCodeListTest","eu.esdihumboldt.hale.io.codelist.skos.test.SkosCodeListTest","testSKOSFromRDF5_language_en"
"","256","testReadXsdInstancesTypenameWithNamespace","","Wed Jul 08 11:49:37 UTC 2026","passed","Wed Jul 08 11:49:37 UTC 2026","","eu.esdihumboldt.hale.io.shp.ShapeInstanceReaderTest","eu.esdihumboldt.hale.io.shp.ShapeInstanceReaderTest","testReadXsdInstancesTypenameWithNamespace"
"","139","testMergeMultiPropKeyWithComplexAtt","","Wed Jul 08 11:42:39 UTC 2026","passed","Wed Jul 08 11:42:39 UTC 2026","","eu.esdihumboldt.cst.internal.ConceptualSchemaTransformerTest","eu.esdihumboldt.cst.internal.ConceptualSchemaTransformerTest","testMergeMultiPropKeyWithComplexAtt"
"","3843","testEvaluateSuccess2","","Wed Jul 08 11:38:19 UTC 2026","passed","Wed Jul 08 11:38:23 UTC 2026","","eu.esdihumboldt.hale.app.transform.test.ExecuteTest","eu.esdihumboldt.hale.app.transform.test.ExecuteTest","testEvaluateSuccess2"
"","4","testLikeList","","Wed Jul 08 11:40:17 UTC 2026","passed","Wed Jul 08 11:40:17 UTC 2026","","eu.esdihumboldt.hale.common.filter.CQLFilterTest","eu.esdihumboldt.hale.common.filter.CQLFilterTest","testLikeList"
"","0","testSample1","","Wed Jul 08 11:51:04 UTC 2026","passed","Wed Jul 08 11:51:04 UTC 2026","","eu.esdihumboldt.util.geometry.interpolation.grid.GridUtilTest","eu.esdihumboldt.util.geometry.interpolation.grid.GridUtilTest","testSample1"
"","5","testMerge4","","Wed Jul 08 11:40:02 UTC 2026","passed","Wed Jul 08 11:40:02 UTC 2026","","eu.esdihumboldt.hale.common.core.report.util.StatsMergeTest","eu.esdihumboldt.hale.common.core.report.util.StatsMergeTest","testMerge4"
"","35","testWriteDocument","","Wed Jul 08 11:51:38 UTC 2026","passed","Wed Jul 08 11:51:38 UTC 2026","","eu.esdihumboldt.util.orient.embedded.MemoryDocumentTest","eu.esdihumboldt.util.orient.embedded.MemoryDocumentTest","testWriteDocument"
"","22","testRead_shiporder_types_reverse","","Wed Jul 08 11:50:41 UTC 2026","passed","Wed Jul 08 11:50:41 UTC 2026","","eu.esdihumboldt.hale.io.xsd.reader.XmlSchemaReaderTest","eu.esdihumboldt.hale.io.xsd.reader.XmlSchemaReaderTest","testRead_shiporder_types_reverse"
"","0","testDescent","","Wed Jul 08 11:45:55 UTC 2026","skipped","Wed Jul 08 11:45:55 UTC 2026","","eu.esdihumboldt.hale.io.gml.writer.internal.geometry.writers.PatternTest","eu.esdihumboldt.hale.io.gml.writer.internal.geometry.writers.PatternTest","testDescent"
"","3","testElementHasListOfObjects","","Wed Jul 08 11:51:17 UTC 2026","passed","Wed Jul 08 11:51:17 UTC 2026","","eu.esdihumboldt.util.groovy.json.JsonStreamBuilderTest","eu.esdihumboldt.util.groovy.json.JsonStreamBuilderTest","testElementHasListOfObjects"
"","3","testNumberBetween","","Wed Jul 08 11:40:17 UTC 2026","passed","Wed Jul 08 11:40:17 UTC 2026","","eu.esdihumboldt.hale.common.filter.CQLFilterTest","eu.esdihumboldt.hale.common.filter.CQLFilterTest","testNumberBetween"
"","62","testRegexAnalysis","","Wed Jul 08 11:42:48 UTC 2026","passed","Wed Jul 08 11:42:48 UTC 2026","","eu.esdihumboldt.cst.internal.ConceptualSchemaTransformerTest","eu.esdihumboldt.cst.internal.ConceptualSchemaTransformerTest","testRegexAnalysis"
"","39","testWriteMultiSchemas","","Wed Jul 08 11:49:40 UTC 2026","passed","Wed Jul 08 11:49:40 UTC 2026","","eu.esdihumboldt.hale.io.shp.ShapefileInstanceWriterTest","eu.esdihumboldt.hale.io.shp.ShapefileInstanceWriterTest","testWriteMultiSchemas"
"","10458","testFromWKT","","Wed Jul 08 11:43:05 UTC 2026","passed","Wed Jul 08 11:43:16 UTC 2026","","eu.esdihumboldt.cst.functions.geometric.test.CRSHelperFunctionsTest","eu.esdihumboldt.cst.functions.geometric.test.CRSHelperFunctionsTest","testFromWKT"
"","27","testWriteBigNumbers","","Wed Jul 08 11:49:42 UTC 2026","passed","Wed Jul 08 11:49:42 UTC 2026","","eu.esdihumboldt.hale.io.shp.ShapefileInstanceWriterTest","eu.esdihumboldt.hale.io.shp.ShapefileInstanceWriterTest","testWriteBigNumbers"
"","3","testUsage","","Wed Jul 08 11:37:29 UTC 2026","passed","Wed Jul 08 11:37:29 UTC 2026","","eu.esdihumboldt.hale.app.transform.test.ExecuteTest","eu.esdihumboldt.hale.app.transform.test.ExecuteTest","testUsage"
"","0","testFileRelative1","","Wed Jul 08 11:50:39 UTC 2026","passed","Wed Jul 08 11:50:39 UTC 2026","","eu.esdihumboldt.hale.io.xsd.reader.HumboldtURIResolverTest","eu.esdihumboldt.hale.io.xsd.reader.HumboldtURIResolverTest","testFileRelative1"
"","6","testNestedArrayPrettyPrint","","Wed Jul 08 11:51:17 UTC 2026","passed","Wed Jul 08 11:51:17 UTC 2026","","eu.esdihumboldt.util.groovy.json.JsonStreamBuilderTest","eu.esdihumboldt.util.groovy.json.JsonStreamBuilderTest","testNestedArrayPrettyPrint"
"","182","testLarge","","Wed Jul 08 11:51:04 UTC 2026","passed","Wed Jul 08 11:51:04 UTC 2026","","eu.esdihumboldt.util.geometry.interpolation.split.SplitInterpolationTest","eu.esdihumboldt.util.geometry.interpolation.split.SplitInterpolationTest","testLarge"
"","1","testFootprint","","Wed Jul 08 11:43:18 UTC 2026","passed","Wed Jul 08 11:43:18 UTC 2026","","eu.esdihumboldt.cst.functions.geometric.test.InteriorPointTest","eu.esdihumboldt.cst.functions.geometric.test.InteriorPointTest","testFootprint"
"","146","testValueMapJson","","Wed Jul 08 11:40:01 UTC 2026","passed","Wed Jul 08 11:40:01 UTC 2026","","eu.esdihumboldt.hale.common.core.io.impl.ValueMapTypeTest","eu.esdihumboldt.hale.common.core.io.impl.ValueMapTypeTest","testValueMapJson"
"","3","testNullSchema","","Wed Jul 08 11:40:18 UTC 2026","passed","Wed Jul 08 11:40:18 UTC 2026","","eu.esdihumboldt.hale.common.filter.ECQLFilterTest","eu.esdihumboldt.hale.common.filter.ECQLFilterTest","testNullSchema"
"","9571","testSha256_String","","Wed Jul 08 11:43:26 UTC 2026","passed","Wed Jul 08 11:43:35 UTC 2026","","eu.esdihumboldt.cst.functions.groovy.helpers.CryptoHelpersTest","eu.esdihumboldt.cst.functions.groovy.helpers.CryptoHelpersTest","testSha256_String"
"","301","testReadVersion3","","Wed Jul 08 11:48:29 UTC 2026","passed","Wed Jul 08 11:48:29 UTC 2026","","eu.esdihumboldt.hale.io.jdbc.spatialite.reader.internal.SpatiaLiteInstanceReaderTest","eu.esdihumboldt.hale.io.jdbc.spatialite.reader.internal.SpatiaLiteInstanceReaderTest","testReadVersion3"
"","228","testComplexLookup","","Wed Jul 08 11:41:19 UTC 2026","passed","Wed Jul 08 11:41:19 UTC 2026","","eu.esdihumboldt.hale.common.lookup.internal.LookupTableTypeTest","eu.esdihumboldt.hale.common.lookup.internal.LookupTableTypeTest","testComplexLookup"
"","5432","testArrayTypes","","Wed Jul 08 11:47:47 UTC 2026","passed","Wed Jul 08 11:47:52 UTC 2026","","eu.esdihumboldt.hale.io.jdbc.postgresql.test.OneDimensionalArraysIT","eu.esdihumboldt.hale.io.jdbc.postgresql.test.OneDimensionalArraysIT","testArrayTypes"
"","3","testNullNoSchema","","Wed Jul 08 11:40:17 UTC 2026","passed","Wed Jul 08 11:40:17 UTC 2026","","eu.esdihumboldt.hale.common.filter.CQLFilterTest","eu.esdihumboldt.hale.common.filter.CQLFilterTest","testNullNoSchema"
"","60","testSimpleComplex","","Wed Jul 08 11:42:48 UTC 2026","passed","Wed Jul 08 11:42:48 UTC 2026","","eu.esdihumboldt.cst.internal.ConceptualSchemaTransformerTest","eu.esdihumboldt.cst.internal.ConceptualSchemaTransformerTest","testSimpleComplex"
"","9","testReadNestedGeometry","","Wed Jul 08 11:48:47 UTC 2026","passed","Wed Jul 08 11:48:47 UTC 2026","","eu.esdihumboldt.hale.io.json.test.JsonToInstanceTest","eu.esdihumboldt.hale.io.json.test.JsonToInstanceTest","testReadNestedGeometry"
"","1","testDisabled","","Wed Jul 08 11:41:39 UTC 2026","passed","Wed Jul 08 11:41:39 UTC 2026","","eu.esdihumboldt.hale.common.schema.model.constraint.factory.type.MappingRelevantFlagFactoryTest","eu.esdihumboldt.hale.common.schema.model.constraint.factory.type.MappingRelevantFlagFactoryTest","testDisabled"
"","3","testInstanceNoValueNullNoSchema","","Wed Jul 08 11:40:18 UTC 2026","passed","Wed Jul 08 11:40:18 UTC 2026","","eu.esdihumboldt.hale.common.filter.ECQLFilterTest","eu.esdihumboldt.hale.common.filter.ECQLFilterTest","testInstanceNoValueNullNoSchema"
"","538","testInspireCodespaceAutoAddNoOverride","","Wed Jul 08 11:45:42 UTC 2026","passed","Wed Jul 08 11:45:43 UTC 2026","","eu.esdihumboldt.hale.io.gml.writer.internal.StreamGmlWriter2Test","eu.esdihumboldt.hale.io.gml.writer.internal.StreamGmlWriter2Test","testInspireCodespaceAutoAddNoOverride"
"","1","testStreetHole","","Wed Jul 08 11:43:18 UTC 2026","passed","Wed Jul 08 11:43:18 UTC 2026","","eu.esdihumboldt.cst.functions.geometric.test.InteriorPointTest","eu.esdihumboldt.cst.functions.geometric.test.InteriorPointTest","testStreetHole"
"","1","testCW2","","Wed Jul 08 11:51:04 UTC 2026","passed","Wed Jul 08 11:51:04 UTC 2026","","eu.esdihumboldt.util.geometry.interpolation.model.impl.ArcByCenterPointImplTest","eu.esdihumboldt.util.geometry.interpolation.model.impl.ArcByCenterPointImplTest","testCW2"
"","113","testFilterSame4","","Wed Jul 08 11:39:23 UTC 2026","passed","Wed Jul 08 11:39:23 UTC 2026","","eu.esdihumboldt.hale.common.align.merge.test.impl.DefaultMergeCellMigratorTest","eu.esdihumboldt.hale.common.align.merge.test.impl.DefaultMergeCellMigratorTest","testFilterSame4"
"","0","testCenter","","Wed Jul 08 11:51:04 UTC 2026","passed","Wed Jul 08 11:51:04 UTC 2026","","eu.esdihumboldt.util.geometry.interpolation.grid.GridUtilTest","eu.esdihumboldt.util.geometry.interpolation.grid.GridUtilTest","testCenter"
"","11","testEnabled","","Wed Jul 08 11:41:39 UTC 2026","passed","Wed Jul 08 11:41:39 UTC 2026","","eu.esdihumboldt.hale.common.schema.model.constraint.factory.type.HasValueFlagFactoryTest","eu.esdihumboldt.hale.common.schema.model.constraint.factory.type.HasValueFlagFactoryTest","testEnabled"
"","18","testRead_definitive_choice","","Wed Jul 08 11:50:41 UTC 2026","passed","Wed Jul 08 11:50:41 UTC 2026","","eu.esdihumboldt.hale.io.xsd.reader.XmlSchemaReaderTest","eu.esdihumboldt.hale.io.xsd.reader.XmlSchemaReaderTest","testRead_definitive_choice"
"","2","testInstanceNullSchema","","Wed Jul 08 11:40:17 UTC 2026","passed","Wed Jul 08 11:40:18 UTC 2026","","eu.esdihumboldt.hale.common.filter.ECQLFilterTest","eu.esdihumboldt.hale.common.filter.ECQLFilterTest","testInstanceNullSchema"
"","30","testSKOSFromRDF4_language_de","","Wed Jul 08 11:43:56 UTC 2026","passed","Wed Jul 08 11:43:56 UTC 2026","","eu.esdihumboldt.hale.io.codelist.skos.test.SkosCodeListTest","eu.esdihumboldt.hale.io.codelist.skos.test.SkosCodeListTest","testSKOSFromRDF4_language_de"
"","17","testGmlNoId","","Wed Jul 08 11:40:43 UTC 2026","passed","Wed Jul 08 11:40:43 UTC 2026","","eu.esdihumboldt.hale.common.instance.graph.test.ReferenceGraphTest","eu.esdihumboldt.hale.common.instance.graph.test.ReferenceGraphTest","testGmlNoId"
"","7","testWriteReadTypeSafe","","Wed Jul 08 11:51:17 UTC 2026","passed","Wed Jul 08 11:51:17 UTC 2026","","eu.esdihumboldt.util.groovy.xml.NSDOMBuilderTest","eu.esdihumboldt.util.groovy.xml.NSDOMBuilderTest","testWriteReadTypeSafe"
"","10","testOffsetCircle","","Wed Jul 08 11:51:04 UTC 2026","passed","Wed Jul 08 11:51:04 UTC 2026","","eu.esdihumboldt.util.geometry.interpolation.grid.GridInterpolationTest","eu.esdihumboldt.util.geometry.interpolation.grid.GridInterpolationTest","testOffsetCircle"
"","65","testPropertyFilter","","Wed Jul 08 11:42:48 UTC 2026","passed","Wed Jul 08 11:42:48 UTC 2026","","eu.esdihumboldt.cst.internal.ConceptualSchemaTransformerTest","eu.esdihumboldt.cst.internal.ConceptualSchemaTransformerTest","testPropertyFilter"
"","1833","testFromCode","","Wed Jul 08 11:43:16 UTC 2026","passed","Wed Jul 08 11:43:18 UTC 2026","","eu.esdihumboldt.cst.functions.geometric.test.CRSHelperFunctionsTest","eu.esdihumboldt.cst.functions.geometric.test.CRSHelperFunctionsTest","testFromCode"
"","2684","testLoadImgeo_Scheiding","","Wed Jul 08 11:44:52 UTC 2026","passed","Wed Jul 08 11:44:55 UTC 2026","","eu.esdihumboldt.hale.io.gml.reader.internal.GmlInstanceCollectionTest","eu.esdihumboldt.hale.io.gml.reader.internal.GmlInstanceCollectionTest","testLoadImgeo_Scheiding"
"","128","testPersonWriteValidate","","Wed Jul 08 11:42:07 UTC 2026","passed","Wed Jul 08 11:42:07 UTC 2026","","eu.esdihumboldt.hale.common.schema.persist.hsd.test.json.HaleSchemaWriterJsonTest","eu.esdihumboldt.hale.common.schema.persist.hsd.test.json.HaleSchemaWriterJsonTest","testPersonWriteValidate"
"","0","testUnifyMultiPolygon","","Wed Jul 08 11:51:03 UTC 2026","passed","Wed Jul 08 11:51:03 UTC 2026","","eu.esdihumboldt.util.geometry.WindingOrderTest","eu.esdihumboldt.util.geometry.WindingOrderTest","testUnifyMultiPolygon"
"","126","testBaseAlignmentSaveLoad","","Wed Jul 08 11:38:41 UTC 2026","passed","Wed Jul 08 11:38:41 UTC 2026","","eu.esdihumboldt.hale.common.align.io.CastorAlignmentIOTest","eu.esdihumboldt.hale.common.align.io.CastorAlignmentIOTest","testBaseAlignmentSaveLoad"
"","79","testStructuralRetype1","","Wed Jul 08 11:42:48 UTC 2026","passed","Wed Jul 08 11:42:49 UTC 2026","","eu.esdihumboldt.cst.internal.ConceptualSchemaTransformerTest","eu.esdihumboldt.cst.internal.ConceptualSchemaTransformerTest","testStructuralRetype1"
"","44","testBaseNameFromFile","","Wed Jul 08 11:49:24 UTC 2026","passed","Wed Jul 08 11:49:24 UTC 2026","","eu.esdihumboldt.hale.io.shp.ShapeInstanceReaderTest","eu.esdihumboldt.hale.io.shp.ShapeInstanceReaderTest","testBaseNameFromFile"
"","2","testVirtualRootPrettyPrint","","Wed Jul 08 11:51:17 UTC 2026","passed","Wed Jul 08 11:51:17 UTC 2026","","eu.esdihumboldt.util.groovy.json.JsonStreamBuilderTest","eu.esdihumboldt.util.groovy.json.JsonStreamBuilderTest","testVirtualRootPrettyPrint"
"","10226","testParentBindung","","Wed Jul 08 11:45:59 UTC 2026","passed","Wed Jul 08 11:46:09 UTC 2026","","eu.esdihumboldt.hale.io.groovy.snippets.GroovySnippetsTest","eu.esdihumboldt.hale.io.groovy.snippets.GroovySnippetsTest","testParentBindung"
"","6","testNumber","","Wed Jul 08 11:40:17 UTC 2026","passed","Wed Jul 08 11:40:17 UTC 2026","","eu.esdihumboldt.hale.common.filter.CQLFilterTest","eu.esdihumboldt.hale.common.filter.CQLFilterTest","testNumber"
"","5","testJsonBuilderPrettyPrint","","Wed Jul 08 11:51:17 UTC 2026","passed","Wed Jul 08 11:51:17 UTC 2026","","eu.esdihumboldt.util.groovy.json.JsonStreamBuilderTest","eu.esdihumboldt.util.groovy.json.JsonStreamBuilderTest","testJsonBuilderPrettyPrint"
"","109","mergeRenameFormattedString","","Wed Jul 08 11:39:27 UTC 2026","passed","Wed Jul 08 11:39:27 UTC 2026","","eu.esdihumboldt.hale.common.align.merge.test.impl.FormattedStringMergeTest","eu.esdihumboldt.hale.common.align.merge.test.impl.FormattedStringMergeTest","mergeRenameFormattedString"
"","94","testLarge","","Wed Jul 08 11:51:04 UTC 2026","passed","Wed Jul 08 11:51:04 UTC 2026","","eu.esdihumboldt.util.geometry.interpolation.grid.GridInterpolationTest","eu.esdihumboldt.util.geometry.interpolation.grid.GridInterpolationTest","testLarge"
"","1482","testReadMultiSheetTypeSettingsNamedNoGeneralSkip","","Wed Jul 08 11:50:23 UTC 2026","passed","Wed Jul 08 11:50:25 UTC 2026","","eu.esdihumboldt.hale.io.xls.test.reader.XLSReaderTest","eu.esdihumboldt.hale.io.xls.test.reader.XLSReaderTest","testReadMultiSheetTypeSettingsNamedNoGeneralSkip"
"","35","testWriteDates","","Wed Jul 08 11:49:40 UTC 2026","passed","Wed Jul 08 11:49:40 UTC 2026","","eu.esdihumboldt.hale.io.shp.ShapefileInstanceWriterTest","eu.esdihumboldt.hale.io.shp.ShapefileInstanceWriterTest","testWriteDates"
"","72","testWriteReadBoolean","","Wed Jul 08 11:44:44 UTC 2026","passed","Wed Jul 08 11:44:44 UTC 2026","","eu.esdihumboldt.hale.io.geopackage.GeopackageInstanceWriterTest","eu.esdihumboldt.hale.io.geopackage.GeopackageInstanceWriterTest","testWriteReadBoolean"
"","0","testExistsNoSchema","","Wed Jul 08 11:40:18 UTC 2026","skipped","Wed Jul 08 11:40:18 UTC 2026","","eu.esdihumboldt.hale.common.filter.ECQLFilterTest","eu.esdihumboldt.hale.common.filter.ECQLFilterTest","testExistsNoSchema"
"","1","testDuringList","","Wed Jul 08 11:40:18 UTC 2026","skipped","Wed Jul 08 11:40:18 UTC 2026","","eu.esdihumboldt.hale.common.filter.ECQLFilterTest","eu.esdihumboldt.hale.common.filter.ECQLFilterTest","testDuringList"
"","45","testPolygon","","Wed Jul 08 11:41:52 UTC 2026","passed","Wed Jul 08 11:41:52 UTC 2026","","eu.esdihumboldt.hale.common.schema.groovy.constraints.GeometryFactoryTest","eu.esdihumboldt.hale.common.schema.groovy.constraints.GeometryFactoryTest","testPolygon"
"","148","testTypeFilter6","","Wed Jul 08 11:39:25 UTC 2026","passed","Wed Jul 08 11:39:25 UTC 2026","","eu.esdihumboldt.hale.common.align.merge.test.impl.DefaultMergeCellMigratorTest","eu.esdihumboldt.hale.common.align.merge.test.impl.DefaultMergeCellMigratorTest","testTypeFilter6"
"","25","testCallClosure","","Wed Jul 08 11:46:10 UTC 2026","passed","Wed Jul 08 11:46:10 UTC 2026","","eu.esdihumboldt.hale.io.groovy.snippets.GroovySnippetsTest","eu.esdihumboldt.hale.io.groovy.snippets.GroovySnippetsTest","testCallClosure"
"","13","testArray","","Wed Jul 08 11:41:39 UTC 2026","passed","Wed Jul 08 11:41:39 UTC 2026","","eu.esdihumboldt.hale.common.schema.model.constraint.factory.type.BindingFactoryTest","eu.esdihumboldt.hale.common.schema.model.constraint.factory.type.BindingFactoryTest","testArray"
"","2","testNumberBetween","","Wed Jul 08 11:40:18 UTC 2026","passed","Wed Jul 08 11:40:18 UTC 2026","","eu.esdihumboldt.hale.common.filter.ECQLFilterTest","eu.esdihumboldt.hale.common.filter.ECQLFilterTest","testNumberBetween"
"","1","testInstanceReader","","Wed Jul 08 11:46:42 UTC 2026","skipped","Wed Jul 08 11:46:42 UTC 2026","","eu.esdihumboldt.hale.io.jdbc.mssql.test.MsSQLServer14Test","eu.esdihumboldt.hale.io.jdbc.mssql.test.MsSQLServer14Test","testInstanceReader"
"","46","testSqlQuery","","Wed Jul 08 11:51:38 UTC 2026","passed","Wed Jul 08 11:51:38 UTC 2026","","eu.esdihumboldt.util.orient.embedded.MemoryDocumentTest","eu.esdihumboldt.util.orient.embedded.MemoryDocumentTest","testSqlQuery"
"","41","testReadMultiSheetTypeSettingsNamed","","Wed Jul 08 11:50:25 UTC 2026","passed","Wed Jul 08 11:50:25 UTC 2026","","eu.esdihumboldt.hale.io.xls.test.reader.XLSReaderTest","eu.esdihumboldt.hale.io.xls.test.reader.XLSReaderTest","testReadMultiSheetTypeSettingsNamed"
"","130","testMultiResult2","","Wed Jul 08 11:42:40 UTC 2026","passed","Wed Jul 08 11:42:40 UTC 2026","","eu.esdihumboldt.cst.internal.ConceptualSchemaTransformerTest","eu.esdihumboldt.cst.internal.ConceptualSchemaTransformerTest","testMultiResult2"
"","125","testTypeFilter2PropertyPresent","","Wed Jul 08 11:39:26 UTC 2026","passed","Wed Jul 08 11:39:26 UTC 2026","","eu.esdihumboldt.hale.common.align.merge.test.impl.DefaultMergeCellMigratorTest","eu.esdihumboldt.hale.common.align.merge.test.impl.DefaultMergeCellMigratorTest","testTypeFilter2PropertyPresent"
"","1887","testReadXsdInstances","","Wed Jul 08 11:49:24 UTC 2026","passed","Wed Jul 08 11:49:26 UTC 2026","","eu.esdihumboldt.hale.io.shp.ShapeInstanceReaderTest","eu.esdihumboldt.hale.io.shp.ShapeInstanceReaderTest","testReadXsdInstances"
"","19","testSingleGeometry","","Wed Jul 08 11:49:42 UTC 2026","passed","Wed Jul 08 11:49:42 UTC 2026","","eu.esdihumboldt.hale.io.shp.ShapefileInstanceWriterTest","eu.esdihumboldt.hale.io.shp.ShapefileInstanceWriterTest","testSingleGeometry"
"","1","testCCW","","Wed Jul 08 11:51:04 UTC 2026","passed","Wed Jul 08 11:51:04 UTC 2026","","eu.esdihumboldt.util.geometry.interpolation.model.impl.ArcByPointsImplTest","eu.esdihumboldt.util.geometry.interpolation.model.impl.ArcByPointsImplTest","testCCW"
"","1546","testComplexInstancesECQL","","Wed Jul 08 11:40:18 UTC 2026","passed","Wed Jul 08 11:40:19 UTC 2026","","eu.esdihumboldt.hale.common.filter.FilterTest","eu.esdihumboldt.hale.common.filter.FilterTest","testComplexInstancesECQL"
"","5","testHalfCircleAllGrid","","Wed Jul 08 11:51:03 UTC 2026","passed","Wed Jul 08 11:51:04 UTC 2026","","eu.esdihumboldt.util.geometry.interpolation.grid.GridInterpolationTest","eu.esdihumboldt.util.geometry.interpolation.grid.GridInterpolationTest","testHalfCircleAllGrid"
"","2","testIntKeys","","Wed Jul 08 11:43:36 UTC 2026","passed","Wed Jul 08 11:43:36 UTC 2026","","eu.esdihumboldt.cst.functions.groovy.helpers.util.CollectorTest","eu.esdihumboldt.cst.functions.groovy.helpers.util.CollectorTest","testIntKeys"
"","15","testRead_shiporder_divided","","Wed Jul 08 11:50:41 UTC 2026","passed","Wed Jul 08 11:50:41 UTC 2026","","eu.esdihumboldt.hale.io.xsd.reader.XmlSchemaReaderTest","eu.esdihumboldt.hale.io.xsd.reader.XmlSchemaReaderTest","testRead_shiporder_divided"
"","3803","testExcludeTypeForHydro","","Wed Jul 08 11:38:12 UTC 2026","passed","Wed Jul 08 11:38:15 UTC 2026","","eu.esdihumboldt.hale.app.transform.test.ExecuteTest","eu.esdihumboldt.hale.app.transform.test.ExecuteTest","testExcludeTypeForHydro"
"","733","testInspireCodespaceAutoAdd","","Wed Jul 08 11:45:43 UTC 2026","passed","Wed Jul 08 11:45:44 UTC 2026","","eu.esdihumboldt.hale.io.gml.writer.internal.StreamGmlWriter2Test","eu.esdihumboldt.hale.io.gml.writer.internal.StreamGmlWriter2Test","testInspireCodespaceAutoAdd"
"","7","testEdgeCases","","Wed Jul 08 11:51:17 UTC 2026","passed","Wed Jul 08 11:51:17 UTC 2026","","eu.esdihumboldt.util.groovy.json.JsonStreamBuilderTest","eu.esdihumboldt.util.groovy.json.JsonStreamBuilderTest","testEdgeCases"
"","11","testReadSchema","","Wed Jul 08 11:44:46 UTC 2026","passed","Wed Jul 08 11:44:46 UTC 2026","","eu.esdihumboldt.hale.io.geopackage.GeopackageSchemaReaderTest","eu.esdihumboldt.hale.io.geopackage.GeopackageSchemaReaderTest","testReadSchema"
"","13","testValueListValueList","","Wed Jul 08 11:40:01 UTC 2026","passed","Wed Jul 08 11:40:01 UTC 2026","","eu.esdihumboldt.hale.common.core.io.impl.ValueListTypeTest","eu.esdihumboldt.hale.common.core.io.impl.ValueListTypeTest","testValueListValueList"
"","6","testDoubleObject2","","Wed Jul 08 11:51:17 UTC 2026","passed","Wed Jul 08 11:51:17 UTC 2026","","eu.esdihumboldt.util.groovy.json.JsonStreamBuilderTest","eu.esdihumboldt.util.groovy.json.JsonStreamBuilderTest","testDoubleObject2"
"","2","testNullNotExistsSchema","","Wed Jul 08 11:40:18 UTC 2026","passed","Wed Jul 08 11:40:18 UTC 2026","","eu.esdihumboldt.hale.common.filter.ECQLFilterTest","eu.esdihumboldt.hale.common.filter.ECQLFilterTest","testNullNotExistsSchema"
"","0","testTimeEqualsList","","Wed Jul 08 11:40:17 UTC 2026","skipped","Wed Jul 08 11:40:17 UTC 2026","","eu.esdihumboldt.hale.common.filter.CQLFilterTest","eu.esdihumboldt.hale.common.filter.CQLFilterTest","testTimeEqualsList"
"","0","testGeometry_2_MultiPoint","","Wed Jul 08 11:45:54 UTC 2026","skipped","Wed Jul 08 11:45:54 UTC 2026","","eu.esdihumboldt.hale.io.gml.writer.internal.StreamGmlWriterTest","eu.esdihumboldt.hale.io.gml.writer.internal.StreamGmlWriterTest","testGeometry_2_MultiPoint"
"","3","testHttpRelative1","","Wed Jul 08 11:50:39 UTC 2026","passed","Wed Jul 08 11:50:39 UTC 2026","","eu.esdihumboldt.hale.io.xsd.reader.HumboldtURIResolverTest","eu.esdihumboldt.hale.io.xsd.reader.HumboldtURIResolverTest","testHttpRelative1"
"","35","testLoadChoice2","","Wed Jul 08 11:44:55 UTC 2026","passed","Wed Jul 08 11:44:55 UTC 2026","","eu.esdihumboldt.hale.io.gml.reader.internal.GmlInstanceCollectionTest","eu.esdihumboldt.hale.io.gml.reader.internal.GmlInstanceCollectionTest","testLoadChoice2"
"","1","testFindPoints","","Wed Jul 08 11:43:18 UTC 2026","passed","Wed Jul 08 11:43:18 UTC 2026","","eu.esdihumboldt.cst.functions.geometric.test.GeometryHelperFunctionsTest","eu.esdihumboldt.cst.functions.geometric.test.GeometryHelperFunctionsTest","testFindPoints"
"","7","testDefinedTypeReference","","Wed Jul 08 11:41:52 UTC 2026","passed","Wed Jul 08 11:41:52 UTC 2026","","eu.esdihumboldt.hale.common.schema.groovy.SchemaBuilderTest","eu.esdihumboldt.hale.common.schema.groovy.SchemaBuilderTest","testDefinedTypeReference"
"","3094","testArgsFileWOFilterForMultiTypesSource","","Wed Jul 08 11:37:48 UTC 2026","passed","Wed Jul 08 11:37:51 UTC 2026","","eu.esdihumboldt.hale.app.transform.test.ExecuteTest","eu.esdihumboldt.hale.app.transform.test.ExecuteTest","testArgsFileWOFilterForMultiTypesSource"
"","1","testCMNested1","","Wed Jul 08 11:42:26 UTC 2026","skipped","Wed Jul 08 11:42:26 UTC 2026","","eu.esdihumboldt.cst.internal.ConceptualSchemaTransformerTest","eu.esdihumboldt.cst.internal.ConceptualSchemaTransformerTest","testCMNested1"
"","1","testCurve2","","Wed Jul 08 11:43:18 UTC 2026","passed","Wed Jul 08 11:43:18 UTC 2026","","eu.esdihumboldt.cst.functions.geometric.test.InteriorPointTest","eu.esdihumboldt.cst.functions.geometric.test.InteriorPointTest","testCurve2"
"","5","testPath1","","Wed Jul 08 11:41:39 UTC 2026","passed","Wed Jul 08 11:41:39 UTC 2026","","eu.esdihumboldt.hale.common.schema.model.constraint.factory.type.PrimaryKeyFactoryTest","eu.esdihumboldt.hale.common.schema.model.constraint.factory.type.PrimaryKeyFactoryTest","testPath1"
"","38","testCustomClass","","Wed Jul 08 11:46:10 UTC 2026","passed","Wed Jul 08 11:46:10 UTC 2026","","eu.esdihumboldt.hale.io.groovy.snippets.GroovySnippetsTest","eu.esdihumboldt.hale.io.groovy.snippets.GroovySnippetsTest","testCustomClass"
"","454","testGeometryPrimitive_32_CompositeCurve_LineString","","Wed Jul 08 11:45:42 UTC 2026","passed","Wed Jul 08 11:45:42 UTC 2026","","eu.esdihumboldt.hale.io.gml.writer.internal.StreamGmlWriter2Test","eu.esdihumboldt.hale.io.gml.writer.internal.StreamGmlWriter2Test","testGeometryPrimitive_32_CompositeCurve_LineString"
"","3","testBasicObject","","Wed Jul 08 11:51:17 UTC 2026","passed","Wed Jul 08 11:51:17 UTC 2026","","eu.esdihumboldt.util.groovy.json.JsonStreamBuilderTest","eu.esdihumboldt.util.groovy.json.JsonStreamBuilderTest","testBasicObject"
"","3057","testFiltersForMultiType","","Wed Jul 08 11:38:26 UTC 2026","passed","Wed Jul 08 11:38:29 UTC 2026","","eu.esdihumboldt.hale.app.transform.test.ExecuteTest","eu.esdihumboldt.hale.app.transform.test.ExecuteTest","testFiltersForMultiType"
"","72","testWriteFeaturesPrimaryKey","","Wed Jul 08 11:44:45 UTC 2026","passed","Wed Jul 08 11:44:45 UTC 2026","","eu.esdihumboldt.hale.io.geopackage.GeopackageInstanceWriterTest","eu.esdihumboldt.hale.io.geopackage.GeopackageInstanceWriterTest","testWriteFeaturesPrimaryKey"
"","0","testDirect","","Wed Jul 08 11:45:55 UTC 2026","skipped","Wed Jul 08 11:45:55 UTC 2026","","eu.esdihumboldt.hale.io.gml.writer.internal.geometry.writers.PatternTest","eu.esdihumboldt.hale.io.gml.writer.internal.geometry.writers.PatternTest","testDirect"
"","60","testBaseAlignmentSaveLoad","","Wed Jul 08 11:38:49 UTC 2026","passed","Wed Jul 08 11:38:49 UTC 2026","","eu.esdihumboldt.hale.common.align.io.JaxbAlignmentIOTest","eu.esdihumboldt.hale.common.align.io.JaxbAlignmentIOTest","testBaseAlignmentSaveLoad"
"","1","testTriangleHole","","Wed Jul 08 11:43:18 UTC 2026","passed","Wed Jul 08 11:43:18 UTC 2026","","eu.esdihumboldt.cst.functions.geometric.test.InteriorPointTest","eu.esdihumboldt.cst.functions.geometric.test.InteriorPointTest","testTriangleHole"
"","15","testRead_shiporder_unqualified","","Wed Jul 08 11:50:41 UTC 2026","passed","Wed Jul 08 11:50:41 UTC 2026","","eu.esdihumboldt.hale.io.xsd.reader.XmlSchemaReaderTest","eu.esdihumboldt.hale.io.xsd.reader.XmlSchemaReaderTest","testRead_shiporder_unqualified"
"","0","testGeoIntersect","","Wed Jul 08 11:40:17 UTC 2026","skipped","Wed Jul 08 11:40:17 UTC 2026","","eu.esdihumboldt.hale.common.filter.ECQLFilterTest","eu.esdihumboldt.hale.common.filter.ECQLFilterTest","testGeoIntersect"
"","307","testGeometryAggregate_32_MultiPolygon","","Wed Jul 08 11:45:52 UTC 2026","passed","Wed Jul 08 11:45:52 UTC 2026","","eu.esdihumboldt.hale.io.gml.writer.internal.StreamGmlWriterTest","eu.esdihumboldt.hale.io.gml.writer.internal.StreamGmlWriterTest","testGeometryAggregate_32_MultiPolygon"
"","1","testDisabled","","Wed Jul 08 11:41:38 UTC 2026","passed","Wed Jul 08 11:41:38 UTC 2026","","eu.esdihumboldt.hale.common.schema.model.constraint.factory.type.AugmentedValueFlagFactoryTest","eu.esdihumboldt.hale.common.schema.model.constraint.factory.type.AugmentedValueFlagFactoryTest","testDisabled"
"","4","testReadSameFileDiffSheet","","Wed Jul 08 11:50:25 UTC 2026","passed","Wed Jul 08 11:50:25 UTC 2026","","eu.esdihumboldt.hale.io.xls.test.reader.XLSReaderTest","eu.esdihumboldt.hale.io.xls.test.reader.XLSReaderTest","testReadSameFileDiffSheet"
"","8","testReadFeatureCollection","","Wed Jul 08 11:48:46 UTC 2026","passed","Wed Jul 08 11:48:46 UTC 2026","","eu.esdihumboldt.hale.io.json.test.JsonInstanceCollectionTest","eu.esdihumboldt.hale.io.json.test.JsonInstanceCollectionTest","testReadFeatureCollection"
"","6850","testDataTypesSql","","Wed Jul 08 11:48:06 UTC 2026","passed","Wed Jul 08 11:48:13 UTC 2026","","eu.esdihumboldt.hale.io.jdbc.postgresql.test.PostDataTypesIT","eu.esdihumboldt.hale.io.jdbc.postgresql.test.PostDataTypesIT","testDataTypesSql"
"","219","testJoinMultiCond_1","","Wed Jul 08 11:42:49 UTC 2026","passed","Wed Jul 08 11:42:49 UTC 2026","","eu.esdihumboldt.cst.internal.ConceptualSchemaTransformerTest","eu.esdihumboldt.cst.internal.ConceptualSchemaTransformerTest","testJoinMultiCond_1"
"","862","testReadXsdInstancesResultPrefix2","","Wed Jul 08 11:49:34 UTC 2026","passed","Wed Jul 08 11:49:35 UTC 2026","","eu.esdihumboldt.hale.io.shp.ShapeInstanceReaderTest","eu.esdihumboldt.hale.io.shp.ShapeInstanceReaderTest","testReadXsdInstancesResultPrefix2"
"","492","testPreparedQuery","","Wed Jul 08 11:51:36 UTC 2026","passed","Wed Jul 08 11:51:37 UTC 2026","","eu.esdihumboldt.util.orient.embedded.LocalDocumentTest","eu.esdihumboldt.util.orient.embedded.LocalDocumentTest","testPreparedQuery"
"","4","testReadModeSingleObject","","Wed Jul 08 11:48:46 UTC 2026","passed","Wed Jul 08 11:48:46 UTC 2026","","eu.esdihumboldt.hale.io.json.test.JsonInstanceReaderTest","eu.esdihumboldt.hale.io.json.test.JsonInstanceReaderTest","testReadModeSingleObject"
"","1","testObject","","Wed Jul 08 11:41:39 UTC 2026","passed","Wed Jul 08 11:41:39 UTC 2026","","eu.esdihumboldt.hale.common.schema.model.constraint.factory.type.BindingFactoryTest","eu.esdihumboldt.hale.common.schema.model.constraint.factory.type.BindingFactoryTest","testObject"
"","66","test2","","Wed Jul 08 11:42:21 UTC 2026","passed","Wed Jul 08 11:42:22 UTC 2026","","eu.esdihumboldt.hale.common.service.helper.test.PopulationCountTest","eu.esdihumboldt.hale.common.service.helper.test.PopulationCountTest","test2"
"","683","testWfsPaginationWithResolvedepth","","Wed Jul 08 11:45:39 UTC 2026","passed","Wed Jul 08 11:45:39 UTC 2026","","eu.esdihumboldt.hale.io.gml.reader.internal.StreamGmlReaderTest","eu.esdihumboldt.hale.io.gml.reader.internal.StreamGmlReaderTest","testWfsPaginationWithResolvedepth"
"","76","testRetypeConditionRenameTypeInherited","","Wed Jul 08 11:39:29 UTC 2026","passed","Wed Jul 08 11:39:29 UTC 2026","","eu.esdihumboldt.hale.common.align.merge.test.impl.JoinRetainConditionsTest","eu.esdihumboldt.hale.common.align.merge.test.impl.JoinRetainConditionsTest","testRetypeConditionRenameTypeInherited"
"","688","simpleSchemaTestCQL","","Wed Jul 08 11:40:19 UTC 2026","passed","Wed Jul 08 11:40:20 UTC 2026","","eu.esdihumboldt.hale.common.filter.FilterTest","eu.esdihumboldt.hale.common.filter.FilterTest","simpleSchemaTestCQL"
"","6","testMultiType","","Wed Jul 08 11:48:47 UTC 2026","passed","Wed Jul 08 11:48:47 UTC 2026","","eu.esdihumboldt.hale.io.json.test.JsonSchemaReaderTest","eu.esdihumboldt.hale.io.json.test.JsonSchemaReaderTest","testMultiType"
"","0","testReverseGroupsKeysBySharedValue","","Wed Jul 08 11:41:12 UTC 2026","passed","Wed Jul 08 11:41:12 UTC 2026","","eu.esdihumboldt.hale.common.lookup.impl.LookupTableImplTest","eu.esdihumboldt.hale.common.lookup.impl.LookupTableImplTest","testReverseGroupsKeysBySharedValue"
"","10","testJsonBuilderTypeSafe","","Wed Jul 08 11:51:17 UTC 2026","passed","Wed Jul 08 11:51:17 UTC 2026","","eu.esdihumboldt.util.groovy.json.JsonStreamBuilderTest","eu.esdihumboldt.util.groovy.json.JsonStreamBuilderTest","testJsonBuilderTypeSafe"
"","4199","testTransformXmlInline","","Wed Jul 08 11:37:51 UTC 2026","passed","Wed Jul 08 11:37:55 UTC 2026","","eu.esdihumboldt.hale.app.transform.test.ExecuteTest","eu.esdihumboldt.hale.app.transform.test.ExecuteTest","testTransformXmlInline"
"","239","testSaveLoad","","Wed Jul 08 11:38:49 UTC 2026","passed","Wed Jul 08 11:38:49 UTC 2026","","eu.esdihumboldt.hale.common.align.io.JaxbAlignmentIOTest","eu.esdihumboldt.hale.common.align.io.JaxbAlignmentIOTest","testSaveLoad"
"","19","testRead_definitive_chapter03","","Wed Jul 08 11:50:41 UTC 2026","passed","Wed Jul 08 11:50:41 UTC 2026","","eu.esdihumboldt.hale.io.xsd.reader.XmlSchemaReaderTest","eu.esdihumboldt.hale.io.xsd.reader.XmlSchemaReaderTest","testRead_definitive_chapter03"
"","3","testStringLookup","","Wed Jul 08 11:41:19 UTC 2026","passed","Wed Jul 08 11:41:19 UTC 2026","","eu.esdihumboldt.hale.common.lookup.internal.LookupTableTypeTest","eu.esdihumboldt.hale.common.lookup.internal.LookupTableTypeTest","testStringLookup"
"","3","testLikeList","","Wed Jul 08 11:40:18 UTC 2026","passed","Wed Jul 08 11:40:18 UTC 2026","","eu.esdihumboldt.hale.common.filter.ECQLFilterTest","eu.esdihumboldt.hale.common.filter.ECQLFilterTest","testLikeList"
"","0","testLocales1","","Wed Jul 08 11:38:51 UTC 2026","skipped","Wed Jul 08 11:38:51 UTC 2026","","eu.esdihumboldt.hale.common.align.model.impl.mdexpl.MarkdownCellExplanationTest","eu.esdihumboldt.hale.common.align.model.impl.mdexpl.MarkdownCellExplanationTest","testLocales1"
"","1","testDisabled","","Wed Jul 08 11:41:39 UTC 2026","passed","Wed Jul 08 11:41:39 UTC 2026","","eu.esdihumboldt.hale.common.schema.model.constraint.factory.type.HasValueFlagFactoryTest","eu.esdihumboldt.hale.common.schema.model.constraint.factory.type.HasValueFlagFactoryTest","testDisabled"
"","5","testLoad","","Wed Jul 08 11:50:39 UTC 2026","passed","Wed Jul 08 11:50:39 UTC 2026","","eu.esdihumboldt.hale.io.xsd.anytype.valuetypes.CustomTypeContentConfigurationTypeTest","eu.esdihumboldt.hale.io.xsd.anytype.valuetypes.CustomTypeContentConfigurationTypeTest","testLoad"
"","1","testRead3","","Wed Jul 08 11:44:06 UTC 2026","passed","Wed Jul 08 11:44:06 UTC 2026","","eu.esdihumboldt.hale.io.csv.CSVSchemaReaderTest","eu.esdihumboldt.hale.io.csv.CSVSchemaReaderTest","testRead3"
"","40","testConsumeList","","Wed Jul 08 11:43:36 UTC 2026","passed","Wed Jul 08 11:43:36 UTC 2026","","eu.esdihumboldt.cst.functions.groovy.helpers.util.CollectorTest","eu.esdihumboldt.cst.functions.groovy.helpers.util.CollectorTest","testConsumeList"
"","7205","testLoadWFS2Capabilities","","Wed Jul 08 11:50:01 UTC 2026","passed","Wed Jul 08 11:50:09 UTC 2026","","eu.esdihumboldt.hale.io.wfs.test.capabilities.CapabilitiesHelperTest","eu.esdihumboldt.hale.io.wfs.test.capabilities.CapabilitiesHelperTest","testLoadWFS2Capabilities"
"","4","testRange","","Wed Jul 08 11:41:52 UTC 2026","passed","Wed Jul 08 11:41:52 UTC 2026","","eu.esdihumboldt.hale.common.schema.groovy.constraints.EnumerationFactoryTest","eu.esdihumboldt.hale.common.schema.groovy.constraints.EnumerationFactoryTest","testRange"
"","8","testSchemaLessInstance","","Wed Jul 08 11:40:55 UTC 2026","passed","Wed Jul 08 11:40:55 UTC 2026","","eu.esdihumboldt.hale.common.instance.groovy.InstanceBuilderTest","eu.esdihumboldt.hale.common.instance.groovy.InstanceBuilderTest","testSchemaLessInstance"
"","72","testWriteSimpleSchemaColOrder","","Wed Jul 08 11:44:16 UTC 2026","passed","Wed Jul 08 11:44:16 UTC 2026","","eu.esdihumboldt.hale.io.csv.writer.CSVInstanceWriterTest","eu.esdihumboldt.hale.io.csv.writer.CSVInstanceWriterTest","testWriteSimpleSchemaColOrder"
"","3","testReadModeDefault","","Wed Jul 08 11:48:46 UTC 2026","passed","Wed Jul 08 11:48:46 UTC 2026","","eu.esdihumboldt.hale.io.json.test.JsonInstanceReaderTest","eu.esdihumboldt.hale.io.json.test.JsonInstanceReaderTest","testReadModeDefault"
"","0","testGeometry_2_LineString","","Wed Jul 08 11:45:51 UTC 2026","skipped","Wed Jul 08 11:45:51 UTC 2026","","eu.esdihumboldt.hale.io.gml.writer.internal.StreamGmlWriterTest","eu.esdihumboldt.hale.io.gml.writer.internal.StreamGmlWriterTest","testGeometry_2_LineString"
"","33","testNestedObjects","","Wed Jul 08 11:51:17 UTC 2026","passed","Wed Jul 08 11:51:17 UTC 2026","","eu.esdihumboldt.util.groovy.json.JsonStreamBuilderTest","eu.esdihumboldt.util.groovy.json.JsonStreamBuilderTest","testNestedObjects"
"","1","testValueProperties","","Wed Jul 08 11:40:01 UTC 2026","passed","Wed Jul 08 11:40:01 UTC 2026","","eu.esdihumboldt.hale.common.core.io.impl.ValuePropertiesTypeTest","eu.esdihumboldt.hale.common.core.io.impl.ValuePropertiesTypeTest","testValueProperties"
"","0","testHalfmoonThin","","Wed Jul 08 11:43:18 UTC 2026","passed","Wed Jul 08 11:43:18 UTC 2026","","eu.esdihumboldt.cst.functions.geometric.test.InteriorPointTest","eu.esdihumboldt.cst.functions.geometric.test.InteriorPointTest","testHalfmoonThin"
"","4","testEnabled","","Wed Jul 08 11:41:38 UTC 2026","passed","Wed Jul 08 11:41:38 UTC 2026","","eu.esdihumboldt.hale.common.schema.model.constraint.factory.property.UniqueConstraintFactoryTest","eu.esdihumboldt.hale.common.schema.model.constraint.factory.property.UniqueConstraintFactoryTest","testEnabled"
"","20","testReadXsdInstancesTypenameAmbiguousLocalNameWithNamespace","","Wed Jul 08 11:49:37 UTC 2026","passed","Wed Jul 08 11:49:37 UTC 2026","","eu.esdihumboldt.hale.io.shp.ShapeInstanceReaderTest","eu.esdihumboldt.hale.io.shp.ShapeInstanceReaderTest","testReadXsdInstancesTypenameAmbiguousLocalNameWithNamespace"
"","0","testGeometryPrimitive_32_CompositeCurve_MultiLineString","","Wed Jul 08 11:45:45 UTC 2026","skipped","Wed Jul 08 11:45:45 UTC 2026","","eu.esdihumboldt.hale.io.gml.writer.internal.StreamGmlWriter2Test","eu.esdihumboldt.hale.io.gml.writer.internal.StreamGmlWriter2Test","testGeometryPrimitive_32_CompositeCurve_MultiLineString"
"","7014","testComplexLookupJsonGroovy","","Wed Jul 08 11:41:12 UTC 2026","passed","Wed Jul 08 11:41:19 UTC 2026","","eu.esdihumboldt.hale.common.lookup.internal.LookupTableTypeTest","eu.esdihumboldt.hale.common.lookup.internal.LookupTableTypeTest","testComplexLookupJsonGroovy"
"","12","testEnabled","","Wed Jul 08 11:41:38 UTC 2026","passed","Wed Jul 08 11:41:38 UTC 2026","","eu.esdihumboldt.hale.common.schema.model.constraint.factory.type.AbstractFlagFactoryTest","eu.esdihumboldt.hale.common.schema.model.constraint.factory.type.AbstractFlagFactoryTest","testEnabled"
"","4","testExportNullTargetValue","","Wed Jul 08 11:50:27 UTC 2026","passed","Wed Jul 08 11:50:27 UTC 2026","","eu.esdihumboldt.hale.io.xls.test.writer.XLSLookupTableWriterTest","eu.esdihumboldt.hale.io.xls.test.writer.XLSLookupTableWriterTest","testExportNullTargetValue"
"","0","testCMUnion6","","Wed Jul 08 11:42:47 UTC 2026","skipped","Wed Jul 08 11:42:47 UTC 2026","","eu.esdihumboldt.cst.internal.ConceptualSchemaTransformerTest","eu.esdihumboldt.cst.internal.ConceptualSchemaTransformerTest","testCMUnion6"
"","327","testGeometryPrimitive_32_MultiPolygon_WindingOrder_CW","","Wed Jul 08 11:45:52 UTC 2026","passed","Wed Jul 08 11:45:52 UTC 2026","","eu.esdihumboldt.hale.io.gml.writer.internal.StreamGmlWriterTest","eu.esdihumboldt.hale.io.gml.writer.internal.StreamGmlWriterTest","testGeometryPrimitive_32_MultiPolygon_WindingOrder_CW"
"","163","mergeRenameFormattedString","","Wed Jul 08 11:43:52 UTC 2026","passed","Wed Jul 08 11:43:52 UTC 2026","","eu.esdihumboldt.hale.adv.merge.test.AdVMeasurementMergeTest","eu.esdihumboldt.hale.adv.merge.test.AdVMeasurementMergeTest","mergeRenameFormattedString"
"","0","testQ3","","Wed Jul 08 11:51:04 UTC 2026","passed","Wed Jul 08 11:51:04 UTC 2026","","eu.esdihumboldt.util.geometry.interpolation.grid.GridUtilTest","eu.esdihumboldt.util.geometry.interpolation.grid.GridUtilTest","testQ3"
"","5","testReadFirstArray","","Wed Jul 08 11:48:46 UTC 2026","passed","Wed Jul 08 11:48:46 UTC 2026","","eu.esdihumboldt.hale.io.json.test.JsonInstanceCollectionTest","eu.esdihumboldt.hale.io.json.test.JsonInstanceCollectionTest","testReadFirstArray"
"","173","testComplexLookupJson","","Wed Jul 08 11:41:19 UTC 2026","passed","Wed Jul 08 11:41:19 UTC 2026","","eu.esdihumboldt.hale.common.lookup.internal.LookupTableTypeTest","eu.esdihumboldt.hale.common.lookup.internal.LookupTableTypeTest","testComplexLookupJson"
"","100","testNotes2","","Wed Jul 08 11:39:26 UTC 2026","passed","Wed Jul 08 11:39:26 UTC 2026","","eu.esdihumboldt.hale.common.align.merge.test.impl.DefaultMergeCellMigratorTest","eu.esdihumboldt.hale.common.align.merge.test.impl.DefaultMergeCellMigratorTest","testNotes2"
"","2","testName","","Wed Jul 08 11:41:52 UTC 2026","passed","Wed Jul 08 11:41:52 UTC 2026","","eu.esdihumboldt.hale.common.schema.groovy.constraints.DisplayNameFactoryTest","eu.esdihumboldt.hale.common.schema.groovy.constraints.DisplayNameFactoryTest","testName"
"","5","testNestedListMap2","","Wed Jul 08 11:51:17 UTC 2026","passed","Wed Jul 08 11:51:17 UTC 2026","","eu.esdihumboldt.util.groovy.json.JsonStreamBuilderTest","eu.esdihumboldt.util.groovy.json.JsonStreamBuilderTest","testNestedListMap2"
"","7","testJsonSimple","","Wed Jul 08 11:48:45 UTC 2026","passed","Wed Jul 08 11:48:45 UTC 2026","","eu.esdihumboldt.hale.io.json.test.InstanceToJsonTest","eu.esdihumboldt.hale.io.json.test.InstanceToJsonTest","testJsonSimple"
"","3265","testArgsFileForHydro","","Wed Jul 08 11:38:23 UTC 2026","passed","Wed Jul 08 11:38:26 UTC 2026","","eu.esdihumboldt.hale.app.transform.test.ExecuteTest","eu.esdihumboldt.hale.app.transform.test.ExecuteTest","testArgsFileForHydro"
"","1","testDefault","","Wed Jul 08 11:41:38 UTC 2026","passed","Wed Jul 08 11:41:38 UTC 2026","","eu.esdihumboldt.hale.common.schema.model.constraint.factory.type.AugmentedValueFlagFactoryTest","eu.esdihumboldt.hale.common.schema.model.constraint.factory.type.AugmentedValueFlagFactoryTest","testDefault"
"","176","testTypeFilter1","","Wed Jul 08 11:39:24 UTC 2026","passed","Wed Jul 08 11:39:24 UTC 2026","","eu.esdihumboldt.hale.common.align.merge.test.impl.DefaultMergeCellMigratorTest","eu.esdihumboldt.hale.common.align.merge.test.impl.DefaultMergeCellMigratorTest","testTypeFilter1"
"","1","testDefault","","Wed Jul 08 11:41:39 UTC 2026","passed","Wed Jul 08 11:41:39 UTC 2026","","eu.esdihumboldt.hale.common.schema.model.constraint.factory.type.MappableFlagFactoryTest","eu.esdihumboldt.hale.common.schema.model.constraint.factory.type.MappableFlagFactoryTest","testDefault"
"","2","testNullNotExistsSchema","","Wed Jul 08 11:40:17 UTC 2026","passed","Wed Jul 08 11:40:17 UTC 2026","","eu.esdihumboldt.hale.common.filter.CQLFilterTest","eu.esdihumboldt.hale.common.filter.CQLFilterTest","testNullNotExistsSchema"
"","1","testSimple","","Wed Jul 08 11:50:39 UTC 2026","passed","Wed Jul 08 11:50:39 UTC 2026","","eu.esdihumboldt.hale.io.xsd.anytype.valuetypes.CustomTypeContentTypeTest","eu.esdihumboldt.hale.io.xsd.anytype.valuetypes.CustomTypeContentTypeTest","testSimple"
"","28","testGeom","","Wed Jul 08 11:41:39 UTC 2026","passed","Wed Jul 08 11:41:39 UTC 2026","","eu.esdihumboldt.hale.common.schema.model.constraint.factory.type.GeometryTypeFactoryTest","eu.esdihumboldt.hale.common.schema.model.constraint.factory.type.GeometryTypeFactoryTest","testGeom"
"","25","testWriteSimpleSchemaColOrder","","Wed Jul 08 11:50:27 UTC 2026","passed","Wed Jul 08 11:50:27 UTC 2026","","eu.esdihumboldt.hale.io.xls.test.writer.XLSInstanceWriterTest","eu.esdihumboldt.hale.io.xls.test.writer.XLSInstanceWriterTest","testWriteSimpleSchemaColOrder"
"","3","testNullList","","Wed Jul 08 11:40:18 UTC 2026","passed","Wed Jul 08 11:40:18 UTC 2026","","eu.esdihumboldt.hale.common.filter.ECQLFilterTest","eu.esdihumboldt.hale.common.filter.ECQLFilterTest","testNullList"
"","229","testWriteAttributes","","Wed Jul 08 11:44:45 UTC 2026","passed","Wed Jul 08 11:44:45 UTC 2026","","eu.esdihumboldt.hale.io.geopackage.GeopackageInstanceWriterTest","eu.esdihumboldt.hale.io.geopackage.GeopackageInstanceWriterTest","testWriteAttributes"
"","0","testExistsNoSchema","","Wed Jul 08 11:40:17 UTC 2026","skipped","Wed Jul 08 11:40:17 UTC 2026","","eu.esdihumboldt.hale.common.filter.CQLFilterTest","eu.esdihumboldt.hale.common.filter.CQLFilterTest","testExistsNoSchema"
"","0","testTimeEqualsList","","Wed Jul 08 11:40:18 UTC 2026","skipped","Wed Jul 08 11:40:18 UTC 2026","","eu.esdihumboldt.hale.common.filter.ECQLFilterTest","eu.esdihumboldt.hale.common.filter.ECQLFilterTest","testTimeEqualsList"
"","8","testReadArrayNested","","Wed Jul 08 11:48:47 UTC 2026","passed","Wed Jul 08 11:48:47 UTC 2026","","eu.esdihumboldt.hale.io.json.test.JsonToInstanceTest","eu.esdihumboldt.hale.io.json.test.JsonToInstanceTest","testReadArrayNested"
"","31","testSKOSFromRDF2","","Wed Jul 08 11:43:56 UTC 2026","passed","Wed Jul 08 11:43:56 UTC 2026","","eu.esdihumboldt.hale.io.codelist.skos.test.SkosCodeListTest","eu.esdihumboldt.hale.io.codelist.skos.test.SkosCodeListTest","testSKOSFromRDF2"
"","217","testRef","","Wed Jul 08 11:41:38 UTC 2026","passed","Wed Jul 08 11:41:38 UTC 2026","","eu.esdihumboldt.hale.common.schema.model.constraint.factory.property.ReferenceFactoryTest","eu.esdihumboldt.hale.common.schema.model.constraint.factory.property.ReferenceFactoryTest","testRef"
"","19","testSinglePolyGeometryWithLongAlphanumericNamesWithMultipleInstances","","Wed Jul 08 11:49:42 UTC 2026","passed","Wed Jul 08 11:49:42 UTC 2026","","eu.esdihumboldt.hale.io.shp.ShapefileInstanceWriterTest","eu.esdihumboldt.hale.io.shp.ShapefileInstanceWriterTest","testSinglePolyGeometryWithLongAlphanumericNamesWithMultipleInstances"
"","1","testFootprint3","","Wed Jul 08 11:43:18 UTC 2026","passed","Wed Jul 08 11:43:18 UTC 2026","","eu.esdihumboldt.cst.functions.geometric.test.InteriorPointTest","eu.esdihumboldt.cst.functions.geometric.test.InteriorPointTest","testFootprint3"
"","385","testJoin","","Wed Jul 08 11:42:38 UTC 2026","passed","Wed Jul 08 11:42:39 UTC 2026","","eu.esdihumboldt.cst.internal.ConceptualSchemaTransformerTest","eu.esdihumboldt.cst.internal.ConceptualSchemaTransformerTest","testJoin"
"","269","testWfsPaginationBasinFeatures","","Wed Jul 08 11:45:37 UTC 2026","passed","Wed Jul 08 11:45:37 UTC 2026","","eu.esdihumboldt.hale.io.gml.reader.internal.StreamGmlReaderTest","eu.esdihumboldt.hale.io.gml.reader.internal.StreamGmlReaderTest","testWfsPaginationBasinFeatures"
"","0","testNull","","Wed Jul 08 11:40:55 UTC 2026","passed","Wed Jul 08 11:40:55 UTC 2026","","eu.esdihumboldt.hale.common.instance.groovy.InstanceAccessorTest","eu.esdihumboldt.hale.common.instance.groovy.InstanceAccessorTest","testNull"
"","7","testRootArrayObjectNested","","Wed Jul 08 11:51:17 UTC 2026","passed","Wed Jul 08 11:51:17 UTC 2026","","eu.esdihumboldt.util.groovy.json.JsonStreamBuilderTest","eu.esdihumboldt.util.groovy.json.JsonStreamBuilderTest","testRootArrayObjectNested"
"","18","testCallBindung","","Wed Jul 08 11:46:09 UTC 2026","passed","Wed Jul 08 11:46:10 UTC 2026","","eu.esdihumboldt.hale.io.groovy.snippets.GroovySnippetsTest","eu.esdihumboldt.hale.io.groovy.snippets.GroovySnippetsTest","testCallBindung"
"","6","testSKOSFromRDF4_language_nl","","Wed Jul 08 11:43:56 UTC 2026","passed","Wed Jul 08 11:43:56 UTC 2026","","eu.esdihumboldt.hale.io.codelist.skos.test.SkosCodeListTest","eu.esdihumboldt.hale.io.codelist.skos.test.SkosCodeListTest","testSKOSFromRDF4_language_nl"
"","4","testNotEqualList","","Wed Jul 08 11:40:17 UTC 2026","passed","Wed Jul 08 11:40:17 UTC 2026","","eu.esdihumboldt.hale.common.filter.CQLFilterTest","eu.esdihumboldt.hale.common.filter.CQLFilterTest","testNotEqualList"
"","0","testGeoCross","","Wed Jul 08 11:40:17 UTC 2026","skipped","Wed Jul 08 11:40:17 UTC 2026","","eu.esdihumboldt.hale.common.filter.ECQLFilterTest","eu.esdihumboldt.hale.common.filter.ECQLFilterTest","testGeoCross"
"","0","testUnifyCCWSimple","","Wed Jul 08 11:51:03 UTC 2026","passed","Wed Jul 08 11:51:03 UTC 2026","","eu.esdihumboldt.util.geometry.WindingOrderTest","eu.esdihumboldt.util.geometry.WindingOrderTest","testUnifyCCWSimple"
"","0","testGroup","","Wed Jul 08 11:42:37 UTC 2026","skipped","Wed Jul 08 11:42:37 UTC 2026","","eu.esdihumboldt.cst.internal.ConceptualSchemaTransformerTest","eu.esdihumboldt.cst.internal.ConceptualSchemaTransformerTest","testGroup"
"","42","testGetReferencesNested","","Wed Jul 08 11:40:17 UTC 2026","passed","Wed Jul 08 11:40:17 UTC 2026","","eu.esdihumboldt.hale.common.filter.CQLFilterTest","eu.esdihumboldt.hale.common.filter.CQLFilterTest","testGetReferencesNested"
"","6","testReadLineString","","Wed Jul 08 11:48:47 UTC 2026","passed","Wed Jul 08 11:48:47 UTC 2026","","eu.esdihumboldt.hale.io.json.test.JsonToInstanceTest","eu.esdihumboldt.hale.io.json.test.JsonToInstanceTest","testReadLineString"
"","5","testComplexStructureFromTheGuardian","","Wed Jul 08 11:51:17 UTC 2026","passed","Wed Jul 08 11:51:17 UTC 2026","","eu.esdihumboldt.util.groovy.json.JsonStreamBuilderTest","eu.esdihumboldt.util.groovy.json.JsonStreamBuilderTest","testComplexStructureFromTheGuardian"
"","1","testTrueFalse","","Wed Jul 08 11:41:52 UTC 2026","passed","Wed Jul 08 11:41:52 UTC 2026","","eu.esdihumboldt.hale.common.schema.groovy.constraints.ChoiceFactoryTest","eu.esdihumboldt.hale.common.schema.groovy.constraints.ChoiceFactoryTest","testTrueFalse"
"","12873","testUnconditionalFilterForHydro","","Wed Jul 08 11:37:13 UTC 2026","passed","Wed Jul 08 11:37:26 UTC 2026","","eu.esdihumboldt.hale.app.transform.test.ExecuteTest","eu.esdihumboldt.hale.app.transform.test.ExecuteTest","testUnconditionalFilterForHydro"
"","33","testSchemaLess","","Wed Jul 08 11:40:55 UTC 2026","passed","Wed Jul 08 11:40:55 UTC 2026","","eu.esdihumboldt.hale.common.instance.groovy.InstanceAccessorTest","eu.esdihumboldt.hale.common.instance.groovy.InstanceAccessorTest","testSchemaLess"
"","1","testUnifyWOHoles","","Wed Jul 08 11:51:03 UTC 2026","passed","Wed Jul 08 11:51:03 UTC 2026","","eu.esdihumboldt.util.geometry.WindingOrderTest","eu.esdihumboldt.util.geometry.WindingOrderTest","testUnifyWOHoles"
"","24","testEmpty","","Wed Jul 08 11:41:39 UTC 2026","passed","Wed Jul 08 11:41:39 UTC 2026","","eu.esdihumboldt.hale.common.schema.model.constraint.factory.type.ValidationConstraintFactoryTest","eu.esdihumboldt.hale.common.schema.model.constraint.factory.type.ValidationConstraintFactoryTest","testEmpty"
"","0","testUnifyHoles","","Wed Jul 08 11:51:03 UTC 2026","passed","Wed Jul 08 11:51:03 UTC 2026","","eu.esdihumboldt.util.geometry.WindingOrderTest","eu.esdihumboldt.util.geometry.WindingOrderTest","testUnifyHoles"
"","0","testGeometry_2_MultiPolygon","","Wed Jul 08 11:45:54 UTC 2026","skipped","Wed Jul 08 11:45:54 UTC 2026","","eu.esdihumboldt.hale.io.gml.writer.internal.StreamGmlWriterTest","eu.esdihumboldt.hale.io.gml.writer.internal.StreamGmlWriterTest","testGeometry_2_MultiPolygon"
"","195","testNativeQuery","","Wed Jul 08 11:51:38 UTC 2026","passed","Wed Jul 08 11:51:38 UTC 2026","","eu.esdihumboldt.util.orient.embedded.LocalDocumentTest","eu.esdihumboldt.util.orient.embedded.LocalDocumentTest","testNativeQuery"
"","3083","testFiltersForMultiType3","","Wed Jul 08 11:37:59 UTC 2026","passed","Wed Jul 08 11:38:02 UTC 2026","","eu.esdihumboldt.hale.app.transform.test.ExecuteTest","eu.esdihumboldt.hale.app.transform.test.ExecuteTest","testFiltersForMultiType3"
"","4","testByPoints1","","Wed Jul 08 11:51:04 UTC 2026","passed","Wed Jul 08 11:51:04 UTC 2026","","eu.esdihumboldt.util.geometry.interpolation.split.SplitInterpolationTest","eu.esdihumboldt.util.geometry.interpolation.split.SplitInterpolationTest","testByPoints1"
"","3","testNestedKey","","Wed Jul 08 11:50:57 UTC 2026","passed","Wed Jul 08 11:50:57 UTC 2026","","eu.esdihumboldt.util.config.ConfigTest","eu.esdihumboldt.util.config.ConfigTest","testNestedKey"
"","4","testInstanceValueNullSchema","","Wed Jul 08 11:40:17 UTC 2026","passed","Wed Jul 08 11:40:17 UTC 2026","","eu.esdihumboldt.hale.common.filter.CQLFilterTest","eu.esdihumboldt.hale.common.filter.CQLFilterTest","testInstanceValueNullSchema"
"","43","testGmlOverflow2","","Wed Jul 08 11:40:43 UTC 2026","passed","Wed Jul 08 11:40:43 UTC 2026","","eu.esdihumboldt.hale.common.instance.graph.test.ReferenceGraphTest","eu.esdihumboldt.hale.common.instance.graph.test.ReferenceGraphTest","testGmlOverflow2"
"","7","testSKOSFromRDF4_language_en","","Wed Jul 08 11:43:56 UTC 2026","passed","Wed Jul 08 11:43:56 UTC 2026","","eu.esdihumboldt.hale.io.codelist.skos.test.SkosCodeListTest","eu.esdihumboldt.hale.io.codelist.skos.test.SkosCodeListTest","testSKOSFromRDF4_language_en"
"","674","testReadWithCommaDecimal","","Wed Jul 08 11:44:05 UTC 2026","passed","Wed Jul 08 11:44:06 UTC 2026","","eu.esdihumboldt.hale.io.csv.CSVInstanceReaderTest","eu.esdihumboldt.hale.io.csv.CSVInstanceReaderTest","testReadWithCommaDecimal"
"","2","testStringCompare","","Wed Jul 08 11:40:18 UTC 2026","passed","Wed Jul 08 11:40:18 UTC 2026","","eu.esdihumboldt.hale.common.filter.ECQLFilterTest","eu.esdihumboldt.hale.common.filter.ECQLFilterTest","testStringCompare"
"","5","testLoadWFS11Capabilities","","Wed Jul 08 11:50:09 UTC 2026","passed","Wed Jul 08 11:50:09 UTC 2026","","eu.esdihumboldt.hale.io.wfs.test.capabilities.CapabilitiesHelperTest","eu.esdihumboldt.hale.io.wfs.test.capabilities.CapabilitiesHelperTest","testLoadWFS11Capabilities"
"","0","testExistsSchema","","Wed Jul 08 11:40:18 UTC 2026","skipped","Wed Jul 08 11:40:18 UTC 2026","","eu.esdihumboldt.hale.common.filter.ECQLFilterTest","eu.esdihumboldt.hale.common.filter.ECQLFilterTest","testExistsSchema"
"","1","testCurve","","Wed Jul 08 11:43:18 UTC 2026","passed","Wed Jul 08 11:43:18 UTC 2026","","eu.esdihumboldt.cst.functions.geometric.test.InteriorPointTest","eu.esdihumboldt.cst.functions.geometric.test.InteriorPointTest","testCurve"
"","1","testDefault","","Wed Jul 08 11:41:39 UTC 2026","passed","Wed Jul 08 11:41:39 UTC 2026","","eu.esdihumboldt.hale.common.schema.model.constraint.factory.type.MappingRelevantFlagFactoryTest","eu.esdihumboldt.hale.common.schema.model.constraint.factory.type.MappingRelevantFlagFactoryTest","testDefault"
"","6","testReadSingleObject","","Wed Jul 08 11:48:46 UTC 2026","passed","Wed Jul 08 11:48:46 UTC 2026","","eu.esdihumboldt.hale.io.json.test.JsonInstanceCollectionTest","eu.esdihumboldt.hale.io.json.test.JsonInstanceCollectionTest","testReadSingleObject"
"","0","testNullTargetValueIsPreserved","","Wed Jul 08 11:41:12 UTC 2026","passed","Wed Jul 08 11:41:12 UTC 2026","","eu.esdihumboldt.hale.common.lookup.impl.LookupTableImplTest","eu.esdihumboldt.hale.common.lookup.impl.LookupTableImplTest","testNullTargetValueIsPreserved"
"","469","testInnerJoinConditions","","Wed Jul 08 11:42:45 UTC 2026","passed","Wed Jul 08 11:42:46 UTC 2026","","eu.esdihumboldt.cst.internal.ConceptualSchemaTransformerTest","eu.esdihumboldt.cst.internal.ConceptualSchemaTransformerTest","testInnerJoinConditions"
"","1","testFindLines","","Wed Jul 08 11:43:18 UTC 2026","passed","Wed Jul 08 11:43:18 UTC 2026","","eu.esdihumboldt.cst.functions.geometric.test.GeometryHelperFunctionsTest","eu.esdihumboldt.cst.functions.geometric.test.GeometryHelperFunctionsTest","testFindLines"
"","17","testInvalidKey1","","Wed Jul 08 11:50:57 UTC 2026","passed","Wed Jul 08 11:50:57 UTC 2026","","eu.esdihumboldt.util.config.ConfigTest","eu.esdihumboldt.util.config.ConfigTest","testInvalidKey1"
"","1","testMultipleProperties","","Wed Jul 08 11:48:47 UTC 2026","passed","Wed Jul 08 11:48:47 UTC 2026","","eu.esdihumboldt.hale.io.json.test.JsonSchemaReaderTest","eu.esdihumboldt.hale.io.json.test.JsonSchemaReaderTest","testMultipleProperties"
"","246","testMatchCondition1","","Wed Jul 08 11:39:22 UTC 2026","passed","Wed Jul 08 11:39:22 UTC 2026","","eu.esdihumboldt.hale.common.align.merge.test.impl.DefaultMergeCellMigratorTest","eu.esdihumboldt.hale.common.align.merge.test.impl.DefaultMergeCellMigratorTest","testMatchCondition1"
"","2","testOrigin","","Wed Jul 08 11:51:04 UTC 2026","passed","Wed Jul 08 11:51:04 UTC 2026","","eu.esdihumboldt.util.geometry.interpolation.model.impl.ArcByPointsImplTest","eu.esdihumboldt.util.geometry.interpolation.model.impl.ArcByPointsImplTest","testOrigin"
"","3","testByPoints2","","Wed Jul 08 11:51:04 UTC 2026","passed","Wed Jul 08 11:51:04 UTC 2026","","eu.esdihumboldt.util.geometry.interpolation.split.SplitInterpolationTest","eu.esdihumboldt.util.geometry.interpolation.split.SplitInterpolationTest","testByPoints2"
"","56","testNoSpatialIndexCreation","","Wed Jul 08 11:44:45 UTC 2026","passed","Wed Jul 08 11:44:45 UTC 2026","","eu.esdihumboldt.hale.io.geopackage.GeopackageInstanceWriterTest","eu.esdihumboldt.hale.io.geopackage.GeopackageInstanceWriterTest","testNoSpatialIndexCreation"
"","13","testSimpleSchemaNames","","Wed Jul 08 11:41:52 UTC 2026","passed","Wed Jul 08 11:41:52 UTC 2026","","eu.esdihumboldt.hale.common.schema.groovy.SchemaBuilderTest","eu.esdihumboldt.hale.common.schema.groovy.SchemaBuilderTest","testSimpleSchemaNames"
"","19","testAlias","","Wed Jul 08 11:46:31 UTC 2026","passed","Wed Jul 08 11:46:31 UTC 2026","","eu.esdihumboldt.hale.io.jdbc.test.constraints.factory.GeometryMetadataFactoryTest","eu.esdihumboldt.hale.io.jdbc.test.constraints.factory.GeometryMetadataFactoryTest","testAlias"
"","1","testHttpAbsolute1","","Wed Jul 08 11:50:39 UTC 2026","passed","Wed Jul 08 11:50:39 UTC 2026","","eu.esdihumboldt.hale.io.xsd.reader.HumboldtURIResolverTest","eu.esdihumboldt.hale.io.xsd.reader.HumboldtURIResolverTest","testHttpAbsolute1"
"","25","testNumberList","","Wed Jul 08 11:40:17 UTC 2026","passed","Wed Jul 08 11:40:17 UTC 2026","","eu.esdihumboldt.hale.common.filter.CQLFilterTest","eu.esdihumboldt.hale.common.filter.CQLFilterTest","testNumberList"
"","10","testReadPolygonWithHole","","Wed Jul 08 11:48:47 UTC 2026","passed","Wed Jul 08 11:48:47 UTC 2026","","eu.esdihumboldt.hale.io.json.test.JsonToInstanceTest","eu.esdihumboldt.hale.io.json.test.JsonToInstanceTest","testReadPolygonWithHole"
"","0","testDefault","","Wed Jul 08 11:41:39 UTC 2026","passed","Wed Jul 08 11:41:39 UTC 2026","","eu.esdihumboldt.hale.common.schema.model.constraint.factory.type.PrimaryKeyFactoryTest","eu.esdihumboldt.hale.common.schema.model.constraint.factory.type.PrimaryKeyFactoryTest","testDefault"
"","71","testCardinalityMerge_2","","Wed Jul 08 11:42:46 UTC 2026","passed","Wed Jul 08 11:42:46 UTC 2026","","eu.esdihumboldt.cst.internal.ConceptualSchemaTransformerTest","eu.esdihumboldt.cst.internal.ConceptualSchemaTransformerTest","testCardinalityMerge_2"
"","1122","testWriteFeaturesTargetCRS","","Wed Jul 08 11:44:42 UTC 2026","passed","Wed Jul 08 11:44:43 UTC 2026","","eu.esdihumboldt.hale.io.geopackage.GeopackageInstanceWriterTest","eu.esdihumboldt.hale.io.geopackage.GeopackageInstanceWriterTest","testWriteFeaturesTargetCRS"
"","1725","testValid","","Wed Jul 08 11:48:55 UTC 2026","passed","Wed Jul 08 11:48:57 UTC 2026","","eu.esdihumboldt.hale.io.schematron.SchematronInstanceValidatorTest","eu.esdihumboldt.hale.io.schematron.SchematronInstanceValidatorTest","testValid"
"","12819","testTypeFilter2Property","","Wed Jul 08 11:39:09 UTC 2026","passed","Wed Jul 08 11:39:22 UTC 2026","","eu.esdihumboldt.hale.common.align.merge.test.impl.DefaultMergeCellMigratorTest","eu.esdihumboldt.hale.common.align.merge.test.impl.DefaultMergeCellMigratorTest","testTypeFilter2Property"
"","83","testMergeWithoutAdditionalProp","","Wed Jul 08 11:42:46 UTC 2026","passed","Wed Jul 08 11:42:46 UTC 2026","","eu.esdihumboldt.cst.internal.ConceptualSchemaTransformerTest","eu.esdihumboldt.cst.internal.ConceptualSchemaTransformerTest","testMergeWithoutAdditionalProp"
"","7820","testBothWays","","Wed Jul 08 11:50:31 UTC 2026","passed","Wed Jul 08 11:50:39 UTC 2026","","eu.esdihumboldt.hale.io.xsd.anytype.valuetypes.CustomTypeContentAssociationTypeTest","eu.esdihumboldt.hale.io.xsd.anytype.valuetypes.CustomTypeContentAssociationTypeTest","testBothWays"
"","1","testDefault","","Wed Jul 08 11:41:38 UTC 2026","passed","Wed Jul 08 11:41:38 UTC 2026","","eu.esdihumboldt.hale.common.schema.model.constraint.factory.property.NillableFlagFactoryTest","eu.esdihumboldt.hale.common.schema.model.constraint.factory.property.NillableFlagFactoryTest","testDefault"
"","3","testNumberString","","Wed Jul 08 11:40:18 UTC 2026","passed","Wed Jul 08 11:40:18 UTC 2026","","eu.esdihumboldt.hale.common.filter.ECQLFilterTest","eu.esdihumboldt.hale.common.filter.ECQLFilterTest","testNumberString"
"","0","testRead","","Wed Jul 08 11:44:06 UTC 2026","passed","Wed Jul 08 11:44:06 UTC 2026","","eu.esdihumboldt.hale.io.csv.CSVSchemaReaderTest","eu.esdihumboldt.hale.io.csv.CSVSchemaReaderTest","testRead"
"","58","testMathExpression","","Wed Jul 08 11:42:48 UTC 2026","passed","Wed Jul 08 11:42:48 UTC 2026","","eu.esdihumboldt.cst.internal.ConceptualSchemaTransformerTest","eu.esdihumboldt.cst.internal.ConceptualSchemaTransformerTest","testMathExpression"
"","0","testFormatter[5]","","Wed Jul 08 11:51:01 UTC 2026","passed","Wed Jul 08 11:51:01 UTC 2026","","eu.esdihumboldt.util.geometry.DecimalFormatUtilTest","eu.esdihumboldt.util.geometry.DecimalFormatUtilTest","testFormatter[5]"
"","1110","testConvertJson2PB","","Wed Jul 08 11:48:50 UTC 2026","passed","Wed Jul 08 11:48:51 UTC 2026","","eu.esdihumboldt.hale.io.pb.test.ProtocolBufferInstanceWriterTest","eu.esdihumboldt.hale.io.pb.test.ProtocolBufferInstanceWriterTest","testConvertJson2PB"
"","12","testArcString","","Wed Jul 08 11:51:04 UTC 2026","passed","Wed Jul 08 11:51:04 UTC 2026","","eu.esdihumboldt.util.geometry.interpolation.split.SplitInterpolationTest","eu.esdihumboldt.util.geometry.interpolation.split.SplitInterpolationTest","testArcString"
"","81","testGmlReferencesMultiPartFill","","Wed Jul 08 11:40:43 UTC 2026","passed","Wed Jul 08 11:40:43 UTC 2026","","eu.esdihumboldt.hale.common.instance.graph.test.ReferenceGraphTest","eu.esdihumboldt.hale.common.instance.graph.test.ReferenceGraphTest","testGmlReferencesMultiPartFill"
"","152","testTypeFilter2","","Wed Jul 08 11:39:24 UTC 2026","passed","Wed Jul 08 11:39:24 UTC 2026","","eu.esdihumboldt.hale.common.align.merge.test.impl.DefaultMergeCellMigratorTest","eu.esdihumboldt.hale.common.align.merge.test.impl.DefaultMergeCellMigratorTest","testTypeFilter2"
"","1","testFormatter[12]","","Wed Jul 08 11:51:01 UTC 2026","passed","Wed Jul 08 11:51:01 UTC 2026","","eu.esdihumboldt.util.geometry.DecimalFormatUtilTest","eu.esdihumboldt.util.geometry.DecimalFormatUtilTest","testFormatter[12]"
"","1","testMethodCallWithNamedArgumentsTypeSafe","","Wed Jul 08 11:51:17 UTC 2026","passed","Wed Jul 08 11:51:17 UTC 2026","","eu.esdihumboldt.util.groovy.json.JsonStreamBuilderTest","eu.esdihumboldt.util.groovy.json.JsonStreamBuilderTest","testMethodCallWithNamedArgumentsTypeSafe"
"","58","testReadFromFolder","","Wed Jul 08 11:49:38 UTC 2026","passed","Wed Jul 08 11:49:38 UTC 2026","","eu.esdihumboldt.hale.io.shp.ShapeInstanceReaderTest","eu.esdihumboldt.hale.io.shp.ShapeInstanceReaderTest","testReadFromFolder"
"","8222","testConvert","","Wed Jul 08 11:39:39 UTC 2026","passed","Wed Jul 08 11:39:47 UTC 2026","","eu.esdihumboldt.hale.common.config.ConfigValueTest","eu.esdihumboldt.hale.common.config.ConfigValueTest","testConvert"
"","58","testWriteSimpleSchemaWithByteArrayOutputStream","","Wed Jul 08 11:44:16 UTC 2026","passed","Wed Jul 08 11:44:16 UTC 2026","","eu.esdihumboldt.hale.io.csv.writer.CSVInstanceWriterTest","eu.esdihumboldt.hale.io.csv.writer.CSVInstanceWriterTest","testWriteSimpleSchemaWithByteArrayOutputStream"
"","20","testCallMethod","","Wed Jul 08 11:46:10 UTC 2026","passed","Wed Jul 08 11:46:10 UTC 2026","","eu.esdihumboldt.hale.io.groovy.snippets.GroovySnippetsTest","eu.esdihumboldt.hale.io.groovy.snippets.GroovySnippetsTest","testCallMethod"
"","5","test90Deegrees","","Wed Jul 08 11:51:04 UTC 2026","passed","Wed Jul 08 11:51:04 UTC 2026","","eu.esdihumboldt.util.geometry.interpolation.split.SplitInterpolationTest","eu.esdihumboldt.util.geometry.interpolation.split.SplitInterpolationTest","test90Deegrees"
"","59","testRunsInHale","","Wed Jul 08 11:46:10 UTC 2026","passed","Wed Jul 08 11:46:10 UTC 2026","","eu.esdihumboldt.hale.io.groovy.snippets.GroovySnippetsTest","eu.esdihumboldt.hale.io.groovy.snippets.GroovySnippetsTest","testRunsInHale"
"","1","testString","","Wed Jul 08 11:41:39 UTC 2026","passed","Wed Jul 08 11:41:39 UTC 2026","","eu.esdihumboldt.hale.common.schema.model.constraint.factory.type.BindingFactoryTest","eu.esdihumboldt.hale.common.schema.model.constraint.factory.type.BindingFactoryTest","testString"
"","7","testRootArrayObjectNestedPrettyPrint","","Wed Jul 08 11:51:17 UTC 2026","passed","Wed Jul 08 11:51:17 UTC 2026","","eu.esdihumboldt.util.groovy.json.JsonStreamBuilderTest","eu.esdihumboldt.util.groovy.json.JsonStreamBuilderTest","testRootArrayObjectNestedPrettyPrint"
"","145","testTypeFilter6Present","","Wed Jul 08 11:39:25 UTC 2026","passed","Wed Jul 08 11:39:25 UTC 2026","","eu.esdihumboldt.hale.common.align.merge.test.impl.DefaultMergeCellMigratorTest","eu.esdihumboldt.hale.common.align.merge.test.impl.DefaultMergeCellMigratorTest","testTypeFilter6Present"
"","1","testNotOrigin","","Wed Jul 08 11:51:04 UTC 2026","passed","Wed Jul 08 11:51:04 UTC 2026","","eu.esdihumboldt.util.geometry.interpolation.model.impl.ArcByPointsImplTest","eu.esdihumboldt.util.geometry.interpolation.model.impl.ArcByPointsImplTest","testNotOrigin"
"","2","testListAndValue","","Wed Jul 08 11:50:57 UTC 2026","passed","Wed Jul 08 11:50:57 UTC 2026","","eu.esdihumboldt.util.config.ConfigMergerTest","eu.esdihumboldt.util.config.ConfigMergerTest","testListAndValue"
"","1","testDisabled","","Wed Jul 08 11:41:39 UTC 2026","passed","Wed Jul 08 11:41:39 UTC 2026","","eu.esdihumboldt.hale.common.schema.model.constraint.factory.type.SkipValidationFactoryTest","eu.esdihumboldt.hale.common.schema.model.constraint.factory.type.SkipValidationFactoryTest","testDisabled"
"","6","testEqualityListNoSchema","","Wed Jul 08 11:40:17 UTC 2026","passed","Wed Jul 08 11:40:17 UTC 2026","","eu.esdihumboldt.hale.common.filter.CQLFilterTest","eu.esdihumboldt.hale.common.filter.CQLFilterTest","testEqualityListNoSchema"
"","0","testBeforeList","","Wed Jul 08 11:40:18 UTC 2026","skipped","Wed Jul 08 11:40:18 UTC 2026","","eu.esdihumboldt.hale.common.filter.ECQLFilterTest","eu.esdihumboldt.hale.common.filter.ECQLFilterTest","testBeforeList"
"","277","testJoinsCondition","","Wed Jul 08 11:39:27 UTC 2026","passed","Wed Jul 08 11:39:27 UTC 2026","","eu.esdihumboldt.hale.common.align.merge.test.impl.JoinFocusRetainConditionTest","eu.esdihumboldt.hale.common.align.merge.test.impl.JoinFocusRetainConditionTest","testJoinsCondition"
"","0","testComplexWrite","","Wed Jul 08 11:51:38 UTC 2026","skipped","Wed Jul 08 11:51:38 UTC 2026","","eu.esdihumboldt.util.orient.embedded.MemoryDocumentTest","eu.esdihumboldt.util.orient.embedded.MemoryDocumentTest","testComplexWrite"
"","39","testConflict","","Wed Jul 08 11:50:57 UTC 2026","passed","Wed Jul 08 11:50:57 UTC 2026","","eu.esdihumboldt.util.config.ConfigTest","eu.esdihumboldt.util.config.ConfigTest","testConflict"
"","0","testDirectFail","","Wed Jul 08 11:45:55 UTC 2026","passed","Wed Jul 08 11:45:55 UTC 2026","","eu.esdihumboldt.hale.io.gml.writer.internal.geometry.writers.PatternTest","eu.esdihumboldt.hale.io.gml.writer.internal.geometry.writers.PatternTest","testDirectFail"
"","655","testRTreeSpatialIndexCreation","","Wed Jul 08 11:44:45 UTC 2026","passed","Wed Jul 08 11:44:46 UTC 2026","","eu.esdihumboldt.hale.io.geopackage.GeopackageInstanceWriterTest","eu.esdihumboldt.hale.io.geopackage.GeopackageInstanceWriterTest","testRTreeSpatialIndexCreation"
"","4","testDescriptions","","Wed Jul 08 11:41:52 UTC 2026","passed","Wed Jul 08 11:41:52 UTC 2026","","eu.esdihumboldt.hale.common.schema.groovy.SchemaBuilderTest","eu.esdihumboldt.hale.common.schema.groovy.SchemaBuilderTest","testDescriptions"
"","3972","testGroovyContextFilterExclusionForHydro","","Wed Jul 08 11:37:36 UTC 2026","passed","Wed Jul 08 11:37:40 UTC 2026","","eu.esdihumboldt.hale.app.transform.test.ExecuteTest","eu.esdihumboldt.hale.app.transform.test.ExecuteTest","testGroovyContextFilterExclusionForHydro"
"","90","testGroovyWarningCreateTarget","","Wed Jul 08 11:39:26 UTC 2026","passed","Wed Jul 08 11:39:27 UTC 2026","","eu.esdihumboldt.hale.common.align.merge.test.impl.DefaultMergeCellMigratorTest","eu.esdihumboldt.hale.common.align.merge.test.impl.DefaultMergeCellMigratorTest","testGroovyWarningCreateTarget"
"","62","testTypeFilter","","Wed Jul 08 11:42:49 UTC 2026","passed","Wed Jul 08 11:42:49 UTC 2026","","eu.esdihumboldt.cst.internal.ConceptualSchemaTransformerTest","eu.esdihumboldt.cst.internal.ConceptualSchemaTransformerTest","testTypeFilter"
"","1","testOrder","","Wed Jul 08 11:50:44 UTC 2026","passed","Wed Jul 08 11:50:44 UTC 2026","","eu.esdihumboldt.util.DependencyOrderedListTest","eu.esdihumboldt.util.DependencyOrderedListTest","testOrder"
"","80","testClassification3","","Wed Jul 08 11:42:47 UTC 2026","passed","Wed Jul 08 11:42:47 UTC 2026","","eu.esdihumboldt.cst.internal.ConceptualSchemaTransformerTest","eu.esdihumboldt.cst.internal.ConceptualSchemaTransformerTest","testClassification3"
"","3","testTimeEquals","","Wed Jul 08 11:40:18 UTC 2026","passed","Wed Jul 08 11:40:18 UTC 2026","","eu.esdihumboldt.hale.common.filter.ECQLFilterTest","eu.esdihumboldt.hale.common.filter.ECQLFilterTest","testTimeEquals"
"","199","testReadForceDefaultType","","Wed Jul 08 11:48:46 UTC 2026","passed","Wed Jul 08 11:48:46 UTC 2026","","eu.esdihumboldt.hale.io.json.test.JsonInstanceReaderTest","eu.esdihumboldt.hale.io.json.test.JsonInstanceReaderTest","testReadForceDefaultType"
"","2","testRootArrayEmpty","","Wed Jul 08 11:51:17 UTC 2026","passed","Wed Jul 08 11:51:17 UTC 2026","","eu.esdihumboldt.util.groovy.json.JsonStreamBuilderTest","eu.esdihumboldt.util.groovy.json.JsonStreamBuilderTest","testRootArrayEmpty"
"","477","testNgaSpatialIndexCreation","","Wed Jul 08 11:44:43 UTC 2026","passed","Wed Jul 08 11:44:44 UTC 2026","","eu.esdihumboldt.hale.io.geopackage.GeopackageInstanceWriterTest","eu.esdihumboldt.hale.io.geopackage.GeopackageInstanceWriterTest","testNgaSpatialIndexCreation"
"","1","testIterateEven","","Wed Jul 08 11:40:28 UTC 2026","passed","Wed Jul 08 11:40:28 UTC 2026","","eu.esdihumboldt.hale.common.instance.tools.impl.SimplePartitionerTest","eu.esdihumboldt.hale.common.instance.tools.impl.SimplePartitionerTest","testIterateEven"
"","7","testTimeEquals","","Wed Jul 08 11:40:17 UTC 2026","passed","Wed Jul 08 11:40:17 UTC 2026","","eu.esdihumboldt.hale.common.filter.CQLFilterTest","eu.esdihumboldt.hale.common.filter.CQLFilterTest","testTimeEquals"
"","62","testSimpleAssign","","Wed Jul 08 11:42:47 UTC 2026","passed","Wed Jul 08 11:42:47 UTC 2026","","eu.esdihumboldt.cst.internal.ConceptualSchemaTransformerTest","eu.esdihumboldt.cst.internal.ConceptualSchemaTransformerTest","testSimpleAssign"
"","3286","testReproject","","Wed Jul 08 11:43:20 UTC 2026","passed","Wed Jul 08 11:43:23 UTC 2026","","eu.esdihumboldt.cst.functions.geometric.test.reprojectgeometry.ReprojectGeometryTest","eu.esdihumboldt.cst.functions.geometric.test.reprojectgeometry.ReprojectGeometryTest","testReproject"
"","133","testWriteMultiSchemasWithMultiGeom","","Wed Jul 08 11:49:42 UTC 2026","passed","Wed Jul 08 11:49:42 UTC 2026","","eu.esdihumboldt.hale.io.shp.ShapefileInstanceWriterTest","eu.esdihumboldt.hale.io.shp.ShapefileInstanceWriterTest","testWriteMultiSchemasWithMultiGeom"
"","5","testReadInteger","","Wed Jul 08 11:48:47 UTC 2026","passed","Wed Jul 08 11:48:47 UTC 2026","","eu.esdihumboldt.hale.io.json.test.JsonToInstanceTest","eu.esdihumboldt.hale.io.json.test.JsonToInstanceTest","testReadInteger"
"","106","testSingleGeometryWithMissingProperties","","Wed Jul 08 11:49:40 UTC 2026","passed","Wed Jul 08 11:49:40 UTC 2026","","eu.esdihumboldt.hale.io.shp.ShapefileInstanceWriterTest","eu.esdihumboldt.hale.io.shp.ShapefileInstanceWriterTest","testSingleGeometryWithMissingProperties"
"","3077","testFiltersForMultiType2","","Wed Jul 08 11:37:55 UTC 2026","passed","Wed Jul 08 11:37:59 UTC 2026","","eu.esdihumboldt.hale.app.transform.test.ExecuteTest","eu.esdihumboldt.hale.app.transform.test.ExecuteTest","testFiltersForMultiType2"
"","1","testFootprint2Hole","","Wed Jul 08 11:43:18 UTC 2026","passed","Wed Jul 08 11:43:18 UTC 2026","","eu.esdihumboldt.cst.functions.geometric.test.InteriorPointTest","eu.esdihumboldt.cst.functions.geometric.test.InteriorPointTest","testFootprint2Hole"
"","36","testGeoIntersects","","Wed Jul 08 11:40:17 UTC 2026","passed","Wed Jul 08 11:40:17 UTC 2026","","eu.esdihumboldt.hale.common.filter.CQLFilterTest","eu.esdihumboldt.hale.common.filter.CQLFilterTest","testGeoIntersects"
"","204","testTypeFilter2Present","","Wed Jul 08 11:39:25 UTC 2026","passed","Wed Jul 08 11:39:26 UTC 2026","","eu.esdihumboldt.hale.common.align.merge.test.impl.DefaultMergeCellMigratorTest","eu.esdihumboldt.hale.common.align.merge.test.impl.DefaultMergeCellMigratorTest","testTypeFilter2Present"
"","2","testStringProperty","","Wed Jul 08 11:48:47 UTC 2026","passed","Wed Jul 08 11:48:47 UTC 2026","","eu.esdihumboldt.hale.io.json.test.JsonSchemaReaderTest","eu.esdihumboldt.hale.io.json.test.JsonSchemaReaderTest","testStringProperty"
"","11","testBackwardCompatibilityRead","","Wed Jul 08 11:50:25 UTC 2026","passed","Wed Jul 08 11:50:25 UTC 2026","","eu.esdihumboldt.hale.io.xls.test.reader.XLSReaderTest","eu.esdihumboldt.hale.io.xls.test.reader.XLSReaderTest","testBackwardCompatibilityRead"
"","10","testNestedDefaultProperties","","Wed Jul 08 11:41:52 UTC 2026","passed","Wed Jul 08 11:41:52 UTC 2026","","eu.esdihumboldt.hale.common.schema.groovy.SchemaBuilderTest","eu.esdihumboldt.hale.common.schema.groovy.SchemaBuilderTest","testNestedDefaultProperties"
"","5490","writeRead","","Wed Jul 08 11:48:13 UTC 2026","passed","Wed Jul 08 11:48:19 UTC 2026","","eu.esdihumboldt.hale.io.jdbc.postgresql.test.ReadWriteIT","eu.esdihumboldt.hale.io.jdbc.postgresql.test.ReadWriteIT","writeRead"
"","41","testLoadShiporder","","Wed Jul 08 11:40:28 UTC 2026","passed","Wed Jul 08 11:40:28 UTC 2026","","eu.esdihumboldt.hale.common.instance.helper.PropertyResolverTest","eu.esdihumboldt.hale.common.instance.helper.PropertyResolverTest","testLoadShiporder"
"","19","testReadSimple","","Wed Jul 08 11:50:25 UTC 2026","passed","Wed Jul 08 11:50:25 UTC 2026","","eu.esdihumboldt.hale.io.xls.test.reader.XLSReaderTest","eu.esdihumboldt.hale.io.xls.test.reader.XLSReaderTest","testReadSimple"
"","48","testOffsetBig","","Wed Jul 08 11:51:04 UTC 2026","passed","Wed Jul 08 11:51:04 UTC 2026","","eu.esdihumboldt.util.geometry.interpolation.split.SplitInterpolationTest","eu.esdihumboldt.util.geometry.interpolation.split.SplitInterpolationTest","testOffsetBig"
"","63","testFormatstring","","Wed Jul 08 11:42:47 UTC 2026","passed","Wed Jul 08 11:42:47 UTC 2026","","eu.esdihumboldt.cst.internal.ConceptualSchemaTransformerTest","eu.esdihumboldt.cst.internal.ConceptualSchemaTransformerTest","testFormatstring"
"","0","testOrigin","","Wed Jul 08 11:51:04 UTC 2026","passed","Wed Jul 08 11:51:04 UTC 2026","","eu.esdihumboldt.util.geometry.interpolation.grid.GridUtilTest","eu.esdihumboldt.util.geometry.interpolation.grid.GridUtilTest","testOrigin"
"","231","testReadJsonArray","","Wed Jul 08 11:48:46 UTC 2026","passed","Wed Jul 08 11:48:46 UTC 2026","","eu.esdihumboldt.hale.io.json.test.JsonInstanceCollectionTest","eu.esdihumboldt.hale.io.json.test.JsonInstanceCollectionTest","testReadJsonArray"
"","4","testSimpleAll","","Wed Jul 08 11:41:52 UTC 2026","passed","Wed Jul 08 11:41:52 UTC 2026","","eu.esdihumboldt.hale.common.schema.groovy.DefinitionAccessorTest","eu.esdihumboldt.hale.common.schema.groovy.DefinitionAccessorTest","testSimpleAll"
"","1","testText","","Wed Jul 08 11:41:52 UTC 2026","passed","Wed Jul 08 11:41:52 UTC 2026","","eu.esdihumboldt.hale.common.schema.groovy.constraints.CardinalityFactoryTest","eu.esdihumboldt.hale.common.schema.groovy.constraints.CardinalityFactoryTest","testText"
"","6","testPropertyType","","Wed Jul 08 11:50:25 UTC 2026","passed","Wed Jul 08 11:50:25 UTC 2026","","eu.esdihumboldt.hale.io.xls.test.reader.XLSReaderTest","eu.esdihumboldt.hale.io.xls.test.reader.XLSReaderTest","testPropertyType"
"","61","testCMUnion4","","Wed Jul 08 11:42:47 UTC 2026","passed","Wed Jul 08 11:42:47 UTC 2026","","eu.esdihumboldt.cst.internal.ConceptualSchemaTransformerTest","eu.esdihumboldt.cst.internal.ConceptualSchemaTransformerTest","testCMUnion4"
"","178","testCondition1","","Wed Jul 08 11:39:22 UTC 2026","passed","Wed Jul 08 11:39:23 UTC 2026","","eu.esdihumboldt.hale.common.align.merge.test.impl.DefaultMergeCellMigratorTest","eu.esdihumboldt.hale.common.align.merge.test.impl.DefaultMergeCellMigratorTest","testCondition1"
"","2","testLikeNoSchema","","Wed Jul 08 11:40:18 UTC 2026","passed","Wed Jul 08 11:40:18 UTC 2026","","eu.esdihumboldt.hale.common.filter.ECQLFilterTest","eu.esdihumboldt.hale.common.filter.ECQLFilterTest","testLikeNoSchema"
"","0","testPropertiesUnMix","","Wed Jul 08 11:42:37 UTC 2026","skipped","Wed Jul 08 11:42:37 UTC 2026","","eu.esdihumboldt.cst.internal.ConceptualSchemaTransformerTest","eu.esdihumboldt.cst.internal.ConceptualSchemaTransformerTest","testPropertiesUnMix"
"","4","testNestedListMap","","Wed Jul 08 11:51:17 UTC 2026","passed","Wed Jul 08 11:51:17 UTC 2026","","eu.esdihumboldt.util.groovy.json.JsonStreamBuilderTest","eu.esdihumboldt.util.groovy.json.JsonStreamBuilderTest","testNestedListMap"
"","9782","test1","","Wed Jul 08 11:42:11 UTC 2026","passed","Wed Jul 08 11:42:21 UTC 2026","","eu.esdihumboldt.hale.common.service.helper.test.PopulationCountTest","eu.esdihumboldt.hale.common.service.helper.test.PopulationCountTest","test1"
"","1103","testLoadShiporderWrapped","","Wed Jul 08 11:40:27 UTC 2026","passed","Wed Jul 08 11:40:28 UTC 2026","","eu.esdihumboldt.hale.common.instance.helper.PropertyResolverTest","eu.esdihumboldt.hale.common.instance.helper.PropertyResolverTest","testLoadShiporderWrapped"
"","156","testGroovyRetypeCondition","","Wed Jul 08 11:39:28 UTC 2026","passed","Wed Jul 08 11:39:28 UTC 2026","","eu.esdihumboldt.hale.common.align.merge.test.impl.JoinFocusRetainConditionTest","eu.esdihumboldt.hale.common.align.merge.test.impl.JoinFocusRetainConditionTest","testGroovyRetypeCondition"
"","12","testRead_definitive_attributegroup","","Wed Jul 08 11:50:41 UTC 2026","passed","Wed Jul 08 11:50:41 UTC 2026","","eu.esdihumboldt.hale.io.xsd.reader.XmlSchemaReaderTest","eu.esdihumboldt.hale.io.xsd.reader.XmlSchemaReaderTest","testRead_definitive_attributegroup"
"","0","testHasNext2","","Wed Jul 08 11:51:36 UTC 2026","skipped","Wed Jul 08 11:51:36 UTC 2026","","eu.esdihumboldt.util.orient.embedded.BrowseClassIterateTest","eu.esdihumboldt.util.orient.embedded.BrowseClassIterateTest","testHasNext2"
"","28","testGeoCrosses","","Wed Jul 08 11:40:17 UTC 2026","passed","Wed Jul 08 11:40:17 UTC 2026","","eu.esdihumboldt.hale.common.filter.CQLFilterTest","eu.esdihumboldt.hale.common.filter.CQLFilterTest","testGeoCrosses"
"","4","testReadDefaultType","","Wed Jul 08 11:48:46 UTC 2026","passed","Wed Jul 08 11:48:46 UTC 2026","","eu.esdihumboldt.hale.io.json.test.JsonInstanceReaderTest","eu.esdihumboldt.hale.io.json.test.JsonInstanceReaderTest","testReadDefaultType"
"","113","testFilterSame6","","Wed Jul 08 11:39:23 UTC 2026","passed","Wed Jul 08 11:39:23 UTC 2026","","eu.esdihumboldt.hale.common.align.merge.test.impl.DefaultMergeCellMigratorTest","eu.esdihumboldt.hale.common.align.merge.test.impl.DefaultMergeCellMigratorTest","testFilterSame6"
"","0","testLocales2","","Wed Jul 08 11:38:51 UTC 2026","skipped","Wed Jul 08 11:38:51 UTC 2026","","eu.esdihumboldt.hale.common.align.model.impl.mdexpl.MarkdownCellExplanationTest","eu.esdihumboldt.hale.common.align.model.impl.mdexpl.MarkdownCellExplanationTest","testLocales2"
"","11","testComplexInstancesCQL","","Wed Jul 08 11:40:20 UTC 2026","passed","Wed Jul 08 11:40:20 UTC 2026","","eu.esdihumboldt.hale.common.filter.FilterTest","eu.esdihumboldt.hale.common.filter.FilterTest","testComplexInstancesCQL"
"","12","testEnabled","","Wed Jul 08 11:41:39 UTC 2026","passed","Wed Jul 08 11:41:39 UTC 2026","","eu.esdihumboldt.hale.common.schema.model.constraint.factory.type.SkipValidationFactoryTest","eu.esdihumboldt.hale.common.schema.model.constraint.factory.type.SkipValidationFactoryTest","testEnabled"
"","143","testWriteRead","","Wed Jul 08 11:42:07 UTC 2026","passed","Wed Jul 08 11:42:07 UTC 2026","","eu.esdihumboldt.hale.common.schema.persist.hsd.test.json.HaleSchemaWriterJsonTest","eu.esdihumboldt.hale.common.schema.persist.hsd.test.json.HaleSchemaWriterJsonTest","testWriteRead"
"","12","testEnabled","","Wed Jul 08 11:41:39 UTC 2026","passed","Wed Jul 08 11:41:39 UTC 2026","","eu.esdihumboldt.hale.common.schema.model.constraint.factory.type.MappableFlagFactoryTest","eu.esdihumboldt.hale.common.schema.model.constraint.factory.type.MappableFlagFactoryTest","testEnabled"
"","12","testEnabled","","Wed Jul 08 11:41:38 UTC 2026","passed","Wed Jul 08 11:41:38 UTC 2026","","eu.esdihumboldt.hale.common.schema.model.constraint.factory.type.AugmentedValueFlagFactoryTest","eu.esdihumboldt.hale.common.schema.model.constraint.factory.type.AugmentedValueFlagFactoryTest","testEnabled"
"","13","testFormatter[0]","","Wed Jul 08 11:51:00 UTC 2026","passed","Wed Jul 08 11:51:00 UTC 2026","","eu.esdihumboldt.util.geometry.DecimalFormatUtilTest","eu.esdihumboldt.util.geometry.DecimalFormatUtilTest","testFormatter[0]"
"","1","testJarURI","","Wed Jul 08 11:50:39 UTC 2026","passed","Wed Jul 08 11:50:39 UTC 2026","","eu.esdihumboldt.hale.io.xsd.reader.HumboldtURIResolverTest","eu.esdihumboldt.hale.io.xsd.reader.HumboldtURIResolverTest","testJarURI"
"","0","testStreetOuter","","Wed Jul 08 11:43:18 UTC 2026","passed","Wed Jul 08 11:43:18 UTC 2026","","eu.esdihumboldt.cst.functions.geometric.test.InteriorPointTest","eu.esdihumboldt.cst.functions.geometric.test.InteriorPointTest","testStreetOuter"
"","149","testTypeFilter3","","Wed Jul 08 11:39:24 UTC 2026","passed","Wed Jul 08 11:39:24 UTC 2026","","eu.esdihumboldt.hale.common.align.merge.test.impl.DefaultMergeCellMigratorTest","eu.esdihumboldt.hale.common.align.merge.test.impl.DefaultMergeCellMigratorTest","testTypeFilter3"
"","1","testCircle","","Wed Jul 08 11:51:04 UTC 2026","passed","Wed Jul 08 11:51:04 UTC 2026","","eu.esdihumboldt.util.geometry.interpolation.model.impl.ArcByPointsImplTest","eu.esdihumboldt.util.geometry.interpolation.model.impl.ArcByPointsImplTest","testCircle"
"","491","testGroovy1","","Wed Jul 08 11:42:39 UTC 2026","passed","Wed Jul 08 11:42:40 UTC 2026","","eu.esdihumboldt.cst.internal.ConceptualSchemaTransformerTest","eu.esdihumboldt.cst.internal.ConceptualSchemaTransformerTest","testGroovy1"
"","3","testNullSchema","","Wed Jul 08 11:40:17 UTC 2026","passed","Wed Jul 08 11:40:17 UTC 2026","","eu.esdihumboldt.hale.common.filter.CQLFilterTest","eu.esdihumboldt.hale.common.filter.CQLFilterTest","testNullSchema"
"","2","testStraight","","Wed Jul 08 11:51:04 UTC 2026","passed","Wed Jul 08 11:51:04 UTC 2026","","eu.esdihumboldt.util.geometry.interpolation.model.impl.ArcByPointsImplTest","eu.esdihumboldt.util.geometry.interpolation.model.impl.ArcByPointsImplTest","testStraight"
"","0","testSubfolder3","","Wed Jul 08 11:39:51 UTC 2026","passed","Wed Jul 08 11:39:51 UTC 2026","","eu.esdihumboldt.hale.common.core.io.PathUpdateTest","eu.esdihumboldt.hale.common.core.io.PathUpdateTest","testSubfolder3"
"","19","testRead_definitive_all","","Wed Jul 08 11:50:41 UTC 2026","passed","Wed Jul 08 11:50:41 UTC 2026","","eu.esdihumboldt.hale.io.xsd.reader.XmlSchemaReaderTest","eu.esdihumboldt.hale.io.xsd.reader.XmlSchemaReaderTest","testRead_definitive_all"
"","0","testStoreRestoreDefault","","Wed Jul 08 11:41:38 UTC 2026","passed","Wed Jul 08 11:41:38 UTC 2026","","eu.esdihumboldt.hale.common.schema.model.constraint.factory.DisplayNameFactoryTest","eu.esdihumboldt.hale.common.schema.model.constraint.factory.DisplayNameFactoryTest","testStoreRestoreDefault"
"","4190","testTransformXml","","Wed Jul 08 11:37:40 UTC 2026","passed","Wed Jul 08 11:37:44 UTC 2026","","eu.esdihumboldt.hale.app.transform.test.ExecuteTest","eu.esdihumboldt.hale.app.transform.test.ExecuteTest","testTransformXml"
"","183","testTypeFilter5","","Wed Jul 08 11:39:24 UTC 2026","passed","Wed Jul 08 11:39:25 UTC 2026","","eu.esdihumboldt.hale.common.align.merge.test.impl.DefaultMergeCellMigratorTest","eu.esdihumboldt.hale.common.align.merge.test.impl.DefaultMergeCellMigratorTest","testTypeFilter5"
"","8","testStringCompare","","Wed Jul 08 11:40:17 UTC 2026","passed","Wed Jul 08 11:40:17 UTC 2026","","eu.esdihumboldt.hale.common.filter.CQLFilterTest","eu.esdihumboldt.hale.common.filter.CQLFilterTest","testStringCompare"
"","0","testGeometryPrimitive_32_Curve_MultiLineString","","Wed Jul 08 11:45:45 UTC 2026","skipped","Wed Jul 08 11:45:45 UTC 2026","","eu.esdihumboldt.hale.io.gml.writer.internal.StreamGmlWriter2Test","eu.esdihumboldt.hale.io.gml.writer.internal.StreamGmlWriter2Test","testGeometryPrimitive_32_Curve_MultiLineString"
"","5146","testArrayTypes","","Wed Jul 08 11:47:37 UTC 2026","passed","Wed Jul 08 11:47:42 UTC 2026","","eu.esdihumboldt.hale.io.jdbc.postgresql.test.MultiDimensionalArraysIT","eu.esdihumboldt.hale.io.jdbc.postgresql.test.MultiDimensionalArraysIT","testArrayTypes"
"","11","testSpecifyType","","Wed Jul 08 11:48:47 UTC 2026","passed","Wed Jul 08 11:48:47 UTC 2026","","eu.esdihumboldt.hale.io.json.test.JsonToInstanceTest","eu.esdihumboldt.hale.io.json.test.JsonToInstanceTest","testSpecifyType"
"","97","testOverwriteFailsWhenFileCannotBeDeleted","","Wed Jul 08 11:44:44 UTC 2026","passed","Wed Jul 08 11:44:45 UTC 2026","","eu.esdihumboldt.hale.io.geopackage.GeopackageInstanceWriterTest","eu.esdihumboldt.hale.io.geopackage.GeopackageInstanceWriterTest","testOverwriteFailsWhenFileCannotBeDeleted"
"","28","testEnabled","","Wed Jul 08 11:41:38 UTC 2026","passed","Wed Jul 08 11:41:38 UTC 2026","","eu.esdihumboldt.hale.common.schema.model.constraint.factory.property.ChoiceFlagFactoryTest","eu.esdihumboldt.hale.common.schema.model.constraint.factory.property.ChoiceFlagFactoryTest","testEnabled"
"","55","testSchema","","Wed Jul 08 11:40:55 UTC 2026","passed","Wed Jul 08 11:40:55 UTC 2026","","eu.esdihumboldt.hale.common.instance.groovy.InstanceFamilyAccessorTest","eu.esdihumboldt.hale.common.instance.groovy.InstanceFamilyAccessorTest","testSchema"
"","10","testDefault","","Wed Jul 08 11:41:38 UTC 2026","passed","Wed Jul 08 11:41:38 UTC 2026","","eu.esdihumboldt.hale.common.schema.model.constraint.factory.property.ChoiceFlagFactoryTest","eu.esdihumboldt.hale.common.schema.model.constraint.factory.property.ChoiceFlagFactoryTest","testDefault"
"","95","testJoinFilter","","Wed Jul 08 11:39:28 UTC 2026","passed","Wed Jul 08 11:39:28 UTC 2026","","eu.esdihumboldt.hale.common.align.merge.test.impl.JoinMergeTest","eu.esdihumboldt.hale.common.align.merge.test.impl.JoinMergeTest","testJoinFilter"
"","3","testNullNotExistsNoSchema","","Wed Jul 08 11:40:18 UTC 2026","passed","Wed Jul 08 11:40:18 UTC 2026","","eu.esdihumboldt.hale.common.filter.ECQLFilterTest","eu.esdihumboldt.hale.common.filter.ECQLFilterTest","testNullNotExistsNoSchema"
"","0","testSimple","","Wed Jul 08 11:50:57 UTC 2026","passed","Wed Jul 08 11:50:57 UTC 2026","","eu.esdihumboldt.util.config.ConfigMergerTest","eu.esdihumboldt.util.config.ConfigMergerTest","testSimple"
"","4","testNestedObjectsPrettyPrint","","Wed Jul 08 11:51:17 UTC 2026","passed","Wed Jul 08 11:51:17 UTC 2026","","eu.esdihumboldt.util.groovy.json.JsonStreamBuilderTest","eu.esdihumboldt.util.groovy.json.JsonStreamBuilderTest","testNestedObjectsPrettyPrint"
"","39","testPreparedQuery","","Wed Jul 08 11:51:38 UTC 2026","passed","Wed Jul 08 11:51:38 UTC 2026","","eu.esdihumboldt.util.orient.embedded.MemoryDocumentTest","eu.esdihumboldt.util.orient.embedded.MemoryDocumentTest","testPreparedQuery"
"","4","testDefaultPropertyTypes","","Wed Jul 08 11:41:52 UTC 2026","passed","Wed Jul 08 11:41:52 UTC 2026","","eu.esdihumboldt.hale.common.schema.groovy.SchemaBuilderTest","eu.esdihumboldt.hale.common.schema.groovy.SchemaBuilderTest","testDefaultPropertyTypes"
"","78","testCardinalityMerge_1","","Wed Jul 08 11:42:46 UTC 2026","passed","Wed Jul 08 11:42:46 UTC 2026","","eu.esdihumboldt.cst.internal.ConceptualSchemaTransformerTest","eu.esdihumboldt.cst.internal.ConceptualSchemaTransformerTest","testCardinalityMerge_1"
"","16","testRead","","Wed Jul 08 11:40:01 UTC 2026","passed","Wed Jul 08 11:40:01 UTC 2026","","eu.esdihumboldt.hale.common.core.io.impl.ValueListTypeTest","eu.esdihumboldt.hale.common.core.io.impl.ValueListTypeTest","testRead"
"","0","testHalfmoon","","Wed Jul 08 11:43:18 UTC 2026","passed","Wed Jul 08 11:43:18 UTC 2026","","eu.esdihumboldt.cst.functions.geometric.test.InteriorPointTest","eu.esdihumboldt.cst.functions.geometric.test.InteriorPointTest","testHalfmoon"
"","0","testOrderCounterClockwise","","Wed Jul 08 11:51:03 UTC 2026","passed","Wed Jul 08 11:51:03 UTC 2026","","eu.esdihumboldt.util.geometry.WindingOrderTest","eu.esdihumboldt.util.geometry.WindingOrderTest","testOrderCounterClockwise"
"","13287","testReadInstancesXSDQualified","","Wed Jul 08 11:44:26 UTC 2026","passed","Wed Jul 08 11:44:39 UTC 2026","","eu.esdihumboldt.hale.io.geopackage.GeopackageInstanceReaderTest","eu.esdihumboldt.hale.io.geopackage.GeopackageInstanceReaderTest","testReadInstancesXSDQualified"
"","3","testNotEqualList","","Wed Jul 08 11:40:18 UTC 2026","passed","Wed Jul 08 11:40:18 UTC 2026","","eu.esdihumboldt.hale.common.filter.ECQLFilterTest","eu.esdihumboldt.hale.common.filter.ECQLFilterTest","testNotEqualList"
"","0","testGeometryFlippedOnNULLCRS","","Wed Jul 08 11:51:03 UTC 2026","passed","Wed Jul 08 11:51:03 UTC 2026","","eu.esdihumboldt.util.geometry.WindingOrderTest","eu.esdihumboldt.util.geometry.WindingOrderTest","testGeometryFlippedOnNULLCRS"
"","73","testCMMulti4","","Wed Jul 08 11:42:47 UTC 2026","passed","Wed Jul 08 11:42:47 UTC 2026","","eu.esdihumboldt.cst.internal.ConceptualSchemaTransformerTest","eu.esdihumboldt.cst.internal.ConceptualSchemaTransformerTest","testCMMulti4"
"","5","testInstanceNoValueNullSchema","","Wed Jul 08 11:40:17 UTC 2026","passed","Wed Jul 08 11:40:17 UTC 2026","","eu.esdihumboldt.hale.common.filter.CQLFilterTest","eu.esdihumboldt.hale.common.filter.CQLFilterTest","testInstanceNoValueNullSchema"
"","4","testStringLookupJson","","Wed Jul 08 11:41:19 UTC 2026","passed","Wed Jul 08 11:41:19 UTC 2026","","eu.esdihumboldt.hale.common.lookup.internal.LookupTableTypeTest","eu.esdihumboldt.hale.common.lookup.internal.LookupTableTypeTest","testStringLookupJson"
"","0","testInstanceReader","","Wed Jul 08 11:46:42 UTC 2026","skipped","Wed Jul 08 11:46:42 UTC 2026","","eu.esdihumboldt.hale.io.jdbc.mssql.test.MsSqlDataReaderTest","eu.esdihumboldt.hale.io.jdbc.mssql.test.MsSqlDataReaderTest","testInstanceReader"
"","0","testDuringList","","Wed Jul 08 11:40:17 UTC 2026","skipped","Wed Jul 08 11:40:17 UTC 2026","","eu.esdihumboldt.hale.common.filter.CQLFilterTest","eu.esdihumboldt.hale.common.filter.CQLFilterTest","testDuringList"
"","0","testHttpAbsoluteOtherFile","","Wed Jul 08 11:50:39 UTC 2026","passed","Wed Jul 08 11:50:39 UTC 2026","","eu.esdihumboldt.hale.io.xsd.reader.HumboldtURIResolverTest","eu.esdihumboldt.hale.io.xsd.reader.HumboldtURIResolverTest","testHttpAbsoluteOtherFile"
"","0","testCRSFlipped","","Wed Jul 08 11:51:03 UTC 2026","passed","Wed Jul 08 11:51:03 UTC 2026","","eu.esdihumboldt.util.geometry.WindingOrderTest","eu.esdihumboldt.util.geometry.WindingOrderTest","testCRSFlipped"
"","0","testGeoCross","","Wed Jul 08 11:40:17 UTC 2026","skipped","Wed Jul 08 11:40:17 UTC 2026","","eu.esdihumboldt.hale.common.filter.CQLFilterTest","eu.esdihumboldt.hale.common.filter.CQLFilterTest","testGeoCross"
"","20","testAllChildren","","Wed Jul 08 11:40:55 UTC 2026","passed","Wed Jul 08 11:40:55 UTC 2026","","eu.esdihumboldt.hale.common.instance.groovy.InstanceAccessorTest","eu.esdihumboldt.hale.common.instance.groovy.InstanceAccessorTest","testAllChildren"
"","0","testOrderClockwise","","Wed Jul 08 11:51:03 UTC 2026","passed","Wed Jul 08 11:51:03 UTC 2026","","eu.esdihumboldt.util.geometry.WindingOrderTest","eu.esdihumboldt.util.geometry.WindingOrderTest","testOrderClockwise"
"","284","testGeometryPrimitive_32_MultiLineString_Curve2","","Wed Jul 08 11:45:51 UTC 2026","passed","Wed Jul 08 11:45:52 UTC 2026","","eu.esdihumboldt.hale.io.gml.writer.internal.StreamGmlWriterTest","eu.esdihumboldt.hale.io.gml.writer.internal.StreamGmlWriterTest","testGeometryPrimitive_32_MultiLineString_Curve2"
"","6","testReadBoolean","","Wed Jul 08 11:48:47 UTC 2026","passed","Wed Jul 08 11:48:47 UTC 2026","","eu.esdihumboldt.hale.io.json.test.JsonToInstanceTest","eu.esdihumboldt.hale.io.json.test.JsonToInstanceTest","testReadBoolean"
"","2","testEmptyObject","","Wed Jul 08 11:51:17 UTC 2026","passed","Wed Jul 08 11:51:17 UTC 2026","","eu.esdihumboldt.util.groovy.json.JsonStreamBuilderTest","eu.esdihumboldt.util.groovy.json.JsonStreamBuilderTest","testEmptyObject"
"","263","basicClassesAllowed","","Wed Jul 08 11:51:30 UTC 2026","passed","Wed Jul 08 11:51:30 UTC 2026","","eu.esdihumboldt.util.groovy.sandbox.test.internal.GroovySandboxTest","eu.esdihumboldt.util.groovy.sandbox.test.internal.GroovySandboxTest","basicClassesAllowed"
"","3","testReadWithPointDecimal","","Wed Jul 08 11:44:06 UTC 2026","passed","Wed Jul 08 11:44:06 UTC 2026","","eu.esdihumboldt.hale.io.csv.CSVInstanceReaderTest","eu.esdihumboldt.hale.io.csv.CSVInstanceReaderTest","testReadWithPointDecimal"
"","16","testRead_definitive_groups","","Wed Jul 08 11:50:41 UTC 2026","passed","Wed Jul 08 11:50:41 UTC 2026","","eu.esdihumboldt.hale.io.xsd.reader.XmlSchemaReaderTest","eu.esdihumboldt.hale.io.xsd.reader.XmlSchemaReaderTest","testRead_definitive_groups"
"","622","testSkipFeatureCollection","","Wed Jul 08 11:48:45 UTC 2026","passed","Wed Jul 08 11:48:46 UTC 2026","","eu.esdihumboldt.hale.io.json.test.JsonInstanceCollectionTest","eu.esdihumboldt.hale.io.json.test.JsonInstanceCollectionTest","testSkipFeatureCollection"
"","60","testWriteSimpleSchema","","Wed Jul 08 11:44:16 UTC 2026","passed","Wed Jul 08 11:44:16 UTC 2026","","eu.esdihumboldt.hale.io.csv.writer.CSVInstanceWriterTest","eu.esdihumboldt.hale.io.csv.writer.CSVInstanceWriterTest","testWriteSimpleSchema"
"","28","testGmlOverflow","","Wed Jul 08 11:40:43 UTC 2026","passed","Wed Jul 08 11:40:43 UTC 2026","","eu.esdihumboldt.hale.common.instance.graph.test.ReferenceGraphTest","eu.esdihumboldt.hale.common.instance.graph.test.ReferenceGraphTest","testGmlOverflow"
"","8780","testDataTypes","","Wed Jul 08 11:47:58 UTC 2026","passed","Wed Jul 08 11:48:06 UTC 2026","","eu.esdihumboldt.hale.io.jdbc.postgresql.test.PostDataTypesIT","eu.esdihumboldt.hale.io.jdbc.postgresql.test.PostDataTypesIT","testDataTypes"
"","0","testInstanceExistsSchema","","Wed Jul 08 11:40:17 UTC 2026","skipped","Wed Jul 08 11:40:17 UTC 2026","","eu.esdihumboldt.hale.common.filter.CQLFilterTest","eu.esdihumboldt.hale.common.filter.CQLFilterTest","testInstanceExistsSchema"
"","3087","testFiltersForMultiType4","","Wed Jul 08 11:38:02 UTC 2026","passed","Wed Jul 08 11:38:05 UTC 2026","","eu.esdihumboldt.hale.app.transform.test.ExecuteTest","eu.esdihumboldt.hale.app.transform.test.ExecuteTest","testFiltersForMultiType4"
"","4","testSKOSFromRDF1","","Wed Jul 08 11:43:56 UTC 2026","passed","Wed Jul 08 11:43:56 UTC 2026","","eu.esdihumboldt.hale.io.codelist.skos.test.SkosCodeListTest","eu.esdihumboldt.hale.io.codelist.skos.test.SkosCodeListTest","testSKOSFromRDF1"
"","0","testHttpAbsoluteOtherJar","","Wed Jul 08 11:50:39 UTC 2026","passed","Wed Jul 08 11:50:39 UTC 2026","","eu.esdihumboldt.hale.io.xsd.reader.HumboldtURIResolverTest","eu.esdihumboldt.hale.io.xsd.reader.HumboldtURIResolverTest","testHttpAbsoluteOtherJar"
"","1949","simpleSchemaWriteTest","","Wed Jul 08 11:49:40 UTC 2026","passed","Wed Jul 08 11:49:42 UTC 2026","","eu.esdihumboldt.hale.io.shp.ShapefileInstanceWriterTest","eu.esdihumboldt.hale.io.shp.ShapefileInstanceWriterTest","simpleSchemaWriteTest"
"","26","testLoadAllGroup","","Wed Jul 08 11:44:55 UTC 2026","passed","Wed Jul 08 11:44:55 UTC 2026","","eu.esdihumboldt.hale.io.gml.reader.internal.GmlInstanceCollectionTest","eu.esdihumboldt.hale.io.gml.reader.internal.GmlInstanceCollectionTest","testLoadAllGroup"
"","2","testBooleanProperty","","Wed Jul 08 11:48:47 UTC 2026","passed","Wed Jul 08 11:48:47 UTC 2026","","eu.esdihumboldt.hale.io.json.test.JsonSchemaReaderTest","eu.esdihumboldt.hale.io.json.test.JsonSchemaReaderTest","testBooleanProperty"
"","68","testWriteComplexSchema","","Wed Jul 08 11:44:16 UTC 2026","passed","Wed Jul 08 11:44:16 UTC 2026","","eu.esdihumboldt.hale.io.csv.writer.CSVInstanceWriterTest","eu.esdihumboldt.hale.io.csv.writer.CSVInstanceWriterTest","testWriteComplexSchema"
"","3","testNumberString","","Wed Jul 08 11:40:17 UTC 2026","passed","Wed Jul 08 11:40:17 UTC 2026","","eu.esdihumboldt.hale.common.filter.CQLFilterTest","eu.esdihumboldt.hale.common.filter.CQLFilterTest","testNumberString"
"","26","testWriteRead","","Wed Jul 08 11:51:17 UTC 2026","passed","Wed Jul 08 11:51:17 UTC 2026","","eu.esdihumboldt.util.groovy.xml.NSDOMBuilderTest","eu.esdihumboldt.util.groovy.xml.NSDOMBuilderTest","testWriteRead"
"","1","testDefault","","Wed Jul 08 11:41:38 UTC 2026","passed","Wed Jul 08 11:41:38 UTC 2026","","eu.esdihumboldt.hale.common.schema.model.constraint.factory.type.AbstractFlagFactoryTest","eu.esdihumboldt.hale.common.schema.model.constraint.factory.type.AbstractFlagFactoryTest","testDefault"
"","2","testJsonBuilderSameNameFail2","","Wed Jul 08 11:51:17 UTC 2026","passed","Wed Jul 08 11:51:17 UTC 2026","","eu.esdihumboldt.util.groovy.json.JsonStreamBuilderTest","eu.esdihumboldt.util.groovy.json.JsonStreamBuilderTest","testJsonBuilderSameNameFail2"
"","324","testGmlIndependent","","Wed Jul 08 11:40:42 UTC 2026","passed","Wed Jul 08 11:40:42 UTC 2026","","eu.esdihumboldt.hale.common.instance.graph.test.ReferenceGraphTest","eu.esdihumboldt.hale.common.instance.graph.test.ReferenceGraphTest","testGmlIndependent"
"","1","testCCW2","","Wed Jul 08 11:51:04 UTC 2026","passed","Wed Jul 08 11:51:04 UTC 2026","","eu.esdihumboldt.util.geometry.interpolation.model.impl.ArcByCenterPointImplTest","eu.esdihumboldt.util.geometry.interpolation.model.impl.ArcByCenterPointImplTest","testCCW2"
"","5","testEqualityList","","Wed Jul 08 11:40:17 UTC 2026","passed","Wed Jul 08 11:40:17 UTC 2026","","eu.esdihumboldt.hale.common.filter.CQLFilterTest","eu.esdihumboldt.hale.common.filter.CQLFilterTest","testEqualityList"
"","1192","testLoadChoice","","Wed Jul 08 11:44:50 UTC 2026","passed","Wed Jul 08 11:44:52 UTC 2026","","eu.esdihumboldt.hale.io.gml.reader.internal.GmlInstanceCollectionTest","eu.esdihumboldt.hale.io.gml.reader.internal.GmlInstanceCollectionTest","testLoadChoice"
"","0","testMulti1","","Wed Jul 08 11:43:18 UTC 2026","passed","Wed Jul 08 11:43:18 UTC 2026","","eu.esdihumboldt.cst.functions.geometric.test.InteriorPointTest","eu.esdihumboldt.cst.functions.geometric.test.InteriorPointTest","testMulti1"
"","11","testGeoJsonSimpleMoreThan_14","","Wed Jul 08 11:48:45 UTC 2026","passed","Wed Jul 08 11:48:45 UTC 2026","","eu.esdihumboldt.hale.io.json.test.InstanceToJsonTest","eu.esdihumboldt.hale.io.json.test.InstanceToJsonTest","testGeoJsonSimpleMoreThan_14"
"","87","testSinglePolyGeometryWithLongAttributeNamesWithSingleInstance","","Wed Jul 08 11:49:40 UTC 2026","passed","Wed Jul 08 11:49:40 UTC 2026","","eu.esdihumboldt.hale.io.shp.ShapefileInstanceWriterTest","eu.esdihumboldt.hale.io.shp.ShapefileInstanceWriterTest","testSinglePolyGeometryWithLongAttributeNamesWithSingleInstance"
"","4","testJsonBuilderRawJson","","Wed Jul 08 11:51:17 UTC 2026","passed","Wed Jul 08 11:51:17 UTC 2026","","eu.esdihumboldt.util.groovy.json.JsonStreamBuilderTest","eu.esdihumboldt.util.groovy.json.JsonStreamBuilderTest","testJsonBuilderRawJson"
"","4","testGeoIntersects","","Wed Jul 08 11:40:18 UTC 2026","passed","Wed Jul 08 11:40:18 UTC 2026","","eu.esdihumboldt.hale.common.filter.ECQLFilterTest","eu.esdihumboldt.hale.common.filter.ECQLFilterTest","testGeoIntersects"
"","237","testWfsPaginationPageSizeLargerThanTotal","","Wed Jul 08 11:45:39 UTC 2026","passed","Wed Jul 08 11:45:39 UTC 2026","","eu.esdihumboldt.hale.io.gml.reader.internal.StreamGmlReaderTest","eu.esdihumboldt.hale.io.gml.reader.internal.StreamGmlReaderTest","testWfsPaginationPageSizeLargerThanTotal"
"","464","testStoreRestoreCustomName","","Wed Jul 08 11:41:38 UTC 2026","passed","Wed Jul 08 11:41:38 UTC 2026","","eu.esdihumboldt.hale.common.schema.model.constraint.factory.DisplayNameFactoryTest","eu.esdihumboldt.hale.common.schema.model.constraint.factory.DisplayNameFactoryTest","testStoreRestoreCustomName"
"","629","testNotInspireCodespaceNotAdd","","Wed Jul 08 11:45:44 UTC 2026","passed","Wed Jul 08 11:45:44 UTC 2026","","eu.esdihumboldt.hale.io.gml.writer.internal.StreamGmlWriter2Test","eu.esdihumboldt.hale.io.gml.writer.internal.StreamGmlWriter2Test","testNotInspireCodespaceNotAdd"
"","88","testImplicitAssign","","Wed Jul 08 11:42:46 UTC 2026","passed","Wed Jul 08 11:42:46 UTC 2026","","eu.esdihumboldt.cst.internal.ConceptualSchemaTransformerTest","eu.esdihumboldt.cst.internal.ConceptualSchemaTransformerTest","testImplicitAssign"
"","42","testWriteVersion4","","Wed Jul 08 11:48:30 UTC 2026","passed","Wed Jul 08 11:48:30 UTC 2026","","eu.esdihumboldt.hale.io.jdbc.spatialite.writer.internal.SpatiaLiteInstanceWriterTest","eu.esdihumboldt.hale.io.jdbc.spatialite.writer.internal.SpatiaLiteInstanceWriterTest","testWriteVersion4"
"","13","testEnabled","","Wed Jul 08 11:41:38 UTC 2026","passed","Wed Jul 08 11:41:38 UTC 2026","","eu.esdihumboldt.hale.common.schema.model.constraint.factory.property.NillableFlagFactoryTest","eu.esdihumboldt.hale.common.schema.model.constraint.factory.property.NillableFlagFactoryTest","testEnabled"
"","60","testReadMultiSheetTypeSettingsIndex","","Wed Jul 08 11:50:25 UTC 2026","passed","Wed Jul 08 11:50:25 UTC 2026","","eu.esdihumboldt.hale.io.xls.test.reader.XLSReaderTest","eu.esdihumboldt.hale.io.xls.test.reader.XLSReaderTest","testReadMultiSheetTypeSettingsIndex"
"","82","testMergeAdditionalProp","","Wed Jul 08 11:42:46 UTC 2026","passed","Wed Jul 08 11:42:46 UTC 2026","","eu.esdihumboldt.cst.internal.ConceptualSchemaTransformerTest","eu.esdihumboldt.cst.internal.ConceptualSchemaTransformerTest","testMergeAdditionalProp"
"","8","testUnifyCCWWithHoles","","Wed Jul 08 11:51:03 UTC 2026","passed","Wed Jul 08 11:51:03 UTC 2026","","eu.esdihumboldt.util.geometry.WindingOrderTest","eu.esdihumboldt.util.geometry.WindingOrderTest","testUnifyCCWWithHoles"
"","124","testPropertyJoinIntFloat","","Wed Jul 08 11:42:40 UTC 2026","passed","Wed Jul 08 11:42:40 UTC 2026","","eu.esdihumboldt.cst.internal.ConceptualSchemaTransformerTest","eu.esdihumboldt.cst.internal.ConceptualSchemaTransformerTest","testPropertyJoinIntFloat"
"","124","testMultiResult1","","Wed Jul 08 11:42:40 UTC 2026","passed","Wed Jul 08 11:42:40 UTC 2026","","eu.esdihumboldt.cst.internal.ConceptualSchemaTransformerTest","eu.esdihumboldt.cst.internal.ConceptualSchemaTransformerTest","testMultiResult1"
"","36","testBothWays","","Wed Jul 08 11:50:39 UTC 2026","passed","Wed Jul 08 11:50:39 UTC 2026","","eu.esdihumboldt.hale.io.xsd.anytype.valuetypes.CustomTypeContentConfigurationTypeTest","eu.esdihumboldt.hale.io.xsd.anytype.valuetypes.CustomTypeContentConfigurationTypeTest","testBothWays"
"","302","testReadInstancesXsdGmlConflict","","Wed Jul 08 11:44:41 UTC 2026","passed","Wed Jul 08 11:44:42 UTC 2026","","eu.esdihumboldt.hale.io.geopackage.GeopackageInstanceReaderTest","eu.esdihumboldt.hale.io.geopackage.GeopackageInstanceReaderTest","testReadInstancesXsdGmlConflict"
"","0","testGeometryPrimitive_3_Polygon","","Wed Jul 08 11:45:54 UTC 2026","skipped","Wed Jul 08 11:45:54 UTC 2026","","eu.esdihumboldt.hale.io.gml.writer.internal.StreamGmlWriterTest","eu.esdihumboldt.hale.io.gml.writer.internal.StreamGmlWriterTest","testGeometryPrimitive_3_Polygon"
"","73","testSimpleAttribute","","Wed Jul 08 11:42:46 UTC 2026","passed","Wed Jul 08 11:42:46 UTC 2026","","eu.esdihumboldt.cst.internal.ConceptualSchemaTransformerTest","eu.esdihumboldt.cst.internal.ConceptualSchemaTransformerTest","testSimpleAttribute"
"","9","testReadSimpleChoice","","Wed Jul 08 11:48:47 UTC 2026","passed","Wed Jul 08 11:48:47 UTC 2026","","eu.esdihumboldt.hale.io.json.test.JsonToInstanceTest","eu.esdihumboldt.hale.io.json.test.JsonToInstanceTest","testReadSimpleChoice"
"","1","testLookupAndConsume","","Wed Jul 08 11:40:02 UTC 2026","passed","Wed Jul 08 11:40:02 UTC 2026","","eu.esdihumboldt.hale.common.core.io.supplier.LookupStreamResourceTest","eu.esdihumboldt.hale.common.core.io.supplier.LookupStreamResourceTest","testLookupAndConsume"
"","17","testOffsetCircle","","Wed Jul 08 11:51:04 UTC 2026","passed","Wed Jul 08 11:51:04 UTC 2026","","eu.esdihumboldt.util.geometry.interpolation.split.SplitInterpolationTest","eu.esdihumboldt.util.geometry.interpolation.split.SplitInterpolationTest","testOffsetCircle"
"","2218","testCellDisableSaveLoad","","Wed Jul 08 11:38:37 UTC 2026","passed","Wed Jul 08 11:38:40 UTC 2026","","eu.esdihumboldt.hale.common.align.io.CastorAlignmentIOTest","eu.esdihumboldt.hale.common.align.io.CastorAlignmentIOTest","testCellDisableSaveLoad"
"","58","testTriangle","","Wed Jul 08 11:43:18 UTC 2026","passed","Wed Jul 08 11:43:18 UTC 2026","","eu.esdihumboldt.cst.functions.geometric.test.InteriorPointTest","eu.esdihumboldt.cst.functions.geometric.test.InteriorPointTest","testTriangle"
"","11","testEnabled","","Wed Jul 08 11:41:39 UTC 2026","passed","Wed Jul 08 11:41:39 UTC 2026","","eu.esdihumboldt.hale.common.schema.model.constraint.factory.type.MappingRelevantFlagFactoryTest","eu.esdihumboldt.hale.common.schema.model.constraint.factory.type.MappingRelevantFlagFactoryTest","testEnabled"
"","9","testSKOSFromRDF5_language_nl","","Wed Jul 08 11:43:56 UTC 2026","passed","Wed Jul 08 11:43:56 UTC 2026","","eu.esdihumboldt.hale.io.codelist.skos.test.SkosCodeListTest","eu.esdihumboldt.hale.io.codelist.skos.test.SkosCodeListTest","testSKOSFromRDF5_language_nl"
"","5","testReadDefaultTypeOverride","","Wed Jul 08 11:48:46 UTC 2026","passed","Wed Jul 08 11:48:46 UTC 2026","","eu.esdihumboldt.hale.io.json.test.JsonInstanceReaderTest","eu.esdihumboldt.hale.io.json.test.JsonInstanceReaderTest","testReadDefaultTypeOverride"
"","330","testReadXsdInstancesName","","Wed Jul 08 11:49:33 UTC 2026","passed","Wed Jul 08 11:49:33 UTC 2026","","eu.esdihumboldt.hale.io.shp.ShapeInstanceReaderTest","eu.esdihumboldt.hale.io.shp.ShapeInstanceReaderTest","testReadXsdInstancesName"
"","23","testGmlReferencesMultiPart","","Wed Jul 08 11:40:43 UTC 2026","passed","Wed Jul 08 11:40:43 UTC 2026","","eu.esdihumboldt.hale.common.instance.graph.test.ReferenceGraphTest","eu.esdihumboldt.hale.common.instance.graph.test.ReferenceGraphTest","testGmlReferencesMultiPart"
"","81","testMergeMultiPropKey","","Wed Jul 08 11:42:46 UTC 2026","passed","Wed Jul 08 11:42:46 UTC 2026","","eu.esdihumboldt.cst.internal.ConceptualSchemaTransformerTest","eu.esdihumboldt.cst.internal.ConceptualSchemaTransformerTest","testMergeMultiPropKey"
"","285","testGeometryAggregate_32_LineString","","Wed Jul 08 11:45:52 UTC 2026","passed","Wed Jul 08 11:45:52 UTC 2026","","eu.esdihumboldt.hale.io.gml.writer.internal.StreamGmlWriterTest","eu.esdihumboldt.hale.io.gml.writer.internal.StreamGmlWriterTest","testGeometryAggregate_32_LineString"
"","343","testSchema","","Wed Jul 08 11:40:55 UTC 2026","passed","Wed Jul 08 11:40:55 UTC 2026","","eu.esdihumboldt.hale.common.instance.groovy.InstanceAccessorTest","eu.esdihumboldt.hale.common.instance.groovy.InstanceAccessorTest","testSchema"
"","48","testDefaultSrs","","Wed Jul 08 11:45:38 UTC 2026","passed","Wed Jul 08 11:45:38 UTC 2026","","eu.esdihumboldt.hale.io.gml.reader.internal.StreamGmlReaderTest","eu.esdihumboldt.hale.io.gml.reader.internal.StreamGmlReaderTest","testDefaultSrs"
"","4","testGeoJson","","Wed Jul 08 11:48:47 UTC 2026","passed","Wed Jul 08 11:48:47 UTC 2026","","eu.esdihumboldt.hale.io.json.test.JsonSchemaReaderTest","eu.esdihumboldt.hale.io.json.test.JsonSchemaReaderTest","testGeoJson"
"","4","testValuePropertiesList","","Wed Jul 08 11:40:01 UTC 2026","passed","Wed Jul 08 11:40:01 UTC 2026","","eu.esdihumboldt.hale.common.core.io.impl.ValuePropertiesTypeTest","eu.esdihumboldt.hale.common.core.io.impl.ValuePropertiesTypeTest","testValuePropertiesList"
"","7","testReadSimpleWithDate","","Wed Jul 08 11:50:25 UTC 2026","passed","Wed Jul 08 11:50:25 UTC 2026","","eu.esdihumboldt.hale.io.xls.test.reader.XLSReaderTest","eu.esdihumboldt.hale.io.xls.test.reader.XLSReaderTest","testReadSimpleWithDate"
