"DESCRIPTION","DURATION IN MS","NAME","PARENT SUITE","START TIME","STATUS","STOP TIME","SUB SUITE","SUITE","TEST CLASS","TEST METHOD"
"","1916","testLoadChoice","","Wed Jul 08 15:25:49 UTC 2026","passed","Wed Jul 08 15:25:51 UTC 2026","","eu.esdihumboldt.hale.io.gml.reader.internal.GmlInstanceCollectionTest","eu.esdihumboldt.hale.io.gml.reader.internal.GmlInstanceCollectionTest","testLoadChoice"
"","8","testReadBoolean","","Wed Jul 08 15:30:01 UTC 2026","passed","Wed Jul 08 15:30:01 UTC 2026","","eu.esdihumboldt.hale.io.json.test.JsonToInstanceTest","eu.esdihumboldt.hale.io.json.test.JsonToInstanceTest","testReadBoolean"
"","1","testFootprint","","Wed Jul 08 15:23:50 UTC 2026","passed","Wed Jul 08 15:23:50 UTC 2026","","eu.esdihumboldt.cst.functions.geometric.test.InteriorPointTest","eu.esdihumboldt.cst.functions.geometric.test.InteriorPointTest","testFootprint"
"","21","testRead_shiporder_one","","Wed Jul 08 15:32:30 UTC 2026","passed","Wed Jul 08 15:32:30 UTC 2026","","eu.esdihumboldt.hale.io.xsd.reader.XmlSchemaReaderTest","eu.esdihumboldt.hale.io.xsd.reader.XmlSchemaReaderTest","testRead_shiporder_one"
"","38","testMetaClass","","Wed Jul 08 15:18:17 UTC 2026","passed","Wed Jul 08 15:18:17 UTC 2026","","eu.esdihumboldt.hale.common.align.groovy.accessor.EntityAccessorTest","eu.esdihumboldt.hale.common.align.groovy.accessor.EntityAccessorTest","testMetaClass"
"","1","testDisabled","","Wed Jul 08 15:21:36 UTC 2026","passed","Wed Jul 08 15:21:36 UTC 2026","","eu.esdihumboldt.hale.common.schema.model.constraint.factory.type.SkipValidationFactoryTest","eu.esdihumboldt.hale.common.schema.model.constraint.factory.type.SkipValidationFactoryTest","testDisabled"
"","3138","testArgsFileWOFilterForMultiTypesSource","","Wed Jul 08 15:16:50 UTC 2026","passed","Wed Jul 08 15:16:53 UTC 2026","","eu.esdihumboldt.hale.app.transform.test.ExecuteTest","eu.esdihumboldt.hale.app.transform.test.ExecuteTest","testArgsFileWOFilterForMultiTypesSource"
"","76","testWfsResolvedepthResponseStructure","","Wed Jul 08 15:26:40 UTC 2026","passed","Wed Jul 08 15:26:41 UTC 2026","","eu.esdihumboldt.hale.io.gml.reader.internal.StreamGmlReaderTest","eu.esdihumboldt.hale.io.gml.reader.internal.StreamGmlReaderTest","testWfsResolvedepthResponseStructure"
"","0","testHttpAbsoluteOtherFile","","Wed Jul 08 15:32:27 UTC 2026","passed","Wed Jul 08 15:32:27 UTC 2026","","eu.esdihumboldt.hale.io.xsd.reader.HumboldtURIResolverTest","eu.esdihumboldt.hale.io.xsd.reader.HumboldtURIResolverTest","testHttpAbsoluteOtherFile"
"","343","testWriteReadTypeSafeQName","","Wed Jul 08 15:33:16 UTC 2026","passed","Wed Jul 08 15:33:16 UTC 2026","","eu.esdihumboldt.util.groovy.xml.NSDOMBuilderTest","eu.esdihumboldt.util.groovy.xml.NSDOMBuilderTest","testWriteReadTypeSafeQName"
"","13","testCreateTypeIndex","","Wed Jul 08 15:21:56 UTC 2026","passed","Wed Jul 08 15:21:56 UTC 2026","","eu.esdihumboldt.hale.common.schema.groovy.SchemaBuilderTest","eu.esdihumboldt.hale.common.schema.groovy.SchemaBuilderTest","testCreateTypeIndex"
"","29","testGeoJsonSimple_14","","Wed Jul 08 15:29:58 UTC 2026","passed","Wed Jul 08 15:29:58 UTC 2026","","eu.esdihumboldt.hale.io.json.test.InstanceToJsonTest","eu.esdihumboldt.hale.io.json.test.InstanceToJsonTest","testGeoJsonSimple_14"
"","0","testInstanceNoValueExistsSchema","","Wed Jul 08 15:19:50 UTC 2026","skipped","Wed Jul 08 15:19:50 UTC 2026","","eu.esdihumboldt.hale.common.filter.CQLFilterTest","eu.esdihumboldt.hale.common.filter.CQLFilterTest","testInstanceNoValueExistsSchema"
"","22","testRead_definitive_sequencegroup","","Wed Jul 08 15:32:30 UTC 2026","passed","Wed Jul 08 15:32:30 UTC 2026","","eu.esdihumboldt.hale.io.xsd.reader.XmlSchemaReaderTest","eu.esdihumboldt.hale.io.xsd.reader.XmlSchemaReaderTest","testRead_definitive_sequencegroup"
"","48","testNativeQuery","","Wed Jul 08 15:33:43 UTC 2026","passed","Wed Jul 08 15:33:43 UTC 2026","","eu.esdihumboldt.util.orient.embedded.MemoryDocumentTest","eu.esdihumboldt.util.orient.embedded.MemoryDocumentTest","testNativeQuery"
"","13","testDefault","","Wed Jul 08 15:21:36 UTC 2026","passed","Wed Jul 08 15:21:36 UTC 2026","","eu.esdihumboldt.hale.common.schema.model.constraint.factory.property.ChoiceFlagFactoryTest","eu.esdihumboldt.hale.common.schema.model.constraint.factory.property.ChoiceFlagFactoryTest","testDefault"
"","1","testCurve2","","Wed Jul 08 15:23:50 UTC 2026","passed","Wed Jul 08 15:23:50 UTC 2026","","eu.esdihumboldt.cst.functions.geometric.test.InteriorPointTest","eu.esdihumboldt.cst.functions.geometric.test.InteriorPointTest","testCurve2"
"","12","testEachCollector","","Wed Jul 08 15:24:12 UTC 2026","passed","Wed Jul 08 15:24:12 UTC 2026","","eu.esdihumboldt.cst.functions.groovy.helpers.util.CollectorTest","eu.esdihumboldt.cst.functions.groovy.helpers.util.CollectorTest","testEachCollector"
"","282","mergeJoinGroovyRetype","","Wed Jul 08 15:18:48 UTC 2026","passed","Wed Jul 08 15:18:49 UTC 2026","","eu.esdihumboldt.hale.common.align.merge.test.impl.GroovyRetypeMergeTest","eu.esdihumboldt.hale.common.align.merge.test.impl.GroovyRetypeMergeTest","mergeJoinGroovyRetype"
"","10337","testPersonWriteValidate","","Wed Jul 08 15:22:02 UTC 2026","passed","Wed Jul 08 15:22:12 UTC 2026","","eu.esdihumboldt.hale.common.schema.persist.hsd.test.HaleSchemaWriterTest","eu.esdihumboldt.hale.common.schema.persist.hsd.test.HaleSchemaWriterTest","testPersonWriteValidate"
"","112","testRetypeConditionRenameTypeFiltered","","Wed Jul 08 15:18:51 UTC 2026","passed","Wed Jul 08 15:18:51 UTC 2026","","eu.esdihumboldt.hale.common.align.merge.test.impl.JoinRetainConditionsTest","eu.esdihumboldt.hale.common.align.merge.test.impl.JoinRetainConditionsTest","testRetypeConditionRenameTypeFiltered"
"","4","testNullSchema","","Wed Jul 08 15:19:51 UTC 2026","passed","Wed Jul 08 15:19:51 UTC 2026","","eu.esdihumboldt.hale.common.filter.ECQLFilterTest","eu.esdihumboldt.hale.common.filter.ECQLFilterTest","testNullSchema"
"","9","testSKOSFromRDF4_language_nl","","Wed Jul 08 15:24:39 UTC 2026","passed","Wed Jul 08 15:24:39 UTC 2026","","eu.esdihumboldt.hale.io.codelist.skos.test.SkosCodeListTest","eu.esdihumboldt.hale.io.codelist.skos.test.SkosCodeListTest","testSKOSFromRDF4_language_nl"
"","12","testReadMultiPoint","","Wed Jul 08 15:30:01 UTC 2026","passed","Wed Jul 08 15:30:01 UTC 2026","","eu.esdihumboldt.hale.io.json.test.JsonToInstanceTest","eu.esdihumboldt.hale.io.json.test.JsonToInstanceTest","testReadMultiPoint"
"","326","testGeometryAggregate_32_MultiLineString","","Wed Jul 08 15:27:00 UTC 2026","passed","Wed Jul 08 15:27:00 UTC 2026","","eu.esdihumboldt.hale.io.gml.writer.internal.StreamGmlWriterTest","eu.esdihumboldt.hale.io.gml.writer.internal.StreamGmlWriterTest","testGeometryAggregate_32_MultiLineString"
"","8","testNumberList","","Wed Jul 08 15:19:51 UTC 2026","passed","Wed Jul 08 15:19:51 UTC 2026","","eu.esdihumboldt.hale.common.filter.ECQLFilterTest","eu.esdihumboldt.hale.common.filter.ECQLFilterTest","testNumberList"
"","24","testReadNestedGeometryGeoJson","","Wed Jul 08 15:30:01 UTC 2026","passed","Wed Jul 08 15:30:01 UTC 2026","","eu.esdihumboldt.hale.io.json.test.JsonToInstanceTest","eu.esdihumboldt.hale.io.json.test.JsonToInstanceTest","testReadNestedGeometryGeoJson"
"","5","testProblemCase","","Wed Jul 08 15:23:50 UTC 2026","passed","Wed Jul 08 15:23:50 UTC 2026","","eu.esdihumboldt.cst.functions.geometric.test.InteriorPointTest","eu.esdihumboldt.cst.functions.geometric.test.InteriorPointTest","testProblemCase"
"","33831","testReferenceWriting","","Wed Jul 08 15:28:11 UTC 2026","passed","Wed Jul 08 15:28:45 UTC 2026","","eu.esdihumboldt.hale.io.jdbc.postgresql.test.AutoGenKeyReferenceIT","eu.esdihumboldt.hale.io.jdbc.postgresql.test.AutoGenKeyReferenceIT","testReferenceWriting"
"","1","testStoreRestoreDefault","","Wed Jul 08 15:21:36 UTC 2026","passed","Wed Jul 08 15:21:36 UTC 2026","","eu.esdihumboldt.hale.common.schema.model.constraint.factory.DisplayNameFactoryTest","eu.esdihumboldt.hale.common.schema.model.constraint.factory.DisplayNameFactoryTest","testStoreRestoreDefault"
"","1","testCircle","","Wed Jul 08 15:33:01 UTC 2026","passed","Wed Jul 08 15:33:01 UTC 2026","","eu.esdihumboldt.util.geometry.interpolation.model.impl.ArcByPointsImplTest","eu.esdihumboldt.util.geometry.interpolation.model.impl.ArcByPointsImplTest","testCircle"
"","3","testIntKeys","","Wed Jul 08 15:24:12 UTC 2026","passed","Wed Jul 08 15:24:12 UTC 2026","","eu.esdihumboldt.cst.functions.groovy.helpers.util.CollectorTest","eu.esdihumboldt.cst.functions.groovy.helpers.util.CollectorTest","testIntKeys"
"","5","testHalfCircle","","Wed Jul 08 15:33:01 UTC 2026","passed","Wed Jul 08 15:33:01 UTC 2026","","eu.esdihumboldt.util.geometry.interpolation.split.SplitInterpolationTest","eu.esdihumboldt.util.geometry.interpolation.split.SplitInterpolationTest","testHalfCircle"
"","4","testNullList","","Wed Jul 08 15:19:51 UTC 2026","passed","Wed Jul 08 15:19:51 UTC 2026","","eu.esdihumboldt.hale.common.filter.ECQLFilterTest","eu.esdihumboldt.hale.common.filter.ECQLFilterTest","testNullList"
"","22","testRead_definitive_choice","","Wed Jul 08 15:32:30 UTC 2026","passed","Wed Jul 08 15:32:30 UTC 2026","","eu.esdihumboldt.hale.io.xsd.reader.XmlSchemaReaderTest","eu.esdihumboldt.hale.io.xsd.reader.XmlSchemaReaderTest","testRead_definitive_choice"
"","4502","testTransformXml","","Wed Jul 08 15:16:41 UTC 2026","passed","Wed Jul 08 15:16:46 UTC 2026","","eu.esdihumboldt.hale.app.transform.test.ExecuteTest","eu.esdihumboldt.hale.app.transform.test.ExecuteTest","testTransformXml"
"","73","testCardinalityMove","","Wed Jul 08 15:23:10 UTC 2026","passed","Wed Jul 08 15:23:10 UTC 2026","","eu.esdihumboldt.cst.internal.ConceptualSchemaTransformerTest","eu.esdihumboldt.cst.internal.ConceptualSchemaTransformerTest","testCardinalityMove"
"","210","testTypeFilter6","","Wed Jul 08 15:18:45 UTC 2026","passed","Wed Jul 08 15:18:45 UTC 2026","","eu.esdihumboldt.hale.common.align.merge.test.impl.DefaultMergeCellMigratorTest","eu.esdihumboldt.hale.common.align.merge.test.impl.DefaultMergeCellMigratorTest","testTypeFilter6"
"","111","testTypeFilter","","Wed Jul 08 15:23:11 UTC 2026","passed","Wed Jul 08 15:23:12 UTC 2026","","eu.esdihumboldt.cst.internal.ConceptualSchemaTransformerTest","eu.esdihumboldt.cst.internal.ConceptualSchemaTransformerTest","testTypeFilter"
"","1","testRead4","","Wed Jul 08 15:24:53 UTC 2026","passed","Wed Jul 08 15:24:53 UTC 2026","","eu.esdihumboldt.hale.io.csv.CSVSchemaReaderTest","eu.esdihumboldt.hale.io.csv.CSVSchemaReaderTest","testRead4"
"","5","testInstanceNullSchema","","Wed Jul 08 15:19:51 UTC 2026","passed","Wed Jul 08 15:19:51 UTC 2026","","eu.esdihumboldt.hale.common.filter.ECQLFilterTest","eu.esdihumboldt.hale.common.filter.ECQLFilterTest","testInstanceNullSchema"
"","14285","migrateRenameFormattedString","","Wed Jul 08 15:24:17 UTC 2026","passed","Wed Jul 08 15:24:31 UTC 2026","","eu.esdihumboldt.hale.adv.merge.test.AdVMeasurementMergeTest","eu.esdihumboldt.hale.adv.merge.test.AdVMeasurementMergeTest","migrateRenameFormattedString"
"","491","testReadInstancesXsdGmlConflict","","Wed Jul 08 15:25:39 UTC 2026","passed","Wed Jul 08 15:25:39 UTC 2026","","eu.esdihumboldt.hale.io.geopackage.GeopackageInstanceReaderTest","eu.esdihumboldt.hale.io.geopackage.GeopackageInstanceReaderTest","testReadInstancesXsdGmlConflict"
"","0","testCurve","","Wed Jul 08 15:23:50 UTC 2026","passed","Wed Jul 08 15:23:50 UTC 2026","","eu.esdihumboldt.cst.functions.geometric.test.InteriorPointTest","eu.esdihumboldt.cst.functions.geometric.test.InteriorPointTest","testCurve"
"","0","testFootprint2","","Wed Jul 08 15:23:50 UTC 2026","passed","Wed Jul 08 15:23:50 UTC 2026","","eu.esdihumboldt.cst.functions.geometric.test.InteriorPointTest","eu.esdihumboldt.cst.functions.geometric.test.InteriorPointTest","testFootprint2"
"","4","testInstanceNoValueNullNoSchema","","Wed Jul 08 15:19:51 UTC 2026","passed","Wed Jul 08 15:19:51 UTC 2026","","eu.esdihumboldt.hale.common.filter.ECQLFilterTest","eu.esdihumboldt.hale.common.filter.ECQLFilterTest","testInstanceNoValueNullNoSchema"
"","21","testRead_shiporder_unqualified","","Wed Jul 08 15:32:30 UTC 2026","passed","Wed Jul 08 15:32:30 UTC 2026","","eu.esdihumboldt.hale.io.xsd.reader.XmlSchemaReaderTest","eu.esdihumboldt.hale.io.xsd.reader.XmlSchemaReaderTest","testRead_shiporder_unqualified"
"","1","testRead3","","Wed Jul 08 15:24:53 UTC 2026","passed","Wed Jul 08 15:24:53 UTC 2026","","eu.esdihumboldt.hale.io.csv.CSVSchemaReaderTest","eu.esdihumboldt.hale.io.csv.CSVSchemaReaderTest","testRead3"
"","12","testNumber","","Wed Jul 08 15:19:50 UTC 2026","passed","Wed Jul 08 15:19:50 UTC 2026","","eu.esdihumboldt.hale.common.filter.CQLFilterTest","eu.esdihumboldt.hale.common.filter.CQLFilterTest","testNumber"
"","3646","testMsAccessSchemaReaderForMdbTest","","Wed Jul 08 15:27:56 UTC 2026","passed","Wed Jul 08 15:28:00 UTC 2026","","eu.esdihumboldt.hale.io.jdbc.msaccess.reader.MsAccessInstanceReaderTest","eu.esdihumboldt.hale.io.jdbc.msaccess.reader.MsAccessInstanceReaderTest","testMsAccessSchemaReaderForMdbTest"
"","7","testLikeList","","Wed Jul 08 15:19:50 UTC 2026","passed","Wed Jul 08 15:19:50 UTC 2026","","eu.esdihumboldt.hale.common.filter.CQLFilterTest","eu.esdihumboldt.hale.common.filter.CQLFilterTest","testLikeList"
"","3","testByPoints1AllGrid","","Wed Jul 08 15:33:01 UTC 2026","passed","Wed Jul 08 15:33:01 UTC 2026","","eu.esdihumboldt.util.geometry.interpolation.grid.GridInterpolationTest","eu.esdihumboldt.util.geometry.interpolation.grid.GridInterpolationTest","testByPoints1AllGrid"
"","7","testNestedListMap","","Wed Jul 08 15:33:16 UTC 2026","passed","Wed Jul 08 15:33:16 UTC 2026","","eu.esdihumboldt.util.groovy.json.JsonStreamBuilderTest","eu.esdihumboldt.util.groovy.json.JsonStreamBuilderTest","testNestedListMap"
"","111","testPropertyCondition2","","Wed Jul 08 15:23:10 UTC 2026","passed","Wed Jul 08 15:23:10 UTC 2026","","eu.esdihumboldt.cst.internal.ConceptualSchemaTransformerTest","eu.esdihumboldt.cst.internal.ConceptualSchemaTransformerTest","testPropertyCondition2"
"","21","testInvalidKey1","","Wed Jul 08 15:32:51 UTC 2026","passed","Wed Jul 08 15:32:51 UTC 2026","","eu.esdihumboldt.util.config.ConfigTest","eu.esdihumboldt.util.config.ConfigTest","testInvalidKey1"
"","6","testReadSimplePolygon","","Wed Jul 08 15:30:01 UTC 2026","passed","Wed Jul 08 15:30:01 UTC 2026","","eu.esdihumboldt.hale.io.json.test.JsonToInstanceTest","eu.esdihumboldt.hale.io.json.test.JsonToInstanceTest","testReadSimplePolygon"
"","1","testRead","","Wed Jul 08 15:24:53 UTC 2026","passed","Wed Jul 08 15:24:53 UTC 2026","","eu.esdihumboldt.hale.io.csv.CSVSchemaReaderTest","eu.esdihumboldt.hale.io.csv.CSVSchemaReaderTest","testRead"
"","0","testInputLookupAndConsume","","Wed Jul 08 15:19:32 UTC 2026","passed","Wed Jul 08 15:19:32 UTC 2026","","eu.esdihumboldt.hale.common.core.io.supplier.LookupStreamResourceTest","eu.esdihumboldt.hale.common.core.io.supplier.LookupStreamResourceTest","testInputLookupAndConsume"
"","659","testInvalidMaxNodes","","Wed Jul 08 15:33:01 UTC 2026","passed","Wed Jul 08 15:33:02 UTC 2026","","eu.esdihumboldt.util.geometry.quadtree.QuadtreeTest","eu.esdihumboldt.util.geometry.quadtree.QuadtreeTest","testInvalidMaxNodes"
"","91","testCMMulti2","","Wed Jul 08 15:23:09 UTC 2026","passed","Wed Jul 08 15:23:09 UTC 2026","","eu.esdihumboldt.cst.internal.ConceptualSchemaTransformerTest","eu.esdihumboldt.cst.internal.ConceptualSchemaTransformerTest","testCMMulti2"
"","3914","testTransform","","Wed Jul 08 15:17:34 UTC 2026","passed","Wed Jul 08 15:17:38 UTC 2026","","eu.esdihumboldt.hale.app.transform.test.ExecuteTest","eu.esdihumboldt.hale.app.transform.test.ExecuteTest","testTransform"
"","517","testReadVersion3","","Wed Jul 08 15:29:37 UTC 2026","passed","Wed Jul 08 15:29:37 UTC 2026","","eu.esdihumboldt.hale.io.jdbc.spatialite.reader.internal.SpatiaLiteInstanceReaderTest","eu.esdihumboldt.hale.io.jdbc.spatialite.reader.internal.SpatiaLiteInstanceReaderTest","testReadVersion3"
"","1","testDisabled","","Wed Jul 08 15:21:36 UTC 2026","passed","Wed Jul 08 15:21:36 UTC 2026","","eu.esdihumboldt.hale.common.schema.model.constraint.factory.type.HasValueFlagFactoryTest","eu.esdihumboldt.hale.common.schema.model.constraint.factory.type.HasValueFlagFactoryTest","testDisabled"
"","4212","testExcludeTypeForHydro","","Wed Jul 08 15:17:15 UTC 2026","passed","Wed Jul 08 15:17:19 UTC 2026","","eu.esdihumboldt.hale.app.transform.test.ExecuteTest","eu.esdihumboldt.hale.app.transform.test.ExecuteTest","testExcludeTypeForHydro"
"","10527","testSha256_String","","Wed Jul 08 15:24:00 UTC 2026","passed","Wed Jul 08 15:24:11 UTC 2026","","eu.esdihumboldt.cst.functions.groovy.helpers.CryptoHelpersTest","eu.esdihumboldt.cst.functions.groovy.helpers.CryptoHelpersTest","testSha256_String"
"","81","testPropertyFilter","","Wed Jul 08 15:23:11 UTC 2026","passed","Wed Jul 08 15:23:11 UTC 2026","","eu.esdihumboldt.cst.internal.ConceptualSchemaTransformerTest","eu.esdihumboldt.cst.internal.ConceptualSchemaTransformerTest","testPropertyFilter"
"","92","testSimpleMerge","","Wed Jul 08 15:23:08 UTC 2026","passed","Wed Jul 08 15:23:08 UTC 2026","","eu.esdihumboldt.cst.internal.ConceptualSchemaTransformerTest","eu.esdihumboldt.cst.internal.ConceptualSchemaTransformerTest","testSimpleMerge"
"","4","testMixedKeys","","Wed Jul 08 15:24:12 UTC 2026","passed","Wed Jul 08 15:24:12 UTC 2026","","eu.esdihumboldt.cst.functions.groovy.helpers.util.CollectorTest","eu.esdihumboldt.cst.functions.groovy.helpers.util.CollectorTest","testMixedKeys"
"","1","testSimple","","Wed Jul 08 15:32:51 UTC 2026","passed","Wed Jul 08 15:32:51 UTC 2026","","eu.esdihumboldt.util.config.ConfigMergerTest","eu.esdihumboldt.util.config.ConfigMergerTest","testSimple"
"","5","testBefore","","Wed Jul 08 15:19:51 UTC 2026","passed","Wed Jul 08 15:19:51 UTC 2026","","eu.esdihumboldt.hale.common.filter.ECQLFilterTest","eu.esdihumboldt.hale.common.filter.ECQLFilterTest","testBefore"
"","1","testRange","","Wed Jul 08 15:21:56 UTC 2026","passed","Wed Jul 08 15:21:56 UTC 2026","","eu.esdihumboldt.hale.common.schema.groovy.constraints.CardinalityFactoryTest","eu.esdihumboldt.hale.common.schema.groovy.constraints.CardinalityFactoryTest","testRange"
"","62","testPolygon","","Wed Jul 08 15:21:56 UTC 2026","passed","Wed Jul 08 15:21:56 UTC 2026","","eu.esdihumboldt.hale.common.schema.groovy.constraints.GeometryFactoryTest","eu.esdihumboldt.hale.common.schema.groovy.constraints.GeometryFactoryTest","testPolygon"
"","66","testGenerateUID","","Wed Jul 08 15:23:10 UTC 2026","passed","Wed Jul 08 15:23:10 UTC 2026","","eu.esdihumboldt.cst.internal.ConceptualSchemaTransformerTest","eu.esdihumboldt.cst.internal.ConceptualSchemaTransformerTest","testGenerateUID"
"","103","testPropertyCondition1","","Wed Jul 08 15:23:10 UTC 2026","passed","Wed Jul 08 15:23:10 UTC 2026","","eu.esdihumboldt.cst.internal.ConceptualSchemaTransformerTest","eu.esdihumboldt.cst.internal.ConceptualSchemaTransformerTest","testPropertyCondition1"
"","5","testGetReferencesNested","","Wed Jul 08 15:19:51 UTC 2026","passed","Wed Jul 08 15:19:51 UTC 2026","","eu.esdihumboldt.hale.common.filter.ECQLFilterTest","eu.esdihumboldt.hale.common.filter.ECQLFilterTest","testGetReferencesNested"
"","5","testEqualitySimpleNoSchema","","Wed Jul 08 15:19:50 UTC 2026","passed","Wed Jul 08 15:19:50 UTC 2026","","eu.esdihumboldt.hale.common.filter.CQLFilterTest","eu.esdihumboldt.hale.common.filter.CQLFilterTest","testEqualitySimpleNoSchema"
"","0","testInstanceNoValueExistsSchema","","Wed Jul 08 15:19:51 UTC 2026","skipped","Wed Jul 08 15:19:51 UTC 2026","","eu.esdihumboldt.hale.common.filter.ECQLFilterTest","eu.esdihumboldt.hale.common.filter.ECQLFilterTest","testInstanceNoValueExistsSchema"
"","6","testGeoJson","","Wed Jul 08 15:30:01 UTC 2026","passed","Wed Jul 08 15:30:01 UTC 2026","","eu.esdihumboldt.hale.io.json.test.JsonSchemaReaderTest","eu.esdihumboldt.hale.io.json.test.JsonSchemaReaderTest","testGeoJson"
"","196","testFilterSame1","","Wed Jul 08 15:18:42 UTC 2026","passed","Wed Jul 08 15:18:42 UTC 2026","","eu.esdihumboldt.hale.common.align.merge.test.impl.DefaultMergeCellMigratorTest","eu.esdihumboldt.hale.common.align.merge.test.impl.DefaultMergeCellMigratorTest","testFilterSame1"
"","315","testGeometryAggregate_32_Point","","Wed Jul 08 15:26:59 UTC 2026","passed","Wed Jul 08 15:26:59 UTC 2026","","eu.esdihumboldt.hale.io.gml.writer.internal.StreamGmlWriterTest","eu.esdihumboldt.hale.io.gml.writer.internal.StreamGmlWriterTest","testGeometryAggregate_32_Point"
"","0","testFormatter[7]","","Wed Jul 08 15:32:56 UTC 2026","passed","Wed Jul 08 15:32:56 UTC 2026","","eu.esdihumboldt.util.geometry.DecimalFormatUtilTest","eu.esdihumboldt.util.geometry.DecimalFormatUtilTest","testFormatter[7]"
"","45","testOffsetBig","","Wed Jul 08 15:33:01 UTC 2026","passed","Wed Jul 08 15:33:01 UTC 2026","","eu.esdihumboldt.util.geometry.interpolation.grid.GridInterpolationTest","eu.esdihumboldt.util.geometry.interpolation.grid.GridInterpolationTest","testOffsetBig"
"","1","testFormatter[4]","","Wed Jul 08 15:32:56 UTC 2026","passed","Wed Jul 08 15:32:56 UTC 2026","","eu.esdihumboldt.util.geometry.DecimalFormatUtilTest","eu.esdihumboldt.util.geometry.DecimalFormatUtilTest","testFormatter[4]"
"","0","testChoice","","Wed Jul 08 15:23:11 UTC 2026","skipped","Wed Jul 08 15:23:11 UTC 2026","","eu.esdihumboldt.cst.internal.ConceptualSchemaTransformerTest","eu.esdihumboldt.cst.internal.ConceptualSchemaTransformerTest","testChoice"
"","0","testFootprint3","","Wed Jul 08 15:23:50 UTC 2026","passed","Wed Jul 08 15:23:50 UTC 2026","","eu.esdihumboldt.cst.functions.geometric.test.InteriorPointTest","eu.esdihumboldt.cst.functions.geometric.test.InteriorPointTest","testFootprint3"
"","7","testReadDefaultTypeOverride","","Wed Jul 08 15:30:01 UTC 2026","passed","Wed Jul 08 15:30:01 UTC 2026","","eu.esdihumboldt.hale.io.json.test.JsonInstanceReaderTest","eu.esdihumboldt.hale.io.json.test.JsonInstanceReaderTest","testReadDefaultTypeOverride"
"","184","testGroovyWarningMergeTarget","","Wed Jul 08 15:18:46 UTC 2026","passed","Wed Jul 08 15:18:47 UTC 2026","","eu.esdihumboldt.hale.common.align.merge.test.impl.DefaultMergeCellMigratorTest","eu.esdihumboldt.hale.common.align.merge.test.impl.DefaultMergeCellMigratorTest","testGroovyWarningMergeTarget"
"","1","testOptional","","Wed Jul 08 15:21:36 UTC 2026","passed","Wed Jul 08 15:21:36 UTC 2026","","eu.esdihumboldt.hale.common.schema.model.constraint.factory.property.CardinalityFactoryTest","eu.esdihumboldt.hale.common.schema.model.constraint.factory.property.CardinalityFactoryTest","testOptional"
"","20","testEnabled","","Wed Jul 08 15:21:36 UTC 2026","passed","Wed Jul 08 15:21:36 UTC 2026","","eu.esdihumboldt.hale.common.schema.model.constraint.factory.type.MappingRelevantFlagFactoryTest","eu.esdihumboldt.hale.common.schema.model.constraint.factory.type.MappingRelevantFlagFactoryTest","testEnabled"
"","9","testGeoIntersects","","Wed Jul 08 15:19:51 UTC 2026","passed","Wed Jul 08 15:19:51 UTC 2026","","eu.esdihumboldt.hale.common.filter.ECQLFilterTest","eu.esdihumboldt.hale.common.filter.ECQLFilterTest","testGeoIntersects"
"","17","testGmlUnresolvableReferences","","Wed Jul 08 15:20:23 UTC 2026","passed","Wed Jul 08 15:20:23 UTC 2026","","eu.esdihumboldt.hale.common.instance.graph.test.ReferenceGraphTest","eu.esdihumboldt.hale.common.instance.graph.test.ReferenceGraphTest","testGmlUnresolvableReferences"
"","48","testGmlOverflow3","","Wed Jul 08 15:20:22 UTC 2026","passed","Wed Jul 08 15:20:22 UTC 2026","","eu.esdihumboldt.hale.common.instance.graph.test.ReferenceGraphTest","eu.esdihumboldt.hale.common.instance.graph.test.ReferenceGraphTest","testGmlOverflow3"
"","7","testInstanceNoValueNullNoSchema","","Wed Jul 08 15:19:50 UTC 2026","passed","Wed Jul 08 15:19:50 UTC 2026","","eu.esdihumboldt.hale.common.filter.CQLFilterTest","eu.esdihumboldt.hale.common.filter.CQLFilterTest","testInstanceNoValueNullNoSchema"
"","3","testTypeBinding","","Wed Jul 08 15:21:36 UTC 2026","passed","Wed Jul 08 15:21:36 UTC 2026","","eu.esdihumboldt.hale.common.schema.model.constraint.factory.type.ElementTypeFactoryTest","eu.esdihumboldt.hale.common.schema.model.constraint.factory.type.ElementTypeFactoryTest","testTypeBinding"
"","1","testDefault","","Wed Jul 08 15:21:36 UTC 2026","passed","Wed Jul 08 15:21:36 UTC 2026","","eu.esdihumboldt.hale.common.schema.model.constraint.factory.type.MappableFlagFactoryTest","eu.esdihumboldt.hale.common.schema.model.constraint.factory.type.MappableFlagFactoryTest","testDefault"
"","17","testBackwardCompatibilityRead","","Wed Jul 08 15:32:10 UTC 2026","passed","Wed Jul 08 15:32:10 UTC 2026","","eu.esdihumboldt.hale.io.xls.test.reader.XLSReaderTest","eu.esdihumboldt.hale.io.xls.test.reader.XLSReaderTest","testBackwardCompatibilityRead"
"","1","testQ2","","Wed Jul 08 15:33:01 UTC 2026","passed","Wed Jul 08 15:33:01 UTC 2026","","eu.esdihumboldt.util.geometry.interpolation.grid.GridUtilTest","eu.esdihumboldt.util.geometry.interpolation.grid.GridUtilTest","testQ2"
"","1","testUnifyWOHoles","","Wed Jul 08 15:33:00 UTC 2026","passed","Wed Jul 08 15:33:00 UTC 2026","","eu.esdihumboldt.util.geometry.WindingOrderTest","eu.esdihumboldt.util.geometry.WindingOrderTest","testUnifyWOHoles"
"","0","testExistsSchema","","Wed Jul 08 15:19:51 UTC 2026","skipped","Wed Jul 08 15:19:51 UTC 2026","","eu.esdihumboldt.hale.common.filter.ECQLFilterTest","eu.esdihumboldt.hale.common.filter.ECQLFilterTest","testExistsSchema"
"","105","testRetypeConditionRenameTypeInherited","","Wed Jul 08 15:18:51 UTC 2026","passed","Wed Jul 08 15:18:51 UTC 2026","","eu.esdihumboldt.hale.common.align.merge.test.impl.JoinRetainConditionsTest","eu.esdihumboldt.hale.common.align.merge.test.impl.JoinRetainConditionsTest","testRetypeConditionRenameTypeInherited"
"","82","testFormatstring","","Wed Jul 08 15:23:10 UTC 2026","passed","Wed Jul 08 15:23:10 UTC 2026","","eu.esdihumboldt.cst.internal.ConceptualSchemaTransformerTest","eu.esdihumboldt.cst.internal.ConceptualSchemaTransformerTest","testFormatstring"
"","0","testCMUnion2","","Wed Jul 08 15:22:57 UTC 2026","skipped","Wed Jul 08 15:22:57 UTC 2026","","eu.esdihumboldt.cst.internal.ConceptualSchemaTransformerTest","eu.esdihumboldt.cst.internal.ConceptualSchemaTransformerTest","testCMUnion2"
"","5","testNumberBetweenList","","Wed Jul 08 15:19:51 UTC 2026","passed","Wed Jul 08 15:19:51 UTC 2026","","eu.esdihumboldt.hale.common.filter.ECQLFilterTest","eu.esdihumboldt.hale.common.filter.ECQLFilterTest","testNumberBetweenList"
"","2","testBackwardCompatibilityRead","","Wed Jul 08 15:24:53 UTC 2026","passed","Wed Jul 08 15:24:53 UTC 2026","","eu.esdihumboldt.hale.io.csv.CSVInstanceReaderTest","eu.esdihumboldt.hale.io.csv.CSVInstanceReaderTest","testBackwardCompatibilityRead"
"","347","basicClassesAllowed","","Wed Jul 08 15:33:35 UTC 2026","passed","Wed Jul 08 15:33:35 UTC 2026","","eu.esdihumboldt.util.groovy.sandbox.test.internal.GroovySandboxTest","eu.esdihumboldt.util.groovy.sandbox.test.internal.GroovySandboxTest","basicClassesAllowed"
"","4","testByPoints2AllGrid","","Wed Jul 08 15:33:01 UTC 2026","passed","Wed Jul 08 15:33:01 UTC 2026","","eu.esdihumboldt.util.geometry.interpolation.grid.GridInterpolationTest","eu.esdihumboldt.util.geometry.interpolation.grid.GridInterpolationTest","testByPoints2AllGrid"
"","6","testEqualityList","","Wed Jul 08 15:19:51 UTC 2026","passed","Wed Jul 08 15:19:51 UTC 2026","","eu.esdihumboldt.hale.common.filter.ECQLFilterTest","eu.esdihumboldt.hale.common.filter.ECQLFilterTest","testEqualityList"
"","7993","testBothWays","","Wed Jul 08 15:32:18 UTC 2026","passed","Wed Jul 08 15:32:26 UTC 2026","","eu.esdihumboldt.hale.io.xsd.anytype.valuetypes.CustomTypeContentAssociationTypeTest","eu.esdihumboldt.hale.io.xsd.anytype.valuetypes.CustomTypeContentAssociationTypeTest","testBothWays"
"","3108","testFiltersForMultiType4","","Wed Jul 08 15:17:04 UTC 2026","passed","Wed Jul 08 15:17:07 UTC 2026","","eu.esdihumboldt.hale.app.transform.test.ExecuteTest","eu.esdihumboldt.hale.app.transform.test.ExecuteTest","testFiltersForMultiType4"
"","110","testRegexAnalysis","","Wed Jul 08 15:23:11 UTC 2026","passed","Wed Jul 08 15:23:11 UTC 2026","","eu.esdihumboldt.cst.internal.ConceptualSchemaTransformerTest","eu.esdihumboldt.cst.internal.ConceptualSchemaTransformerTest","testRegexAnalysis"
"","2","testName","","Wed Jul 08 15:21:56 UTC 2026","passed","Wed Jul 08 15:21:56 UTC 2026","","eu.esdihumboldt.hale.common.schema.groovy.constraints.DisplayNameFactoryTest","eu.esdihumboldt.hale.common.schema.groovy.constraints.DisplayNameFactoryTest","testName"
"","14","testEnabled","","Wed Jul 08 15:21:36 UTC 2026","passed","Wed Jul 08 15:21:36 UTC 2026","","eu.esdihumboldt.hale.common.schema.model.constraint.factory.type.MappableFlagFactoryTest","eu.esdihumboldt.hale.common.schema.model.constraint.factory.type.MappableFlagFactoryTest","testEnabled"
"","13","testExportNullTargetValue","","Wed Jul 08 15:25:04 UTC 2026","passed","Wed Jul 08 15:25:04 UTC 2026","","eu.esdihumboldt.hale.io.csv.writer.CSVLookupWriterTest","eu.esdihumboldt.hale.io.csv.writer.CSVLookupWriterTest","testExportNullTargetValue"
"","116","testCMMulti3","","Wed Jul 08 15:23:09 UTC 2026","passed","Wed Jul 08 15:23:09 UTC 2026","","eu.esdihumboldt.cst.internal.ConceptualSchemaTransformerTest","eu.esdihumboldt.cst.internal.ConceptualSchemaTransformerTest","testCMMulti3"
"","5","testWith","","Wed Jul 08 15:23:50 UTC 2026","passed","Wed Jul 08 15:23:50 UTC 2026","","eu.esdihumboldt.cst.functions.geometric.test.GeometryHelperFunctionsTest","eu.esdihumboldt.cst.functions.geometric.test.GeometryHelperFunctionsTest","testWith"
"","84","testWriteMultiSchemasWithDifferentGeometryTypes","","Wed Jul 08 15:31:11 UTC 2026","passed","Wed Jul 08 15:31:11 UTC 2026","","eu.esdihumboldt.hale.io.shp.ShapefileInstanceWriterTest","eu.esdihumboldt.hale.io.shp.ShapefileInstanceWriterTest","testWriteMultiSchemasWithDifferentGeometryTypes"
"","18618","testExportPropertyJoin","","Wed Jul 08 15:27:25 UTC 2026","passed","Wed Jul 08 15:27:44 UTC 2026","","eu.esdihumboldt.hale.io.html.svg.MappingExporterTest","eu.esdihumboldt.hale.io.html.svg.MappingExporterTest","testExportPropertyJoin"
"","0","testHasNext2","","Wed Jul 08 15:33:42 UTC 2026","skipped","Wed Jul 08 15:33:42 UTC 2026","","eu.esdihumboldt.util.orient.embedded.BrowseClassIterateTest","eu.esdihumboldt.util.orient.embedded.BrowseClassIterateTest","testHasNext2"
"","110","testRetypeConditionRenameTypeFilteredTranslated","","Wed Jul 08 15:18:51 UTC 2026","passed","Wed Jul 08 15:18:51 UTC 2026","","eu.esdihumboldt.hale.common.align.merge.test.impl.JoinRetainConditionsTest","eu.esdihumboldt.hale.common.align.merge.test.impl.JoinRetainConditionsTest","testRetypeConditionRenameTypeFilteredTranslated"
"","329","testGeometryPrimitive_32_MultiPolygon_WindingOrder","","Wed Jul 08 15:26:58 UTC 2026","passed","Wed Jul 08 15:26:59 UTC 2026","","eu.esdihumboldt.hale.io.gml.writer.internal.StreamGmlWriterTest","eu.esdihumboldt.hale.io.gml.writer.internal.StreamGmlWriterTest","testGeometryPrimitive_32_MultiPolygon_WindingOrder"
"","2","testInvalidKey2","","Wed Jul 08 15:32:51 UTC 2026","passed","Wed Jul 08 15:32:51 UTC 2026","","eu.esdihumboldt.util.config.ConfigTest","eu.esdihumboldt.util.config.ConfigTest","testInvalidKey2"
"","2651","testReadXsdInstances","","Wed Jul 08 15:30:51 UTC 2026","passed","Wed Jul 08 15:30:53 UTC 2026","","eu.esdihumboldt.hale.io.shp.ShapeInstanceReaderTest","eu.esdihumboldt.hale.io.shp.ShapeInstanceReaderTest","testReadXsdInstances"
"","68","testMerge","","Wed Jul 08 15:19:32 UTC 2026","passed","Wed Jul 08 15:19:32 UTC 2026","","eu.esdihumboldt.hale.common.core.report.util.StatsMergeTest","eu.esdihumboldt.hale.common.core.report.util.StatsMergeTest","testMerge"
"","1","testMerge3","","Wed Jul 08 15:19:32 UTC 2026","passed","Wed Jul 08 15:19:32 UTC 2026","","eu.esdihumboldt.hale.common.core.report.util.StatsMergeTest","eu.esdihumboldt.hale.common.core.report.util.StatsMergeTest","testMerge3"
"","0","testFormatter[10]","","Wed Jul 08 15:32:56 UTC 2026","passed","Wed Jul 08 15:32:56 UTC 2026","","eu.esdihumboldt.util.geometry.DecimalFormatUtilTest","eu.esdihumboldt.util.geometry.DecimalFormatUtilTest","testFormatter[10]"
"","67","testGeoIntersects","","Wed Jul 08 15:19:50 UTC 2026","passed","Wed Jul 08 15:19:50 UTC 2026","","eu.esdihumboldt.hale.common.filter.CQLFilterTest","eu.esdihumboldt.hale.common.filter.CQLFilterTest","testGeoIntersects"
"","3547","testArgsFileForHydro","","Wed Jul 08 15:17:27 UTC 2026","passed","Wed Jul 08 15:17:31 UTC 2026","","eu.esdihumboldt.hale.app.transform.test.ExecuteTest","eu.esdihumboldt.hale.app.transform.test.ExecuteTest","testArgsFileForHydro"
"","1958","testCount","","Wed Jul 08 15:33:39 UTC 2026","passed","Wed Jul 08 15:33:41 UTC 2026","","eu.esdihumboldt.util.orient.embedded.BrowseClassIterateTest","eu.esdihumboldt.util.orient.embedded.BrowseClassIterateTest","testCount"
"","0","testUnifyCCWSimple","","Wed Jul 08 15:33:00 UTC 2026","passed","Wed Jul 08 15:33:00 UTC 2026","","eu.esdihumboldt.util.geometry.WindingOrderTest","eu.esdihumboldt.util.geometry.WindingOrderTest","testUnifyCCWSimple"
"","0","testInstanceExistsSchema","","Wed Jul 08 15:19:50 UTC 2026","skipped","Wed Jul 08 15:19:50 UTC 2026","","eu.esdihumboldt.hale.common.filter.CQLFilterTest","eu.esdihumboldt.hale.common.filter.CQLFilterTest","testInstanceExistsSchema"
"","18","testReadVersion4","","Wed Jul 08 15:29:38 UTC 2026","passed","Wed Jul 08 15:29:38 UTC 2026","","eu.esdihumboldt.hale.io.jdbc.spatialite.reader.internal.SpatiaLiteInstanceReaderTest","eu.esdihumboldt.hale.io.jdbc.spatialite.reader.internal.SpatiaLiteInstanceReaderTest","testReadVersion4"
"","1238","testBaseNameFromURL","","Wed Jul 08 15:31:05 UTC 2026","passed","Wed Jul 08 15:31:07 UTC 2026","","eu.esdihumboldt.hale.io.shp.ShapeInstanceReaderTest","eu.esdihumboldt.hale.io.shp.ShapeInstanceReaderTest","testBaseNameFromURL"
"","385","testJoinsCondition","","Wed Jul 08 15:18:49 UTC 2026","passed","Wed Jul 08 15:18:49 UTC 2026","","eu.esdihumboldt.hale.common.align.merge.test.impl.JoinFocusRetainConditionTest","eu.esdihumboldt.hale.common.align.merge.test.impl.JoinFocusRetainConditionTest","testJoinsCondition"
"","70","testReadMultiSheetDetectType","","Wed Jul 08 15:32:09 UTC 2026","passed","Wed Jul 08 15:32:09 UTC 2026","","eu.esdihumboldt.hale.io.xls.test.reader.XLSReaderTest","eu.esdihumboldt.hale.io.xls.test.reader.XLSReaderTest","testReadMultiSheetDetectType"
"","29","testClass","","Wed Jul 08 15:21:56 UTC 2026","passed","Wed Jul 08 15:21:56 UTC 2026","","eu.esdihumboldt.hale.common.schema.groovy.constraints.BindingFactoryTest","eu.esdihumboldt.hale.common.schema.groovy.constraints.BindingFactoryTest","testClass"
"","1285","testShapefileInstanceFromNginxUrlWithoutFixFile","","Wed Jul 08 15:31:03 UTC 2026","passed","Wed Jul 08 15:31:04 UTC 2026","","eu.esdihumboldt.hale.io.shp.ShapeInstanceReaderTest","eu.esdihumboldt.hale.io.shp.ShapeInstanceReaderTest","testShapefileInstanceFromNginxUrlWithoutFixFile"
"","313","testGroovy2","","Wed Jul 08 15:22:58 UTC 2026","passed","Wed Jul 08 15:22:59 UTC 2026","","eu.esdihumboldt.cst.internal.ConceptualSchemaTransformerTest","eu.esdihumboldt.cst.internal.ConceptualSchemaTransformerTest","testGroovy2"
"","41","testBothWays","","Wed Jul 08 15:32:27 UTC 2026","passed","Wed Jul 08 15:32:27 UTC 2026","","eu.esdihumboldt.hale.io.xsd.anytype.valuetypes.CustomTypeContentConfigurationTypeTest","eu.esdihumboldt.hale.io.xsd.anytype.valuetypes.CustomTypeContentConfigurationTypeTest","testBothWays"
"","0","testExistsNoSchema","","Wed Jul 08 15:19:50 UTC 2026","skipped","Wed Jul 08 15:19:50 UTC 2026","","eu.esdihumboldt.hale.common.filter.CQLFilterTest","eu.esdihumboldt.hale.common.filter.CQLFilterTest","testExistsNoSchema"
"","18","testReadArrayNested","","Wed Jul 08 15:30:01 UTC 2026","passed","Wed Jul 08 15:30:01 UTC 2026","","eu.esdihumboldt.hale.io.json.test.JsonToInstanceTest","eu.esdihumboldt.hale.io.json.test.JsonToInstanceTest","testReadArrayNested"
"","2","testNested","","Wed Jul 08 15:32:51 UTC 2026","passed","Wed Jul 08 15:32:51 UTC 2026","","eu.esdihumboldt.util.config.ConfigMergerTest","eu.esdihumboldt.util.config.ConfigMergerTest","testNested"
"","7","testLoadWFS11Capabilities","","Wed Jul 08 15:31:47 UTC 2026","passed","Wed Jul 08 15:31:47 UTC 2026","","eu.esdihumboldt.hale.io.wfs.test.capabilities.CapabilitiesHelperTest","eu.esdihumboldt.hale.io.wfs.test.capabilities.CapabilitiesHelperTest","testLoadWFS11Capabilities"
"","0","testPropertiesUnMix","","Wed Jul 08 15:22:54 UTC 2026","skipped","Wed Jul 08 15:22:54 UTC 2026","","eu.esdihumboldt.cst.internal.ConceptualSchemaTransformerTest","eu.esdihumboldt.cst.internal.ConceptualSchemaTransformerTest","testPropertiesUnMix"
"","32","testRead_definitive_annotated","","Wed Jul 08 15:32:29 UTC 2026","passed","Wed Jul 08 15:32:29 UTC 2026","","eu.esdihumboldt.hale.io.xsd.reader.XmlSchemaReaderTest","eu.esdihumboldt.hale.io.xsd.reader.XmlSchemaReaderTest","testRead_definitive_annotated"
"","11","testGeoJsonSimple_7_andLess","","Wed Jul 08 15:29:58 UTC 2026","passed","Wed Jul 08 15:29:58 UTC 2026","","eu.esdihumboldt.hale.io.json.test.InstanceToJsonTest","eu.esdihumboldt.hale.io.json.test.InstanceToJsonTest","testGeoJsonSimple_7_andLess"
"","7","testComplexStructureFromTheGuardianTypeSafe","","Wed Jul 08 15:33:16 UTC 2026","passed","Wed Jul 08 15:33:16 UTC 2026","","eu.esdihumboldt.util.groovy.json.JsonStreamBuilderTest","eu.esdihumboldt.util.groovy.json.JsonStreamBuilderTest","testComplexStructureFromTheGuardianTypeSafe"
"","10","testRootArrayObjectNested","","Wed Jul 08 15:33:16 UTC 2026","passed","Wed Jul 08 15:33:16 UTC 2026","","eu.esdihumboldt.util.groovy.json.JsonStreamBuilderTest","eu.esdihumboldt.util.groovy.json.JsonStreamBuilderTest","testRootArrayObjectNested"
"","0","testFormatter[5]","","Wed Jul 08 15:32:56 UTC 2026","passed","Wed Jul 08 15:32:56 UTC 2026","","eu.esdihumboldt.util.geometry.DecimalFormatUtilTest","eu.esdihumboldt.util.geometry.DecimalFormatUtilTest","testFormatter[5]"
"","260","testJoinMultiCond_1","","Wed Jul 08 15:23:12 UTC 2026","passed","Wed Jul 08 15:23:12 UTC 2026","","eu.esdihumboldt.cst.internal.ConceptualSchemaTransformerTest","eu.esdihumboldt.cst.internal.ConceptualSchemaTransformerTest","testJoinMultiCond_1"
"","327","testGeometryPrimitive_32_MultiLineString_Curve2","","Wed Jul 08 15:26:57 UTC 2026","passed","Wed Jul 08 15:26:57 UTC 2026","","eu.esdihumboldt.hale.io.gml.writer.internal.StreamGmlWriterTest","eu.esdihumboldt.hale.io.gml.writer.internal.StreamGmlWriterTest","testGeometryPrimitive_32_MultiLineString_Curve2"
"","6","testExportNullTargetValue","","Wed Jul 08 15:32:13 UTC 2026","passed","Wed Jul 08 15:32:13 UTC 2026","","eu.esdihumboldt.hale.io.xls.test.writer.XLSLookupTableWriterTest","eu.esdihumboldt.hale.io.xls.test.writer.XLSLookupTableWriterTest","testExportNullTargetValue"
"","11","testSKOSFromRDF3","","Wed Jul 08 15:24:39 UTC 2026","passed","Wed Jul 08 15:24:39 UTC 2026","","eu.esdihumboldt.hale.io.codelist.skos.test.SkosCodeListTest","eu.esdihumboldt.hale.io.codelist.skos.test.SkosCodeListTest","testSKOSFromRDF3"
"","103","testClassification1","","Wed Jul 08 15:23:08 UTC 2026","passed","Wed Jul 08 15:23:09 UTC 2026","","eu.esdihumboldt.cst.internal.ConceptualSchemaTransformerTest","eu.esdihumboldt.cst.internal.ConceptualSchemaTransformerTest","testClassification1"
"","25","testWriteReadDateTime","","Wed Jul 08 15:31:11 UTC 2026","passed","Wed Jul 08 15:31:11 UTC 2026","","eu.esdihumboldt.hale.io.shp.ShapefileInstanceWriterTest","eu.esdihumboldt.hale.io.shp.ShapefileInstanceWriterTest","testWriteReadDateTime"
"","267","testCondition1","","Wed Jul 08 15:18:42 UTC 2026","passed","Wed Jul 08 15:18:42 UTC 2026","","eu.esdihumboldt.hale.common.align.merge.test.impl.DefaultMergeCellMigratorTest","eu.esdihumboldt.hale.common.align.merge.test.impl.DefaultMergeCellMigratorTest","testCondition1"
"","4624","testReproject","","Wed Jul 08 15:23:52 UTC 2026","passed","Wed Jul 08 15:23:57 UTC 2026","","eu.esdihumboldt.cst.functions.geometric.test.reprojectgeometry.ReprojectGeometryTest","eu.esdihumboldt.cst.functions.geometric.test.reprojectgeometry.ReprojectGeometryTest","testReproject"
"","2","testValueListValueListJsonGroovy","","Wed Jul 08 15:19:31 UTC 2026","passed","Wed Jul 08 15:19:31 UTC 2026","","eu.esdihumboldt.hale.common.core.io.impl.ValueListTypeTest","eu.esdihumboldt.hale.common.core.io.impl.ValueListTypeTest","testValueListValueListJsonGroovy"
"","4","failTest2","","Wed Jul 08 15:24:53 UTC 2026","passed","Wed Jul 08 15:24:53 UTC 2026","","eu.esdihumboldt.hale.io.csv.CSVSchemaReaderTest","eu.esdihumboldt.hale.io.csv.CSVSchemaReaderTest","failTest2"
"","111","testWriteComplexSchema","","Wed Jul 08 15:25:04 UTC 2026","passed","Wed Jul 08 15:25:04 UTC 2026","","eu.esdihumboldt.hale.io.csv.writer.CSVInstanceWriterTest","eu.esdihumboldt.hale.io.csv.writer.CSVInstanceWriterTest","testWriteComplexSchema"
"","1","testDefault","","Wed Jul 08 15:21:36 UTC 2026","passed","Wed Jul 08 15:21:36 UTC 2026","","eu.esdihumboldt.hale.common.schema.model.constraint.factory.type.PrimaryKeyFactoryTest","eu.esdihumboldt.hale.common.schema.model.constraint.factory.type.PrimaryKeyFactoryTest","testDefault"
"","24","testValueListValueList","","Wed Jul 08 15:19:31 UTC 2026","passed","Wed Jul 08 15:19:31 UTC 2026","","eu.esdihumboldt.hale.common.core.io.impl.ValueListTypeTest","eu.esdihumboldt.hale.common.core.io.impl.ValueListTypeTest","testValueListValueList"
"","9289","testComplexLookupJsonGroovy","","Wed Jul 08 15:21:01 UTC 2026","passed","Wed Jul 08 15:21:10 UTC 2026","","eu.esdihumboldt.hale.common.lookup.internal.LookupTableTypeTest","eu.esdihumboldt.hale.common.lookup.internal.LookupTableTypeTest","testComplexLookupJsonGroovy"
"","3","testNestedKey","","Wed Jul 08 15:32:51 UTC 2026","passed","Wed Jul 08 15:32:51 UTC 2026","","eu.esdihumboldt.util.config.ConfigTest","eu.esdihumboldt.util.config.ConfigTest","testNestedKey"
"","162","testGroovyWarningCreateTarget","","Wed Jul 08 15:18:48 UTC 2026","passed","Wed Jul 08 15:18:48 UTC 2026","","eu.esdihumboldt.hale.common.align.merge.test.impl.DefaultMergeCellMigratorTest","eu.esdihumboldt.hale.common.align.merge.test.impl.DefaultMergeCellMigratorTest","testGroovyWarningCreateTarget"
"","1","testDefault","","Wed Jul 08 15:21:36 UTC 2026","passed","Wed Jul 08 15:21:36 UTC 2026","","eu.esdihumboldt.hale.common.schema.model.constraint.factory.type.HasValueFlagFactoryTest","eu.esdihumboldt.hale.common.schema.model.constraint.factory.type.HasValueFlagFactoryTest","testDefault"
"","652","testInspireCodespaceAutoAddNoOverride","","Wed Jul 08 15:26:46 UTC 2026","passed","Wed Jul 08 15:26:47 UTC 2026","","eu.esdihumboldt.hale.io.gml.writer.internal.StreamGmlWriter2Test","eu.esdihumboldt.hale.io.gml.writer.internal.StreamGmlWriter2Test","testInspireCodespaceAutoAddNoOverride"
"","993","testReadXsdInstancesResultPrefix1","","Wed Jul 08 15:31:01 UTC 2026","passed","Wed Jul 08 15:31:02 UTC 2026","","eu.esdihumboldt.hale.io.shp.ShapeInstanceReaderTest","eu.esdihumboldt.hale.io.shp.ShapeInstanceReaderTest","testReadXsdInstancesResultPrefix1"
"","336","testWriteRead","","Wed Jul 08 15:22:14 UTC 2026","passed","Wed Jul 08 15:22:14 UTC 2026","","eu.esdihumboldt.hale.common.schema.persist.hsd.test.json.HaleSchemaWriterJsonTest","eu.esdihumboldt.hale.common.schema.persist.hsd.test.json.HaleSchemaWriterJsonTest","testWriteRead"
"","1","testMethodCallWithNamedArgumentsTypeSafe","","Wed Jul 08 15:33:16 UTC 2026","passed","Wed Jul 08 15:33:16 UTC 2026","","eu.esdihumboldt.util.groovy.json.JsonStreamBuilderTest","eu.esdihumboldt.util.groovy.json.JsonStreamBuilderTest","testMethodCallWithNamedArgumentsTypeSafe"
"","6923","testInnerJoinNas","","Wed Jul 08 15:23:00 UTC 2026","passed","Wed Jul 08 15:23:06 UTC 2026","","eu.esdihumboldt.cst.internal.ConceptualSchemaTransformerTest","eu.esdihumboldt.cst.internal.ConceptualSchemaTransformerTest","testInnerJoinNas"
"","9","testDoubleObject2","","Wed Jul 08 15:33:16 UTC 2026","passed","Wed Jul 08 15:33:16 UTC 2026","","eu.esdihumboldt.util.groovy.json.JsonStreamBuilderTest","eu.esdihumboldt.util.groovy.json.JsonStreamBuilderTest","testDoubleObject2"
"","4","testRefTypes","","Wed Jul 08 15:21:36 UTC 2026","passed","Wed Jul 08 15:21:36 UTC 2026","","eu.esdihumboldt.hale.common.schema.model.constraint.factory.property.ReferenceFactoryTest","eu.esdihumboldt.hale.common.schema.model.constraint.factory.property.ReferenceFactoryTest","testRefTypes"
"","3","testCW1","","Wed Jul 08 15:33:01 UTC 2026","passed","Wed Jul 08 15:33:01 UTC 2026","","eu.esdihumboldt.util.geometry.interpolation.model.impl.ArcByCenterPointImplTest","eu.esdihumboldt.util.geometry.interpolation.model.impl.ArcByCenterPointImplTest","testCW1"
"","1","testLargeArc","","Wed Jul 08 15:33:01 UTC 2026","passed","Wed Jul 08 15:33:01 UTC 2026","","eu.esdihumboldt.util.geometry.interpolation.model.impl.ArcByPointsImplTest","eu.esdihumboldt.util.geometry.interpolation.model.impl.ArcByPointsImplTest","testLargeArc"
"","122","testWriteReadDateTime","","Wed Jul 08 15:25:41 UTC 2026","passed","Wed Jul 08 15:25:41 UTC 2026","","eu.esdihumboldt.hale.io.geopackage.GeopackageInstanceWriterTest","eu.esdihumboldt.hale.io.geopackage.GeopackageInstanceWriterTest","testWriteReadDateTime"
"","153","testGeometryPrimitive_32_MultiLineString","","Wed Jul 08 15:27:00 UTC 2026","passed","Wed Jul 08 15:27:00 UTC 2026","","eu.esdihumboldt.hale.io.gml.writer.internal.StreamGmlWriterTest","eu.esdihumboldt.hale.io.gml.writer.internal.StreamGmlWriterTest","testGeometryPrimitive_32_MultiLineString"
"","0","testLookupAndConsume","","Wed Jul 08 15:19:32 UTC 2026","passed","Wed Jul 08 15:19:32 UTC 2026","","eu.esdihumboldt.hale.common.core.io.supplier.LookupStreamResourceTest","eu.esdihumboldt.hale.common.core.io.supplier.LookupStreamResourceTest","testLookupAndConsume"
"","1354","testExplanation","","Wed Jul 08 15:18:00 UTC 2026","passed","Wed Jul 08 15:18:01 UTC 2026","","eu.esdihumboldt.hale.common.align.model.impl.mdexpl.MarkdownCellExplanationTest","eu.esdihumboldt.hale.common.align.model.impl.mdexpl.MarkdownCellExplanationTest","testExplanation"
"","91","testSrs","","Wed Jul 08 15:26:39 UTC 2026","passed","Wed Jul 08 15:26:39 UTC 2026","","eu.esdihumboldt.hale.io.gml.reader.internal.StreamGmlReaderTest","eu.esdihumboldt.hale.io.gml.reader.internal.StreamGmlReaderTest","testSrs"
"","26","testSinglePolyGeometryWithLongAlphanumericNamesWithMultipleInstances","","Wed Jul 08 15:31:11 UTC 2026","passed","Wed Jul 08 15:31:11 UTC 2026","","eu.esdihumboldt.hale.io.shp.ShapefileInstanceWriterTest","eu.esdihumboldt.hale.io.shp.ShapefileInstanceWriterTest","testSinglePolyGeometryWithLongAlphanumericNamesWithMultipleInstances"
"","977","testWriteFeaturesTargetCRS","","Wed Jul 08 15:25:40 UTC 2026","passed","Wed Jul 08 15:25:41 UTC 2026","","eu.esdihumboldt.hale.io.geopackage.GeopackageInstanceWriterTest","eu.esdihumboldt.hale.io.geopackage.GeopackageInstanceWriterTest","testWriteFeaturesTargetCRS"
"","194","testFilterSame2","","Wed Jul 08 15:18:42 UTC 2026","passed","Wed Jul 08 15:18:43 UTC 2026","","eu.esdihumboldt.hale.common.align.merge.test.impl.DefaultMergeCellMigratorTest","eu.esdihumboldt.hale.common.align.merge.test.impl.DefaultMergeCellMigratorTest","testFilterSame2"
"","11933","testFromWKT","","Wed Jul 08 15:23:34 UTC 2026","passed","Wed Jul 08 15:23:46 UTC 2026","","eu.esdihumboldt.cst.functions.geometric.test.CRSHelperFunctionsTest","eu.esdihumboldt.cst.functions.geometric.test.CRSHelperFunctionsTest","testFromWKT"
"","6","testHalfCircleAllGrid","","Wed Jul 08 15:33:00 UTC 2026","passed","Wed Jul 08 15:33:01 UTC 2026","","eu.esdihumboldt.util.geometry.interpolation.grid.GridInterpolationTest","eu.esdihumboldt.util.geometry.interpolation.grid.GridInterpolationTest","testHalfCircleAllGrid"
"","2985","testFromCode","","Wed Jul 08 15:23:47 UTC 2026","passed","Wed Jul 08 15:23:49 UTC 2026","","eu.esdihumboldt.cst.functions.geometric.test.CRSHelperFunctionsTest","eu.esdihumboldt.cst.functions.geometric.test.CRSHelperFunctionsTest","testFromCode"
"","10222","testDimensionRule","","Wed Jul 08 15:30:15 UTC 2026","passed","Wed Jul 08 15:30:25 UTC 2026","","eu.esdihumboldt.hale.io.schematron.SchematronInstanceValidatorTest","eu.esdihumboldt.hale.io.schematron.SchematronInstanceValidatorTest","testDimensionRule"
"","165","testFilterSame6","","Wed Jul 08 15:18:43 UTC 2026","passed","Wed Jul 08 15:18:43 UTC 2026","","eu.esdihumboldt.hale.common.align.merge.test.impl.DefaultMergeCellMigratorTest","eu.esdihumboldt.hale.common.align.merge.test.impl.DefaultMergeCellMigratorTest","testFilterSame6"
"","220","testValueMapJson","","Wed Jul 08 15:19:31 UTC 2026","passed","Wed Jul 08 15:19:32 UTC 2026","","eu.esdihumboldt.hale.common.core.io.impl.ValueMapTypeTest","eu.esdihumboldt.hale.common.core.io.impl.ValueMapTypeTest","testValueMapJson"
"","9","testSimpleSingleStrictFail","","Wed Jul 08 15:21:55 UTC 2026","passed","Wed Jul 08 15:21:55 UTC 2026","","eu.esdihumboldt.hale.common.schema.groovy.DefinitionAccessorTest","eu.esdihumboldt.hale.common.schema.groovy.DefinitionAccessorTest","testSimpleSingleStrictFail"
"","15168","testGeoJsonSimpleMixed_7_and_14","","Wed Jul 08 15:29:42 UTC 2026","passed","Wed Jul 08 15:29:57 UTC 2026","","eu.esdihumboldt.hale.io.json.test.InstanceToJsonTest","eu.esdihumboldt.hale.io.json.test.InstanceToJsonTest","testGeoJsonSimpleMixed_7_and_14"
"","1","testQ1","","Wed Jul 08 15:33:01 UTC 2026","passed","Wed Jul 08 15:33:01 UTC 2026","","eu.esdihumboldt.util.geometry.interpolation.grid.GridUtilTest","eu.esdihumboldt.util.geometry.interpolation.grid.GridUtilTest","testQ1"
"","4","testNullNotExistsSchema","","Wed Jul 08 15:19:50 UTC 2026","passed","Wed Jul 08 15:19:50 UTC 2026","","eu.esdihumboldt.hale.common.filter.CQLFilterTest","eu.esdihumboldt.hale.common.filter.CQLFilterTest","testNullNotExistsSchema"
"","0","testBox","","Wed Jul 08 15:27:01 UTC 2026","passed","Wed Jul 08 15:27:01 UTC 2026","","eu.esdihumboldt.hale.io.gml.writer.internal.geometry.converters.PolygonToLineStringTest","eu.esdihumboldt.hale.io.gml.writer.internal.geometry.converters.PolygonToLineStringTest","testBox"
"","24","testArray","","Wed Jul 08 15:21:36 UTC 2026","passed","Wed Jul 08 15:21:36 UTC 2026","","eu.esdihumboldt.hale.common.schema.model.constraint.factory.type.BindingFactoryTest","eu.esdihumboldt.hale.common.schema.model.constraint.factory.type.BindingFactoryTest","testArray"
"","19","testRead_shiporder_types","","Wed Jul 08 15:32:30 UTC 2026","passed","Wed Jul 08 15:32:30 UTC 2026","","eu.esdihumboldt.hale.io.xsd.reader.XmlSchemaReaderTest","eu.esdihumboldt.hale.io.xsd.reader.XmlSchemaReaderTest","testRead_shiporder_types"
"","0","testHasNext","","Wed Jul 08 15:33:42 UTC 2026","skipped","Wed Jul 08 15:33:42 UTC 2026","","eu.esdihumboldt.util.orient.embedded.BrowseClassIterateTest","eu.esdihumboldt.util.orient.embedded.BrowseClassIterateTest","testHasNext"
"","3","testMixedProperty","","Wed Jul 08 15:30:01 UTC 2026","passed","Wed Jul 08 15:30:01 UTC 2026","","eu.esdihumboldt.hale.io.json.test.JsonSchemaReaderTest","eu.esdihumboldt.hale.io.json.test.JsonSchemaReaderTest","testMixedProperty"
"","6864","testNumbers","","Wed Jul 08 15:26:49 UTC 2026","passed","Wed Jul 08 15:26:56 UTC 2026","","eu.esdihumboldt.hale.io.gml.writer.internal.StreamGmlWriter2Test","eu.esdihumboldt.hale.io.gml.writer.internal.StreamGmlWriter2Test","testNumbers"
"","0","testTimeEqualsList","","Wed Jul 08 15:19:50 UTC 2026","skipped","Wed Jul 08 15:19:50 UTC 2026","","eu.esdihumboldt.hale.common.filter.CQLFilterTest","eu.esdihumboldt.hale.common.filter.CQLFilterTest","testTimeEqualsList"
"","8","testEqualityList","","Wed Jul 08 15:19:50 UTC 2026","passed","Wed Jul 08 15:19:50 UTC 2026","","eu.esdihumboldt.hale.common.filter.CQLFilterTest","eu.esdihumboldt.hale.common.filter.CQLFilterTest","testEqualityList"
"","11582","test1","","Wed Jul 08 15:22:20 UTC 2026","passed","Wed Jul 08 15:22:32 UTC 2026","","eu.esdihumboldt.hale.common.service.helper.test.PopulationCountTest","eu.esdihumboldt.hale.common.service.helper.test.PopulationCountTest","test1"
"","13","testReadVersion4","","Wed Jul 08 15:29:38 UTC 2026","passed","Wed Jul 08 15:29:38 UTC 2026","","eu.esdihumboldt.hale.io.jdbc.spatialite.reader.internal.SpatiaLiteSchemaReaderTest","eu.esdihumboldt.hale.io.jdbc.spatialite.reader.internal.SpatiaLiteSchemaReaderTest","testReadVersion4"
"","5","testInstanceNoValueNullSchema","","Wed Jul 08 15:19:51 UTC 2026","passed","Wed Jul 08 15:19:51 UTC 2026","","eu.esdihumboldt.hale.common.filter.ECQLFilterTest","eu.esdihumboldt.hale.common.filter.ECQLFilterTest","testInstanceNoValueNullSchema"
"","426","testByPointsToCenterAllGrid","","Wed Jul 08 15:33:00 UTC 2026","passed","Wed Jul 08 15:33:00 UTC 2026","","eu.esdihumboldt.util.geometry.interpolation.grid.GridInterpolationTest","eu.esdihumboldt.util.geometry.interpolation.grid.GridInterpolationTest","testByPointsToCenterAllGrid"
"","627","testExportPropertyJoin","","Wed Jul 08 15:27:45 UTC 2026","passed","Wed Jul 08 15:27:46 UTC 2026","","eu.esdihumboldt.hale.io.html.svg.json.JsonMappingExporterTest","eu.esdihumboldt.hale.io.html.svg.json.JsonMappingExporterTest","testExportPropertyJoin"
"","1","testStreetOuter","","Wed Jul 08 15:23:50 UTC 2026","passed","Wed Jul 08 15:23:50 UTC 2026","","eu.esdihumboldt.cst.functions.geometric.test.InteriorPointTest","eu.esdihumboldt.cst.functions.geometric.test.InteriorPointTest","testStreetOuter"
"","99","testReadMultiSheetTypeSettingsIndex","","Wed Jul 08 15:32:10 UTC 2026","passed","Wed Jul 08 15:32:10 UTC 2026","","eu.esdihumboldt.hale.io.xls.test.reader.XLSReaderTest","eu.esdihumboldt.hale.io.xls.test.reader.XLSReaderTest","testReadMultiSheetTypeSettingsIndex"
"","0","testCopyISOTC211","","Wed Jul 08 15:19:32 UTC 2026","skipped","Wed Jul 08 15:19:32 UTC 2026","","eu.esdihumboldt.hale.common.core.io.project.util.XMLPathUpdaterTest","eu.esdihumboldt.hale.common.core.io.project.util.XMLPathUpdaterTest","testCopyISOTC211"
"","164","testFilterSame5","","Wed Jul 08 15:18:43 UTC 2026","passed","Wed Jul 08 15:18:43 UTC 2026","","eu.esdihumboldt.hale.common.align.merge.test.impl.DefaultMergeCellMigratorTest","eu.esdihumboldt.hale.common.align.merge.test.impl.DefaultMergeCellMigratorTest","testFilterSame5"
"","299","mergeJoinWithRetype","","Wed Jul 08 15:18:46 UTC 2026","passed","Wed Jul 08 15:18:46 UTC 2026","","eu.esdihumboldt.hale.common.align.merge.test.impl.DefaultMergeCellMigratorTest","eu.esdihumboldt.hale.common.align.merge.test.impl.DefaultMergeCellMigratorTest","mergeJoinWithRetype"
"","3316","testArgsFileForMultiTypesSource","","Wed Jul 08 15:16:26 UTC 2026","passed","Wed Jul 08 15:16:29 UTC 2026","","eu.esdihumboldt.hale.app.transform.test.ExecuteTest","eu.esdihumboldt.hale.app.transform.test.ExecuteTest","testArgsFileForMultiTypesSource"
"","126","testNativeQuery","","Wed Jul 08 15:33:42 UTC 2026","passed","Wed Jul 08 15:33:42 UTC 2026","","eu.esdihumboldt.util.orient.embedded.LocalDocumentTest","eu.esdihumboldt.util.orient.embedded.LocalDocumentTest","testNativeQuery"
"","137","testStructuralRetype1","","Wed Jul 08 15:23:11 UTC 2026","passed","Wed Jul 08 15:23:11 UTC 2026","","eu.esdihumboldt.cst.internal.ConceptualSchemaTransformerTest","eu.esdihumboldt.cst.internal.ConceptualSchemaTransformerTest","testStructuralRetype1"
"","5","testGetReferencesSimple","","Wed Jul 08 15:19:51 UTC 2026","passed","Wed Jul 08 15:19:51 UTC 2026","","eu.esdihumboldt.hale.common.filter.ECQLFilterTest","eu.esdihumboldt.hale.common.filter.ECQLFilterTest","testGetReferencesSimple"
"","13","testReadEmptySheet","","Wed Jul 08 15:32:09 UTC 2026","passed","Wed Jul 08 15:32:09 UTC 2026","","eu.esdihumboldt.hale.io.xls.test.reader.XLSReaderTest","eu.esdihumboldt.hale.io.xls.test.reader.XLSReaderTest","testReadEmptySheet"
"","1","testNull","","Wed Jul 08 15:20:38 UTC 2026","passed","Wed Jul 08 15:20:38 UTC 2026","","eu.esdihumboldt.hale.common.instance.groovy.InstanceAccessorTest","eu.esdihumboldt.hale.common.instance.groovy.InstanceAccessorTest","testNull"
"","970","testReadXsdInstancesResultPrefix2","","Wed Jul 08 15:31:02 UTC 2026","passed","Wed Jul 08 15:31:03 UTC 2026","","eu.esdihumboldt.hale.io.shp.ShapeInstanceReaderTest","eu.esdihumboldt.hale.io.shp.ShapeInstanceReaderTest","testReadXsdInstancesResultPrefix2"
"","32","testReadPolygonWithHole","","Wed Jul 08 15:30:01 UTC 2026","passed","Wed Jul 08 15:30:01 UTC 2026","","eu.esdihumboldt.hale.io.json.test.JsonToInstanceTest","eu.esdihumboldt.hale.io.json.test.JsonToInstanceTest","testReadPolygonWithHole"
"","1","testSimpleOverride","","Wed Jul 08 15:32:51 UTC 2026","passed","Wed Jul 08 15:32:51 UTC 2026","","eu.esdihumboldt.util.config.ConfigMergerTest","eu.esdihumboldt.util.config.ConfigMergerTest","testSimpleOverride"
"","5","testNullNotExistsNoSchema","","Wed Jul 08 15:19:51 UTC 2026","passed","Wed Jul 08 15:19:51 UTC 2026","","eu.esdihumboldt.hale.common.filter.ECQLFilterTest","eu.esdihumboldt.hale.common.filter.ECQLFilterTest","testNullNotExistsNoSchema"
"","10","testSKOSFromRDF4_language_en","","Wed Jul 08 15:24:39 UTC 2026","passed","Wed Jul 08 15:24:39 UTC 2026","","eu.esdihumboldt.hale.io.codelist.skos.test.SkosCodeListTest","eu.esdihumboldt.hale.io.codelist.skos.test.SkosCodeListTest","testSKOSFromRDF4_language_en"
"","4046","testLoadFilterNoDuplicates","","Wed Jul 08 15:25:55 UTC 2026","passed","Wed Jul 08 15:26:00 UTC 2026","","eu.esdihumboldt.hale.io.gml.reader.internal.GmlInstanceCollectionTest","eu.esdihumboldt.hale.io.gml.reader.internal.GmlInstanceCollectionTest","testLoadFilterNoDuplicates"
"","0","testJarURI","","Wed Jul 08 15:32:27 UTC 2026","passed","Wed Jul 08 15:32:27 UTC 2026","","eu.esdihumboldt.hale.io.xsd.reader.HumboldtURIResolverTest","eu.esdihumboldt.hale.io.xsd.reader.HumboldtURIResolverTest","testJarURI"
"","14","testSKOSFromRDF5_language_en","","Wed Jul 08 15:24:39 UTC 2026","passed","Wed Jul 08 15:24:39 UTC 2026","","eu.esdihumboldt.hale.io.codelist.skos.test.SkosCodeListTest","eu.esdihumboldt.hale.io.codelist.skos.test.SkosCodeListTest","testSKOSFromRDF5_language_en"
"","119","mergeRenameFormattedString","","Wed Jul 08 15:18:48 UTC 2026","passed","Wed Jul 08 15:18:48 UTC 2026","","eu.esdihumboldt.hale.common.align.merge.test.impl.FormattedStringMergeTest","eu.esdihumboldt.hale.common.align.merge.test.impl.FormattedStringMergeTest","mergeRenameFormattedString"
"","0","testInnerJoinNasIndexBased","","Wed Jul 08 15:22:57 UTC 2026","skipped","Wed Jul 08 15:22:57 UTC 2026","","eu.esdihumboldt.cst.internal.ConceptualSchemaTransformerTest","eu.esdihumboldt.cst.internal.ConceptualSchemaTransformerTest","testInnerJoinNasIndexBased"
"","1","testSuccessSaveConfig","","Wed Jul 08 15:25:09 UTC 2026","skipped","Wed Jul 08 15:25:09 UTC 2026","","eu.esdihumboldt.hale.io.deegree.mapping.MappingWriterTest","eu.esdihumboldt.hale.io.deegree.mapping.MappingWriterTest","testSuccessSaveConfig"
"","2","testCCW1","","Wed Jul 08 15:33:01 UTC 2026","passed","Wed Jul 08 15:33:01 UTC 2026","","eu.esdihumboldt.util.geometry.interpolation.model.impl.ArcByCenterPointImplTest","eu.esdihumboldt.util.geometry.interpolation.model.impl.ArcByCenterPointImplTest","testCCW1"
"","0","testSchemaReader","","Wed Jul 08 15:28:05 UTC 2026","skipped","Wed Jul 08 15:28:05 UTC 2026","","eu.esdihumboldt.hale.io.jdbc.mssql.test.MsSqlDataReaderTest","eu.esdihumboldt.hale.io.jdbc.mssql.test.MsSqlDataReaderTest","testSchemaReader"
"","103","testCMUnion5","","Wed Jul 08 15:23:10 UTC 2026","passed","Wed Jul 08 15:23:10 UTC 2026","","eu.esdihumboldt.cst.internal.ConceptualSchemaTransformerTest","eu.esdihumboldt.cst.internal.ConceptualSchemaTransformerTest","testCMUnion5"
"","114","testPreparedQuery","","Wed Jul 08 15:33:42 UTC 2026","passed","Wed Jul 08 15:33:43 UTC 2026","","eu.esdihumboldt.util.orient.embedded.MemoryDocumentTest","eu.esdihumboldt.util.orient.embedded.MemoryDocumentTest","testPreparedQuery"
"","1","testDisabled","","Wed Jul 08 15:21:36 UTC 2026","passed","Wed Jul 08 15:21:36 UTC 2026","","eu.esdihumboldt.hale.common.schema.model.constraint.factory.property.NillableFlagFactoryTest","eu.esdihumboldt.hale.common.schema.model.constraint.factory.property.NillableFlagFactoryTest","testDisabled"
"","23","testReadVersion3","","Wed Jul 08 15:29:38 UTC 2026","passed","Wed Jul 08 15:29:38 UTC 2026","","eu.esdihumboldt.hale.io.jdbc.spatialite.reader.internal.SpatiaLiteSchemaReaderTest","eu.esdihumboldt.hale.io.jdbc.spatialite.reader.internal.SpatiaLiteSchemaReaderTest","testReadVersion3"
"","4","testJsonBuilderConstructor","","Wed Jul 08 15:33:16 UTC 2026","passed","Wed Jul 08 15:33:16 UTC 2026","","eu.esdihumboldt.util.groovy.json.JsonStreamBuilderTest","eu.esdihumboldt.util.groovy.json.JsonStreamBuilderTest","testJsonBuilderConstructor"
"","228","testGroovy3","","Wed Jul 08 15:22:59 UTC 2026","passed","Wed Jul 08 15:22:59 UTC 2026","","eu.esdihumboldt.cst.internal.ConceptualSchemaTransformerTest","eu.esdihumboldt.cst.internal.ConceptualSchemaTransformerTest","testGroovy3"
"","3","testByPoints3AllGrid","","Wed Jul 08 15:33:01 UTC 2026","passed","Wed Jul 08 15:33:01 UTC 2026","","eu.esdihumboldt.util.geometry.interpolation.grid.GridInterpolationTest","eu.esdihumboldt.util.geometry.interpolation.grid.GridInterpolationTest","testByPoints3AllGrid"
"","5","testNullSchema","","Wed Jul 08 15:19:50 UTC 2026","passed","Wed Jul 08 15:19:50 UTC 2026","","eu.esdihumboldt.hale.common.filter.CQLFilterTest","eu.esdihumboldt.hale.common.filter.CQLFilterTest","testNullSchema"
"","15","testJsonBuilderTypeSafe","","Wed Jul 08 15:33:16 UTC 2026","passed","Wed Jul 08 15:33:16 UTC 2026","","eu.esdihumboldt.util.groovy.json.JsonStreamBuilderTest","eu.esdihumboldt.util.groovy.json.JsonStreamBuilderTest","testJsonBuilderTypeSafe"
"","44","testLoadShiporder","","Wed Jul 08 15:25:55 UTC 2026","passed","Wed Jul 08 15:25:55 UTC 2026","","eu.esdihumboldt.hale.io.gml.reader.internal.GmlInstanceCollectionTest","eu.esdihumboldt.hale.io.gml.reader.internal.GmlInstanceCollectionTest","testLoadShiporder"
"","132","testGmlReferencesMultiPartFill","","Wed Jul 08 15:20:22 UTC 2026","passed","Wed Jul 08 15:20:22 UTC 2026","","eu.esdihumboldt.hale.common.instance.graph.test.ReferenceGraphTest","eu.esdihumboldt.hale.common.instance.graph.test.ReferenceGraphTest","testGmlReferencesMultiPartFill"
"","0","testQ4","","Wed Jul 08 15:33:01 UTC 2026","passed","Wed Jul 08 15:33:01 UTC 2026","","eu.esdihumboldt.util.geometry.interpolation.grid.GridUtilTest","eu.esdihumboldt.util.geometry.interpolation.grid.GridUtilTest","testQ4"
"","12567","testNestingAll","","Wed Jul 08 15:21:42 UTC 2026","passed","Wed Jul 08 15:21:55 UTC 2026","","eu.esdihumboldt.hale.common.schema.groovy.DefinitionAccessorTest","eu.esdihumboldt.hale.common.schema.groovy.DefinitionAccessorTest","testNestingAll"
"","1","testObject","","Wed Jul 08 15:21:36 UTC 2026","passed","Wed Jul 08 15:21:36 UTC 2026","","eu.esdihumboldt.hale.common.schema.model.constraint.factory.type.BindingFactoryTest","eu.esdihumboldt.hale.common.schema.model.constraint.factory.type.BindingFactoryTest","testObject"
"","203","testPropertyJoinIntFloat","","Wed Jul 08 15:22:59 UTC 2026","passed","Wed Jul 08 15:22:59 UTC 2026","","eu.esdihumboldt.cst.internal.ConceptualSchemaTransformerTest","eu.esdihumboldt.cst.internal.ConceptualSchemaTransformerTest","testPropertyJoinIntFloat"
"","30","testLoopArrayPrettyPrint","","Wed Jul 08 15:33:16 UTC 2026","passed","Wed Jul 08 15:33:16 UTC 2026","","eu.esdihumboldt.util.groovy.json.JsonStreamBuilderTest","eu.esdihumboldt.util.groovy.json.JsonStreamBuilderTest","testLoopArrayPrettyPrint"
"","5","testRange","","Wed Jul 08 15:21:56 UTC 2026","passed","Wed Jul 08 15:21:56 UTC 2026","","eu.esdihumboldt.hale.common.schema.groovy.constraints.EnumerationFactoryTest","eu.esdihumboldt.hale.common.schema.groovy.constraints.EnumerationFactoryTest","testRange"
"","0","testDuringList","","Wed Jul 08 15:19:49 UTC 2026","skipped","Wed Jul 08 15:19:49 UTC 2026","","eu.esdihumboldt.hale.common.filter.CQLFilterTest","eu.esdihumboldt.hale.common.filter.CQLFilterTest","testDuringList"
"","2","testTrueFalse","","Wed Jul 08 15:21:56 UTC 2026","passed","Wed Jul 08 15:21:56 UTC 2026","","eu.esdihumboldt.hale.common.schema.groovy.constraints.TypeAbstractFactoryTest","eu.esdihumboldt.hale.common.schema.groovy.constraints.TypeAbstractFactoryTest","testTrueFalse"
"","4072","testArrayTypes","","Wed Jul 08 15:29:02 UTC 2026","passed","Wed Jul 08 15:29:06 UTC 2026","","eu.esdihumboldt.hale.io.jdbc.postgresql.test.OneDimensionalArraysIT","eu.esdihumboldt.hale.io.jdbc.postgresql.test.OneDimensionalArraysIT","testArrayTypes"
"","2","eu.esdihumboldt.util.blueprints.entities.test.VertexEntityTransformationTest","","Wed Jul 08 15:32:38 UTC 2026","skipped","Wed Jul 08 15:32:38 UTC 2026","","eu.esdihumboldt.util.blueprints.entities.test.VertexEntityTransformationTest","eu.esdihumboldt.util.blueprints.entities.test.VertexEntityTransformationTest","eu.esdihumboldt.util.blueprints.entities.test.VertexEntityTransformationTest"
"","132","testPropertyJoin","","Wed Jul 08 15:23:10 UTC 2026","passed","Wed Jul 08 15:23:10 UTC 2026","","eu.esdihumboldt.cst.internal.ConceptualSchemaTransformerTest","eu.esdihumboldt.cst.internal.ConceptualSchemaTransformerTest","testPropertyJoin"
"","0","testGeometry_2_MultiPolygon","","Wed Jul 08 15:27:00 UTC 2026","skipped","Wed Jul 08 15:27:00 UTC 2026","","eu.esdihumboldt.hale.io.gml.writer.internal.StreamGmlWriterTest","eu.esdihumboldt.hale.io.gml.writer.internal.StreamGmlWriterTest","testGeometry_2_MultiPolygon"
"","20","testRead_shiporder_types_cycle","","Wed Jul 08 15:32:30 UTC 2026","passed","Wed Jul 08 15:32:30 UTC 2026","","eu.esdihumboldt.hale.io.xsd.reader.XmlSchemaReaderTest","eu.esdihumboldt.hale.io.xsd.reader.XmlSchemaReaderTest","testRead_shiporder_types_cycle"
"","6","testReadSimple","","Wed Jul 08 15:24:53 UTC 2026","passed","Wed Jul 08 15:24:53 UTC 2026","","eu.esdihumboldt.hale.io.csv.CSVInstanceReaderTest","eu.esdihumboldt.hale.io.csv.CSVInstanceReaderTest","testReadSimple"
"","2031","testValid","","Wed Jul 08 15:30:12 UTC 2026","passed","Wed Jul 08 15:30:14 UTC 2026","","eu.esdihumboldt.hale.io.schematron.SchematronInstanceValidatorTest","eu.esdihumboldt.hale.io.schematron.SchematronInstanceValidatorTest","testValid"
"","955","testReadXsdInstancesTypenameWithoutNamespace","","Wed Jul 08 15:31:04 UTC 2026","passed","Wed Jul 08 15:31:05 UTC 2026","","eu.esdihumboldt.hale.io.shp.ShapeInstanceReaderTest","eu.esdihumboldt.hale.io.shp.ShapeInstanceReaderTest","testReadXsdInstancesTypenameWithoutNamespace"
"","168","testSplitMulti_Singles","","Wed Jul 08 15:23:50 UTC 2026","passed","Wed Jul 08 15:23:50 UTC 2026","","eu.esdihumboldt.cst.functions.geometric.test.GeometryHelperFunctionsTest","eu.esdihumboldt.cst.functions.geometric.test.GeometryHelperFunctionsTest","testSplitMulti_Singles"
"","0","testCRSFlipped","","Wed Jul 08 15:33:00 UTC 2026","passed","Wed Jul 08 15:33:00 UTC 2026","","eu.esdihumboldt.util.geometry.WindingOrderTest","eu.esdihumboldt.util.geometry.WindingOrderTest","testCRSFlipped"
"","283","testComplexLookup","","Wed Jul 08 15:21:10 UTC 2026","passed","Wed Jul 08 15:21:10 UTC 2026","","eu.esdihumboldt.hale.common.lookup.internal.LookupTableTypeTest","eu.esdihumboldt.hale.common.lookup.internal.LookupTableTypeTest","testComplexLookup"
"","75","testMathExpression","","Wed Jul 08 15:23:11 UTC 2026","passed","Wed Jul 08 15:23:11 UTC 2026","","eu.esdihumboldt.cst.internal.ConceptualSchemaTransformerTest","eu.esdihumboldt.cst.internal.ConceptualSchemaTransformerTest","testMathExpression"
"","3","testTrueFalse","","Wed Jul 08 15:21:56 UTC 2026","passed","Wed Jul 08 15:21:56 UTC 2026","","eu.esdihumboldt.hale.common.schema.groovy.constraints.ChoiceFactoryTest","eu.esdihumboldt.hale.common.schema.groovy.constraints.ChoiceFactoryTest","testTrueFalse"
"","84","testPriority","","Wed Jul 08 15:23:10 UTC 2026","passed","Wed Jul 08 15:23:10 UTC 2026","","eu.esdihumboldt.cst.internal.ConceptualSchemaTransformerTest","eu.esdihumboldt.cst.internal.ConceptualSchemaTransformerTest","testPriority"
"","22","testReadXsdInstancesTypenameAmbiguousLocalNameWithNamespace2","","Wed Jul 08 15:31:03 UTC 2026","passed","Wed Jul 08 15:31:03 UTC 2026","","eu.esdihumboldt.hale.io.shp.ShapeInstanceReaderTest","eu.esdihumboldt.hale.io.shp.ShapeInstanceReaderTest","testReadXsdInstancesTypenameAmbiguousLocalNameWithNamespace2"
"","177","testNullValue","","Wed Jul 08 15:23:11 UTC 2026","passed","Wed Jul 08 15:23:11 UTC 2026","","eu.esdihumboldt.cst.internal.ConceptualSchemaTransformerTest","eu.esdihumboldt.cst.internal.ConceptualSchemaTransformerTest","testNullValue"
"","5","testGeoBboxList","","Wed Jul 08 15:19:51 UTC 2026","passed","Wed Jul 08 15:19:51 UTC 2026","","eu.esdihumboldt.hale.common.filter.ECQLFilterTest","eu.esdihumboldt.hale.common.filter.ECQLFilterTest","testGeoBboxList"
"","45","testSchemaLess","","Wed Jul 08 15:20:38 UTC 2026","passed","Wed Jul 08 15:20:38 UTC 2026","","eu.esdihumboldt.hale.common.instance.groovy.InstanceAccessorTest","eu.esdihumboldt.hale.common.instance.groovy.InstanceAccessorTest","testSchemaLess"
"","1","simpleFilterTestECQL","","Wed Jul 08 15:19:54 UTC 2026","passed","Wed Jul 08 15:19:54 UTC 2026","","eu.esdihumboldt.hale.common.filter.FilterTest","eu.esdihumboldt.hale.common.filter.FilterTest","simpleFilterTestECQL"
"","9","testEqualityListNoSchema","","Wed Jul 08 15:19:49 UTC 2026","passed","Wed Jul 08 15:19:49 UTC 2026","","eu.esdihumboldt.hale.common.filter.CQLFilterTest","eu.esdihumboldt.hale.common.filter.CQLFilterTest","testEqualityListNoSchema"
"","361","testReadXsdInstancesName","","Wed Jul 08 15:31:00 UTC 2026","passed","Wed Jul 08 15:31:01 UTC 2026","","eu.esdihumboldt.hale.io.shp.ShapeInstanceReaderTest","eu.esdihumboldt.hale.io.shp.ShapeInstanceReaderTest","testReadXsdInstancesName"
"","305","testGroovyRetypeCondition","","Wed Jul 08 15:18:50 UTC 2026","passed","Wed Jul 08 15:18:50 UTC 2026","","eu.esdihumboldt.hale.common.align.merge.test.impl.JoinFocusRetainConditionTest","eu.esdihumboldt.hale.common.align.merge.test.impl.JoinFocusRetainConditionTest","testGroovyRetypeCondition"
"","441","testGeometryPrimitive_32_Curve_LineString","","Wed Jul 08 15:26:49 UTC 2026","passed","Wed Jul 08 15:26:49 UTC 2026","","eu.esdihumboldt.hale.io.gml.writer.internal.StreamGmlWriter2Test","eu.esdihumboldt.hale.io.gml.writer.internal.StreamGmlWriter2Test","testGeometryPrimitive_32_Curve_LineString"
"","275","testReadMultipleValues","","Wed Jul 08 15:32:09 UTC 2026","passed","Wed Jul 08 15:32:09 UTC 2026","","eu.esdihumboldt.hale.io.xls.test.reader.XLSReaderTest","eu.esdihumboldt.hale.io.xls.test.reader.XLSReaderTest","testReadMultipleValues"
"","40","testSingleGeometryWithMissingProperties","","Wed Jul 08 15:31:07 UTC 2026","passed","Wed Jul 08 15:31:07 UTC 2026","","eu.esdihumboldt.hale.io.shp.ShapefileInstanceWriterTest","eu.esdihumboldt.hale.io.shp.ShapefileInstanceWriterTest","testSingleGeometryWithMissingProperties"
"","504","testGmlIndependent","","Wed Jul 08 15:20:21 UTC 2026","passed","Wed Jul 08 15:20:22 UTC 2026","","eu.esdihumboldt.hale.common.instance.graph.test.ReferenceGraphTest","eu.esdihumboldt.hale.common.instance.graph.test.ReferenceGraphTest","testGmlIndependent"
"","25","testAlias","","Wed Jul 08 15:27:50 UTC 2026","passed","Wed Jul 08 15:27:50 UTC 2026","","eu.esdihumboldt.hale.io.jdbc.test.constraints.factory.GeometryMetadataFactoryTest","eu.esdihumboldt.hale.io.jdbc.test.constraints.factory.GeometryMetadataFactoryTest","testAlias"
"","9","testTrendsFromTwitter","","Wed Jul 08 15:33:16 UTC 2026","passed","Wed Jul 08 15:33:16 UTC 2026","","eu.esdihumboldt.util.groovy.json.JsonStreamBuilderTest","eu.esdihumboldt.util.groovy.json.JsonStreamBuilderTest","testTrendsFromTwitter"
"","5","testNotEqualList","","Wed Jul 08 15:19:51 UTC 2026","passed","Wed Jul 08 15:19:51 UTC 2026","","eu.esdihumboldt.hale.common.filter.ECQLFilterTest","eu.esdihumboldt.hale.common.filter.ECQLFilterTest","testNotEqualList"
"","0","testGeometry_2_MultiPoint","","Wed Jul 08 15:27:00 UTC 2026","skipped","Wed Jul 08 15:27:00 UTC 2026","","eu.esdihumboldt.hale.io.gml.writer.internal.StreamGmlWriterTest","eu.esdihumboldt.hale.io.gml.writer.internal.StreamGmlWriterTest","testGeometry_2_MultiPoint"
"","5","testLikeList","","Wed Jul 08 15:19:51 UTC 2026","passed","Wed Jul 08 15:19:51 UTC 2026","","eu.esdihumboldt.hale.common.filter.ECQLFilterTest","eu.esdihumboldt.hale.common.filter.ECQLFilterTest","testLikeList"
"","3","testValues","","Wed Jul 08 15:21:36 UTC 2026","passed","Wed Jul 08 15:21:36 UTC 2026","","eu.esdihumboldt.hale.common.schema.model.constraint.factory.type.EnumerationFactoryTest","eu.esdihumboldt.hale.common.schema.model.constraint.factory.type.EnumerationFactoryTest","testValues"
"","188","testGroovyWarningMerge","","Wed Jul 08 15:18:44 UTC 2026","passed","Wed Jul 08 15:18:44 UTC 2026","","eu.esdihumboldt.hale.common.align.merge.test.impl.DefaultMergeCellMigratorTest","eu.esdihumboldt.hale.common.align.merge.test.impl.DefaultMergeCellMigratorTest","testGroovyWarningMerge"
"","1","testPrimitiveArray2","","Wed Jul 08 15:21:36 UTC 2026","passed","Wed Jul 08 15:21:36 UTC 2026","","eu.esdihumboldt.hale.common.schema.model.constraint.factory.type.BindingFactoryTest","eu.esdihumboldt.hale.common.schema.model.constraint.factory.type.BindingFactoryTest","testPrimitiveArray2"
"","1","testNoGeom","","Wed Jul 08 15:21:36 UTC 2026","passed","Wed Jul 08 15:21:36 UTC 2026","","eu.esdihumboldt.hale.common.schema.model.constraint.factory.type.GeometryTypeFactoryTest","eu.esdihumboldt.hale.common.schema.model.constraint.factory.type.GeometryTypeFactoryTest","testNoGeom"
"","346","testGeometryPrimitive_32_LineString","","Wed Jul 08 15:27:00 UTC 2026","passed","Wed Jul 08 15:27:00 UTC 2026","","eu.esdihumboldt.hale.io.gml.writer.internal.StreamGmlWriterTest","eu.esdihumboldt.hale.io.gml.writer.internal.StreamGmlWriterTest","testGeometryPrimitive_32_LineString"
"","238","testTypeFilter2PropertyPresent","","Wed Jul 08 15:18:47 UTC 2026","passed","Wed Jul 08 15:18:47 UTC 2026","","eu.esdihumboldt.hale.common.align.merge.test.impl.DefaultMergeCellMigratorTest","eu.esdihumboldt.hale.common.align.merge.test.impl.DefaultMergeCellMigratorTest","testTypeFilter2PropertyPresent"
"","29","testJsonBuilderSameNameFail","","Wed Jul 08 15:33:16 UTC 2026","passed","Wed Jul 08 15:33:16 UTC 2026","","eu.esdihumboldt.util.groovy.json.JsonStreamBuilderTest","eu.esdihumboldt.util.groovy.json.JsonStreamBuilderTest","testJsonBuilderSameNameFail"
"","25","testReadXsdInstancesTypenameAmbiguousLocalNameWithNamespace","","Wed Jul 08 15:31:04 UTC 2026","passed","Wed Jul 08 15:31:04 UTC 2026","","eu.esdihumboldt.hale.io.shp.ShapeInstanceReaderTest","eu.esdihumboldt.hale.io.shp.ShapeInstanceReaderTest","testReadXsdInstancesTypenameAmbiguousLocalNameWithNamespace"
"","0","testSample1","","Wed Jul 08 15:33:01 UTC 2026","passed","Wed Jul 08 15:33:01 UTC 2026","","eu.esdihumboldt.util.geometry.interpolation.grid.GridUtilTest","eu.esdihumboldt.util.geometry.interpolation.grid.GridUtilTest","testSample1"
"","167","testMultiResult2","","Wed Jul 08 15:22:59 UTC 2026","passed","Wed Jul 08 15:23:00 UTC 2026","","eu.esdihumboldt.cst.internal.ConceptualSchemaTransformerTest","eu.esdihumboldt.cst.internal.ConceptualSchemaTransformerTest","testMultiResult2"
"","9","testNullList","","Wed Jul 08 15:19:49 UTC 2026","passed","Wed Jul 08 15:19:49 UTC 2026","","eu.esdihumboldt.hale.common.filter.CQLFilterTest","eu.esdihumboldt.hale.common.filter.CQLFilterTest","testNullList"
"","9","testGeoContains","","Wed Jul 08 15:19:50 UTC 2026","passed","Wed Jul 08 15:19:50 UTC 2026","","eu.esdihumboldt.hale.common.filter.CQLFilterTest","eu.esdihumboldt.hale.common.filter.CQLFilterTest","testGeoContains"
"","0","testIterateEmpty","","Wed Jul 08 15:20:06 UTC 2026","passed","Wed Jul 08 15:20:06 UTC 2026","","eu.esdihumboldt.hale.common.instance.tools.impl.SimplePartitionerTest","eu.esdihumboldt.hale.common.instance.tools.impl.SimplePartitionerTest","testIterateEmpty"
"","91","testConsumeList","","Wed Jul 08 15:24:12 UTC 2026","passed","Wed Jul 08 15:24:12 UTC 2026","","eu.esdihumboldt.cst.functions.groovy.helpers.util.CollectorTest","eu.esdihumboldt.cst.functions.groovy.helpers.util.CollectorTest","testConsumeList"
"","202","testBaseAlignmentSaveLoad","","Wed Jul 08 15:17:49 UTC 2026","passed","Wed Jul 08 15:17:49 UTC 2026","","eu.esdihumboldt.hale.common.align.io.CastorAlignmentIOTest","eu.esdihumboldt.hale.common.align.io.CastorAlignmentIOTest","testBaseAlignmentSaveLoad"
"","6","testAfter","","Wed Jul 08 15:19:51 UTC 2026","passed","Wed Jul 08 15:19:51 UTC 2026","","eu.esdihumboldt.hale.common.filter.ECQLFilterTest","eu.esdihumboldt.hale.common.filter.ECQLFilterTest","testAfter"
"","201","testLarge","","Wed Jul 08 15:33:01 UTC 2026","passed","Wed Jul 08 15:33:01 UTC 2026","","eu.esdihumboldt.util.geometry.interpolation.split.SplitInterpolationTest","eu.esdihumboldt.util.geometry.interpolation.split.SplitInterpolationTest","testLarge"
"","164","testGroovyWarningRetypeTarget","","Wed Jul 08 15:18:46 UTC 2026","passed","Wed Jul 08 15:18:46 UTC 2026","","eu.esdihumboldt.hale.common.align.merge.test.impl.DefaultMergeCellMigratorTest","eu.esdihumboldt.hale.common.align.merge.test.impl.DefaultMergeCellMigratorTest","testGroovyWarningRetypeTarget"
"","5","testNumberBetween","","Wed Jul 08 15:19:50 UTC 2026","passed","Wed Jul 08 15:19:50 UTC 2026","","eu.esdihumboldt.hale.common.filter.CQLFilterTest","eu.esdihumboldt.hale.common.filter.CQLFilterTest","testNumberBetween"
"","43","testCallMethod","","Wed Jul 08 15:27:20 UTC 2026","passed","Wed Jul 08 15:27:20 UTC 2026","","eu.esdihumboldt.hale.io.groovy.snippets.GroovySnippetsTest","eu.esdihumboldt.hale.io.groovy.snippets.GroovySnippetsTest","testCallMethod"
"","1","testDisabled","","Wed Jul 08 15:21:36 UTC 2026","passed","Wed Jul 08 15:21:36 UTC 2026","","eu.esdihumboldt.hale.common.schema.model.constraint.factory.property.ChoiceFlagFactoryTest","eu.esdihumboldt.hale.common.schema.model.constraint.factory.property.ChoiceFlagFactoryTest","testDisabled"
"","56","testLoadWVAIgnoreNamespace","","Wed Jul 08 15:25:55 UTC 2026","passed","Wed Jul 08 15:25:55 UTC 2026","","eu.esdihumboldt.hale.io.gml.reader.internal.GmlInstanceCollectionTest","eu.esdihumboldt.hale.io.gml.reader.internal.GmlInstanceCollectionTest","testLoadWVAIgnoreNamespace"
"","2","testOrigin","","Wed Jul 08 15:33:01 UTC 2026","passed","Wed Jul 08 15:33:01 UTC 2026","","eu.esdihumboldt.util.geometry.interpolation.model.impl.ArcByPointsImplTest","eu.esdihumboldt.util.geometry.interpolation.model.impl.ArcByPointsImplTest","testOrigin"
"","150","testSqlQuery","","Wed Jul 08 15:33:42 UTC 2026","passed","Wed Jul 08 15:33:42 UTC 2026","","eu.esdihumboldt.util.orient.embedded.LocalDocumentTest","eu.esdihumboldt.util.orient.embedded.LocalDocumentTest","testSqlQuery"
"","0","testOrderHolesCCW","","Wed Jul 08 15:33:00 UTC 2026","passed","Wed Jul 08 15:33:00 UTC 2026","","eu.esdihumboldt.util.geometry.WindingOrderTest","eu.esdihumboldt.util.geometry.WindingOrderTest","testOrderHolesCCW"
"","17687","testUnconditionalFilterForHydro","","Wed Jul 08 15:16:08 UTC 2026","passed","Wed Jul 08 15:16:26 UTC 2026","","eu.esdihumboldt.hale.app.transform.test.ExecuteTest","eu.esdihumboldt.hale.app.transform.test.ExecuteTest","testUnconditionalFilterForHydro"
"","0","testFormatter[1]","","Wed Jul 08 15:32:56 UTC 2026","passed","Wed Jul 08 15:32:56 UTC 2026","","eu.esdihumboldt.util.geometry.DecimalFormatUtilTest","eu.esdihumboldt.util.geometry.DecimalFormatUtilTest","testFormatter[1]"
"","4","testLikeNoSchema","","Wed Jul 08 15:19:51 UTC 2026","passed","Wed Jul 08 15:19:51 UTC 2026","","eu.esdihumboldt.hale.common.filter.ECQLFilterTest","eu.esdihumboldt.hale.common.filter.ECQLFilterTest","testLikeNoSchema"
"","211","testGroovyWarningScript","","Wed Jul 08 15:18:47 UTC 2026","passed","Wed Jul 08 15:18:48 UTC 2026","","eu.esdihumboldt.hale.common.align.merge.test.impl.DefaultMergeCellMigratorTest","eu.esdihumboldt.hale.common.align.merge.test.impl.DefaultMergeCellMigratorTest","testGroovyWarningScript"
"","66","testGmlOverflow2","","Wed Jul 08 15:20:22 UTC 2026","passed","Wed Jul 08 15:20:22 UTC 2026","","eu.esdihumboldt.hale.common.instance.graph.test.ReferenceGraphTest","eu.esdihumboldt.hale.common.instance.graph.test.ReferenceGraphTest","testGmlOverflow2"
"","16","testNestedDefaultProperties","","Wed Jul 08 15:21:56 UTC 2026","passed","Wed Jul 08 15:21:56 UTC 2026","","eu.esdihumboldt.hale.common.schema.groovy.SchemaBuilderTest","eu.esdihumboldt.hale.common.schema.groovy.SchemaBuilderTest","testNestedDefaultProperties"
"","158","testParentMappingGeometry","","Wed Jul 08 15:18:44 UTC 2026","passed","Wed Jul 08 15:18:44 UTC 2026","","eu.esdihumboldt.hale.common.align.merge.test.impl.DefaultMergeCellMigratorTest","eu.esdihumboldt.hale.common.align.merge.test.impl.DefaultMergeCellMigratorTest","testParentMappingGeometry"
"","798","testWriteRead","","Wed Jul 08 15:22:13 UTC 2026","passed","Wed Jul 08 15:22:13 UTC 2026","","eu.esdihumboldt.hale.common.schema.persist.hsd.test.HaleSchemaWriterTest","eu.esdihumboldt.hale.common.schema.persist.hsd.test.HaleSchemaWriterTest","testWriteRead"
"","2","testNumberProperty","","Wed Jul 08 15:30:01 UTC 2026","passed","Wed Jul 08 15:30:01 UTC 2026","","eu.esdihumboldt.hale.io.json.test.JsonSchemaReaderTest","eu.esdihumboldt.hale.io.json.test.JsonSchemaReaderTest","testNumberProperty"
"","0","testSubfolder3","","Wed Jul 08 15:19:20 UTC 2026","passed","Wed Jul 08 15:19:20 UTC 2026","","eu.esdihumboldt.hale.common.core.io.PathUpdateTest","eu.esdihumboldt.hale.common.core.io.PathUpdateTest","testSubfolder3"
"","0","testGeoIntersect","","Wed Jul 08 15:19:51 UTC 2026","skipped","Wed Jul 08 15:19:51 UTC 2026","","eu.esdihumboldt.hale.common.filter.ECQLFilterTest","eu.esdihumboldt.hale.common.filter.ECQLFilterTest","testGeoIntersect"
"","0","testHalfmoon","","Wed Jul 08 15:23:50 UTC 2026","passed","Wed Jul 08 15:23:50 UTC 2026","","eu.esdihumboldt.cst.functions.geometric.test.InteriorPointTest","eu.esdihumboldt.cst.functions.geometric.test.InteriorPointTest","testHalfmoon"
"","0","testSplitMulti_Mixed","","Wed Jul 08 15:23:50 UTC 2026","passed","Wed Jul 08 15:23:50 UTC 2026","","eu.esdihumboldt.cst.functions.geometric.test.GeometryHelperFunctionsTest","eu.esdihumboldt.cst.functions.geometric.test.GeometryHelperFunctionsTest","testSplitMulti_Mixed"
"","1607","testConvertJson2PB","","Wed Jul 08 15:30:05 UTC 2026","passed","Wed Jul 08 15:30:07 UTC 2026","","eu.esdihumboldt.hale.io.pb.test.ProtocolBufferInstanceWriterTest","eu.esdihumboldt.hale.io.pb.test.ProtocolBufferInstanceWriterTest","testConvertJson2PB"
"","2062","testSKOSFromRDF5_language_de","","Wed Jul 08 15:24:36 UTC 2026","passed","Wed Jul 08 15:24:38 UTC 2026","","eu.esdihumboldt.hale.io.codelist.skos.test.SkosCodeListTest","eu.esdihumboldt.hale.io.codelist.skos.test.SkosCodeListTest","testSKOSFromRDF5_language_de"
"","3","testNestedOverride","","Wed Jul 08 15:32:51 UTC 2026","passed","Wed Jul 08 15:32:51 UTC 2026","","eu.esdihumboldt.util.config.ConfigMergerTest","eu.esdihumboldt.util.config.ConfigMergerTest","testNestedOverride"
"","10","testDuring","","Wed Jul 08 15:19:50 UTC 2026","passed","Wed Jul 08 15:19:50 UTC 2026","","eu.esdihumboldt.hale.common.filter.CQLFilterTest","eu.esdihumboldt.hale.common.filter.CQLFilterTest","testDuring"
"","262","testRef","","Wed Jul 08 15:21:36 UTC 2026","passed","Wed Jul 08 15:21:36 UTC 2026","","eu.esdihumboldt.hale.common.schema.model.constraint.factory.property.ReferenceFactoryTest","eu.esdihumboldt.hale.common.schema.model.constraint.factory.property.ReferenceFactoryTest","testRef"
"","2","testCW3","","Wed Jul 08 15:33:01 UTC 2026","passed","Wed Jul 08 15:33:01 UTC 2026","","eu.esdihumboldt.util.geometry.interpolation.model.impl.ArcByCenterPointImplTest","eu.esdihumboldt.util.geometry.interpolation.model.impl.ArcByCenterPointImplTest","testCW3"
"","28","testEmpty","","Wed Jul 08 15:21:36 UTC 2026","passed","Wed Jul 08 15:21:36 UTC 2026","","eu.esdihumboldt.hale.common.schema.model.constraint.factory.type.ValidationConstraintFactoryTest","eu.esdihumboldt.hale.common.schema.model.constraint.factory.type.ValidationConstraintFactoryTest","testEmpty"
"","211","testDuplicateRule","","Wed Jul 08 15:30:15 UTC 2026","passed","Wed Jul 08 15:30:15 UTC 2026","","eu.esdihumboldt.hale.io.schematron.SchematronInstanceValidatorTest","eu.esdihumboldt.hale.io.schematron.SchematronInstanceValidatorTest","testDuplicateRule"
"","34","testValueMap","","Wed Jul 08 15:19:32 UTC 2026","passed","Wed Jul 08 15:19:32 UTC 2026","","eu.esdihumboldt.hale.common.core.io.impl.ValueMapTypeTest","eu.esdihumboldt.hale.common.core.io.impl.ValueMapTypeTest","testValueMap"
"","459","testDoesNotExistSchema","","Wed Jul 08 15:19:50 UTC 2026","passed","Wed Jul 08 15:19:50 UTC 2026","","eu.esdihumboldt.hale.common.filter.CQLFilterTest","eu.esdihumboldt.hale.common.filter.CQLFilterTest","testDoesNotExistSchema"
"","4","testHttpRelative1","","Wed Jul 08 15:32:27 UTC 2026","passed","Wed Jul 08 15:32:27 UTC 2026","","eu.esdihumboldt.hale.io.xsd.reader.HumboldtURIResolverTest","eu.esdihumboldt.hale.io.xsd.reader.HumboldtURIResolverTest","testHttpRelative1"
"","5","testDoesNotExistSchema","","Wed Jul 08 15:19:51 UTC 2026","passed","Wed Jul 08 15:19:51 UTC 2026","","eu.esdihumboldt.hale.common.filter.ECQLFilterTest","eu.esdihumboldt.hale.common.filter.ECQLFilterTest","testDoesNotExistSchema"
"","80","testSqlQuery","","Wed Jul 08 15:33:43 UTC 2026","passed","Wed Jul 08 15:33:43 UTC 2026","","eu.esdihumboldt.util.orient.embedded.MemoryDocumentTest","eu.esdihumboldt.util.orient.embedded.MemoryDocumentTest","testSqlQuery"
"","500","testReadInstancesXSD","","Wed Jul 08 15:25:39 UTC 2026","passed","Wed Jul 08 15:25:40 UTC 2026","","eu.esdihumboldt.hale.io.geopackage.GeopackageInstanceReaderTest","eu.esdihumboldt.hale.io.geopackage.GeopackageInstanceReaderTest","testReadInstancesXSD"
"","354","testGeometryPrimitive_32_MultiLineString_Curve1","","Wed Jul 08 15:26:56 UTC 2026","passed","Wed Jul 08 15:26:57 UTC 2026","","eu.esdihumboldt.hale.io.gml.writer.internal.StreamGmlWriterTest","eu.esdihumboldt.hale.io.gml.writer.internal.StreamGmlWriterTest","testGeometryPrimitive_32_MultiLineString_Curve1"
"","6","testSimpleAll","","Wed Jul 08 15:21:55 UTC 2026","passed","Wed Jul 08 15:21:55 UTC 2026","","eu.esdihumboldt.hale.common.schema.groovy.DefinitionAccessorTest","eu.esdihumboldt.hale.common.schema.groovy.DefinitionAccessorTest","testSimpleAll"
"","24","testSingleGeometry","","Wed Jul 08 15:31:11 UTC 2026","passed","Wed Jul 08 15:31:11 UTC 2026","","eu.esdihumboldt.hale.io.shp.ShapefileInstanceWriterTest","eu.esdihumboldt.hale.io.shp.ShapefileInstanceWriterTest","testSingleGeometry"
"","25","testDefaultPropertyTypes","","Wed Jul 08 15:21:56 UTC 2026","passed","Wed Jul 08 15:21:56 UTC 2026","","eu.esdihumboldt.hale.common.schema.groovy.SchemaBuilderTest","eu.esdihumboldt.hale.common.schema.groovy.SchemaBuilderTest","testDefaultPropertyTypes"
"","65","testWriteSimpleSchemaColOrder","","Wed Jul 08 15:25:04 UTC 2026","passed","Wed Jul 08 15:25:04 UTC 2026","","eu.esdihumboldt.hale.io.csv.writer.CSVInstanceWriterTest","eu.esdihumboldt.hale.io.csv.writer.CSVInstanceWriterTest","testWriteSimpleSchemaColOrder"
"","110","testReadGeoJsonArray","","Wed Jul 08 15:30:00 UTC 2026","passed","Wed Jul 08 15:30:00 UTC 2026","","eu.esdihumboldt.hale.io.json.test.JsonInstanceCollectionTest","eu.esdihumboldt.hale.io.json.test.JsonInstanceCollectionTest","testReadGeoJsonArray"
"","4","testStringCompare","","Wed Jul 08 15:19:51 UTC 2026","passed","Wed Jul 08 15:19:51 UTC 2026","","eu.esdihumboldt.hale.common.filter.ECQLFilterTest","eu.esdihumboldt.hale.common.filter.ECQLFilterTest","testStringCompare"
"","11","testNotEqualSimple","","Wed Jul 08 15:19:49 UTC 2026","passed","Wed Jul 08 15:19:49 UTC 2026","","eu.esdihumboldt.hale.common.filter.CQLFilterTest","eu.esdihumboldt.hale.common.filter.CQLFilterTest","testNotEqualSimple"
"","3149","testFiltersForMultiType2","","Wed Jul 08 15:16:58 UTC 2026","passed","Wed Jul 08 15:17:01 UTC 2026","","eu.esdihumboldt.hale.app.transform.test.ExecuteTest","eu.esdihumboldt.hale.app.transform.test.ExecuteTest","testFiltersForMultiType2"
"","0","testPropertiesMix","","Wed Jul 08 15:23:00 UTC 2026","skipped","Wed Jul 08 15:23:00 UTC 2026","","eu.esdihumboldt.cst.internal.ConceptualSchemaTransformerTest","eu.esdihumboldt.cst.internal.ConceptualSchemaTransformerTest","testPropertiesMix"
"","4615","testStatistics","","Wed Jul 08 15:16:46 UTC 2026","passed","Wed Jul 08 15:16:50 UTC 2026","","eu.esdihumboldt.hale.app.transform.test.ExecuteTest","eu.esdihumboldt.hale.app.transform.test.ExecuteTest","testStatistics"
"","4493","testGroovyContextFilterExclusionForHydro","","Wed Jul 08 15:16:37 UTC 2026","passed","Wed Jul 08 15:16:41 UTC 2026","","eu.esdihumboldt.hale.app.transform.test.ExecuteTest","eu.esdihumboldt.hale.app.transform.test.ExecuteTest","testGroovyContextFilterExclusionForHydro"
"","3","testPath2","","Wed Jul 08 15:21:36 UTC 2026","passed","Wed Jul 08 15:21:36 UTC 2026","","eu.esdihumboldt.hale.common.schema.model.constraint.factory.type.PrimaryKeyFactoryTest","eu.esdihumboldt.hale.common.schema.model.constraint.factory.type.PrimaryKeyFactoryTest","testPath2"
"","4","testEqualitySimpleNoSchema","","Wed Jul 08 15:19:51 UTC 2026","passed","Wed Jul 08 15:19:51 UTC 2026","","eu.esdihumboldt.hale.common.filter.ECQLFilterTest","eu.esdihumboldt.hale.common.filter.ECQLFilterTest","testEqualitySimpleNoSchema"
"","57","testReadMultiSheetTypeSkipSettings","","Wed Jul 08 15:32:10 UTC 2026","passed","Wed Jul 08 15:32:10 UTC 2026","","eu.esdihumboldt.hale.io.xls.test.reader.XLSReaderTest","eu.esdihumboldt.hale.io.xls.test.reader.XLSReaderTest","testReadMultiSheetTypeSkipSettings"
"","0","testCMUnion6","","Wed Jul 08 15:23:10 UTC 2026","skipped","Wed Jul 08 15:23:10 UTC 2026","","eu.esdihumboldt.cst.internal.ConceptualSchemaTransformerTest","eu.esdihumboldt.cst.internal.ConceptualSchemaTransformerTest","testCMUnion6"
"","1","testDefault","","Wed Jul 08 15:21:36 UTC 2026","passed","Wed Jul 08 15:21:36 UTC 2026","","eu.esdihumboldt.hale.common.schema.model.constraint.factory.property.NillableFlagFactoryTest","eu.esdihumboldt.hale.common.schema.model.constraint.factory.property.NillableFlagFactoryTest","testDefault"
"","86","testCardinalityMerge_2","","Wed Jul 08 15:23:08 UTC 2026","passed","Wed Jul 08 15:23:08 UTC 2026","","eu.esdihumboldt.cst.internal.ConceptualSchemaTransformerTest","eu.esdihumboldt.cst.internal.ConceptualSchemaTransformerTest","testCardinalityMerge_2"
"","39","testGroup","","Wed Jul 08 15:21:55 UTC 2026","passed","Wed Jul 08 15:21:56 UTC 2026","","eu.esdihumboldt.hale.common.schema.groovy.SchemaBuilderTest","eu.esdihumboldt.hale.common.schema.groovy.SchemaBuilderTest","testGroup"
"","2","testValueProperties","","Wed Jul 08 15:19:32 UTC 2026","passed","Wed Jul 08 15:19:32 UTC 2026","","eu.esdihumboldt.hale.common.core.io.impl.ValuePropertiesTypeTest","eu.esdihumboldt.hale.common.core.io.impl.ValuePropertiesTypeTest","testValueProperties"
"","101","testWriteMultiSchemasWithOneMissingGeom","","Wed Jul 08 15:31:07 UTC 2026","passed","Wed Jul 08 15:31:07 UTC 2026","","eu.esdihumboldt.hale.io.shp.ShapefileInstanceWriterTest","eu.esdihumboldt.hale.io.shp.ShapefileInstanceWriterTest","testWriteMultiSchemasWithOneMissingGeom"
"","5","testInstanceValueNullSchema","","Wed Jul 08 15:19:51 UTC 2026","passed","Wed Jul 08 15:19:51 UTC 2026","","eu.esdihumboldt.hale.common.filter.ECQLFilterTest","eu.esdihumboldt.hale.common.filter.ECQLFilterTest","testInstanceValueNullSchema"
"","606","testGeometryPrimitive_32_CompositeCurve_LineString","","Wed Jul 08 15:26:45 UTC 2026","passed","Wed Jul 08 15:26:46 UTC 2026","","eu.esdihumboldt.hale.io.gml.writer.internal.StreamGmlWriter2Test","eu.esdihumboldt.hale.io.gml.writer.internal.StreamGmlWriter2Test","testGeometryPrimitive_32_CompositeCurve_LineString"
"","142","testReadSimpleArray","","Wed Jul 08 15:30:01 UTC 2026","passed","Wed Jul 08 15:30:01 UTC 2026","","eu.esdihumboldt.hale.io.json.test.JsonToInstanceTest","eu.esdihumboldt.hale.io.json.test.JsonToInstanceTest","testReadSimpleArray"
"","0","testUnifyEmpty","","Wed Jul 08 15:33:00 UTC 2026","passed","Wed Jul 08 15:33:00 UTC 2026","","eu.esdihumboldt.util.geometry.WindingOrderTest","eu.esdihumboldt.util.geometry.WindingOrderTest","testUnifyEmpty"
"","514","testStoreRestoreCustomName","","Wed Jul 08 15:21:35 UTC 2026","passed","Wed Jul 08 15:21:36 UTC 2026","","eu.esdihumboldt.hale.common.schema.model.constraint.factory.DisplayNameFactoryTest","eu.esdihumboldt.hale.common.schema.model.constraint.factory.DisplayNameFactoryTest","testStoreRestoreCustomName"
"","168","testRetypeCondition","","Wed Jul 08 15:18:51 UTC 2026","passed","Wed Jul 08 15:18:51 UTC 2026","","eu.esdihumboldt.hale.common.align.merge.test.impl.JoinRetainConditionsTest","eu.esdihumboldt.hale.common.align.merge.test.impl.JoinRetainConditionsTest","testRetypeCondition"
"","97","testIDSaveLoad","","Wed Jul 08 15:17:49 UTC 2026","passed","Wed Jul 08 15:17:49 UTC 2026","","eu.esdihumboldt.hale.common.align.io.CastorAlignmentIOTest","eu.esdihumboldt.hale.common.align.io.CastorAlignmentIOTest","testIDSaveLoad"
"","3","testValuePropertiesListJson","","Wed Jul 08 15:19:32 UTC 2026","passed","Wed Jul 08 15:19:32 UTC 2026","","eu.esdihumboldt.hale.common.core.io.impl.ValuePropertiesTypeTest","eu.esdihumboldt.hale.common.core.io.impl.ValuePropertiesTypeTest","testValuePropertiesListJson"
"","160","testMethodCallWithNamedArguments","","Wed Jul 08 15:33:15 UTC 2026","passed","Wed Jul 08 15:33:16 UTC 2026","","eu.esdihumboldt.util.groovy.json.JsonStreamBuilderTest","eu.esdihumboldt.util.groovy.json.JsonStreamBuilderTest","testMethodCallWithNamedArguments"
"","20","testArcString","","Wed Jul 08 15:33:00 UTC 2026","passed","Wed Jul 08 15:33:00 UTC 2026","","eu.esdihumboldt.util.geometry.interpolation.grid.GridInterpolationTest","eu.esdihumboldt.util.geometry.interpolation.grid.GridInterpolationTest","testArcString"
"","780","testInspireCodespaceNoAutoAdd","","Wed Jul 08 15:26:48 UTC 2026","passed","Wed Jul 08 15:26:49 UTC 2026","","eu.esdihumboldt.hale.io.gml.writer.internal.StreamGmlWriter2Test","eu.esdihumboldt.hale.io.gml.writer.internal.StreamGmlWriter2Test","testInspireCodespaceNoAutoAdd"
"","0","testTimeEqualsList","","Wed Jul 08 15:19:51 UTC 2026","skipped","Wed Jul 08 15:19:51 UTC 2026","","eu.esdihumboldt.hale.common.filter.ECQLFilterTest","eu.esdihumboldt.hale.common.filter.ECQLFilterTest","testTimeEqualsList"
"","20","testSimpleSchemaNames","","Wed Jul 08 15:21:56 UTC 2026","passed","Wed Jul 08 15:21:56 UTC 2026","","eu.esdihumboldt.hale.common.schema.groovy.SchemaBuilderTest","eu.esdihumboldt.hale.common.schema.groovy.SchemaBuilderTest","testSimpleSchemaNames"
"","271","testGeometryPrimitive_31_Polygon","","Wed Jul 08 15:27:00 UTC 2026","passed","Wed Jul 08 15:27:01 UTC 2026","","eu.esdihumboldt.hale.io.gml.writer.internal.StreamGmlWriterTest","eu.esdihumboldt.hale.io.gml.writer.internal.StreamGmlWriterTest","testGeometryPrimitive_31_Polygon"
"","14","testInstanceNullSchema","","Wed Jul 08 15:19:49 UTC 2026","passed","Wed Jul 08 15:19:49 UTC 2026","","eu.esdihumboldt.hale.common.filter.CQLFilterTest","eu.esdihumboldt.hale.common.filter.CQLFilterTest","testInstanceNullSchema"
"","0","testGeoCross","","Wed Jul 08 15:19:49 UTC 2026","skipped","Wed Jul 08 15:19:49 UTC 2026","","eu.esdihumboldt.hale.common.filter.CQLFilterTest","eu.esdihumboldt.hale.common.filter.CQLFilterTest","testGeoCross"
"","4","testNullNotExistsSchema","","Wed Jul 08 15:19:51 UTC 2026","passed","Wed Jul 08 15:19:51 UTC 2026","","eu.esdihumboldt.hale.common.filter.ECQLFilterTest","eu.esdihumboldt.hale.common.filter.ECQLFilterTest","testNullNotExistsSchema"
"","4329","testWriteRead","","Wed Jul 08 15:28:57 UTC 2026","passed","Wed Jul 08 15:29:02 UTC 2026","","eu.esdihumboldt.hale.io.jdbc.postgresql.test.MultiDimensionalArraysIT","eu.esdihumboldt.hale.io.jdbc.postgresql.test.MultiDimensionalArraysIT","testWriteRead"
"","359","testSaveLoad","","Wed Jul 08 15:17:59 UTC 2026","passed","Wed Jul 08 15:17:59 UTC 2026","","eu.esdihumboldt.hale.common.align.io.JaxbAlignmentIOTest","eu.esdihumboldt.hale.common.align.io.JaxbAlignmentIOTest","testSaveLoad"
"","3","testDefault","","Wed Jul 08 15:21:36 UTC 2026","passed","Wed Jul 08 15:21:36 UTC 2026","","eu.esdihumboldt.hale.common.schema.model.constraint.factory.type.SkipValidationFactoryTest","eu.esdihumboldt.hale.common.schema.model.constraint.factory.type.SkipValidationFactoryTest","testDefault"
"","9","testReadLineString","","Wed Jul 08 15:30:01 UTC 2026","passed","Wed Jul 08 15:30:01 UTC 2026","","eu.esdihumboldt.hale.io.json.test.JsonToInstanceTest","eu.esdihumboldt.hale.io.json.test.JsonToInstanceTest","testReadLineString"
"","55","testConflict","","Wed Jul 08 15:32:51 UTC 2026","passed","Wed Jul 08 15:32:51 UTC 2026","","eu.esdihumboldt.util.config.ConfigTest","eu.esdihumboldt.util.config.ConfigTest","testConflict"
"","1","testText","","Wed Jul 08 15:21:56 UTC 2026","passed","Wed Jul 08 15:21:56 UTC 2026","","eu.esdihumboldt.hale.common.schema.groovy.constraints.CardinalityFactoryTest","eu.esdihumboldt.hale.common.schema.groovy.constraints.CardinalityFactoryTest","testText"
"","772","testInnerJoinConditions","","Wed Jul 08 15:23:06 UTC 2026","passed","Wed Jul 08 15:23:07 UTC 2026","","eu.esdihumboldt.cst.internal.ConceptualSchemaTransformerTest","eu.esdihumboldt.cst.internal.ConceptualSchemaTransformerTest","testInnerJoinConditions"
"","8","testNamespace","","Wed Jul 08 15:21:55 UTC 2026","passed","Wed Jul 08 15:21:55 UTC 2026","","eu.esdihumboldt.hale.common.schema.groovy.DefinitionAccessorTest","eu.esdihumboldt.hale.common.schema.groovy.DefinitionAccessorTest","testNamespace"
"","28","testGeoJsonSimple_2","","Wed Jul 08 15:29:58 UTC 2026","passed","Wed Jul 08 15:29:58 UTC 2026","","eu.esdihumboldt.hale.io.json.test.InstanceToJsonTest","eu.esdihumboldt.hale.io.json.test.InstanceToJsonTest","testGeoJsonSimple_2"
"","76","testTemplate","","Wed Jul 08 15:18:01 UTC 2026","passed","Wed Jul 08 15:18:01 UTC 2026","","eu.esdihumboldt.hale.common.align.model.impl.mdexpl.MarkdownCellExplanationTest","eu.esdihumboldt.hale.common.align.model.impl.mdexpl.MarkdownCellExplanationTest","testTemplate"
"","13","testEnabled","","Wed Jul 08 15:21:36 UTC 2026","passed","Wed Jul 08 15:21:36 UTC 2026","","eu.esdihumboldt.hale.common.schema.model.constraint.factory.type.SkipValidationFactoryTest","eu.esdihumboldt.hale.common.schema.model.constraint.factory.type.SkipValidationFactoryTest","testEnabled"
"","1","testSubfolder2","","Wed Jul 08 15:19:20 UTC 2026","passed","Wed Jul 08 15:19:20 UTC 2026","","eu.esdihumboldt.hale.common.core.io.PathUpdateTest","eu.esdihumboldt.hale.common.core.io.PathUpdateTest","testSubfolder2"
"","5","testNullNotExistsNoSchema","","Wed Jul 08 15:19:50 UTC 2026","passed","Wed Jul 08 15:19:50 UTC 2026","","eu.esdihumboldt.hale.common.filter.CQLFilterTest","eu.esdihumboldt.hale.common.filter.CQLFilterTest","testNullNotExistsNoSchema"
"","1","testUnifyMultiPolygon","","Wed Jul 08 15:33:00 UTC 2026","passed","Wed Jul 08 15:33:00 UTC 2026","","eu.esdihumboldt.util.geometry.WindingOrderTest","eu.esdihumboldt.util.geometry.WindingOrderTest","testUnifyMultiPolygon"
"","18","testFindPropertyCached","","Wed Jul 08 15:21:35 UTC 2026","passed","Wed Jul 08 15:21:35 UTC 2026","","eu.esdihumboldt.hale.common.schema.helper.DefinitionResolverTest","eu.esdihumboldt.hale.common.schema.helper.DefinitionResolverTest","testFindPropertyCached"
"","9","testLoopArray","","Wed Jul 08 15:33:16 UTC 2026","passed","Wed Jul 08 15:33:16 UTC 2026","","eu.esdihumboldt.util.groovy.json.JsonStreamBuilderTest","eu.esdihumboldt.util.groovy.json.JsonStreamBuilderTest","testLoopArray"
"","87","testWriteSimpleSchema","","Wed Jul 08 15:25:04 UTC 2026","passed","Wed Jul 08 15:25:04 UTC 2026","","eu.esdihumboldt.hale.io.csv.writer.CSVInstanceWriterTest","eu.esdihumboldt.hale.io.csv.writer.CSVInstanceWriterTest","testWriteSimpleSchema"
"","2","testNotOrigin","","Wed Jul 08 15:33:01 UTC 2026","passed","Wed Jul 08 15:33:01 UTC 2026","","eu.esdihumboldt.util.geometry.interpolation.model.impl.ArcByPointsImplTest","eu.esdihumboldt.util.geometry.interpolation.model.impl.ArcByPointsImplTest","testNotOrigin"
"","32","testWriteBigNumbers","","Wed Jul 08 15:31:11 UTC 2026","passed","Wed Jul 08 15:31:11 UTC 2026","","eu.esdihumboldt.hale.io.shp.ShapefileInstanceWriterTest","eu.esdihumboldt.hale.io.shp.ShapefileInstanceWriterTest","testWriteBigNumbers"
"","1","testFormatter[11]","","Wed Jul 08 15:32:56 UTC 2026","passed","Wed Jul 08 15:32:56 UTC 2026","","eu.esdihumboldt.util.geometry.DecimalFormatUtilTest","eu.esdihumboldt.util.geometry.DecimalFormatUtilTest","testFormatter[11]"
"","26","testCallBindung","","Wed Jul 08 15:27:20 UTC 2026","passed","Wed Jul 08 15:27:20 UTC 2026","","eu.esdihumboldt.hale.io.groovy.snippets.GroovySnippetsTest","eu.esdihumboldt.hale.io.groovy.snippets.GroovySnippetsTest","testCallBindung"
"","4078","testAdvCrsFactories","","Wed Jul 08 15:21:14 UTC 2026","passed","Wed Jul 08 15:21:18 UTC 2026","","eu.esdihumboldt.hale.common.referencing.factory.CrsAuthorityFactoryTest","eu.esdihumboldt.hale.common.referencing.factory.CrsAuthorityFactoryTest","testAdvCrsFactories"
"","0","testGeometryFlippedOnNULLCRS","","Wed Jul 08 15:33:00 UTC 2026","passed","Wed Jul 08 15:33:00 UTC 2026","","eu.esdihumboldt.util.geometry.WindingOrderTest","eu.esdihumboldt.util.geometry.WindingOrderTest","testGeometryFlippedOnNULLCRS"
"","19","testGmlReferences","","Wed Jul 08 15:20:22 UTC 2026","passed","Wed Jul 08 15:20:22 UTC 2026","","eu.esdihumboldt.hale.common.instance.graph.test.ReferenceGraphTest","eu.esdihumboldt.hale.common.instance.graph.test.ReferenceGraphTest","testGmlReferences"
"","0","testBeforeList","","Wed Jul 08 15:19:51 UTC 2026","skipped","Wed Jul 08 15:19:51 UTC 2026","","eu.esdihumboldt.hale.common.filter.ECQLFilterTest","eu.esdihumboldt.hale.common.filter.ECQLFilterTest","testBeforeList"
"","44","testLoadChoice2","","Wed Jul 08 15:25:55 UTC 2026","passed","Wed Jul 08 15:25:55 UTC 2026","","eu.esdihumboldt.hale.io.gml.reader.internal.GmlInstanceCollectionTest","eu.esdihumboldt.hale.io.gml.reader.internal.GmlInstanceCollectionTest","testLoadChoice2"
"","1","testRead2","","Wed Jul 08 15:24:53 UTC 2026","passed","Wed Jul 08 15:24:53 UTC 2026","","eu.esdihumboldt.hale.io.csv.CSVSchemaReaderTest","eu.esdihumboldt.hale.io.csv.CSVSchemaReaderTest","testRead2"
"","1","testDisabled","","Wed Jul 08 15:21:36 UTC 2026","passed","Wed Jul 08 15:21:36 UTC 2026","","eu.esdihumboldt.hale.common.schema.model.constraint.factory.type.MappingRelevantFlagFactoryTest","eu.esdihumboldt.hale.common.schema.model.constraint.factory.type.MappingRelevantFlagFactoryTest","testDisabled"
"","71","testEqualitySimple","","Wed Jul 08 15:19:50 UTC 2026","passed","Wed Jul 08 15:19:51 UTC 2026","","eu.esdihumboldt.hale.common.filter.ECQLFilterTest","eu.esdihumboldt.hale.common.filter.ECQLFilterTest","testEqualitySimple"
"","7","testTimeEquals","","Wed Jul 08 15:19:51 UTC 2026","passed","Wed Jul 08 15:19:51 UTC 2026","","eu.esdihumboldt.hale.common.filter.ECQLFilterTest","eu.esdihumboldt.hale.common.filter.ECQLFilterTest","testTimeEquals"
"","4089","testWriteRead","","Wed Jul 08 15:29:06 UTC 2026","passed","Wed Jul 08 15:29:10 UTC 2026","","eu.esdihumboldt.hale.io.jdbc.postgresql.test.OneDimensionalArraysIT","eu.esdihumboldt.hale.io.jdbc.postgresql.test.OneDimensionalArraysIT","testWriteRead"
"","40","testWriteSimpleSchemaColOrder","","Wed Jul 08 15:32:13 UTC 2026","passed","Wed Jul 08 15:32:13 UTC 2026","","eu.esdihumboldt.hale.io.xls.test.writer.XLSInstanceWriterTest","eu.esdihumboldt.hale.io.xls.test.writer.XLSInstanceWriterTest","testWriteSimpleSchemaColOrder"
"","205","testComplexLookupJson","","Wed Jul 08 15:21:10 UTC 2026","passed","Wed Jul 08 15:21:10 UTC 2026","","eu.esdihumboldt.hale.common.lookup.internal.LookupTableTypeTest","eu.esdihumboldt.hale.common.lookup.internal.LookupTableTypeTest","testComplexLookupJson"
"","96","testCMMulti1","","Wed Jul 08 15:23:09 UTC 2026","passed","Wed Jul 08 15:23:09 UTC 2026","","eu.esdihumboldt.cst.internal.ConceptualSchemaTransformerTest","eu.esdihumboldt.cst.internal.ConceptualSchemaTransformerTest","testCMMulti1"
"","336","testGeometryPrimitive_32_Point","","Wed Jul 08 15:26:59 UTC 2026","passed","Wed Jul 08 15:26:59 UTC 2026","","eu.esdihumboldt.hale.io.gml.writer.internal.StreamGmlWriterTest","eu.esdihumboldt.hale.io.gml.writer.internal.StreamGmlWriterTest","testGeometryPrimitive_32_Point"
"","0","testGeometryFlippedOnCRS","","Wed Jul 08 15:33:00 UTC 2026","passed","Wed Jul 08 15:33:00 UTC 2026","","eu.esdihumboldt.util.geometry.WindingOrderTest","eu.esdihumboldt.util.geometry.WindingOrderTest","testGeometryFlippedOnCRS"
"","52","testWriteVersion3","","Wed Jul 08 15:29:38 UTC 2026","passed","Wed Jul 08 15:29:38 UTC 2026","","eu.esdihumboldt.hale.io.jdbc.spatialite.writer.internal.SpatiaLiteInstanceWriterTest","eu.esdihumboldt.hale.io.jdbc.spatialite.writer.internal.SpatiaLiteInstanceWriterTest","testWriteVersion3"
"","12","testSKOSFromRDF5_language_nl","","Wed Jul 08 15:24:39 UTC 2026","passed","Wed Jul 08 15:24:39 UTC 2026","","eu.esdihumboldt.hale.io.codelist.skos.test.SkosCodeListTest","eu.esdihumboldt.hale.io.codelist.skos.test.SkosCodeListTest","testSKOSFromRDF5_language_nl"
"","0","testExistsSchema","","Wed Jul 08 15:19:50 UTC 2026","skipped","Wed Jul 08 15:19:50 UTC 2026","","eu.esdihumboldt.hale.common.filter.CQLFilterTest","eu.esdihumboldt.hale.common.filter.CQLFilterTest","testExistsSchema"
"","32","testAllChildren","","Wed Jul 08 15:20:38 UTC 2026","passed","Wed Jul 08 15:20:38 UTC 2026","","eu.esdihumboldt.hale.common.instance.groovy.InstanceAccessorTest","eu.esdihumboldt.hale.common.instance.groovy.InstanceAccessorTest","testAllChildren"
"","48","testValidators","","Wed Jul 08 15:21:36 UTC 2026","passed","Wed Jul 08 15:21:37 UTC 2026","","eu.esdihumboldt.hale.common.schema.model.constraint.factory.type.ValidationConstraintFactoryTest","eu.esdihumboldt.hale.common.schema.model.constraint.factory.type.ValidationConstraintFactoryTest","testValidators"
"","5","testPointGeometry","","Wed Jul 08 15:30:01 UTC 2026","passed","Wed Jul 08 15:30:01 UTC 2026","","eu.esdihumboldt.hale.io.json.test.JsonSchemaReaderTest","eu.esdihumboldt.hale.io.json.test.JsonSchemaReaderTest","testPointGeometry"
"","32","testRead","","Wed Jul 08 15:19:31 UTC 2026","passed","Wed Jul 08 15:19:31 UTC 2026","","eu.esdihumboldt.hale.common.core.io.impl.ValueListTypeTest","eu.esdihumboldt.hale.common.core.io.impl.ValueListTypeTest","testRead"
"","5","testEnabled","","Wed Jul 08 15:21:36 UTC 2026","passed","Wed Jul 08 15:21:36 UTC 2026","","eu.esdihumboldt.hale.common.schema.model.constraint.factory.property.UniqueConstraintFactoryTest","eu.esdihumboldt.hale.common.schema.model.constraint.factory.property.UniqueConstraintFactoryTest","testEnabled"
"","7","testNumber","","Wed Jul 08 15:19:51 UTC 2026","passed","Wed Jul 08 15:19:51 UTC 2026","","eu.esdihumboldt.hale.common.filter.ECQLFilterTest","eu.esdihumboldt.hale.common.filter.ECQLFilterTest","testNumber"
"","183","testJoinCondition","","Wed Jul 08 15:18:51 UTC 2026","passed","Wed Jul 08 15:18:51 UTC 2026","","eu.esdihumboldt.hale.common.align.merge.test.impl.JoinRetainConditionsTest","eu.esdihumboldt.hale.common.align.merge.test.impl.JoinRetainConditionsTest","testJoinCondition"
"","8","testSimpleSingleStrictFail","","Wed Jul 08 15:18:18 UTC 2026","passed","Wed Jul 08 15:18:18 UTC 2026","","eu.esdihumboldt.hale.common.align.groovy.accessor.EntityAccessorTest","eu.esdihumboldt.hale.common.align.groovy.accessor.EntityAccessorTest","testSimpleSingleStrictFail"
"","493","testSchema","","Wed Jul 08 15:20:38 UTC 2026","passed","Wed Jul 08 15:20:38 UTC 2026","","eu.esdihumboldt.hale.common.instance.groovy.InstanceAccessorTest","eu.esdihumboldt.hale.common.instance.groovy.InstanceAccessorTest","testSchema"
"","2","testFootprint2Hole","","Wed Jul 08 15:23:50 UTC 2026","passed","Wed Jul 08 15:23:50 UTC 2026","","eu.esdihumboldt.cst.functions.geometric.test.InteriorPointTest","eu.esdihumboldt.cst.functions.geometric.test.InteriorPointTest","testFootprint2Hole"
"","272","testTypeFilter5","","Wed Jul 08 15:18:45 UTC 2026","passed","Wed Jul 08 15:18:45 UTC 2026","","eu.esdihumboldt.hale.common.align.merge.test.impl.DefaultMergeCellMigratorTest","eu.esdihumboldt.hale.common.align.merge.test.impl.DefaultMergeCellMigratorTest","testTypeFilter5"
"","3","testNested","","Wed Jul 08 15:24:12 UTC 2026","passed","Wed Jul 08 15:24:12 UTC 2026","","eu.esdihumboldt.cst.functions.groovy.helpers.util.CollectorTest","eu.esdihumboldt.cst.functions.groovy.helpers.util.CollectorTest","testNested"
"","9","testMerge2","","Wed Jul 08 15:19:32 UTC 2026","passed","Wed Jul 08 15:19:32 UTC 2026","","eu.esdihumboldt.hale.common.core.report.util.StatsMergeTest","eu.esdihumboldt.hale.common.core.report.util.StatsMergeTest","testMerge2"
"","0","testBeforeList","","Wed Jul 08 15:19:50 UTC 2026","skipped","Wed Jul 08 15:19:50 UTC 2026","","eu.esdihumboldt.hale.common.filter.CQLFilterTest","eu.esdihumboldt.hale.common.filter.CQLFilterTest","testBeforeList"
"","5","testByPoints1","","Wed Jul 08 15:33:01 UTC 2026","passed","Wed Jul 08 15:33:01 UTC 2026","","eu.esdihumboldt.util.geometry.interpolation.split.SplitInterpolationTest","eu.esdihumboldt.util.geometry.interpolation.split.SplitInterpolationTest","testByPoints1"
"","64","testWriteMultiSchemas","","Wed Jul 08 15:31:07 UTC 2026","passed","Wed Jul 08 15:31:07 UTC 2026","","eu.esdihumboldt.hale.io.shp.ShapefileInstanceWriterTest","eu.esdihumboldt.hale.io.shp.ShapefileInstanceWriterTest","testWriteMultiSchemas"
"","261","testTypeFilter5Present","","Wed Jul 08 15:18:48 UTC 2026","passed","Wed Jul 08 15:18:48 UTC 2026","","eu.esdihumboldt.hale.common.align.merge.test.impl.DefaultMergeCellMigratorTest","eu.esdihumboldt.hale.common.align.merge.test.impl.DefaultMergeCellMigratorTest","testTypeFilter5Present"
"","67","testAfter","","Wed Jul 08 15:19:49 UTC 2026","passed","Wed Jul 08 15:19:49 UTC 2026","","eu.esdihumboldt.hale.common.filter.CQLFilterTest","eu.esdihumboldt.hale.common.filter.CQLFilterTest","testAfter"
"","14","testReadNestedGeometry","","Wed Jul 08 15:30:01 UTC 2026","passed","Wed Jul 08 15:30:01 UTC 2026","","eu.esdihumboldt.hale.io.json.test.JsonToInstanceTest","eu.esdihumboldt.hale.io.json.test.JsonToInstanceTest","testReadNestedGeometry"
"","375","testGeometryAggregate_32_MultiPolygon","","Wed Jul 08 15:26:57 UTC 2026","passed","Wed Jul 08 15:26:57 UTC 2026","","eu.esdihumboldt.hale.io.gml.writer.internal.StreamGmlWriterTest","eu.esdihumboldt.hale.io.gml.writer.internal.StreamGmlWriterTest","testGeometryAggregate_32_MultiPolygon"
"","355","testWfsPaginationCountWithFeaturesPerRequest","","Wed Jul 08 15:26:41 UTC 2026","passed","Wed Jul 08 15:26:41 UTC 2026","","eu.esdihumboldt.hale.io.gml.reader.internal.StreamGmlReaderTest","eu.esdihumboldt.hale.io.gml.reader.internal.StreamGmlReaderTest","testWfsPaginationCountWithFeaturesPerRequest"
"","25","testSinglePolyGeometry","","Wed Jul 08 15:31:11 UTC 2026","passed","Wed Jul 08 15:31:11 UTC 2026","","eu.esdihumboldt.hale.io.shp.ShapefileInstanceWriterTest","eu.esdihumboldt.hale.io.shp.ShapefileInstanceWriterTest","testSinglePolyGeometry"
"","34","testReuse","","Wed Jul 08 15:19:20 UTC 2026","passed","Wed Jul 08 15:19:20 UTC 2026","","eu.esdihumboldt.hale.common.core.io.PathUpdateTest","eu.esdihumboldt.hale.common.core.io.PathUpdateTest","testReuse"
"","1","testFormatter[9]","","Wed Jul 08 15:32:56 UTC 2026","passed","Wed Jul 08 15:32:56 UTC 2026","","eu.esdihumboldt.util.geometry.DecimalFormatUtilTest","eu.esdihumboldt.util.geometry.DecimalFormatUtilTest","testFormatter[9]"
"","6","testFindPropertyNamespace","","Wed Jul 08 15:21:35 UTC 2026","passed","Wed Jul 08 15:21:35 UTC 2026","","eu.esdihumboldt.hale.common.schema.helper.DefinitionResolverTest","eu.esdihumboldt.hale.common.schema.helper.DefinitionResolverTest","testFindPropertyNamespace"
"","1","testStringValueListJson","","Wed Jul 08 15:19:31 UTC 2026","passed","Wed Jul 08 15:19:31 UTC 2026","","eu.esdihumboldt.hale.common.core.io.impl.ValueListTypeTest","eu.esdihumboldt.hale.common.core.io.impl.ValueListTypeTest","testStringValueListJson"
"","0","testCMUnion1","","Wed Jul 08 15:22:57 UTC 2026","skipped","Wed Jul 08 15:22:57 UTC 2026","","eu.esdihumboldt.cst.internal.ConceptualSchemaTransformerTest","eu.esdihumboldt.cst.internal.ConceptualSchemaTransformerTest","testCMUnion1"
"","1","testLocales2","","Wed Jul 08 15:18:01 UTC 2026","skipped","Wed Jul 08 15:18:01 UTC 2026","","eu.esdihumboldt.hale.common.align.model.impl.mdexpl.MarkdownCellExplanationTest","eu.esdihumboldt.hale.common.align.model.impl.mdexpl.MarkdownCellExplanationTest","testLocales2"
"","17679","testReadInstancesXSDQualified","","Wed Jul 08 15:25:18 UTC 2026","passed","Wed Jul 08 15:25:36 UTC 2026","","eu.esdihumboldt.hale.io.geopackage.GeopackageInstanceReaderTest","eu.esdihumboldt.hale.io.geopackage.GeopackageInstanceReaderTest","testReadInstancesXSDQualified"
"","8","testInstanceNoValueNullSchema","","Wed Jul 08 15:19:50 UTC 2026","passed","Wed Jul 08 15:19:50 UTC 2026","","eu.esdihumboldt.hale.common.filter.CQLFilterTest","eu.esdihumboldt.hale.common.filter.CQLFilterTest","testInstanceNoValueNullSchema"
"","8","testDoubleObject","","Wed Jul 08 15:33:16 UTC 2026","passed","Wed Jul 08 15:33:16 UTC 2026","","eu.esdihumboldt.util.groovy.json.JsonStreamBuilderTest","eu.esdihumboldt.util.groovy.json.JsonStreamBuilderTest","testDoubleObject"
"","18","testGString","","Wed Jul 08 15:24:12 UTC 2026","passed","Wed Jul 08 15:24:12 UTC 2026","","eu.esdihumboldt.cst.functions.groovy.helpers.util.CollectorTest","eu.esdihumboldt.cst.functions.groovy.helpers.util.CollectorTest","testGString"
"","0","testComplexWrite","","Wed Jul 08 15:33:43 UTC 2026","skipped","Wed Jul 08 15:33:43 UTC 2026","","eu.esdihumboldt.util.orient.embedded.MemoryDocumentTest","eu.esdihumboldt.util.orient.embedded.MemoryDocumentTest","testComplexWrite"
"","20","testReadSingleObject","","Wed Jul 08 15:30:00 UTC 2026","passed","Wed Jul 08 15:30:00 UTC 2026","","eu.esdihumboldt.hale.io.json.test.JsonInstanceCollectionTest","eu.esdihumboldt.hale.io.json.test.JsonInstanceCollectionTest","testReadSingleObject"
"","174","testPreparedQuery","","Wed Jul 08 15:33:42 UTC 2026","passed","Wed Jul 08 15:33:42 UTC 2026","","eu.esdihumboldt.util.orient.embedded.LocalDocumentTest","eu.esdihumboldt.util.orient.embedded.LocalDocumentTest","testPreparedQuery"
"","6","testReadDefaultType","","Wed Jul 08 15:30:01 UTC 2026","passed","Wed Jul 08 15:30:01 UTC 2026","","eu.esdihumboldt.hale.io.json.test.JsonInstanceReaderTest","eu.esdihumboldt.hale.io.json.test.JsonInstanceReaderTest","testReadDefaultType"
"","3105","simpleSchemaWriteTest","","Wed Jul 08 15:31:07 UTC 2026","passed","Wed Jul 08 15:31:11 UTC 2026","","eu.esdihumboldt.hale.io.shp.ShapefileInstanceWriterTest","eu.esdihumboldt.hale.io.shp.ShapefileInstanceWriterTest","simpleSchemaWriteTest"
"","0","testLimit2","","Wed Jul 08 15:19:32 UTC 2026","passed","Wed Jul 08 15:19:32 UTC 2026","","eu.esdihumboldt.hale.common.core.io.supplier.LookupStreamResourceTest","eu.esdihumboldt.hale.common.core.io.supplier.LookupStreamResourceTest","testLimit2"
"","4","testNamespaceIndexChildContext","","Wed Jul 08 15:18:18 UTC 2026","passed","Wed Jul 08 15:18:18 UTC 2026","","eu.esdihumboldt.hale.common.align.groovy.accessor.EntityAccessorTest","eu.esdihumboldt.hale.common.align.groovy.accessor.EntityAccessorTest","testNamespaceIndexChildContext"
"","6","testConsumeMap","","Wed Jul 08 15:24:12 UTC 2026","passed","Wed Jul 08 15:24:12 UTC 2026","","eu.esdihumboldt.cst.functions.groovy.helpers.util.CollectorTest","eu.esdihumboldt.cst.functions.groovy.helpers.util.CollectorTest","testConsumeMap"
"","93","testReadFromFolder","","Wed Jul 08 15:31:05 UTC 2026","passed","Wed Jul 08 15:31:05 UTC 2026","","eu.esdihumboldt.hale.io.shp.ShapeInstanceReaderTest","eu.esdihumboldt.hale.io.shp.ShapeInstanceReaderTest","testReadFromFolder"
"","1963","testMerge","","Wed Jul 08 15:22:54 UTC 2026","passed","Wed Jul 08 15:22:56 UTC 2026","","eu.esdihumboldt.cst.internal.ConceptualSchemaTransformerTest","eu.esdihumboldt.cst.internal.ConceptualSchemaTransformerTest","testMerge"
"","52","testWriteBigNumbers","","Wed Jul 08 15:25:41 UTC 2026","passed","Wed Jul 08 15:25:42 UTC 2026","","eu.esdihumboldt.hale.io.geopackage.GeopackageInstanceWriterTest","eu.esdihumboldt.hale.io.geopackage.GeopackageInstanceWriterTest","testWriteBigNumbers"
"","153","testCardinalityRename","","Wed Jul 08 15:23:12 UTC 2026","passed","Wed Jul 08 15:23:12 UTC 2026","","eu.esdihumboldt.cst.internal.ConceptualSchemaTransformerTest","eu.esdihumboldt.cst.internal.ConceptualSchemaTransformerTest","testCardinalityRename"
"","3","testVirtualRootPrettyPrint","","Wed Jul 08 15:33:16 UTC 2026","passed","Wed Jul 08 15:33:16 UTC 2026","","eu.esdihumboldt.util.groovy.json.JsonStreamBuilderTest","eu.esdihumboldt.util.groovy.json.JsonStreamBuilderTest","testVirtualRootPrettyPrint"
"","64","testWriteMultiSchemasWithMultiGeom","","Wed Jul 08 15:31:11 UTC 2026","passed","Wed Jul 08 15:31:11 UTC 2026","","eu.esdihumboldt.hale.io.shp.ShapefileInstanceWriterTest","eu.esdihumboldt.hale.io.shp.ShapefileInstanceWriterTest","testWriteMultiSchemasWithMultiGeom"
"","0","testGeometry_2_Polygon","","Wed Jul 08 15:26:58 UTC 2026","skipped","Wed Jul 08 15:26:58 UTC 2026","","eu.esdihumboldt.hale.io.gml.writer.internal.StreamGmlWriterTest","eu.esdihumboldt.hale.io.gml.writer.internal.StreamGmlWriterTest","testGeometry_2_Polygon"
"","5","testLikeNoSchema","","Wed Jul 08 15:19:50 UTC 2026","passed","Wed Jul 08 15:19:50 UTC 2026","","eu.esdihumboldt.hale.common.filter.CQLFilterTest","eu.esdihumboldt.hale.common.filter.CQLFilterTest","testLikeNoSchema"
"","36","testLoadAllGroup","","Wed Jul 08 15:25:55 UTC 2026","passed","Wed Jul 08 15:25:55 UTC 2026","","eu.esdihumboldt.hale.io.gml.reader.internal.GmlInstanceCollectionTest","eu.esdihumboldt.hale.io.gml.reader.internal.GmlInstanceCollectionTest","testLoadAllGroup"
"","0","testProjectSubfolder","","Wed Jul 08 15:19:20 UTC 2026","passed","Wed Jul 08 15:19:20 UTC 2026","","eu.esdihumboldt.hale.common.core.io.PathUpdateTest","eu.esdihumboldt.hale.common.core.io.PathUpdateTest","testProjectSubfolder"
"","168","testThread","","Wed Jul 08 15:33:42 UTC 2026","passed","Wed Jul 08 15:33:42 UTC 2026","","eu.esdihumboldt.util.orient.embedded.LocalDocumentTest","eu.esdihumboldt.util.orient.embedded.LocalDocumentTest","testThread"
"","329","testMsAccessSchemaReaderForMdbTest","","Wed Jul 08 15:28:00 UTC 2026","passed","Wed Jul 08 15:28:01 UTC 2026","","eu.esdihumboldt.hale.io.jdbc.msaccess.reader.MsAccessSchemaReaderTest","eu.esdihumboldt.hale.io.jdbc.msaccess.reader.MsAccessSchemaReaderTest","testMsAccessSchemaReaderForMdbTest"
"","126","testTriangle","","Wed Jul 08 15:23:50 UTC 2026","passed","Wed Jul 08 15:23:50 UTC 2026","","eu.esdihumboldt.cst.functions.geometric.test.InteriorPointTest","eu.esdihumboldt.cst.functions.geometric.test.InteriorPointTest","testTriangle"
"","4649","testDataTypesSql","","Wed Jul 08 15:29:18 UTC 2026","passed","Wed Jul 08 15:29:22 UTC 2026","","eu.esdihumboldt.hale.io.jdbc.postgresql.test.PostDataTypesIT","eu.esdihumboldt.hale.io.jdbc.postgresql.test.PostDataTypesIT","testDataTypesSql"
"","84","testBaseAlignmentSaveLoad","","Wed Jul 08 15:17:59 UTC 2026","passed","Wed Jul 08 15:17:59 UTC 2026","","eu.esdihumboldt.hale.common.align.io.JaxbAlignmentIOTest","eu.esdihumboldt.hale.common.align.io.JaxbAlignmentIOTest","testBaseAlignmentSaveLoad"
"","31","testArcStringAllGrid","","Wed Jul 08 15:33:00 UTC 2026","passed","Wed Jul 08 15:33:00 UTC 2026","","eu.esdihumboldt.util.geometry.interpolation.grid.GridInterpolationTest","eu.esdihumboldt.util.geometry.interpolation.grid.GridInterpolationTest","testArcStringAllGrid"
"","0","testHttpAbsoluteOtherJar","","Wed Jul 08 15:32:27 UTC 2026","passed","Wed Jul 08 15:32:27 UTC 2026","","eu.esdihumboldt.hale.io.xsd.reader.HumboldtURIResolverTest","eu.esdihumboldt.hale.io.xsd.reader.HumboldtURIResolverTest","testHttpAbsoluteOtherJar"
"","246","mergeRenameFormattedString","","Wed Jul 08 15:24:32 UTC 2026","passed","Wed Jul 08 15:24:32 UTC 2026","","eu.esdihumboldt.hale.adv.merge.test.AdVMeasurementMergeTest","eu.esdihumboldt.hale.adv.merge.test.AdVMeasurementMergeTest","mergeRenameFormattedString"
"","0","testLookupAndConsumeMark","","Wed Jul 08 15:19:32 UTC 2026","passed","Wed Jul 08 15:19:32 UTC 2026","","eu.esdihumboldt.hale.common.core.io.supplier.LookupStreamResourceTest","eu.esdihumboldt.hale.common.core.io.supplier.LookupStreamResourceTest","testLookupAndConsumeMark"
"","226","testTypeFilter1","","Wed Jul 08 15:18:44 UTC 2026","passed","Wed Jul 08 15:18:44 UTC 2026","","eu.esdihumboldt.hale.common.align.merge.test.impl.DefaultMergeCellMigratorTest","eu.esdihumboldt.hale.common.align.merge.test.impl.DefaultMergeCellMigratorTest","testTypeFilter1"
"","645","testInspireCodespaceAutoAdd","","Wed Jul 08 15:26:47 UTC 2026","passed","Wed Jul 08 15:26:47 UTC 2026","","eu.esdihumboldt.hale.io.gml.writer.internal.StreamGmlWriter2Test","eu.esdihumboldt.hale.io.gml.writer.internal.StreamGmlWriter2Test","testInspireCodespaceAutoAdd"
"","0","testInstanceValueExistsSchema","","Wed Jul 08 15:19:49 UTC 2026","skipped","Wed Jul 08 15:19:49 UTC 2026","","eu.esdihumboldt.hale.common.filter.CQLFilterTest","eu.esdihumboldt.hale.common.filter.CQLFilterTest","testInstanceValueExistsSchema"
"","280","testWfsPaginationWithStartIndex","","Wed Jul 08 15:26:39 UTC 2026","passed","Wed Jul 08 15:26:40 UTC 2026","","eu.esdihumboldt.hale.io.gml.reader.internal.StreamGmlReaderTest","eu.esdihumboldt.hale.io.gml.reader.internal.StreamGmlReaderTest","testWfsPaginationWithStartIndex"
"","9942","testEqualitySimple","","Wed Jul 08 15:19:39 UTC 2026","passed","Wed Jul 08 15:19:49 UTC 2026","","eu.esdihumboldt.hale.common.filter.CQLFilterTest","eu.esdihumboldt.hale.common.filter.CQLFilterTest","testEqualitySimple"
"","359","testWfsPaginationBasinFeatures","","Wed Jul 08 15:26:38 UTC 2026","passed","Wed Jul 08 15:26:39 UTC 2026","","eu.esdihumboldt.hale.io.gml.reader.internal.StreamGmlReaderTest","eu.esdihumboldt.hale.io.gml.reader.internal.StreamGmlReaderTest","testWfsPaginationBasinFeatures"
"","10","testReadFeatureCollection","","Wed Jul 08 15:30:00 UTC 2026","passed","Wed Jul 08 15:30:00 UTC 2026","","eu.esdihumboldt.hale.io.json.test.JsonInstanceCollectionTest","eu.esdihumboldt.hale.io.json.test.JsonInstanceCollectionTest","testReadFeatureCollection"
"","4","testByPoints2","","Wed Jul 08 15:33:01 UTC 2026","passed","Wed Jul 08 15:33:01 UTC 2026","","eu.esdihumboldt.util.geometry.interpolation.split.SplitInterpolationTest","eu.esdihumboldt.util.geometry.interpolation.split.SplitInterpolationTest","testByPoints2"
"","237","testTypeFilter2Present","","Wed Jul 08 15:18:46 UTC 2026","passed","Wed Jul 08 15:18:46 UTC 2026","","eu.esdihumboldt.hale.common.align.merge.test.impl.DefaultMergeCellMigratorTest","eu.esdihumboldt.hale.common.align.merge.test.impl.DefaultMergeCellMigratorTest","testTypeFilter2Present"
"","3110","testFiltersForMultiType3","","Wed Jul 08 15:17:01 UTC 2026","passed","Wed Jul 08 15:17:04 UTC 2026","","eu.esdihumboldt.hale.app.transform.test.ExecuteTest","eu.esdihumboldt.hale.app.transform.test.ExecuteTest","testFiltersForMultiType3"
"","0","testPropertyMerge","","Wed Jul 08 15:23:07 UTC 2026","skipped","Wed Jul 08 15:23:07 UTC 2026","","eu.esdihumboldt.cst.internal.ConceptualSchemaTransformerTest","eu.esdihumboldt.cst.internal.ConceptualSchemaTransformerTest","testPropertyMerge"
"","5","testJsonBuilderRawJson","","Wed Jul 08 15:33:16 UTC 2026","passed","Wed Jul 08 15:33:16 UTC 2026","","eu.esdihumboldt.util.groovy.json.JsonStreamBuilderTest","eu.esdihumboldt.util.groovy.json.JsonStreamBuilderTest","testJsonBuilderRawJson"
"","0","testCenter","","Wed Jul 08 15:33:01 UTC 2026","passed","Wed Jul 08 15:33:01 UTC 2026","","eu.esdihumboldt.util.geometry.interpolation.grid.GridUtilTest","eu.esdihumboldt.util.geometry.interpolation.grid.GridUtilTest","testCenter"
"","1","simpleFilterTestCQL","","Wed Jul 08 15:19:53 UTC 2026","passed","Wed Jul 08 15:19:53 UTC 2026","","eu.esdihumboldt.hale.common.filter.FilterTest","eu.esdihumboldt.hale.common.filter.FilterTest","simpleFilterTestCQL"
"","105","testGetReferencesNested","","Wed Jul 08 15:19:50 UTC 2026","passed","Wed Jul 08 15:19:50 UTC 2026","","eu.esdihumboldt.hale.common.filter.CQLFilterTest","eu.esdihumboldt.hale.common.filter.CQLFilterTest","testGetReferencesNested"
"","1","testDefault","","Wed Jul 08 15:21:36 UTC 2026","passed","Wed Jul 08 15:21:36 UTC 2026","","eu.esdihumboldt.hale.common.schema.model.constraint.factory.type.AbstractFlagFactoryTest","eu.esdihumboldt.hale.common.schema.model.constraint.factory.type.AbstractFlagFactoryTest","testDefault"
"","963","testGroovy1","","Wed Jul 08 15:22:57 UTC 2026","passed","Wed Jul 08 15:22:58 UTC 2026","","eu.esdihumboldt.cst.internal.ConceptualSchemaTransformerTest","eu.esdihumboldt.cst.internal.ConceptualSchemaTransformerTest","testGroovy1"
"","14","testEnabled","","Wed Jul 08 15:21:36 UTC 2026","passed","Wed Jul 08 15:21:36 UTC 2026","","eu.esdihumboldt.hale.common.schema.model.constraint.factory.type.HasValueFlagFactoryTest","eu.esdihumboldt.hale.common.schema.model.constraint.factory.type.HasValueFlagFactoryTest","testEnabled"
"","2801","testEpsgCrsAxisOrder","","Wed Jul 08 15:19:59 UTC 2026","passed","Wed Jul 08 15:20:02 UTC 2026","","eu.esdihumboldt.hale.common.instance.geometry.CRSDefinitionUtilTest","eu.esdihumboldt.hale.common.instance.geometry.CRSDefinitionUtilTest","testEpsgCrsAxisOrder"
"","4","testRootArrayEmpty","","Wed Jul 08 15:33:16 UTC 2026","passed","Wed Jul 08 15:33:16 UTC 2026","","eu.esdihumboldt.util.groovy.json.JsonStreamBuilderTest","eu.esdihumboldt.util.groovy.json.JsonStreamBuilderTest","testRootArrayEmpty"
"","0","testString","","Wed Jul 08 15:21:36 UTC 2026","passed","Wed Jul 08 15:21:36 UTC 2026","","eu.esdihumboldt.hale.common.schema.model.constraint.factory.type.BindingFactoryTest","eu.esdihumboldt.hale.common.schema.model.constraint.factory.type.BindingFactoryTest","testString"
"","81","testSimpleComplex","","Wed Jul 08 15:23:10 UTC 2026","passed","Wed Jul 08 15:23:11 UTC 2026","","eu.esdihumboldt.cst.internal.ConceptualSchemaTransformerTest","eu.esdihumboldt.cst.internal.ConceptualSchemaTransformerTest","testSimpleComplex"
"","197","testTypeFilter6Present","","Wed Jul 08 15:18:45 UTC 2026","passed","Wed Jul 08 15:18:45 UTC 2026","","eu.esdihumboldt.hale.common.align.merge.test.impl.DefaultMergeCellMigratorTest","eu.esdihumboldt.hale.common.align.merge.test.impl.DefaultMergeCellMigratorTest","testTypeFilter6Present"
"","20","testReadSchema","","Wed Jul 08 15:25:42 UTC 2026","passed","Wed Jul 08 15:25:42 UTC 2026","","eu.esdihumboldt.hale.io.geopackage.GeopackageSchemaReaderTest","eu.esdihumboldt.hale.io.geopackage.GeopackageSchemaReaderTest","testReadSchema"
"","226","testMergeMultiPropKeyWithComplexAtt","","Wed Jul 08 15:22:57 UTC 2026","passed","Wed Jul 08 15:22:57 UTC 2026","","eu.esdihumboldt.cst.internal.ConceptualSchemaTransformerTest","eu.esdihumboldt.cst.internal.ConceptualSchemaTransformerTest","testMergeMultiPropKeyWithComplexAtt"
"","2","testDisabled","","Wed Jul 08 15:21:36 UTC 2026","passed","Wed Jul 08 15:21:36 UTC 2026","","eu.esdihumboldt.hale.common.schema.model.constraint.factory.type.MappableFlagFactoryTest","eu.esdihumboldt.hale.common.schema.model.constraint.factory.type.MappableFlagFactoryTest","testDisabled"
"","10683","testSimpleAll","","Wed Jul 08 15:18:06 UTC 2026","passed","Wed Jul 08 15:18:17 UTC 2026","","eu.esdihumboldt.hale.common.align.groovy.accessor.EntityAccessorTest","eu.esdihumboldt.hale.common.align.groovy.accessor.EntityAccessorTest","testSimpleAll"
"","33","testEnabled","","Wed Jul 08 15:21:36 UTC 2026","passed","Wed Jul 08 15:21:36 UTC 2026","","eu.esdihumboldt.hale.common.schema.model.constraint.factory.property.ChoiceFlagFactoryTest","eu.esdihumboldt.hale.common.schema.model.constraint.factory.property.ChoiceFlagFactoryTest","testEnabled"
"","687","testNotInspireCodespaceNotAdd","","Wed Jul 08 15:26:47 UTC 2026","passed","Wed Jul 08 15:26:48 UTC 2026","","eu.esdihumboldt.hale.io.gml.writer.internal.StreamGmlWriter2Test","eu.esdihumboldt.hale.io.gml.writer.internal.StreamGmlWriter2Test","testNotInspireCodespaceNotAdd"
"","23","testPrimitive2","","Wed Jul 08 15:21:36 UTC 2026","passed","Wed Jul 08 15:21:36 UTC 2026","","eu.esdihumboldt.hale.common.schema.model.constraint.factory.type.BindingFactoryTest","eu.esdihumboldt.hale.common.schema.model.constraint.factory.type.BindingFactoryTest","testPrimitive2"
"","23","testOverrideBindung","","Wed Jul 08 15:27:20 UTC 2026","passed","Wed Jul 08 15:27:20 UTC 2026","","eu.esdihumboldt.hale.io.groovy.snippets.GroovySnippetsTest","eu.esdihumboldt.hale.io.groovy.snippets.GroovySnippetsTest","testOverrideBindung"
"","1","testTriangleHole","","Wed Jul 08 15:23:50 UTC 2026","passed","Wed Jul 08 15:23:50 UTC 2026","","eu.esdihumboldt.cst.functions.geometric.test.InteriorPointTest","eu.esdihumboldt.cst.functions.geometric.test.InteriorPointTest","testTriangleHole"
"","4136","testArrayTypes","","Wed Jul 08 15:28:53 UTC 2026","passed","Wed Jul 08 15:28:57 UTC 2026","","eu.esdihumboldt.hale.io.jdbc.postgresql.test.MultiDimensionalArraysIT","eu.esdihumboldt.hale.io.jdbc.postgresql.test.MultiDimensionalArraysIT","testArrayTypes"
"","171","testNotes2","","Wed Jul 08 15:18:47 UTC 2026","passed","Wed Jul 08 15:18:47 UTC 2026","","eu.esdihumboldt.hale.common.align.merge.test.impl.DefaultMergeCellMigratorTest","eu.esdihumboldt.hale.common.align.merge.test.impl.DefaultMergeCellMigratorTest","testNotes2"
"","6","testEqualityListNoSchema","","Wed Jul 08 15:19:51 UTC 2026","passed","Wed Jul 08 15:19:51 UTC 2026","","eu.esdihumboldt.hale.common.filter.ECQLFilterTest","eu.esdihumboldt.hale.common.filter.ECQLFilterTest","testEqualityListNoSchema"
"","13","testHalfCircle","","Wed Jul 08 15:33:00 UTC 2026","passed","Wed Jul 08 15:33:00 UTC 2026","","eu.esdihumboldt.util.geometry.interpolation.grid.GridInterpolationTest","eu.esdihumboldt.util.geometry.interpolation.grid.GridInterpolationTest","testHalfCircle"
"","208","mergeJoinsWithJoin_abstract1","","Wed Jul 08 15:18:50 UTC 2026","passed","Wed Jul 08 15:18:50 UTC 2026","","eu.esdihumboldt.hale.common.align.merge.test.impl.JoinMergeTest","eu.esdihumboldt.hale.common.align.merge.test.impl.JoinMergeTest","mergeJoinsWithJoin_abstract1"
"","0","testUnifyGeometryCollection","","Wed Jul 08 15:33:00 UTC 2026","passed","Wed Jul 08 15:33:00 UTC 2026","","eu.esdihumboldt.util.geometry.WindingOrderTest","eu.esdihumboldt.util.geometry.WindingOrderTest","testUnifyGeometryCollection"
"","0","testUnifyHoles","","Wed Jul 08 15:33:00 UTC 2026","passed","Wed Jul 08 15:33:00 UTC 2026","","eu.esdihumboldt.util.geometry.WindingOrderTest","eu.esdihumboldt.util.geometry.WindingOrderTest","testUnifyHoles"
"","397","testGeometryPrimitive_32_MultiPolygon_WindingOrder_CW","","Wed Jul 08 15:26:57 UTC 2026","passed","Wed Jul 08 15:26:58 UTC 2026","","eu.esdihumboldt.hale.io.gml.writer.internal.StreamGmlWriterTest","eu.esdihumboldt.hale.io.gml.writer.internal.StreamGmlWriterTest","testGeometryPrimitive_32_MultiPolygon_WindingOrder_CW"
"","3","testElementHasListOfObjects","","Wed Jul 08 15:33:16 UTC 2026","passed","Wed Jul 08 15:33:16 UTC 2026","","eu.esdihumboldt.util.groovy.json.JsonStreamBuilderTest","eu.esdihumboldt.util.groovy.json.JsonStreamBuilderTest","testElementHasListOfObjects"
"","9","testSize","","Wed Jul 08 15:20:06 UTC 2026","passed","Wed Jul 08 15:20:06 UTC 2026","","eu.esdihumboldt.hale.common.instance.tools.impl.SimplePartitionerTest","eu.esdihumboldt.hale.common.instance.tools.impl.SimplePartitionerTest","testSize"
"","46","testSKOSFromRDF4_language_de","","Wed Jul 08 15:24:39 UTC 2026","passed","Wed Jul 08 15:24:39 UTC 2026","","eu.esdihumboldt.hale.io.codelist.skos.test.SkosCodeListTest","eu.esdihumboldt.hale.io.codelist.skos.test.SkosCodeListTest","testSKOSFromRDF4_language_de"
"","2","testHalfmoonThin","","Wed Jul 08 15:23:50 UTC 2026","passed","Wed Jul 08 15:23:50 UTC 2026","","eu.esdihumboldt.cst.functions.geometric.test.InteriorPointTest","eu.esdihumboldt.cst.functions.geometric.test.InteriorPointTest","testHalfmoonThin"
"","3970","testLoadImgeo_Scheiding","","Wed Jul 08 15:25:51 UTC 2026","passed","Wed Jul 08 15:25:55 UTC 2026","","eu.esdihumboldt.hale.io.gml.reader.internal.GmlInstanceCollectionTest","eu.esdihumboldt.hale.io.gml.reader.internal.GmlInstanceCollectionTest","testLoadImgeo_Scheiding"
"","6","testMultiType","","Wed Jul 08 15:30:01 UTC 2026","passed","Wed Jul 08 15:30:01 UTC 2026","","eu.esdihumboldt.hale.io.json.test.JsonSchemaReaderTest","eu.esdihumboldt.hale.io.json.test.JsonSchemaReaderTest","testMultiType"
"","10838","testFindPropertyIgnoreNamespace","","Wed Jul 08 15:21:23 UTC 2026","passed","Wed Jul 08 15:21:34 UTC 2026","","eu.esdihumboldt.hale.common.schema.helper.DefinitionResolverTest","eu.esdihumboldt.hale.common.schema.helper.DefinitionResolverTest","testFindPropertyIgnoreNamespace"
"","130","testMergeComplexPropKey","","Wed Jul 08 15:23:08 UTC 2026","passed","Wed Jul 08 15:23:08 UTC 2026","","eu.esdihumboldt.cst.internal.ConceptualSchemaTransformerTest","eu.esdihumboldt.cst.internal.ConceptualSchemaTransformerTest","testMergeComplexPropKey"
"","2","testCMNested1","","Wed Jul 08 15:22:38 UTC 2026","skipped","Wed Jul 08 15:22:38 UTC 2026","","eu.esdihumboldt.cst.internal.ConceptualSchemaTransformerTest","eu.esdihumboldt.cst.internal.ConceptualSchemaTransformerTest","testCMNested1"
"","0","testInstanceExistsSchema","","Wed Jul 08 15:19:51 UTC 2026","skipped","Wed Jul 08 15:19:51 UTC 2026","","eu.esdihumboldt.hale.common.filter.ECQLFilterTest","eu.esdihumboldt.hale.common.filter.ECQLFilterTest","testInstanceExistsSchema"
"","0","testDirectFail","","Wed Jul 08 15:27:01 UTC 2026","passed","Wed Jul 08 15:27:01 UTC 2026","","eu.esdihumboldt.hale.io.gml.writer.internal.geometry.writers.PatternTest","eu.esdihumboldt.hale.io.gml.writer.internal.geometry.writers.PatternTest","testDirectFail"
"","111","testCMUnion3","","Wed Jul 08 15:23:09 UTC 2026","passed","Wed Jul 08 15:23:09 UTC 2026","","eu.esdihumboldt.cst.internal.ConceptualSchemaTransformerTest","eu.esdihumboldt.cst.internal.ConceptualSchemaTransformerTest","testCMUnion3"
"","8","testGeoBboxList","","Wed Jul 08 15:19:50 UTC 2026","passed","Wed Jul 08 15:19:50 UTC 2026","","eu.esdihumboldt.hale.common.filter.CQLFilterTest","eu.esdihumboldt.hale.common.filter.CQLFilterTest","testGeoBboxList"
"","34","testRead_shiporder_types_reverse","","Wed Jul 08 15:32:29 UTC 2026","passed","Wed Jul 08 15:32:30 UTC 2026","","eu.esdihumboldt.hale.io.xsd.reader.XmlSchemaReaderTest","eu.esdihumboldt.hale.io.xsd.reader.XmlSchemaReaderTest","testRead_shiporder_types_reverse"
"","4","testStringLookup","","Wed Jul 08 15:21:10 UTC 2026","passed","Wed Jul 08 15:21:10 UTC 2026","","eu.esdihumboldt.hale.common.lookup.internal.LookupTableTypeTest","eu.esdihumboldt.hale.common.lookup.internal.LookupTableTypeTest","testStringLookup"
"","2","testFixed","","Wed Jul 08 15:21:56 UTC 2026","passed","Wed Jul 08 15:21:56 UTC 2026","","eu.esdihumboldt.hale.common.schema.groovy.constraints.CardinalityFactoryTest","eu.esdihumboldt.hale.common.schema.groovy.constraints.CardinalityFactoryTest","testFixed"
"","0","testSimple","","Wed Jul 08 15:19:20 UTC 2026","passed","Wed Jul 08 15:19:20 UTC 2026","","eu.esdihumboldt.hale.common.core.io.PathUpdateTest","eu.esdihumboldt.hale.common.core.io.PathUpdateTest","testSimple"
"","67","testGeoCrosses","","Wed Jul 08 15:19:50 UTC 2026","passed","Wed Jul 08 15:19:50 UTC 2026","","eu.esdihumboldt.hale.common.filter.CQLFilterTest","eu.esdihumboldt.hale.common.filter.CQLFilterTest","testGeoCrosses"
"","6","testNestedObjectsPrettyPrint","","Wed Jul 08 15:33:16 UTC 2026","passed","Wed Jul 08 15:33:16 UTC 2026","","eu.esdihumboldt.util.groovy.json.JsonStreamBuilderTest","eu.esdihumboldt.util.groovy.json.JsonStreamBuilderTest","testNestedObjectsPrettyPrint"
"","27","testSinglePolyGeometryWithLongAlphanumericNamesWithMultipleInstancesWithMissingData","","Wed Jul 08 15:31:11 UTC 2026","passed","Wed Jul 08 15:31:11 UTC 2026","","eu.esdihumboldt.hale.io.shp.ShapefileInstanceWriterTest","eu.esdihumboldt.hale.io.shp.ShapefileInstanceWriterTest","testSinglePolyGeometryWithLongAlphanumericNamesWithMultipleInstancesWithMissingData"
"","5","testGeoCrosses","","Wed Jul 08 15:19:51 UTC 2026","passed","Wed Jul 08 15:19:51 UTC 2026","","eu.esdihumboldt.hale.common.filter.ECQLFilterTest","eu.esdihumboldt.hale.common.filter.ECQLFilterTest","testGeoCrosses"
"","594","testWfsPaginationPageSizeEqualsTotal","","Wed Jul 08 15:26:38 UTC 2026","passed","Wed Jul 08 15:26:38 UTC 2026","","eu.esdihumboldt.hale.io.gml.reader.internal.StreamGmlReaderTest","eu.esdihumboldt.hale.io.gml.reader.internal.StreamGmlReaderTest","testWfsPaginationPageSizeEqualsTotal"
"","11","testEdgeCases","","Wed Jul 08 15:33:16 UTC 2026","passed","Wed Jul 08 15:33:16 UTC 2026","","eu.esdihumboldt.util.groovy.json.JsonStreamBuilderTest","eu.esdihumboldt.util.groovy.json.JsonStreamBuilderTest","testEdgeCases"
"","6","testPath1","","Wed Jul 08 15:21:36 UTC 2026","passed","Wed Jul 08 15:21:36 UTC 2026","","eu.esdihumboldt.hale.common.schema.model.constraint.factory.type.PrimaryKeyFactoryTest","eu.esdihumboldt.hale.common.schema.model.constraint.factory.type.PrimaryKeyFactoryTest","testPath1"
"","6","testRootArrayObjects","","Wed Jul 08 15:33:16 UTC 2026","passed","Wed Jul 08 15:33:16 UTC 2026","","eu.esdihumboldt.util.groovy.json.JsonStreamBuilderTest","eu.esdihumboldt.util.groovy.json.JsonStreamBuilderTest","testRootArrayObjects"
"","284","testWfsPaginationIgnoreNumberMatched","","Wed Jul 08 15:26:42 UTC 2026","passed","Wed Jul 08 15:26:43 UTC 2026","","eu.esdihumboldt.hale.io.gml.reader.internal.StreamGmlReaderTest","eu.esdihumboldt.hale.io.gml.reader.internal.StreamGmlReaderTest","testWfsPaginationIgnoreNumberMatched"
"","108","testImplicitAssign","","Wed Jul 08 15:23:08 UTC 2026","passed","Wed Jul 08 15:23:08 UTC 2026","","eu.esdihumboldt.cst.internal.ConceptualSchemaTransformerTest","eu.esdihumboldt.cst.internal.ConceptualSchemaTransformerTest","testImplicitAssign"
"","10899","testWriteSimpleSchemaDelimiter","","Wed Jul 08 15:24:53 UTC 2026","passed","Wed Jul 08 15:25:04 UTC 2026","","eu.esdihumboldt.hale.io.csv.writer.CSVInstanceWriterTest","eu.esdihumboldt.hale.io.csv.writer.CSVInstanceWriterTest","testWriteSimpleSchemaDelimiter"
"","0","testOrder","","Wed Jul 08 15:32:33 UTC 2026","passed","Wed Jul 08 15:32:33 UTC 2026","","eu.esdihumboldt.util.DependencyOrderedListTest","eu.esdihumboldt.util.DependencyOrderedListTest","testOrder"
"","2","testGetVersion","","Wed Jul 08 15:19:19 UTC 2026","skipped","Wed Jul 08 15:19:19 UTC 2026","","eu.esdihumboldt.hale.common.core.HalePlatformTest","eu.esdihumboldt.hale.common.core.HalePlatformTest","testGetVersion"
"","72","testNoSpatialIndexCreation","","Wed Jul 08 15:25:42 UTC 2026","passed","Wed Jul 08 15:25:42 UTC 2026","","eu.esdihumboldt.hale.io.geopackage.GeopackageInstanceWriterTest","eu.esdihumboldt.hale.io.geopackage.GeopackageInstanceWriterTest","testNoSpatialIndexCreation"
"","8","testTimeEquals","","Wed Jul 08 15:19:50 UTC 2026","passed","Wed Jul 08 15:19:50 UTC 2026","","eu.esdihumboldt.hale.common.filter.CQLFilterTest","eu.esdihumboldt.hale.common.filter.CQLFilterTest","testTimeEquals"
"","63","testRunsInHale","","Wed Jul 08 15:27:20 UTC 2026","passed","Wed Jul 08 15:27:20 UTC 2026","","eu.esdihumboldt.hale.io.groovy.snippets.GroovySnippetsTest","eu.esdihumboldt.hale.io.groovy.snippets.GroovySnippetsTest","testRunsInHale"
"","0","testLoadShiporderCQL","","Wed Jul 08 15:19:54 UTC 2026","skipped","Wed Jul 08 15:19:54 UTC 2026","","eu.esdihumboldt.hale.common.filter.FilterTest","eu.esdihumboldt.hale.common.filter.FilterTest","testLoadShiporderCQL"
"","678","testWfsPaginationInstanceContent","","Wed Jul 08 15:26:39 UTC 2026","passed","Wed Jul 08 15:26:39 UTC 2026","","eu.esdihumboldt.hale.io.gml.reader.internal.StreamGmlReaderTest","eu.esdihumboldt.hale.io.gml.reader.internal.StreamGmlReaderTest","testWfsPaginationInstanceContent"
"","1","testSame","","Wed Jul 08 15:19:20 UTC 2026","passed","Wed Jul 08 15:19:20 UTC 2026","","eu.esdihumboldt.hale.common.core.io.PathUpdateTest","eu.esdihumboldt.hale.common.core.io.PathUpdateTest","testSame"
"","6","testGeoContains","","Wed Jul 08 15:19:51 UTC 2026","passed","Wed Jul 08 15:19:51 UTC 2026","","eu.esdihumboldt.hale.common.filter.ECQLFilterTest","eu.esdihumboldt.hale.common.filter.ECQLFilterTest","testGeoContains"
"","34","testWriteRead","","Wed Jul 08 15:33:16 UTC 2026","passed","Wed Jul 08 15:33:16 UTC 2026","","eu.esdihumboldt.util.groovy.xml.NSDOMBuilderTest","eu.esdihumboldt.util.groovy.xml.NSDOMBuilderTest","testWriteRead"
"","12","testArcString","","Wed Jul 08 15:33:01 UTC 2026","passed","Wed Jul 08 15:33:01 UTC 2026","","eu.esdihumboldt.util.geometry.interpolation.split.SplitInterpolationTest","eu.esdihumboldt.util.geometry.interpolation.split.SplitInterpolationTest","testArcString"
"","10","testDescriptions","","Wed Jul 08 15:21:56 UTC 2026","passed","Wed Jul 08 15:21:56 UTC 2026","","eu.esdihumboldt.hale.common.schema.groovy.SchemaBuilderTest","eu.esdihumboldt.hale.common.schema.groovy.SchemaBuilderTest","testDescriptions"
"","109","testSinglePolyGeometryWithLongAttributeNamesWithSingleInstance","","Wed Jul 08 15:31:07 UTC 2026","passed","Wed Jul 08 15:31:07 UTC 2026","","eu.esdihumboldt.hale.io.shp.ShapefileInstanceWriterTest","eu.esdihumboldt.hale.io.shp.ShapefileInstanceWriterTest","testSinglePolyGeometryWithLongAttributeNamesWithSingleInstance"
"","659","testSaveLoad","","Wed Jul 08 15:17:48 UTC 2026","passed","Wed Jul 08 15:17:49 UTC 2026","","eu.esdihumboldt.hale.common.align.io.CastorAlignmentIOTest","eu.esdihumboldt.hale.common.align.io.CastorAlignmentIOTest","testSaveLoad"
"","82","testSimpleRename","","Wed Jul 08 15:23:10 UTC 2026","passed","Wed Jul 08 15:23:10 UTC 2026","","eu.esdihumboldt.cst.internal.ConceptualSchemaTransformerTest","eu.esdihumboldt.cst.internal.ConceptualSchemaTransformerTest","testSimpleRename"
"","5","testSimpleSingleLax","","Wed Jul 08 15:21:55 UTC 2026","passed","Wed Jul 08 15:21:55 UTC 2026","","eu.esdihumboldt.hale.common.schema.groovy.DefinitionAccessorTest","eu.esdihumboldt.hale.common.schema.groovy.DefinitionAccessorTest","testSimpleSingleLax"
"","58","testReadMultiSheetTypeSettingsNamed","","Wed Jul 08 15:32:10 UTC 2026","passed","Wed Jul 08 15:32:10 UTC 2026","","eu.esdihumboldt.hale.io.xls.test.reader.XLSReaderTest","eu.esdihumboldt.hale.io.xls.test.reader.XLSReaderTest","testReadMultiSheetTypeSettingsNamed"
"","360","testValueListValueListJson","","Wed Jul 08 15:19:31 UTC 2026","passed","Wed Jul 08 15:19:31 UTC 2026","","eu.esdihumboldt.hale.common.core.io.impl.ValueListTypeTest","eu.esdihumboldt.hale.common.core.io.impl.ValueListTypeTest","testValueListValueListJson"
"","0","testGeoIntersect","","Wed Jul 08 15:19:49 UTC 2026","skipped","Wed Jul 08 15:19:49 UTC 2026","","eu.esdihumboldt.hale.common.filter.CQLFilterTest","eu.esdihumboldt.hale.common.filter.CQLFilterTest","testGeoIntersect"
"","152","testExportMultiFeatureToExcel","","Wed Jul 08 15:32:12 UTC 2026","passed","Wed Jul 08 15:32:13 UTC 2026","","eu.esdihumboldt.hale.io.xls.test.writer.XLSInstanceWriterTest","eu.esdihumboldt.hale.io.xls.test.writer.XLSInstanceWriterTest","testExportMultiFeatureToExcel"
"","3337","testReadInstances","","Wed Jul 08 15:25:36 UTC 2026","passed","Wed Jul 08 15:25:39 UTC 2026","","eu.esdihumboldt.hale.io.geopackage.GeopackageInstanceReaderTest","eu.esdihumboldt.hale.io.geopackage.GeopackageInstanceReaderTest","testReadInstances"
"","0","testGeometry_2_MultiLineString","","Wed Jul 08 15:26:56 UTC 2026","skipped","Wed Jul 08 15:26:56 UTC 2026","","eu.esdihumboldt.hale.io.gml.writer.internal.StreamGmlWriterTest","eu.esdihumboldt.hale.io.gml.writer.internal.StreamGmlWriterTest","testGeometry_2_MultiLineString"
"","2","testStraight","","Wed Jul 08 15:33:01 UTC 2026","passed","Wed Jul 08 15:33:01 UTC 2026","","eu.esdihumboldt.util.geometry.interpolation.model.impl.ArcByPointsImplTest","eu.esdihumboldt.util.geometry.interpolation.model.impl.ArcByPointsImplTest","testStraight"
"","1","testFormatter[12]","","Wed Jul 08 15:32:56 UTC 2026","passed","Wed Jul 08 15:32:56 UTC 2026","","eu.esdihumboldt.util.geometry.DecimalFormatUtilTest","eu.esdihumboldt.util.geometry.DecimalFormatUtilTest","testFormatter[12]"
"","2488","testReadMultiSheetTypeSettingsNamedNoGeneralSkip","","Wed Jul 08 15:32:07 UTC 2026","passed","Wed Jul 08 15:32:09 UTC 2026","","eu.esdihumboldt.hale.io.xls.test.reader.XLSReaderTest","eu.esdihumboldt.hale.io.xls.test.reader.XLSReaderTest","testReadMultiSheetTypeSettingsNamedNoGeneralSkip"
"","19","testShapefileInstanceFromFile","","Wed Jul 08 15:31:01 UTC 2026","passed","Wed Jul 08 15:31:01 UTC 2026","","eu.esdihumboldt.hale.io.shp.ShapeInstanceReaderTest","eu.esdihumboldt.hale.io.shp.ShapeInstanceReaderTest","testShapefileInstanceFromFile"
"","0","testFormatter[8]","","Wed Jul 08 15:32:56 UTC 2026","passed","Wed Jul 08 15:32:56 UTC 2026","","eu.esdihumboldt.util.geometry.DecimalFormatUtilTest","eu.esdihumboldt.util.geometry.DecimalFormatUtilTest","testFormatter[8]"
"","7767","testDataTypes","","Wed Jul 08 15:29:10 UTC 2026","passed","Wed Jul 08 15:29:18 UTC 2026","","eu.esdihumboldt.hale.io.jdbc.postgresql.test.PostDataTypesIT","eu.esdihumboldt.hale.io.jdbc.postgresql.test.PostDataTypesIT","testDataTypes"
"","62","testDefaultSrs","","Wed Jul 08 15:26:40 UTC 2026","passed","Wed Jul 08 15:26:40 UTC 2026","","eu.esdihumboldt.hale.io.gml.reader.internal.StreamGmlReaderTest","eu.esdihumboldt.hale.io.gml.reader.internal.StreamGmlReaderTest","testDefaultSrs"
"","445","testRequestNoCache","","Wed Jul 08 15:18:58 UTC 2026","passed","Wed Jul 08 15:18:58 UTC 2026","","eu.esdihumboldt.hale.common.cache.RequestTest","eu.esdihumboldt.hale.common.cache.RequestTest","testRequestNoCache"
"","15","testEnabled","","Wed Jul 08 15:21:36 UTC 2026","passed","Wed Jul 08 15:21:36 UTC 2026","","eu.esdihumboldt.hale.common.schema.model.constraint.factory.property.NillableFlagFactoryTest","eu.esdihumboldt.hale.common.schema.model.constraint.factory.property.NillableFlagFactoryTest","testEnabled"
"","949","testWfsPaginationWithResolvedepth","","Wed Jul 08 15:26:41 UTC 2026","passed","Wed Jul 08 15:26:42 UTC 2026","","eu.esdihumboldt.hale.io.gml.reader.internal.StreamGmlReaderTest","eu.esdihumboldt.hale.io.gml.reader.internal.StreamGmlReaderTest","testWfsPaginationWithResolvedepth"
"","5","testUnbounded","","Wed Jul 08 15:21:36 UTC 2026","passed","Wed Jul 08 15:21:36 UTC 2026","","eu.esdihumboldt.hale.common.schema.model.constraint.factory.property.CardinalityFactoryTest","eu.esdihumboldt.hale.common.schema.model.constraint.factory.property.CardinalityFactoryTest","testUnbounded"
"","471","testWriteFeaturesTargetCRS","","Wed Jul 08 15:31:07 UTC 2026","passed","Wed Jul 08 15:31:07 UTC 2026","","eu.esdihumboldt.hale.io.shp.ShapefileInstanceWriterTest","eu.esdihumboldt.hale.io.shp.ShapefileInstanceWriterTest","testWriteFeaturesTargetCRS"
"","16","testFormatter[0]","","Wed Jul 08 15:32:55 UTC 2026","passed","Wed Jul 08 15:32:55 UTC 2026","","eu.esdihumboldt.util.geometry.DecimalFormatUtilTest","eu.esdihumboldt.util.geometry.DecimalFormatUtilTest","testFormatter[0]"
"","19","testJsonSimple","","Wed Jul 08 15:29:58 UTC 2026","passed","Wed Jul 08 15:29:58 UTC 2026","","eu.esdihumboldt.hale.io.json.test.InstanceToJsonTest","eu.esdihumboldt.hale.io.json.test.InstanceToJsonTest","testJsonSimple"
"","144","testOverwriteFailsWhenFileCannotBeDeleted","","Wed Jul 08 15:25:42 UTC 2026","passed","Wed Jul 08 15:25:42 UTC 2026","","eu.esdihumboldt.hale.io.geopackage.GeopackageInstanceWriterTest","eu.esdihumboldt.hale.io.geopackage.GeopackageInstanceWriterTest","testOverwriteFailsWhenFileCannotBeDeleted"
"","35","testOffsetCircle","","Wed Jul 08 15:33:01 UTC 2026","passed","Wed Jul 08 15:33:01 UTC 2026","","eu.esdihumboldt.util.geometry.interpolation.split.SplitInterpolationTest","eu.esdihumboldt.util.geometry.interpolation.split.SplitInterpolationTest","testOffsetCircle"
"","14","testGetReferencesSimple","","Wed Jul 08 15:19:50 UTC 2026","passed","Wed Jul 08 15:19:50 UTC 2026","","eu.esdihumboldt.hale.common.filter.CQLFilterTest","eu.esdihumboldt.hale.common.filter.CQLFilterTest","testGetReferencesSimple"
"","1","testCCW2","","Wed Jul 08 15:33:01 UTC 2026","passed","Wed Jul 08 15:33:01 UTC 2026","","eu.esdihumboldt.util.geometry.interpolation.model.impl.ArcByCenterPointImplTest","eu.esdihumboldt.util.geometry.interpolation.model.impl.ArcByCenterPointImplTest","testCCW2"
"","361","testWfsPagination","","Wed Jul 08 15:26:40 UTC 2026","passed","Wed Jul 08 15:26:40 UTC 2026","","eu.esdihumboldt.hale.io.gml.reader.internal.StreamGmlReaderTest","eu.esdihumboldt.hale.io.gml.reader.internal.StreamGmlReaderTest","testWfsPagination"
"","1","testFindPolygons","","Wed Jul 08 15:23:50 UTC 2026","passed","Wed Jul 08 15:23:50 UTC 2026","","eu.esdihumboldt.cst.functions.geometric.test.GeometryHelperFunctionsTest","eu.esdihumboldt.cst.functions.geometric.test.GeometryHelperFunctionsTest","testFindPolygons"
"","76","testBuilder","","Wed Jul 08 15:33:02 UTC 2026","passed","Wed Jul 08 15:33:02 UTC 2026","","eu.esdihumboldt.util.geometry.quadtree.QuadtreeTest","eu.esdihumboldt.util.geometry.quadtree.QuadtreeTest","testBuilder"
"","15270","testWriteTopoJson","","Wed Jul 08 15:31:17 UTC 2026","passed","Wed Jul 08 15:31:32 UTC 2026","","eu.esdihumboldt.hale.io.topojson.test.TopoJsonInstanceWriterTest","eu.esdihumboldt.hale.io.topojson.test.TopoJsonInstanceWriterTest","testWriteTopoJson"
"","289","testWfsPaginationWithCountLimit","","Wed Jul 08 15:26:40 UTC 2026","passed","Wed Jul 08 15:26:40 UTC 2026","","eu.esdihumboldt.hale.io.gml.reader.internal.StreamGmlReaderTest","eu.esdihumboldt.hale.io.gml.reader.internal.StreamGmlReaderTest","testWfsPaginationWithCountLimit"
"","22","testGmlNoId","","Wed Jul 08 15:20:22 UTC 2026","passed","Wed Jul 08 15:20:22 UTC 2026","","eu.esdihumboldt.hale.common.instance.graph.test.ReferenceGraphTest","eu.esdihumboldt.hale.common.instance.graph.test.ReferenceGraphTest","testGmlNoId"
"","8312","testLists","","Wed Jul 08 15:32:42 UTC 2026","passed","Wed Jul 08 15:32:51 UTC 2026","","eu.esdihumboldt.util.config.ConfigMergerTest","eu.esdihumboldt.util.config.ConfigMergerTest","testLists"
"","76","testGeoBbox","","Wed Jul 08 15:19:49 UTC 2026","passed","Wed Jul 08 15:19:50 UTC 2026","","eu.esdihumboldt.hale.common.filter.CQLFilterTest","eu.esdihumboldt.hale.common.filter.CQLFilterTest","testGeoBbox"
"","10","testOffsetCircle","","Wed Jul 08 15:33:01 UTC 2026","passed","Wed Jul 08 15:33:01 UTC 2026","","eu.esdihumboldt.util.geometry.interpolation.grid.GridInterpolationTest","eu.esdihumboldt.util.geometry.interpolation.grid.GridInterpolationTest","testOffsetCircle"
"","0","testFileRelative1","","Wed Jul 08 15:32:27 UTC 2026","passed","Wed Jul 08 15:32:27 UTC 2026","","eu.esdihumboldt.hale.io.xsd.reader.HumboldtURIResolverTest","eu.esdihumboldt.hale.io.xsd.reader.HumboldtURIResolverTest","testFileRelative1"
"","289","mergeJoinsWithJoin_sample_hydro","","Wed Jul 08 15:18:50 UTC 2026","passed","Wed Jul 08 15:18:50 UTC 2026","","eu.esdihumboldt.hale.common.align.merge.test.impl.JoinMergeTest","eu.esdihumboldt.hale.common.align.merge.test.impl.JoinMergeTest","mergeJoinsWithJoin_sample_hydro"
"","0","testGroup","","Wed Jul 08 15:22:54 UTC 2026","skipped","Wed Jul 08 15:22:54 UTC 2026","","eu.esdihumboldt.cst.internal.ConceptualSchemaTransformerTest","eu.esdihumboldt.cst.internal.ConceptualSchemaTransformerTest","testGroup"
"","13","testGeoJsonSimpleMoreThan_14","","Wed Jul 08 15:29:58 UTC 2026","passed","Wed Jul 08 15:29:58 UTC 2026","","eu.esdihumboldt.hale.io.json.test.InstanceToJsonTest","eu.esdihumboldt.hale.io.json.test.InstanceToJsonTest","testGeoJsonSimpleMoreThan_14"
"","2","testElements","","Wed Jul 08 15:32:27 UTC 2026","passed","Wed Jul 08 15:32:27 UTC 2026","","eu.esdihumboldt.hale.io.xsd.anytype.valuetypes.CustomTypeContentTypeTest","eu.esdihumboldt.hale.io.xsd.anytype.valuetypes.CustomTypeContentTypeTest","testElements"
"","189","testTypeFilter4","","Wed Jul 08 15:18:45 UTC 2026","passed","Wed Jul 08 15:18:45 UTC 2026","","eu.esdihumboldt.hale.common.align.merge.test.impl.DefaultMergeCellMigratorTest","eu.esdihumboldt.hale.common.align.merge.test.impl.DefaultMergeCellMigratorTest","testTypeFilter4"
"","302","testPropertyJoinNonMatchingTypes","","Wed Jul 08 15:22:57 UTC 2026","passed","Wed Jul 08 15:22:57 UTC 2026","","eu.esdihumboldt.cst.internal.ConceptualSchemaTransformerTest","eu.esdihumboldt.cst.internal.ConceptualSchemaTransformerTest","testPropertyJoinNonMatchingTypes"
"","139","testMergeMultiPropKey","","Wed Jul 08 15:23:07 UTC 2026","passed","Wed Jul 08 15:23:08 UTC 2026","","eu.esdihumboldt.cst.internal.ConceptualSchemaTransformerTest","eu.esdihumboldt.cst.internal.ConceptualSchemaTransformerTest","testMergeMultiPropKey"
"","1105","testReadNoNames","","Wed Jul 08 15:24:43 UTC 2026","passed","Wed Jul 08 15:24:44 UTC 2026","","eu.esdihumboldt.hale.io.codelist.xml.reader.XmlCodeListTest","eu.esdihumboldt.hale.io.codelist.xml.reader.XmlCodeListTest","testReadNoNames"
"","45","testReadXsdInstancesTypenameAmbiguousLocalName","","Wed Jul 08 15:31:01 UTC 2026","passed","Wed Jul 08 15:31:01 UTC 2026","","eu.esdihumboldt.hale.io.shp.ShapeInstanceReaderTest","eu.esdihumboldt.hale.io.shp.ShapeInstanceReaderTest","testReadXsdInstancesTypenameAmbiguousLocalName"
"","965","testReadWithCommaDecimal","","Wed Jul 08 15:24:51 UTC 2026","passed","Wed Jul 08 15:24:52 UTC 2026","","eu.esdihumboldt.hale.io.csv.CSVInstanceReaderTest","eu.esdihumboldt.hale.io.csv.CSVInstanceReaderTest","testReadWithCommaDecimal"
"","97","testStructuralRename3","","Wed Jul 08 15:23:11 UTC 2026","passed","Wed Jul 08 15:23:11 UTC 2026","","eu.esdihumboldt.cst.internal.ConceptualSchemaTransformerTest","eu.esdihumboldt.cst.internal.ConceptualSchemaTransformerTest","testStructuralRename3"
"","10","testValuesAllowOthers","","Wed Jul 08 15:21:36 UTC 2026","passed","Wed Jul 08 15:21:36 UTC 2026","","eu.esdihumboldt.hale.common.schema.model.constraint.factory.type.EnumerationFactoryTest","eu.esdihumboldt.hale.common.schema.model.constraint.factory.type.EnumerationFactoryTest","testValuesAllowOthers"
"","15","testReadSimpleChoice","","Wed Jul 08 15:30:01 UTC 2026","passed","Wed Jul 08 15:30:01 UTC 2026","","eu.esdihumboldt.hale.io.json.test.JsonToInstanceTest","eu.esdihumboldt.hale.io.json.test.JsonToInstanceTest","testReadSimpleChoice"
"","70","testWriteAttributes","","Wed Jul 08 15:25:42 UTC 2026","passed","Wed Jul 08 15:25:42 UTC 2026","","eu.esdihumboldt.hale.io.geopackage.GeopackageInstanceWriterTest","eu.esdihumboldt.hale.io.geopackage.GeopackageInstanceWriterTest","testWriteAttributes"
"","5","test90Deegrees","","Wed Jul 08 15:33:01 UTC 2026","passed","Wed Jul 08 15:33:01 UTC 2026","","eu.esdihumboldt.util.geometry.interpolation.split.SplitInterpolationTest","eu.esdihumboldt.util.geometry.interpolation.split.SplitInterpolationTest","test90Deegrees"
"","34","testCallClosure","","Wed Jul 08 15:27:20 UTC 2026","passed","Wed Jul 08 15:27:20 UTC 2026","","eu.esdihumboldt.hale.io.groovy.snippets.GroovySnippetsTest","eu.esdihumboldt.hale.io.groovy.snippets.GroovySnippetsTest","testCallClosure"
"","655","testJoin","","Wed Jul 08 15:22:56 UTC 2026","passed","Wed Jul 08 15:22:57 UTC 2026","","eu.esdihumboldt.cst.internal.ConceptualSchemaTransformerTest","eu.esdihumboldt.cst.internal.ConceptualSchemaTransformerTest","testJoin"
"","1","testInstanceReader","","Wed Jul 08 15:28:04 UTC 2026","skipped","Wed Jul 08 15:28:04 UTC 2026","","eu.esdihumboldt.hale.io.jdbc.mssql.test.MsSQLServer14Test","eu.esdihumboldt.hale.io.jdbc.mssql.test.MsSQLServer14Test","testInstanceReader"
"","444","testGeometryPrimitive_32_Polygon","","Wed Jul 08 15:26:56 UTC 2026","passed","Wed Jul 08 15:26:56 UTC 2026","","eu.esdihumboldt.hale.io.gml.writer.internal.StreamGmlWriterTest","eu.esdihumboldt.hale.io.gml.writer.internal.StreamGmlWriterTest","testGeometryPrimitive_32_Polygon"
"","9","testUnifyCCWWithHoles","","Wed Jul 08 15:33:00 UTC 2026","passed","Wed Jul 08 15:33:00 UTC 2026","","eu.esdihumboldt.util.geometry.WindingOrderTest","eu.esdihumboldt.util.geometry.WindingOrderTest","testUnifyCCWWithHoles"
"","5","testLikeSchema","","Wed Jul 08 15:19:51 UTC 2026","passed","Wed Jul 08 15:19:51 UTC 2026","","eu.esdihumboldt.hale.common.filter.ECQLFilterTest","eu.esdihumboldt.hale.common.filter.ECQLFilterTest","testLikeSchema"
"","69","testIDSaveLoad","","Wed Jul 08 15:17:59 UTC 2026","passed","Wed Jul 08 15:17:59 UTC 2026","","eu.esdihumboldt.hale.common.align.io.JaxbAlignmentIOTest","eu.esdihumboldt.hale.common.align.io.JaxbAlignmentIOTest","testIDSaveLoad"
"","204","migrateJoinGroovyRetype","","Wed Jul 08 15:18:49 UTC 2026","passed","Wed Jul 08 15:18:49 UTC 2026","","eu.esdihumboldt.hale.common.align.merge.test.impl.GroovyRetypeMergeTest","eu.esdihumboldt.hale.common.align.merge.test.impl.GroovyRetypeMergeTest","migrateJoinGroovyRetype"
"","14","testReadFirstArray","","Wed Jul 08 15:30:00 UTC 2026","passed","Wed Jul 08 15:30:00 UTC 2026","","eu.esdihumboldt.hale.io.json.test.JsonInstanceCollectionTest","eu.esdihumboldt.hale.io.json.test.JsonInstanceCollectionTest","testReadFirstArray"
"","86","testWriteFeaturesPrimaryKey","","Wed Jul 08 15:25:42 UTC 2026","passed","Wed Jul 08 15:25:42 UTC 2026","","eu.esdihumboldt.hale.io.geopackage.GeopackageInstanceWriterTest","eu.esdihumboldt.hale.io.geopackage.GeopackageInstanceWriterTest","testWriteFeaturesPrimaryKey"
"","23","testReadPointGeoJson","","Wed Jul 08 15:30:01 UTC 2026","passed","Wed Jul 08 15:30:01 UTC 2026","","eu.esdihumboldt.hale.io.json.test.JsonToInstanceTest","eu.esdihumboldt.hale.io.json.test.JsonToInstanceTest","testReadPointGeoJson"
"","93","testCMUnion4","","Wed Jul 08 15:23:09 UTC 2026","passed","Wed Jul 08 15:23:10 UTC 2026","","eu.esdihumboldt.cst.internal.ConceptualSchemaTransformerTest","eu.esdihumboldt.cst.internal.ConceptualSchemaTransformerTest","testCMUnion4"
"","2","testTrueFalse","","Wed Jul 08 15:21:56 UTC 2026","passed","Wed Jul 08 15:21:56 UTC 2026","","eu.esdihumboldt.hale.common.schema.groovy.constraints.NillableFactoryTest","eu.esdihumboldt.hale.common.schema.groovy.constraints.NillableFactoryTest","testTrueFalse"
"","5","testNumberBetween","","Wed Jul 08 15:19:51 UTC 2026","passed","Wed Jul 08 15:19:51 UTC 2026","","eu.esdihumboldt.hale.common.filter.ECQLFilterTest","eu.esdihumboldt.hale.common.filter.ECQLFilterTest","testNumberBetween"
"","2","testBooleanProperty","","Wed Jul 08 15:30:01 UTC 2026","passed","Wed Jul 08 15:30:01 UTC 2026","","eu.esdihumboldt.hale.io.json.test.JsonSchemaReaderTest","eu.esdihumboldt.hale.io.json.test.JsonSchemaReaderTest","testBooleanProperty"
"","2","testMultipleProperties","","Wed Jul 08 15:30:01 UTC 2026","passed","Wed Jul 08 15:30:01 UTC 2026","","eu.esdihumboldt.hale.io.json.test.JsonSchemaReaderTest","eu.esdihumboldt.hale.io.json.test.JsonSchemaReaderTest","testMultipleProperties"
"","6","testLoopArrayTypeSafe","","Wed Jul 08 15:33:16 UTC 2026","passed","Wed Jul 08 15:33:16 UTC 2026","","eu.esdihumboldt.util.groovy.json.JsonStreamBuilderTest","eu.esdihumboldt.util.groovy.json.JsonStreamBuilderTest","testLoopArrayTypeSafe"
"","5","testNamespaceIndex","","Wed Jul 08 15:18:18 UTC 2026","passed","Wed Jul 08 15:18:18 UTC 2026","","eu.esdihumboldt.hale.common.align.groovy.accessor.EntityAccessorTest","eu.esdihumboldt.hale.common.align.groovy.accessor.EntityAccessorTest","testNamespaceIndex"
"","14","testRootArrayObjectNestedPrettyPrint","","Wed Jul 08 15:33:16 UTC 2026","passed","Wed Jul 08 15:33:16 UTC 2026","","eu.esdihumboldt.util.groovy.json.JsonStreamBuilderTest","eu.esdihumboldt.util.groovy.json.JsonStreamBuilderTest","testRootArrayObjectNestedPrettyPrint"
"","4","testReadWithPointDecimal","","Wed Jul 08 15:24:53 UTC 2026","passed","Wed Jul 08 15:24:53 UTC 2026","","eu.esdihumboldt.hale.io.csv.CSVInstanceReaderTest","eu.esdihumboldt.hale.io.csv.CSVInstanceReaderTest","testReadWithPointDecimal"
"","18437","testReadShapeInstances","","Wed Jul 08 15:30:32 UTC 2026","passed","Wed Jul 08 15:30:50 UTC 2026","","eu.esdihumboldt.hale.io.shp.ShapeInstanceReaderTest","eu.esdihumboldt.hale.io.shp.ShapeInstanceReaderTest","testReadShapeInstances"
"","55","testReadDouble","","Wed Jul 08 15:30:01 UTC 2026","passed","Wed Jul 08 15:30:01 UTC 2026","","eu.esdihumboldt.hale.io.json.test.JsonToInstanceTest","eu.esdihumboldt.hale.io.json.test.JsonToInstanceTest","testReadDouble"
"","6","testNotEqualList","","Wed Jul 08 15:19:50 UTC 2026","passed","Wed Jul 08 15:19:50 UTC 2026","","eu.esdihumboldt.hale.common.filter.CQLFilterTest","eu.esdihumboldt.hale.common.filter.CQLFilterTest","testNotEqualList"
"","10159","testWriteRead","","Wed Jul 08 15:23:18 UTC 2026","passed","Wed Jul 08 15:23:28 UTC 2026","","eu.esdihumboldt.cst.functions.custom.test.internal.DefaultCustomPropertyFunctionTypeTest","eu.esdihumboldt.cst.functions.custom.test.internal.DefaultCustomPropertyFunctionTypeTest","testWriteRead"
"","30","testWriteVersion4","","Wed Jul 08 15:29:38 UTC 2026","passed","Wed Jul 08 15:29:38 UTC 2026","","eu.esdihumboldt.hale.io.jdbc.spatialite.writer.internal.SpatiaLiteInstanceWriterTest","eu.esdihumboldt.hale.io.jdbc.spatialite.writer.internal.SpatiaLiteInstanceWriterTest","testWriteVersion4"
"","9503","testCellDisableSaveLoad","","Wed Jul 08 15:17:49 UTC 2026","passed","Wed Jul 08 15:17:59 UTC 2026","","eu.esdihumboldt.hale.common.align.io.JaxbAlignmentIOTest","eu.esdihumboldt.hale.common.align.io.JaxbAlignmentIOTest","testCellDisableSaveLoad"
"","15","testDoubleConsume","","Wed Jul 08 15:19:32 UTC 2026","passed","Wed Jul 08 15:19:32 UTC 2026","","eu.esdihumboldt.hale.common.core.io.supplier.LookupStreamResourceTest","eu.esdihumboldt.hale.common.core.io.supplier.LookupStreamResourceTest","testDoubleConsume"
"","11739","testAddRemoveMappingMultipleProperties","","Wed Jul 08 15:20:43 UTC 2026","passed","Wed Jul 08 15:20:54 UTC 2026","","eu.esdihumboldt.hale.common.instance.index.MultimapInstanceIndexTest","eu.esdihumboldt.hale.common.instance.index.MultimapInstanceIndexTest","testAddRemoveMappingMultipleProperties"
"","43","testGmlOverflow","","Wed Jul 08 15:20:22 UTC 2026","passed","Wed Jul 08 15:20:23 UTC 2026","","eu.esdihumboldt.hale.common.instance.graph.test.ReferenceGraphTest","eu.esdihumboldt.hale.common.instance.graph.test.ReferenceGraphTest","testGmlOverflow"
"","0","testGeometryPrimitive_32_Curve_MultiLineString","","Wed Jul 08 15:26:49 UTC 2026","skipped","Wed Jul 08 15:26:49 UTC 2026","","eu.esdihumboldt.hale.io.gml.writer.internal.StreamGmlWriter2Test","eu.esdihumboldt.hale.io.gml.writer.internal.StreamGmlWriter2Test","testGeometryPrimitive_32_Curve_MultiLineString"
"","3","testReadSimpleWithDate","","Wed Jul 08 15:24:53 UTC 2026","passed","Wed Jul 08 15:24:53 UTC 2026","","eu.esdihumboldt.hale.io.csv.CSVInstanceReaderTest","eu.esdihumboldt.hale.io.csv.CSVInstanceReaderTest","testReadSimpleWithDate"
"","2","testCircle2","","Wed Jul 08 15:33:01 UTC 2026","passed","Wed Jul 08 15:33:01 UTC 2026","","eu.esdihumboldt.util.geometry.interpolation.model.impl.ArcByCenterPointImplTest","eu.esdihumboldt.util.geometry.interpolation.model.impl.ArcByCenterPointImplTest","testCircle2"
"","37","testConstraints","","Wed Jul 08 15:21:56 UTC 2026","passed","Wed Jul 08 15:21:56 UTC 2026","","eu.esdihumboldt.hale.common.schema.groovy.SchemaBuilderTest","eu.esdihumboldt.hale.common.schema.groovy.SchemaBuilderTest","testConstraints"
"","7","testComplexStructureFromTheGuardian","","Wed Jul 08 15:33:16 UTC 2026","passed","Wed Jul 08 15:33:16 UTC 2026","","eu.esdihumboldt.util.groovy.json.JsonStreamBuilderTest","eu.esdihumboldt.util.groovy.json.JsonStreamBuilderTest","testComplexStructureFromTheGuardian"
"","1","testDefault","","Wed Jul 08 15:21:36 UTC 2026","passed","Wed Jul 08 15:21:36 UTC 2026","","eu.esdihumboldt.hale.common.schema.model.constraint.factory.type.AugmentedValueFlagFactoryTest","eu.esdihumboldt.hale.common.schema.model.constraint.factory.type.AugmentedValueFlagFactoryTest","testDefault"
"","295","testReadForceDefaultType","","Wed Jul 08 15:30:00 UTC 2026","passed","Wed Jul 08 15:30:01 UTC 2026","","eu.esdihumboldt.hale.io.json.test.JsonInstanceReaderTest","eu.esdihumboldt.hale.io.json.test.JsonInstanceReaderTest","testReadForceDefaultType"
"","9264","testAccessNullProperties","","Wed Jul 08 15:20:28 UTC 2026","passed","Wed Jul 08 15:20:37 UTC 2026","","eu.esdihumboldt.hale.common.instance.groovy.InstanceAccessorTest","eu.esdihumboldt.hale.common.instance.groovy.InstanceAccessorTest","testAccessNullProperties"
"","38","testWriteMultipleGeometries","","Wed Jul 08 15:31:11 UTC 2026","passed","Wed Jul 08 15:31:11 UTC 2026","","eu.esdihumboldt.hale.io.shp.ShapefileInstanceWriterTest","eu.esdihumboldt.hale.io.shp.ShapefileInstanceWriterTest","testWriteMultipleGeometries"
"","6","testReadModeDefault","","Wed Jul 08 15:30:01 UTC 2026","passed","Wed Jul 08 15:30:01 UTC 2026","","eu.esdihumboldt.hale.io.json.test.JsonInstanceReaderTest","eu.esdihumboldt.hale.io.json.test.JsonInstanceReaderTest","testReadModeDefault"
"","4133","testEvaluateSuccess1","","Wed Jul 08 15:17:19 UTC 2026","passed","Wed Jul 08 15:17:23 UTC 2026","","eu.esdihumboldt.hale.app.transform.test.ExecuteTest","eu.esdihumboldt.hale.app.transform.test.ExecuteTest","testEvaluateSuccess1"
"","11829","testParentBindung","","Wed Jul 08 15:27:07 UTC 2026","passed","Wed Jul 08 15:27:19 UTC 2026","","eu.esdihumboldt.hale.io.groovy.snippets.GroovySnippetsTest","eu.esdihumboldt.hale.io.groovy.snippets.GroovySnippetsTest","testParentBindung"
"","10","testNestedArrayPrettyPrint","","Wed Jul 08 15:33:16 UTC 2026","passed","Wed Jul 08 15:33:16 UTC 2026","","eu.esdihumboldt.util.groovy.json.JsonStreamBuilderTest","eu.esdihumboldt.util.groovy.json.JsonStreamBuilderTest","testNestedArrayPrettyPrint"
"","9","testSchemaLessSafeAPI","","Wed Jul 08 15:20:38 UTC 2026","passed","Wed Jul 08 15:20:38 UTC 2026","","eu.esdihumboldt.hale.common.instance.groovy.InstanceBuilderTest","eu.esdihumboldt.hale.common.instance.groovy.InstanceBuilderTest","testSchemaLessSafeAPI"
"","0","testPropertiesMix2","","Wed Jul 08 15:23:00 UTC 2026","skipped","Wed Jul 08 15:23:00 UTC 2026","","eu.esdihumboldt.cst.internal.ConceptualSchemaTransformerTest","eu.esdihumboldt.cst.internal.ConceptualSchemaTransformerTest","testPropertiesMix2"
"","0","testHttpAbsolute1","","Wed Jul 08 15:32:27 UTC 2026","passed","Wed Jul 08 15:32:27 UTC 2026","","eu.esdihumboldt.hale.io.xsd.reader.HumboldtURIResolverTest","eu.esdihumboldt.hale.io.xsd.reader.HumboldtURIResolverTest","testHttpAbsolute1"
"","21","testRead_definitive_substitution","","Wed Jul 08 15:32:30 UTC 2026","passed","Wed Jul 08 15:32:30 UTC 2026","","eu.esdihumboldt.hale.io.xsd.reader.XmlSchemaReaderTest","eu.esdihumboldt.hale.io.xsd.reader.XmlSchemaReaderTest","testRead_definitive_substitution"
"","16","testReadComplexNested","","Wed Jul 08 15:30:01 UTC 2026","passed","Wed Jul 08 15:30:01 UTC 2026","","eu.esdihumboldt.hale.io.json.test.JsonToInstanceTest","eu.esdihumboldt.hale.io.json.test.JsonToInstanceTest","testReadComplexNested"
"","304","testWfsPaginationPageSizeLargerThanTotal","","Wed Jul 08 15:26:42 UTC 2026","passed","Wed Jul 08 15:26:42 UTC 2026","","eu.esdihumboldt.hale.io.gml.reader.internal.StreamGmlReaderTest","eu.esdihumboldt.hale.io.gml.reader.internal.StreamGmlReaderTest","testWfsPaginationPageSizeLargerThanTotal"
"","11","testStringCompare","","Wed Jul 08 15:19:49 UTC 2026","passed","Wed Jul 08 15:19:49 UTC 2026","","eu.esdihumboldt.hale.common.filter.CQLFilterTest","eu.esdihumboldt.hale.common.filter.CQLFilterTest","testStringCompare"
"","1","testFormatter[3]","","Wed Jul 08 15:32:56 UTC 2026","passed","Wed Jul 08 15:32:56 UTC 2026","","eu.esdihumboldt.util.geometry.DecimalFormatUtilTest","eu.esdihumboldt.util.geometry.DecimalFormatUtilTest","testFormatter[3]"
"","8","testSpecifyType","","Wed Jul 08 15:30:01 UTC 2026","passed","Wed Jul 08 15:30:01 UTC 2026","","eu.esdihumboldt.hale.io.json.test.JsonToInstanceTest","eu.esdihumboldt.hale.io.json.test.JsonToInstanceTest","testSpecifyType"
"","44","testNullMixed","","Wed Jul 08 15:20:38 UTC 2026","passed","Wed Jul 08 15:20:38 UTC 2026","","eu.esdihumboldt.hale.common.instance.groovy.InstanceAccessorTest","eu.esdihumboldt.hale.common.instance.groovy.InstanceAccessorTest","testNullMixed"
"","1","testHttpAbsoluteOtherHttp","","Wed Jul 08 15:32:27 UTC 2026","passed","Wed Jul 08 15:32:27 UTC 2026","","eu.esdihumboldt.hale.io.xsd.reader.HumboldtURIResolverTest","eu.esdihumboldt.hale.io.xsd.reader.HumboldtURIResolverTest","testHttpAbsoluteOtherHttp"
"","1293","simpleSchemaTestCQL","","Wed Jul 08 15:19:53 UTC 2026","passed","Wed Jul 08 15:19:54 UTC 2026","","eu.esdihumboldt.hale.common.filter.FilterTest","eu.esdihumboldt.hale.common.filter.FilterTest","simpleSchemaTestCQL"
"","40","testWriteSingleCorrectSchemasWithOneMissingGeom","","Wed Jul 08 15:31:11 UTC 2026","passed","Wed Jul 08 15:31:11 UTC 2026","","eu.esdihumboldt.hale.io.shp.ShapefileInstanceWriterTest","eu.esdihumboldt.hale.io.shp.ShapefileInstanceWriterTest","testWriteSingleCorrectSchemasWithOneMissingGeom"
"","2","testDisabled","","Wed Jul 08 15:21:36 UTC 2026","passed","Wed Jul 08 15:21:36 UTC 2026","","eu.esdihumboldt.hale.common.schema.model.constraint.factory.type.AugmentedValueFlagFactoryTest","eu.esdihumboldt.hale.common.schema.model.constraint.factory.type.AugmentedValueFlagFactoryTest","testDisabled"
"","0","testFormatter[6]","","Wed Jul 08 15:32:56 UTC 2026","passed","Wed Jul 08 15:32:56 UTC 2026","","eu.esdihumboldt.util.geometry.DecimalFormatUtilTest","eu.esdihumboldt.util.geometry.DecimalFormatUtilTest","testFormatter[6]"
"","33","testGmlReferencesMultiPart","","Wed Jul 08 15:20:22 UTC 2026","passed","Wed Jul 08 15:20:22 UTC 2026","","eu.esdihumboldt.hale.common.instance.graph.test.ReferenceGraphTest","eu.esdihumboldt.hale.common.instance.graph.test.ReferenceGraphTest","testGmlReferencesMultiPart"
"","30","testRead_definitive_all","","Wed Jul 08 15:32:29 UTC 2026","passed","Wed Jul 08 15:32:29 UTC 2026","","eu.esdihumboldt.hale.io.xsd.reader.XmlSchemaReaderTest","eu.esdihumboldt.hale.io.xsd.reader.XmlSchemaReaderTest","testRead_definitive_all"
"","1","testIterateEven","","Wed Jul 08 15:20:06 UTC 2026","passed","Wed Jul 08 15:20:06 UTC 2026","","eu.esdihumboldt.hale.common.instance.tools.impl.SimplePartitionerTest","eu.esdihumboldt.hale.common.instance.tools.impl.SimplePartitionerTest","testIterateEven"
"","6","testDuring","","Wed Jul 08 15:19:51 UTC 2026","passed","Wed Jul 08 15:19:51 UTC 2026","","eu.esdihumboldt.hale.common.filter.ECQLFilterTest","eu.esdihumboldt.hale.common.filter.ECQLFilterTest","testDuring"
"","0","testInstanceReader","","Wed Jul 08 15:28:05 UTC 2026","skipped","Wed Jul 08 15:28:05 UTC 2026","","eu.esdihumboldt.hale.io.jdbc.mssql.test.MsSqlDataReaderTest","eu.esdihumboldt.hale.io.jdbc.mssql.test.MsSqlDataReaderTest","testInstanceReader"
"","10","testPropertyType","","Wed Jul 08 15:32:10 UTC 2026","passed","Wed Jul 08 15:32:10 UTC 2026","","eu.esdihumboldt.hale.io.xls.test.reader.XLSReaderTest","eu.esdihumboldt.hale.io.xls.test.reader.XLSReaderTest","testPropertyType"
"","1","testCCW","","Wed Jul 08 15:33:01 UTC 2026","passed","Wed Jul 08 15:33:01 UTC 2026","","eu.esdihumboldt.util.geometry.interpolation.model.impl.ArcByPointsImplTest","eu.esdihumboldt.util.geometry.interpolation.model.impl.ArcByPointsImplTest","testCCW"
"","368","testMatchCondition1","","Wed Jul 08 15:18:42 UTC 2026","passed","Wed Jul 08 15:18:42 UTC 2026","","eu.esdihumboldt.hale.common.align.merge.test.impl.DefaultMergeCellMigratorTest","eu.esdihumboldt.hale.common.align.merge.test.impl.DefaultMergeCellMigratorTest","testMatchCondition1"
"","0","testSimpleContentAttribute","","Wed Jul 08 15:23:07 UTC 2026","skipped","Wed Jul 08 15:23:07 UTC 2026","","eu.esdihumboldt.cst.internal.ConceptualSchemaTransformerTest","eu.esdihumboldt.cst.internal.ConceptualSchemaTransformerTest","testSimpleContentAttribute"
"","318","testGeometryAggregate_32_MultiPoint","","Wed Jul 08 15:27:01 UTC 2026","passed","Wed Jul 08 15:27:01 UTC 2026","","eu.esdihumboldt.hale.io.gml.writer.internal.StreamGmlWriterTest","eu.esdihumboldt.hale.io.gml.writer.internal.StreamGmlWriterTest","testGeometryAggregate_32_MultiPoint"
"","10","testReadSimpleWithDate","","Wed Jul 08 15:32:10 UTC 2026","passed","Wed Jul 08 15:32:10 UTC 2026","","eu.esdihumboldt.hale.io.xls.test.reader.XLSReaderTest","eu.esdihumboldt.hale.io.xls.test.reader.XLSReaderTest","testReadSimpleWithDate"
"","356","testGeometryPrimitive_32_MultiPolygon_WindingOrder_CCW","","Wed Jul 08 15:26:59 UTC 2026","passed","Wed Jul 08 15:27:00 UTC 2026","","eu.esdihumboldt.hale.io.gml.writer.internal.StreamGmlWriterTest","eu.esdihumboldt.hale.io.gml.writer.internal.StreamGmlWriterTest","testGeometryPrimitive_32_MultiPolygon_WindingOrder_CCW"
"","3105","testCellDisableSaveLoad","","Wed Jul 08 15:17:44 UTC 2026","passed","Wed Jul 08 15:17:48 UTC 2026","","eu.esdihumboldt.hale.common.align.io.CastorAlignmentIOTest","eu.esdihumboldt.hale.common.align.io.CastorAlignmentIOTest","testCellDisableSaveLoad"
"","99","testDupeAssign","","Wed Jul 08 15:23:09 UTC 2026","passed","Wed Jul 08 15:23:09 UTC 2026","","eu.esdihumboldt.cst.internal.ConceptualSchemaTransformerTest","eu.esdihumboldt.cst.internal.ConceptualSchemaTransformerTest","testDupeAssign"
"","4","testByPoints3","","Wed Jul 08 15:33:01 UTC 2026","passed","Wed Jul 08 15:33:01 UTC 2026","","eu.esdihumboldt.util.geometry.interpolation.grid.GridInterpolationTest","eu.esdihumboldt.util.geometry.interpolation.grid.GridInterpolationTest","testByPoints3"
"","72","testRun","","Wed Jul 08 15:27:20 UTC 2026","passed","Wed Jul 08 15:27:20 UTC 2026","","eu.esdihumboldt.hale.io.groovy.snippets.GroovySnippetsTest","eu.esdihumboldt.hale.io.groovy.snippets.GroovySnippetsTest","testRun"
"","123","testNonNullValuesUnaffectedByNullEntry","","Wed Jul 08 15:21:00 UTC 2026","passed","Wed Jul 08 15:21:00 UTC 2026","","eu.esdihumboldt.hale.common.lookup.impl.LookupTableImplTest","eu.esdihumboldt.hale.common.lookup.impl.LookupTableImplTest","testNonNullValuesUnaffectedByNullEntry"
"","5","testByPoints3","","Wed Jul 08 15:33:01 UTC 2026","passed","Wed Jul 08 15:33:01 UTC 2026","","eu.esdihumboldt.util.geometry.interpolation.split.SplitInterpolationTest","eu.esdihumboldt.util.geometry.interpolation.split.SplitInterpolationTest","testByPoints3"
"","589","testSaveLoad","","Wed Jul 08 15:19:32 UTC 2026","passed","Wed Jul 08 15:19:32 UTC 2026","","eu.esdihumboldt.hale.common.core.io.project.ProjectTest","eu.esdihumboldt.hale.common.core.io.project.ProjectTest","testSaveLoad"
"","243","testTypeFilter3Present","","Wed Jul 08 15:18:43 UTC 2026","passed","Wed Jul 08 15:18:44 UTC 2026","","eu.esdihumboldt.hale.common.align.merge.test.impl.DefaultMergeCellMigratorTest","eu.esdihumboldt.hale.common.align.merge.test.impl.DefaultMergeCellMigratorTest","testTypeFilter3Present"
"","5","testNullNoSchema","","Wed Jul 08 15:19:50 UTC 2026","passed","Wed Jul 08 15:19:50 UTC 2026","","eu.esdihumboldt.hale.common.filter.CQLFilterTest","eu.esdihumboldt.hale.common.filter.CQLFilterTest","testNullNoSchema"
"","7","testReadPoint","","Wed Jul 08 15:30:01 UTC 2026","passed","Wed Jul 08 15:30:01 UTC 2026","","eu.esdihumboldt.hale.io.json.test.JsonToInstanceTest","eu.esdihumboldt.hale.io.json.test.JsonToInstanceTest","testReadPoint"
"","9","testDefinedTypeReference","","Wed Jul 08 15:21:56 UTC 2026","passed","Wed Jul 08 15:21:56 UTC 2026","","eu.esdihumboldt.hale.common.schema.groovy.SchemaBuilderTest","eu.esdihumboldt.hale.common.schema.groovy.SchemaBuilderTest","testDefinedTypeReference"
"","6","testJsonBuilderPrettyPrint","","Wed Jul 08 15:33:16 UTC 2026","passed","Wed Jul 08 15:33:16 UTC 2026","","eu.esdihumboldt.util.groovy.json.JsonStreamBuilderTest","eu.esdihumboldt.util.groovy.json.JsonStreamBuilderTest","testJsonBuilderPrettyPrint"
"","9","testNumberBetweenList","","Wed Jul 08 15:19:50 UTC 2026","passed","Wed Jul 08 15:19:50 UTC 2026","","eu.esdihumboldt.hale.common.filter.CQLFilterTest","eu.esdihumboldt.hale.common.filter.CQLFilterTest","testNumberBetweenList"
"","37","testOffsetBig","","Wed Jul 08 15:33:01 UTC 2026","passed","Wed Jul 08 15:33:01 UTC 2026","","eu.esdihumboldt.util.geometry.interpolation.split.SplitInterpolationTest","eu.esdihumboldt.util.geometry.interpolation.split.SplitInterpolationTest","testOffsetBig"
"","0","testLocales1","","Wed Jul 08 15:18:01 UTC 2026","skipped","Wed Jul 08 15:18:01 UTC 2026","","eu.esdihumboldt.hale.common.align.model.impl.mdexpl.MarkdownCellExplanationTest","eu.esdihumboldt.hale.common.align.model.impl.mdexpl.MarkdownCellExplanationTest","testLocales1"
"","38","checkCyclicTypes","","Wed Jul 08 15:28:49 UTC 2026","passed","Wed Jul 08 15:28:49 UTC 2026","","eu.esdihumboldt.hale.io.jdbc.postgresql.test.CheckSortingForCyclicTypesTest","eu.esdihumboldt.hale.io.jdbc.postgresql.test.CheckSortingForCyclicTypesTest","checkCyclicTypes"
"","2344","testInspireCodespaceAutoAddDefault","","Wed Jul 08 15:26:43 UTC 2026","passed","Wed Jul 08 15:26:45 UTC 2026","","eu.esdihumboldt.hale.io.gml.writer.internal.StreamGmlWriter2Test","eu.esdihumboldt.hale.io.gml.writer.internal.StreamGmlWriter2Test","testInspireCodespaceAutoAddDefault"
"","142","testMergeWithoutAdditionalProp","","Wed Jul 08 15:23:07 UTC 2026","passed","Wed Jul 08 15:23:07 UTC 2026","","eu.esdihumboldt.cst.internal.ConceptualSchemaTransformerTest","eu.esdihumboldt.cst.internal.ConceptualSchemaTransformerTest","testMergeWithoutAdditionalProp"
"","0","testSuccessSaveDDL","","Wed Jul 08 15:25:10 UTC 2026","skipped","Wed Jul 08 15:25:10 UTC 2026","","eu.esdihumboldt.hale.io.deegree.mapping.MappingWriterTest","eu.esdihumboldt.hale.io.deegree.mapping.MappingWriterTest","testSuccessSaveDDL"
"","15","testEnabled","","Wed Jul 08 15:21:36 UTC 2026","passed","Wed Jul 08 15:21:36 UTC 2026","","eu.esdihumboldt.hale.common.schema.model.constraint.factory.type.AbstractFlagFactoryTest","eu.esdihumboldt.hale.common.schema.model.constraint.factory.type.AbstractFlagFactoryTest","testEnabled"
"","80","testClassification3","","Wed Jul 08 15:23:09 UTC 2026","passed","Wed Jul 08 15:23:09 UTC 2026","","eu.esdihumboldt.cst.internal.ConceptualSchemaTransformerTest","eu.esdihumboldt.cst.internal.ConceptualSchemaTransformerTest","testClassification3"
"","1","testMulti1","","Wed Jul 08 15:23:50 UTC 2026","passed","Wed Jul 08 15:23:50 UTC 2026","","eu.esdihumboldt.cst.functions.geometric.test.InteriorPointTest","eu.esdihumboldt.cst.functions.geometric.test.InteriorPointTest","testMulti1"
"","11","testReadModeSingleObject","","Wed Jul 08 15:30:01 UTC 2026","passed","Wed Jul 08 15:30:01 UTC 2026","","eu.esdihumboldt.hale.io.json.test.JsonInstanceReaderTest","eu.esdihumboldt.hale.io.json.test.JsonInstanceReaderTest","testReadModeSingleObject"
"","2235","testComplexInstancesECQL","","Wed Jul 08 15:19:51 UTC 2026","passed","Wed Jul 08 15:19:53 UTC 2026","","eu.esdihumboldt.hale.common.filter.FilterTest","eu.esdihumboldt.hale.common.filter.FilterTest","testComplexInstancesECQL"
"","414","testGeometryAggregate_32_LineString","","Wed Jul 08 15:26:58 UTC 2026","passed","Wed Jul 08 15:26:58 UTC 2026","","eu.esdihumboldt.hale.io.gml.writer.internal.StreamGmlWriterTest","eu.esdihumboldt.hale.io.gml.writer.internal.StreamGmlWriterTest","testGeometryAggregate_32_LineString"
"","0","testExistsNoSchema","","Wed Jul 08 15:19:51 UTC 2026","skipped","Wed Jul 08 15:19:51 UTC 2026","","eu.esdihumboldt.hale.common.filter.ECQLFilterTest","eu.esdihumboldt.hale.common.filter.ECQLFilterTest","testExistsNoSchema"
"","1","testOrigin","","Wed Jul 08 15:33:01 UTC 2026","passed","Wed Jul 08 15:33:01 UTC 2026","","eu.esdihumboldt.util.geometry.interpolation.grid.GridUtilTest","eu.esdihumboldt.util.geometry.interpolation.grid.GridUtilTest","testOrigin"
"","4","testNumberString","","Wed Jul 08 15:19:51 UTC 2026","passed","Wed Jul 08 15:19:51 UTC 2026","","eu.esdihumboldt.hale.common.filter.ECQLFilterTest","eu.esdihumboldt.hale.common.filter.ECQLFilterTest","testNumberString"
"","13","testInstanceValueNullSchema","","Wed Jul 08 15:19:50 UTC 2026","passed","Wed Jul 08 15:19:50 UTC 2026","","eu.esdihumboldt.hale.common.filter.CQLFilterTest","eu.esdihumboldt.hale.common.filter.CQLFilterTest","testInstanceValueNullSchema"
"","1","testQ3","","Wed Jul 08 15:33:01 UTC 2026","passed","Wed Jul 08 15:33:01 UTC 2026","","eu.esdihumboldt.util.geometry.interpolation.grid.GridUtilTest","eu.esdihumboldt.util.geometry.interpolation.grid.GridUtilTest","testQ3"
"","95","testStructuralRename1","","Wed Jul 08 15:23:11 UTC 2026","passed","Wed Jul 08 15:23:11 UTC 2026","","eu.esdihumboldt.cst.internal.ConceptualSchemaTransformerTest","eu.esdihumboldt.cst.internal.ConceptualSchemaTransformerTest","testStructuralRename1"
"","8","testGeoBbox","","Wed Jul 08 15:19:51 UTC 2026","passed","Wed Jul 08 15:19:51 UTC 2026","","eu.esdihumboldt.hale.common.filter.ECQLFilterTest","eu.esdihumboldt.hale.common.filter.ECQLFilterTest","testGeoBbox"
"","2","testDisabled","","Wed Jul 08 15:21:36 UTC 2026","passed","Wed Jul 08 15:21:36 UTC 2026","","eu.esdihumboldt.hale.common.schema.model.constraint.factory.type.AbstractFlagFactoryTest","eu.esdihumboldt.hale.common.schema.model.constraint.factory.type.AbstractFlagFactoryTest","testDisabled"
"","0","testSubfolder","","Wed Jul 08 15:19:20 UTC 2026","passed","Wed Jul 08 15:19:20 UTC 2026","","eu.esdihumboldt.hale.common.core.io.PathUpdateTest","eu.esdihumboldt.hale.common.core.io.PathUpdateTest","testSubfolder"
"","21","testRead_definitive_groups","","Wed Jul 08 15:32:30 UTC 2026","passed","Wed Jul 08 15:32:30 UTC 2026","","eu.esdihumboldt.hale.io.xsd.reader.XmlSchemaReaderTest","eu.esdihumboldt.hale.io.xsd.reader.XmlSchemaReaderTest","testRead_definitive_groups"
"","4","testSchemaLessInstance","","Wed Jul 08 15:20:38 UTC 2026","passed","Wed Jul 08 15:20:38 UTC 2026","","eu.esdihumboldt.hale.common.instance.groovy.InstanceBuilderTest","eu.esdihumboldt.hale.common.instance.groovy.InstanceBuilderTest","testSchemaLessInstance"
"","10","testWriteReadTypeSafe","","Wed Jul 08 15:33:16 UTC 2026","passed","Wed Jul 08 15:33:16 UTC 2026","","eu.esdihumboldt.util.groovy.xml.NSDOMBuilderTest","eu.esdihumboldt.util.groovy.xml.NSDOMBuilderTest","testWriteReadTypeSafe"
"","94","testSchema","","Wed Jul 08 15:20:39 UTC 2026","passed","Wed Jul 08 15:20:39 UTC 2026","","eu.esdihumboldt.hale.common.instance.groovy.InstanceFamilyAccessorTest","eu.esdihumboldt.hale.common.instance.groovy.InstanceFamilyAccessorTest","testSchema"
"","57","groovyStuffDisallowed","","Wed Jul 08 15:33:36 UTC 2026","passed","Wed Jul 08 15:33:36 UTC 2026","","eu.esdihumboldt.util.groovy.sandbox.test.internal.GroovySandboxTest","eu.esdihumboldt.util.groovy.sandbox.test.internal.GroovySandboxTest","groovyStuffDisallowed"
"","396","testInspireReferenceAppInfo","","Wed Jul 08 15:32:29 UTC 2026","passed","Wed Jul 08 15:32:29 UTC 2026","","eu.esdihumboldt.hale.io.xsd.reader.XmlSchemaReaderMoreTest","eu.esdihumboldt.hale.io.xsd.reader.XmlSchemaReaderMoreTest","testInspireReferenceAppInfo"
"","68","testCustomClass","","Wed Jul 08 15:27:20 UTC 2026","passed","Wed Jul 08 15:27:20 UTC 2026","","eu.esdihumboldt.hale.io.groovy.snippets.GroovySnippetsTest","eu.esdihumboldt.hale.io.groovy.snippets.GroovySnippetsTest","testCustomClass"
"","5","testReadString","","Wed Jul 08 15:30:01 UTC 2026","passed","Wed Jul 08 15:30:01 UTC 2026","","eu.esdihumboldt.hale.io.json.test.JsonToInstanceTest","eu.esdihumboldt.hale.io.json.test.JsonToInstanceTest","testReadString"
"","68","testLikeSchema","","Wed Jul 08 15:19:49 UTC 2026","passed","Wed Jul 08 15:19:49 UTC 2026","","eu.esdihumboldt.hale.common.filter.CQLFilterTest","eu.esdihumboldt.hale.common.filter.CQLFilterTest","testLikeSchema"
"","486","testToFrom","","Wed Jul 08 15:17:59 UTC 2026","passed","Wed Jul 08 15:18:00 UTC 2026","","eu.esdihumboldt.hale.common.align.model.functions.join.JoinParameterTest","eu.esdihumboldt.hale.common.align.model.functions.join.JoinParameterTest","testToFrom"
"","4685","testTransformXmlInline","","Wed Jul 08 15:16:53 UTC 2026","passed","Wed Jul 08 15:16:58 UTC 2026","","eu.esdihumboldt.hale.app.transform.test.ExecuteTest","eu.esdihumboldt.hale.app.transform.test.ExecuteTest","testTransformXmlInline"
"","1522","testToFrom","","Wed Jul 08 15:23:50 UTC 2026","passed","Wed Jul 08 15:23:52 UTC 2026","","eu.esdihumboldt.cst.functions.geometric.test.join.SpatialJoinParameterTest","eu.esdihumboldt.cst.functions.geometric.test.join.SpatialJoinParameterTest","testToFrom"
"","67","simpleSchemaTestECQL","","Wed Jul 08 15:19:54 UTC 2026","passed","Wed Jul 08 15:19:54 UTC 2026","","eu.esdihumboldt.hale.common.filter.FilterTest","eu.esdihumboldt.hale.common.filter.FilterTest","simpleSchemaTestECQL"
"","5","testEmpty","","Wed Jul 08 15:21:36 UTC 2026","passed","Wed Jul 08 15:21:36 UTC 2026","","eu.esdihumboldt.hale.common.schema.model.constraint.factory.type.EnumerationFactoryTest","eu.esdihumboldt.hale.common.schema.model.constraint.factory.type.EnumerationFactoryTest","testEmpty"
"","1","testListAndValue","","Wed Jul 08 15:32:51 UTC 2026","passed","Wed Jul 08 15:32:51 UTC 2026","","eu.esdihumboldt.util.config.ConfigMergerTest","eu.esdihumboldt.util.config.ConfigMergerTest","testListAndValue"
"","6","testSKOSFromRDF1","","Wed Jul 08 15:24:39 UTC 2026","passed","Wed Jul 08 15:24:39 UTC 2026","","eu.esdihumboldt.hale.io.codelist.skos.test.SkosCodeListTest","eu.esdihumboldt.hale.io.codelist.skos.test.SkosCodeListTest","testSKOSFromRDF1"
"","275","mergeJoinWithRetypeDef","","Wed Jul 08 15:18:45 UTC 2026","passed","Wed Jul 08 15:18:46 UTC 2026","","eu.esdihumboldt.hale.common.align.merge.test.impl.DefaultMergeCellMigratorTest","eu.esdihumboldt.hale.common.align.merge.test.impl.DefaultMergeCellMigratorTest","mergeJoinWithRetypeDef"
"","3","testEmptyObject","","Wed Jul 08 15:33:16 UTC 2026","passed","Wed Jul 08 15:33:16 UTC 2026","","eu.esdihumboldt.util.groovy.json.JsonStreamBuilderTest","eu.esdihumboldt.util.groovy.json.JsonStreamBuilderTest","testEmptyObject"
"","45","testNestedObjects","","Wed Jul 08 15:33:16 UTC 2026","passed","Wed Jul 08 15:33:16 UTC 2026","","eu.esdihumboldt.util.groovy.json.JsonStreamBuilderTest","eu.esdihumboldt.util.groovy.json.JsonStreamBuilderTest","testNestedObjects"
"","8309","testSerialize","","Wed Jul 08 15:33:06 UTC 2026","passed","Wed Jul 08 15:33:15 UTC 2026","","eu.esdihumboldt.util.groovy.collector.StatsCollectorTest","eu.esdihumboldt.util.groovy.collector.StatsCollectorTest","testSerialize"
"","294","testWfsNonPaginated","","Wed Jul 08 15:26:42 UTC 2026","passed","Wed Jul 08 15:26:42 UTC 2026","","eu.esdihumboldt.hale.io.gml.reader.internal.StreamGmlReaderTest","eu.esdihumboldt.hale.io.gml.reader.internal.StreamGmlReaderTest","testWfsNonPaginated"
"","168","testStringValueList","","Wed Jul 08 15:19:31 UTC 2026","passed","Wed Jul 08 15:19:31 UTC 2026","","eu.esdihumboldt.hale.common.core.io.impl.ValueListTypeTest","eu.esdihumboldt.hale.common.core.io.impl.ValueListTypeTest","testStringValueList"
"","4138","testInstanceWriteOrder","","Wed Jul 08 15:29:27 UTC 2026","passed","Wed Jul 08 15:29:31 UTC 2026","","eu.esdihumboldt.hale.io.jdbc.postgresql.test.WriteInstanceOrderIT","eu.esdihumboldt.hale.io.jdbc.postgresql.test.WriteInstanceOrderIT","testInstanceWriteOrder"
"","5","testNotEqualSimple","","Wed Jul 08 15:19:51 UTC 2026","passed","Wed Jul 08 15:19:51 UTC 2026","","eu.esdihumboldt.hale.common.filter.ECQLFilterTest","eu.esdihumboldt.hale.common.filter.ECQLFilterTest","testNotEqualSimple"
"","4","testUsage","","Wed Jul 08 15:16:29 UTC 2026","passed","Wed Jul 08 15:16:29 UTC 2026","","eu.esdihumboldt.hale.app.transform.test.ExecuteTest","eu.esdihumboldt.hale.app.transform.test.ExecuteTest","testUsage"
"","0","testGeometry_2_Point","","Wed Jul 08 15:27:01 UTC 2026","skipped","Wed Jul 08 15:27:01 UTC 2026","","eu.esdihumboldt.hale.io.gml.writer.internal.StreamGmlWriterTest","eu.esdihumboldt.hale.io.gml.writer.internal.StreamGmlWriterTest","testGeometry_2_Point"
"","2","testPrimitive","","Wed Jul 08 15:21:36 UTC 2026","passed","Wed Jul 08 15:21:36 UTC 2026","","eu.esdihumboldt.hale.common.schema.model.constraint.factory.type.BindingFactoryTest","eu.esdihumboldt.hale.common.schema.model.constraint.factory.type.BindingFactoryTest","testPrimitive"
"","4","testByPoints1","","Wed Jul 08 15:33:01 UTC 2026","passed","Wed Jul 08 15:33:01 UTC 2026","","eu.esdihumboldt.util.geometry.interpolation.grid.GridInterpolationTest","eu.esdihumboldt.util.geometry.interpolation.grid.GridInterpolationTest","testByPoints1"
"","6","testNumberString","","Wed Jul 08 15:19:50 UTC 2026","passed","Wed Jul 08 15:19:50 UTC 2026","","eu.esdihumboldt.hale.common.filter.CQLFilterTest","eu.esdihumboldt.hale.common.filter.CQLFilterTest","testNumberString"
"","172","testNotes1","","Wed Jul 08 15:18:47 UTC 2026","passed","Wed Jul 08 15:18:47 UTC 2026","","eu.esdihumboldt.hale.common.align.merge.test.impl.DefaultMergeCellMigratorTest","eu.esdihumboldt.hale.common.align.merge.test.impl.DefaultMergeCellMigratorTest","testNotes1"
"","8877","testLoadWFS2Capabilities","","Wed Jul 08 15:31:37 UTC 2026","passed","Wed Jul 08 15:31:46 UTC 2026","","eu.esdihumboldt.hale.io.wfs.test.capabilities.CapabilitiesHelperTest","eu.esdihumboldt.hale.io.wfs.test.capabilities.CapabilitiesHelperTest","testLoadWFS2Capabilities"
"","24","testLoadMixed","","Wed Jul 08 15:26:00 UTC 2026","passed","Wed Jul 08 15:26:00 UTC 2026","","eu.esdihumboldt.hale.io.gml.reader.internal.GmlInstanceCollectionTest","eu.esdihumboldt.hale.io.gml.reader.internal.GmlInstanceCollectionTest","testLoadMixed"
"","13528","gstringIntercepted","","Wed Jul 08 15:33:20 UTC 2026","passed","Wed Jul 08 15:33:34 UTC 2026","","eu.esdihumboldt.util.groovy.sandbox.test.internal.GroovySandboxTest","eu.esdihumboldt.util.groovy.sandbox.test.internal.GroovySandboxTest","gstringIntercepted"
"","36","notAllowedClassesDisallowed","","Wed Jul 08 15:33:35 UTC 2026","passed","Wed Jul 08 15:33:36 UTC 2026","","eu.esdihumboldt.util.groovy.sandbox.test.internal.GroovySandboxTest","eu.esdihumboldt.util.groovy.sandbox.test.internal.GroovySandboxTest","notAllowedClassesDisallowed"
"","0","testLocalING4479","","Wed Jul 08 15:17:31 UTC 2026","skipped","Wed Jul 08 15:17:31 UTC 2026","","eu.esdihumboldt.hale.app.transform.test.ExecuteTest","eu.esdihumboldt.hale.app.transform.test.ExecuteTest","testLocalING4479"
"","60","testLoadShiporder","","Wed Jul 08 15:20:06 UTC 2026","passed","Wed Jul 08 15:20:06 UTC 2026","","eu.esdihumboldt.hale.common.instance.helper.PropertyResolverTest","eu.esdihumboldt.hale.common.instance.helper.PropertyResolverTest","testLoadShiporder"
"","0","testGeometry_2_LineString","","Wed Jul 08 15:26:56 UTC 2026","skipped","Wed Jul 08 15:26:56 UTC 2026","","eu.esdihumboldt.hale.io.gml.writer.internal.StreamGmlWriterTest","eu.esdihumboldt.hale.io.gml.writer.internal.StreamGmlWriterTest","testGeometry_2_LineString"
"","21","testRead_shiporder_divided","","Wed Jul 08 15:32:30 UTC 2026","passed","Wed Jul 08 15:32:30 UTC 2026","","eu.esdihumboldt.hale.io.xsd.reader.XmlSchemaReaderTest","eu.esdihumboldt.hale.io.xsd.reader.XmlSchemaReaderTest","testRead_shiporder_divided"
"","1611","testLoadShiporderWrapped","","Wed Jul 08 15:20:04 UTC 2026","passed","Wed Jul 08 15:20:06 UTC 2026","","eu.esdihumboldt.hale.common.instance.helper.PropertyResolverTest","eu.esdihumboldt.hale.common.instance.helper.PropertyResolverTest","testLoadShiporderWrapped"
"","125","testMergeAdditionalProp","","Wed Jul 08 15:23:08 UTC 2026","passed","Wed Jul 08 15:23:08 UTC 2026","","eu.esdihumboldt.cst.internal.ConceptualSchemaTransformerTest","eu.esdihumboldt.cst.internal.ConceptualSchemaTransformerTest","testMergeAdditionalProp"
"","9","testLoopStartArray","","Wed Jul 08 15:33:16 UTC 2026","passed","Wed Jul 08 15:33:16 UTC 2026","","eu.esdihumboldt.util.groovy.json.JsonStreamBuilderTest","eu.esdihumboldt.util.groovy.json.JsonStreamBuilderTest","testLoopStartArray"
"","4","testStringProperty","","Wed Jul 08 15:30:01 UTC 2026","passed","Wed Jul 08 15:30:01 UTC 2026","","eu.esdihumboldt.hale.io.json.test.JsonSchemaReaderTest","eu.esdihumboldt.hale.io.json.test.JsonSchemaReaderTest","testStringProperty"
"","15826","testTypeFilter2Property","","Wed Jul 08 15:18:25 UTC 2026","passed","Wed Jul 08 15:18:41 UTC 2026","","eu.esdihumboldt.hale.common.align.merge.test.impl.DefaultMergeCellMigratorTest","eu.esdihumboldt.hale.common.align.merge.test.impl.DefaultMergeCellMigratorTest","testTypeFilter2Property"
"","3","testSerializeCompact","","Wed Jul 08 15:33:15 UTC 2026","passed","Wed Jul 08 15:33:15 UTC 2026","","eu.esdihumboldt.util.groovy.collector.StatsCollectorTest","eu.esdihumboldt.util.groovy.collector.StatsCollectorTest","testSerializeCompact"
"","17","testNestedListMap2","","Wed Jul 08 15:33:16 UTC 2026","passed","Wed Jul 08 15:33:16 UTC 2026","","eu.esdihumboldt.util.groovy.json.JsonStreamBuilderTest","eu.esdihumboldt.util.groovy.json.JsonStreamBuilderTest","testNestedListMap2"
"","0","testFormatter[2]","","Wed Jul 08 15:32:56 UTC 2026","passed","Wed Jul 08 15:32:56 UTC 2026","","eu.esdihumboldt.util.geometry.DecimalFormatUtilTest","eu.esdihumboldt.util.geometry.DecimalFormatUtilTest","testFormatter[2]"
"","94","testWriteReadBoolean","","Wed Jul 08 15:25:41 UTC 2026","passed","Wed Jul 08 15:25:41 UTC 2026","","eu.esdihumboldt.hale.io.geopackage.GeopackageInstanceWriterTest","eu.esdihumboldt.hale.io.geopackage.GeopackageInstanceWriterTest","testWriteReadBoolean"
"","1","testGeometryNormalOnCRS","","Wed Jul 08 15:33:00 UTC 2026","passed","Wed Jul 08 15:33:00 UTC 2026","","eu.esdihumboldt.util.geometry.WindingOrderTest","eu.esdihumboldt.util.geometry.WindingOrderTest","testGeometryNormalOnCRS"
"","53","testBaseNameFromFile","","Wed Jul 08 15:30:51 UTC 2026","passed","Wed Jul 08 15:30:51 UTC 2026","","eu.esdihumboldt.hale.io.shp.ShapeInstanceReaderTest","eu.esdihumboldt.hale.io.shp.ShapeInstanceReaderTest","testBaseNameFromFile"
"","157","testFilterSame3","","Wed Jul 08 15:18:43 UTC 2026","passed","Wed Jul 08 15:18:43 UTC 2026","","eu.esdihumboldt.hale.common.align.merge.test.impl.DefaultMergeCellMigratorTest","eu.esdihumboldt.hale.common.align.merge.test.impl.DefaultMergeCellMigratorTest","testFilterSame3"
"","3816","testConnection","","Wed Jul 08 15:28:49 UTC 2026","passed","Wed Jul 08 15:28:53 UTC 2026","","eu.esdihumboldt.hale.io.jdbc.postgresql.test.DatabaseIT","eu.esdihumboldt.hale.io.jdbc.postgresql.test.DatabaseIT","testConnection"
"","7","testCycle","","Wed Jul 08 15:32:33 UTC 2026","passed","Wed Jul 08 15:32:33 UTC 2026","","eu.esdihumboldt.util.DependencyOrderedListTest","eu.esdihumboldt.util.DependencyOrderedListTest","testCycle"
"","228","testInnerJoin","","Wed Jul 08 15:22:59 UTC 2026","passed","Wed Jul 08 15:22:59 UTC 2026","","eu.esdihumboldt.cst.internal.ConceptualSchemaTransformerTest","eu.esdihumboldt.cst.internal.ConceptualSchemaTransformerTest","testInnerJoin"
"","68","testWriteDocument","","Wed Jul 08 15:33:43 UTC 2026","passed","Wed Jul 08 15:33:43 UTC 2026","","eu.esdihumboldt.util.orient.embedded.MemoryDocumentTest","eu.esdihumboldt.util.orient.embedded.MemoryDocumentTest","testWriteDocument"
"","3","testTrueFalse","","Wed Jul 08 15:21:56 UTC 2026","passed","Wed Jul 08 15:21:56 UTC 2026","","eu.esdihumboldt.hale.common.schema.groovy.constraints.AugmentedValueFactoryTest","eu.esdihumboldt.hale.common.schema.groovy.constraints.AugmentedValueFactoryTest","testTrueFalse"
"","0","testDuringList","","Wed Jul 08 15:19:51 UTC 2026","skipped","Wed Jul 08 15:19:51 UTC 2026","","eu.esdihumboldt.hale.common.filter.ECQLFilterTest","eu.esdihumboldt.hale.common.filter.ECQLFilterTest","testDuringList"
"","100","testSimpleAssign","","Wed Jul 08 15:23:09 UTC 2026","passed","Wed Jul 08 15:23:09 UTC 2026","","eu.esdihumboldt.cst.internal.ConceptualSchemaTransformerTest","eu.esdihumboldt.cst.internal.ConceptualSchemaTransformerTest","testSimpleAssign"
"","5","testStringBetween","","Wed Jul 08 15:19:50 UTC 2026","passed","Wed Jul 08 15:19:50 UTC 2026","","eu.esdihumboldt.hale.common.filter.CQLFilterTest","eu.esdihumboldt.hale.common.filter.CQLFilterTest","testStringBetween"
"","1879","testLoadFile","","Wed Jul 08 15:25:14 UTC 2026","passed","Wed Jul 08 15:25:16 UTC 2026","","eu.esdihumboldt.hale.io.geopackage.GeopackageApiTest","eu.esdihumboldt.hale.io.geopackage.GeopackageApiTest","testLoadFile"
"","9","testMerge4","","Wed Jul 08 15:19:32 UTC 2026","passed","Wed Jul 08 15:19:32 UTC 2026","","eu.esdihumboldt.hale.common.core.report.util.StatsMergeTest","eu.esdihumboldt.hale.common.core.report.util.StatsMergeTest","testMerge4"
"","18","testNumberList","","Wed Jul 08 15:19:49 UTC 2026","passed","Wed Jul 08 15:19:49 UTC 2026","","eu.esdihumboldt.hale.common.filter.CQLFilterTest","eu.esdihumboldt.hale.common.filter.CQLFilterTest","testNumberList"
"","0","testGeoCross","","Wed Jul 08 15:19:51 UTC 2026","skipped","Wed Jul 08 15:19:51 UTC 2026","","eu.esdihumboldt.hale.common.filter.ECQLFilterTest","eu.esdihumboldt.hale.common.filter.ECQLFilterTest","testGeoCross"
"","3082","testFiltersForMultiType","","Wed Jul 08 15:17:31 UTC 2026","passed","Wed Jul 08 15:17:34 UTC 2026","","eu.esdihumboldt.hale.app.transform.test.ExecuteTest","eu.esdihumboldt.hale.app.transform.test.ExecuteTest","testFiltersForMultiType"
"","0","testAschemaReader","","Wed Jul 08 15:28:05 UTC 2026","skipped","Wed Jul 08 15:28:05 UTC 2026","","eu.esdihumboldt.hale.io.jdbc.mssql.test.MsSQLServer14Test","eu.esdihumboldt.hale.io.jdbc.mssql.test.MsSQLServer14Test","testAschemaReader"
"","2487","testWriteNotNestedProperties","","Wed Jul 08 15:32:10 UTC 2026","passed","Wed Jul 08 15:32:12 UTC 2026","","eu.esdihumboldt.hale.io.xls.test.writer.XLSInstanceWriterTest","eu.esdihumboldt.hale.io.xls.test.writer.XLSInstanceWriterTest","testWriteNotNestedProperties"
"","0","testReverseSkipsNullValues","","Wed Jul 08 15:21:01 UTC 2026","passed","Wed Jul 08 15:21:01 UTC 2026","","eu.esdihumboldt.hale.common.lookup.impl.LookupTableImplTest","eu.esdihumboldt.hale.common.lookup.impl.LookupTableImplTest","testReverseSkipsNullValues"
"","29","testRead_definitive_chapter03","","Wed Jul 08 15:32:29 UTC 2026","passed","Wed Jul 08 15:32:29 UTC 2026","","eu.esdihumboldt.hale.io.xsd.reader.XmlSchemaReaderTest","eu.esdihumboldt.hale.io.xsd.reader.XmlSchemaReaderTest","testRead_definitive_chapter03"
"","4","testMetaClass","","Wed Jul 08 15:21:55 UTC 2026","passed","Wed Jul 08 15:21:55 UTC 2026","","eu.esdihumboldt.hale.common.schema.groovy.DefinitionAccessorTest","eu.esdihumboldt.hale.common.schema.groovy.DefinitionAccessorTest","testMetaClass"
"","7422","testGroovyContextFilterForHydro","","Wed Jul 08 15:16:29 UTC 2026","passed","Wed Jul 08 15:16:37 UTC 2026","","eu.esdihumboldt.hale.app.transform.test.ExecuteTest","eu.esdihumboldt.hale.app.transform.test.ExecuteTest","testGroovyContextFilterForHydro"
"","0","testOrderClockwise","","Wed Jul 08 15:33:00 UTC 2026","passed","Wed Jul 08 15:33:00 UTC 2026","","eu.esdihumboldt.util.geometry.WindingOrderTest","eu.esdihumboldt.util.geometry.WindingOrderTest","testOrderClockwise"
"","0","testLimit","","Wed Jul 08 15:19:32 UTC 2026","passed","Wed Jul 08 15:19:32 UTC 2026","","eu.esdihumboldt.hale.common.core.io.supplier.LookupStreamResourceTest","eu.esdihumboldt.hale.common.core.io.supplier.LookupStreamResourceTest","testLimit"
"","47","testWriteDates","","Wed Jul 08 15:31:07 UTC 2026","passed","Wed Jul 08 15:31:07 UTC 2026","","eu.esdihumboldt.hale.io.shp.ShapefileInstanceWriterTest","eu.esdihumboldt.hale.io.shp.ShapefileInstanceWriterTest","testWriteDates"
"","128","testWriteDocument","","Wed Jul 08 15:33:42 UTC 2026","passed","Wed Jul 08 15:33:42 UTC 2026","","eu.esdihumboldt.util.orient.embedded.LocalDocumentTest","eu.esdihumboldt.util.orient.embedded.LocalDocumentTest","testWriteDocument"
"","4","testElementHasListOfObjects2","","Wed Jul 08 15:33:16 UTC 2026","passed","Wed Jul 08 15:33:16 UTC 2026","","eu.esdihumboldt.util.groovy.json.JsonStreamBuilderTest","eu.esdihumboldt.util.groovy.json.JsonStreamBuilderTest","testElementHasListOfObjects2"
"","322","testGeometryPrimitive_32_MultiPolygon","","Wed Jul 08 15:27:01 UTC 2026","passed","Wed Jul 08 15:27:01 UTC 2026","","eu.esdihumboldt.hale.io.gml.writer.internal.StreamGmlWriterTest","eu.esdihumboldt.hale.io.gml.writer.internal.StreamGmlWriterTest","testGeometryPrimitive_32_MultiPolygon"
"","6","testValuePropertiesList","","Wed Jul 08 15:19:32 UTC 2026","passed","Wed Jul 08 15:19:32 UTC 2026","","eu.esdihumboldt.hale.common.core.io.impl.ValuePropertiesTypeTest","eu.esdihumboldt.hale.common.core.io.impl.ValuePropertiesTypeTest","testValuePropertiesList"
"","4275","checkComplexOrder","","Wed Jul 08 15:28:45 UTC 2026","passed","Wed Jul 08 15:28:49 UTC 2026","","eu.esdihumboldt.hale.io.jdbc.postgresql.test.CheckComplexTypeOrderIT","eu.esdihumboldt.hale.io.jdbc.postgresql.test.CheckComplexTypeOrderIT","checkComplexOrder"
"","9","testList","","Wed Jul 08 15:24:12 UTC 2026","passed","Wed Jul 08 15:24:12 UTC 2026","","eu.esdihumboldt.cst.functions.groovy.helpers.util.CollectorTest","eu.esdihumboldt.cst.functions.groovy.helpers.util.CollectorTest","testList"
"","526","testBadEnvelope","","Wed Jul 08 15:33:02 UTC 2026","passed","Wed Jul 08 15:33:02 UTC 2026","","eu.esdihumboldt.util.geometry.quadtree.QuadtreeTest","eu.esdihumboldt.util.geometry.quadtree.QuadtreeTest","testBadEnvelope"
"","8","testReadComplex","","Wed Jul 08 15:30:01 UTC 2026","passed","Wed Jul 08 15:30:01 UTC 2026","","eu.esdihumboldt.hale.io.json.test.JsonToInstanceTest","eu.esdihumboldt.hale.io.json.test.JsonToInstanceTest","testReadComplex"
"","91","testClassification2","","Wed Jul 08 15:23:09 UTC 2026","passed","Wed Jul 08 15:23:09 UTC 2026","","eu.esdihumboldt.cst.internal.ConceptualSchemaTransformerTest","eu.esdihumboldt.cst.internal.ConceptualSchemaTransformerTest","testClassification2"
"","0","testReverseGroupsKeysBySharedValue","","Wed Jul 08 15:21:01 UTC 2026","passed","Wed Jul 08 15:21:01 UTC 2026","","eu.esdihumboldt.hale.common.lookup.impl.LookupTableImplTest","eu.esdihumboldt.hale.common.lookup.impl.LookupTableImplTest","testReverseGroupsKeysBySharedValue"
"","121","testSchemaCollection","","Wed Jul 08 15:20:38 UTC 2026","passed","Wed Jul 08 15:20:39 UTC 2026","","eu.esdihumboldt.hale.common.instance.groovy.InstanceBuilderTest","eu.esdihumboldt.hale.common.instance.groovy.InstanceBuilderTest","testSchemaCollection"
"","15","testReadBlankCells","","Wed Jul 08 15:32:10 UTC 2026","passed","Wed Jul 08 15:32:10 UTC 2026","","eu.esdihumboldt.hale.io.xls.test.reader.XLSReaderTest","eu.esdihumboldt.hale.io.xls.test.reader.XLSReaderTest","testReadBlankCells"
"","83","testWriteComplexSchema","","Wed Jul 08 15:32:12 UTC 2026","passed","Wed Jul 08 15:32:12 UTC 2026","","eu.esdihumboldt.hale.io.xls.test.writer.XLSInstanceWriterTest","eu.esdihumboldt.hale.io.xls.test.writer.XLSInstanceWriterTest","testWriteComplexSchema"
"","245","mergeJoinsWithJoin_abstract2","","Wed Jul 08 15:18:50 UTC 2026","passed","Wed Jul 08 15:18:51 UTC 2026","","eu.esdihumboldt.hale.common.align.merge.test.impl.JoinMergeTest","eu.esdihumboldt.hale.common.align.merge.test.impl.JoinMergeTest","mergeJoinsWithJoin_abstract2"
"","199","testInnerJoinFirstLevel","","Wed Jul 08 15:23:08 UTC 2026","passed","Wed Jul 08 15:23:08 UTC 2026","","eu.esdihumboldt.cst.internal.ConceptualSchemaTransformerTest","eu.esdihumboldt.cst.internal.ConceptualSchemaTransformerTest","testInnerJoinFirstLevel"
"","3847","testGroovyFilterForHydro","","Wed Jul 08 15:17:07 UTC 2026","passed","Wed Jul 08 15:17:11 UTC 2026","","eu.esdihumboldt.hale.app.transform.test.ExecuteTest","eu.esdihumboldt.hale.app.transform.test.ExecuteTest","testGroovyFilterForHydro"
"","1","testSimple","","Wed Jul 08 15:32:27 UTC 2026","passed","Wed Jul 08 15:32:27 UTC 2026","","eu.esdihumboldt.hale.io.xsd.anytype.valuetypes.CustomTypeContentTypeTest","eu.esdihumboldt.hale.io.xsd.anytype.valuetypes.CustomTypeContentTypeTest","testSimple"
"","0","testGeometryPrimitive_3_Polygon","","Wed Jul 08 15:27:00 UTC 2026","skipped","Wed Jul 08 15:27:00 UTC 2026","","eu.esdihumboldt.hale.io.gml.writer.internal.StreamGmlWriterTest","eu.esdihumboldt.hale.io.gml.writer.internal.StreamGmlWriterTest","testGeometryPrimitive_3_Polygon"
"","6","testExampleFromTheGep7Page","","Wed Jul 08 15:33:16 UTC 2026","passed","Wed Jul 08 15:33:16 UTC 2026","","eu.esdihumboldt.util.groovy.json.JsonStreamBuilderTest","eu.esdihumboldt.util.groovy.json.JsonStreamBuilderTest","testExampleFromTheGep7Page"
"","3","testFindPoints","","Wed Jul 08 15:23:50 UTC 2026","passed","Wed Jul 08 15:23:50 UTC 2026","","eu.esdihumboldt.cst.functions.geometric.test.GeometryHelperFunctionsTest","eu.esdihumboldt.cst.functions.geometric.test.GeometryHelperFunctionsTest","testFindPoints"
"","0","testComplexWrite","","Wed Jul 08 15:33:42 UTC 2026","skipped","Wed Jul 08 15:33:42 UTC 2026","","eu.esdihumboldt.util.orient.embedded.LocalDocumentTest","eu.esdihumboldt.util.orient.embedded.LocalDocumentTest","testComplexWrite"
"","107","testLoadWVA","","Wed Jul 08 15:25:55 UTC 2026","passed","Wed Jul 08 15:25:55 UTC 2026","","eu.esdihumboldt.hale.io.gml.reader.internal.GmlInstanceCollectionTest","eu.esdihumboldt.hale.io.gml.reader.internal.GmlInstanceCollectionTest","testLoadWVA"
"","6","testBefore","","Wed Jul 08 15:19:50 UTC 2026","passed","Wed Jul 08 15:19:50 UTC 2026","","eu.esdihumboldt.hale.common.filter.CQLFilterTest","eu.esdihumboldt.hale.common.filter.CQLFilterTest","testBefore"
"","5","testStringLookupJson","","Wed Jul 08 15:21:10 UTC 2026","passed","Wed Jul 08 15:21:10 UTC 2026","","eu.esdihumboldt.hale.common.lookup.internal.LookupTableTypeTest","eu.esdihumboldt.hale.common.lookup.internal.LookupTableTypeTest","testStringLookupJson"
"","1","testIterateRest","","Wed Jul 08 15:20:06 UTC 2026","passed","Wed Jul 08 15:20:06 UTC 2026","","eu.esdihumboldt.hale.common.instance.tools.impl.SimplePartitionerTest","eu.esdihumboldt.hale.common.instance.tools.impl.SimplePartitionerTest","testIterateRest"
"","2","testMerge5","","Wed Jul 08 15:19:32 UTC 2026","passed","Wed Jul 08 15:19:32 UTC 2026","","eu.esdihumboldt.hale.common.core.report.util.StatsMergeTest","eu.esdihumboldt.hale.common.core.report.util.StatsMergeTest","testMerge5"
"","13","testEnabled","","Wed Jul 08 15:21:36 UTC 2026","passed","Wed Jul 08 15:21:36 UTC 2026","","eu.esdihumboldt.hale.common.schema.model.constraint.factory.type.AugmentedValueFlagFactoryTest","eu.esdihumboldt.hale.common.schema.model.constraint.factory.type.AugmentedValueFlagFactoryTest","testEnabled"
"","2","testCreateType","","Wed Jul 08 15:21:56 UTC 2026","passed","Wed Jul 08 15:21:56 UTC 2026","","eu.esdihumboldt.hale.common.schema.groovy.SchemaBuilderTest","eu.esdihumboldt.hale.common.schema.groovy.SchemaBuilderTest","testCreateType"
"","1","testNullTargetValueIsPreserved","","Wed Jul 08 15:21:01 UTC 2026","passed","Wed Jul 08 15:21:01 UTC 2026","","eu.esdihumboldt.hale.common.lookup.impl.LookupTableImplTest","eu.esdihumboldt.hale.common.lookup.impl.LookupTableImplTest","testNullTargetValueIsPreserved"
"","4048","testEvaluateSuccess2","","Wed Jul 08 15:17:23 UTC 2026","passed","Wed Jul 08 15:17:27 UTC 2026","","eu.esdihumboldt.hale.app.transform.test.ExecuteTest","eu.esdihumboldt.hale.app.transform.test.ExecuteTest","testEvaluateSuccess2"
"","7","testRootArrayObjectsFail","","Wed Jul 08 15:33:16 UTC 2026","passed","Wed Jul 08 15:33:16 UTC 2026","","eu.esdihumboldt.util.groovy.json.JsonStreamBuilderTest","eu.esdihumboldt.util.groovy.json.JsonStreamBuilderTest","testRootArrayObjectsFail"
"","156","migrateRenameFormattedString","","Wed Jul 08 15:18:48 UTC 2026","passed","Wed Jul 08 15:18:48 UTC 2026","","eu.esdihumboldt.hale.common.align.merge.test.impl.FormattedStringMergeTest","eu.esdihumboldt.hale.common.align.merge.test.impl.FormattedStringMergeTest","migrateRenameFormattedString"
"","1691","testRequestCache","","Wed Jul 08 15:18:55 UTC 2026","passed","Wed Jul 08 15:18:57 UTC 2026","","eu.esdihumboldt.hale.common.cache.RequestTest","eu.esdihumboldt.hale.common.cache.RequestTest","testRequestCache"
"","105","testCMMulti4","","Wed Jul 08 15:23:09 UTC 2026","passed","Wed Jul 08 15:23:09 UTC 2026","","eu.esdihumboldt.cst.internal.ConceptualSchemaTransformerTest","eu.esdihumboldt.cst.internal.ConceptualSchemaTransformerTest","testCMMulti4"
"","132","testWriteSimpleSchemaWithByteArrayOutputStream","","Wed Jul 08 15:25:04 UTC 2026","passed","Wed Jul 08 15:25:04 UTC 2026","","eu.esdihumboldt.hale.io.csv.writer.CSVInstanceWriterTest","eu.esdihumboldt.hale.io.csv.writer.CSVInstanceWriterTest","testWriteSimpleSchemaWithByteArrayOutputStream"
"","2","testCW2","","Wed Jul 08 15:33:01 UTC 2026","passed","Wed Jul 08 15:33:01 UTC 2026","","eu.esdihumboldt.util.geometry.interpolation.model.impl.ArcByCenterPointImplTest","eu.esdihumboldt.util.geometry.interpolation.model.impl.ArcByCenterPointImplTest","testCW2"
"","1","testDefault","","Wed Jul 08 15:21:36 UTC 2026","passed","Wed Jul 08 15:21:36 UTC 2026","","eu.esdihumboldt.hale.common.schema.model.constraint.factory.type.MappingRelevantFlagFactoryTest","eu.esdihumboldt.hale.common.schema.model.constraint.factory.type.MappingRelevantFlagFactoryTest","testDefault"
"","219","testTypeFilter3","","Wed Jul 08 15:18:44 UTC 2026","passed","Wed Jul 08 15:18:45 UTC 2026","","eu.esdihumboldt.hale.common.align.merge.test.impl.DefaultMergeCellMigratorTest","eu.esdihumboldt.hale.common.align.merge.test.impl.DefaultMergeCellMigratorTest","testTypeFilter3"
"","251","testNgaSpatialIndexCreation","","Wed Jul 08 15:25:41 UTC 2026","passed","Wed Jul 08 15:25:41 UTC 2026","","eu.esdihumboldt.hale.io.geopackage.GeopackageInstanceWriterTest","eu.esdihumboldt.hale.io.geopackage.GeopackageInstanceWriterTest","testNgaSpatialIndexCreation"
"","50","testSKOSFromRDF2","","Wed Jul 08 15:24:39 UTC 2026","passed","Wed Jul 08 15:24:39 UTC 2026","","eu.esdihumboldt.hale.io.codelist.skos.test.SkosCodeListTest","eu.esdihumboldt.hale.io.codelist.skos.test.SkosCodeListTest","testSKOSFromRDF2"
"","261","closureStuffDisallowed","","Wed Jul 08 15:33:35 UTC 2026","passed","Wed Jul 08 15:33:35 UTC 2026","","eu.esdihumboldt.util.groovy.sandbox.test.internal.GroovySandboxTest","eu.esdihumboldt.util.groovy.sandbox.test.internal.GroovySandboxTest","closureStuffDisallowed"
"","9","testBasicObject","","Wed Jul 08 15:33:16 UTC 2026","passed","Wed Jul 08 15:33:16 UTC 2026","","eu.esdihumboldt.util.groovy.json.JsonStreamBuilderTest","eu.esdihumboldt.util.groovy.json.JsonStreamBuilderTest","testBasicObject"
"","29","testGeom","","Wed Jul 08 15:21:36 UTC 2026","passed","Wed Jul 08 15:21:36 UTC 2026","","eu.esdihumboldt.hale.common.schema.model.constraint.factory.type.GeometryTypeFactoryTest","eu.esdihumboldt.hale.common.schema.model.constraint.factory.type.GeometryTypeFactoryTest","testGeom"
"","2","testCircle1","","Wed Jul 08 15:33:01 UTC 2026","passed","Wed Jul 08 15:33:01 UTC 2026","","eu.esdihumboldt.util.geometry.interpolation.model.impl.ArcByCenterPointImplTest","eu.esdihumboldt.util.geometry.interpolation.model.impl.ArcByCenterPointImplTest","testCircle1"
"","10743","testConvert","","Wed Jul 08 15:19:04 UTC 2026","passed","Wed Jul 08 15:19:15 UTC 2026","","eu.esdihumboldt.hale.common.config.ConfigValueTest","eu.esdihumboldt.hale.common.config.ConfigValueTest","testConvert"
"","0","testInstanceValueExistsSchema","","Wed Jul 08 15:19:51 UTC 2026","skipped","Wed Jul 08 15:19:51 UTC 2026","","eu.esdihumboldt.hale.common.filter.ECQLFilterTest","eu.esdihumboldt.hale.common.filter.ECQLFilterTest","testInstanceValueExistsSchema"
"","0","testOrderCounterClockwise","","Wed Jul 08 15:33:00 UTC 2026","passed","Wed Jul 08 15:33:00 UTC 2026","","eu.esdihumboldt.util.geometry.WindingOrderTest","eu.esdihumboldt.util.geometry.WindingOrderTest","testOrderCounterClockwise"
"","173","testMultiResult1","","Wed Jul 08 15:22:59 UTC 2026","passed","Wed Jul 08 15:22:59 UTC 2026","","eu.esdihumboldt.cst.internal.ConceptualSchemaTransformerTest","eu.esdihumboldt.cst.internal.ConceptualSchemaTransformerTest","testMultiResult1"
"","0","testGeoJsonSimple","","Wed Jul 08 15:29:58 UTC 2026","skipped","Wed Jul 08 15:29:58 UTC 2026","","eu.esdihumboldt.hale.io.json.test.InstanceToJsonTest","eu.esdihumboldt.hale.io.json.test.InstanceToJsonTest","testGeoJsonSimple"
"","6841","testShapefileInstanceFromNginxUrl","","Wed Jul 08 15:30:53 UTC 2026","passed","Wed Jul 08 15:31:00 UTC 2026","","eu.esdihumboldt.hale.io.shp.ShapeInstanceReaderTest","eu.esdihumboldt.hale.io.shp.ShapeInstanceReaderTest","testShapefileInstanceFromNginxUrl"
"","32","testComplexInstancesCQL","","Wed Jul 08 15:19:54 UTC 2026","passed","Wed Jul 08 15:19:54 UTC 2026","","eu.esdihumboldt.hale.common.filter.FilterTest","eu.esdihumboldt.hale.common.filter.FilterTest","testComplexInstancesCQL"
"","14","testValuePropertiesJson","","Wed Jul 08 15:19:32 UTC 2026","passed","Wed Jul 08 15:19:32 UTC 2026","","eu.esdihumboldt.hale.common.core.io.impl.ValuePropertiesTypeTest","eu.esdihumboldt.hale.common.core.io.impl.ValuePropertiesTypeTest","testValuePropertiesJson"
"","1123","testSkipFeatureCollection","","Wed Jul 08 15:29:59 UTC 2026","passed","Wed Jul 08 15:30:00 UTC 2026","","eu.esdihumboldt.hale.io.json.test.JsonInstanceCollectionTest","eu.esdihumboldt.hale.io.json.test.JsonInstanceCollectionTest","testSkipFeatureCollection"
"","6","testSpecifyTypeGeojson","","Wed Jul 08 15:30:01 UTC 2026","passed","Wed Jul 08 15:30:01 UTC 2026","","eu.esdihumboldt.hale.io.json.test.JsonToInstanceTest","eu.esdihumboldt.hale.io.json.test.JsonToInstanceTest","testSpecifyTypeGeojson"
"","4242","writeRead","","Wed Jul 08 15:29:22 UTC 2026","passed","Wed Jul 08 15:29:27 UTC 2026","","eu.esdihumboldt.hale.io.jdbc.postgresql.test.ReadWriteIT","eu.esdihumboldt.hale.io.jdbc.postgresql.test.ReadWriteIT","writeRead"
"","4","testNullNoSchema","","Wed Jul 08 15:19:51 UTC 2026","passed","Wed Jul 08 15:19:51 UTC 2026","","eu.esdihumboldt.hale.common.filter.ECQLFilterTest","eu.esdihumboldt.hale.common.filter.ECQLFilterTest","testNullNoSchema"
"","650","testNesting","","Wed Jul 08 15:18:18 UTC 2026","passed","Wed Jul 08 15:18:18 UTC 2026","","eu.esdihumboldt.hale.common.align.groovy.accessor.EntityAccessorTest","eu.esdihumboldt.hale.common.align.groovy.accessor.EntityAccessorTest","testNesting"
"","142","testLarge","","Wed Jul 08 15:33:01 UTC 2026","passed","Wed Jul 08 15:33:01 UTC 2026","","eu.esdihumboldt.util.geometry.interpolation.grid.GridInterpolationTest","eu.esdihumboldt.util.geometry.interpolation.grid.GridInterpolationTest","testLarge"
"","58","testReadMultiSheetTypeNames","","Wed Jul 08 15:32:10 UTC 2026","passed","Wed Jul 08 15:32:10 UTC 2026","","eu.esdihumboldt.hale.io.xls.test.reader.XLSReaderTest","eu.esdihumboldt.hale.io.xls.test.reader.XLSReaderTest","testReadMultiSheetTypeNames"
"","1","testPrimitiveArray","","Wed Jul 08 15:21:36 UTC 2026","passed","Wed Jul 08 15:21:36 UTC 2026","","eu.esdihumboldt.hale.common.schema.model.constraint.factory.type.BindingFactoryTest","eu.esdihumboldt.hale.common.schema.model.constraint.factory.type.BindingFactoryTest","testPrimitiveArray"
"","1","testNoBinding","","Wed Jul 08 15:21:36 UTC 2026","passed","Wed Jul 08 15:21:36 UTC 2026","","eu.esdihumboldt.hale.common.schema.model.constraint.factory.type.ElementTypeFactoryTest","eu.esdihumboldt.hale.common.schema.model.constraint.factory.type.ElementTypeFactoryTest","testNoBinding"
"","1813","testAppInfo","","Wed Jul 08 15:32:27 UTC 2026","passed","Wed Jul 08 15:32:29 UTC 2026","","eu.esdihumboldt.hale.io.xsd.reader.XmlSchemaReaderMoreTest","eu.esdihumboldt.hale.io.xsd.reader.XmlSchemaReaderMoreTest","testAppInfo"
"","0","testLoadShiporderECQL","","Wed Jul 08 15:19:54 UTC 2026","skipped","Wed Jul 08 15:19:54 UTC 2026","","eu.esdihumboldt.hale.common.filter.FilterTest","eu.esdihumboldt.hale.common.filter.FilterTest","testLoadShiporderECQL"
"","147","testArray","","Wed Jul 08 15:30:01 UTC 2026","passed","Wed Jul 08 15:30:01 UTC 2026","","eu.esdihumboldt.hale.io.json.test.JsonSchemaReaderTest","eu.esdihumboldt.hale.io.json.test.JsonSchemaReaderTest","testArray"
"","96","testSimpleAttribute","","Wed Jul 08 15:23:08 UTC 2026","passed","Wed Jul 08 15:23:08 UTC 2026","","eu.esdihumboldt.cst.internal.ConceptualSchemaTransformerTest","eu.esdihumboldt.cst.internal.ConceptualSchemaTransformerTest","testSimpleAttribute"
"","0","testFileRelative2","","Wed Jul 08 15:32:27 UTC 2026","passed","Wed Jul 08 15:32:27 UTC 2026","","eu.esdihumboldt.hale.io.xsd.reader.HumboldtURIResolverTest","eu.esdihumboldt.hale.io.xsd.reader.HumboldtURIResolverTest","testFileRelative2"
"","10272","testToFrom","","Wed Jul 08 15:19:20 UTC 2026","passed","Wed Jul 08 15:19:30 UTC 2026","","eu.esdihumboldt.hale.common.core.io.impl.TextTypeJsonTest","eu.esdihumboldt.hale.common.core.io.impl.TextTypeJsonTest","testToFrom"
"","3520","testTypedFilterForHydro","","Wed Jul 08 15:17:11 UTC 2026","passed","Wed Jul 08 15:17:15 UTC 2026","","eu.esdihumboldt.hale.app.transform.test.ExecuteTest","eu.esdihumboldt.hale.app.transform.test.ExecuteTest","testTypedFilterForHydro"
"","102","testWriteFeatures","","Wed Jul 08 15:25:42 UTC 2026","passed","Wed Jul 08 15:25:42 UTC 2026","","eu.esdihumboldt.hale.io.geopackage.GeopackageInstanceWriterTest","eu.esdihumboldt.hale.io.geopackage.GeopackageInstanceWriterTest","testWriteFeatures"
"","195","testGroovyWarningRetype","","Wed Jul 08 15:18:47 UTC 2026","passed","Wed Jul 08 15:18:47 UTC 2026","","eu.esdihumboldt.hale.common.align.merge.test.impl.DefaultMergeCellMigratorTest","eu.esdihumboldt.hale.common.align.merge.test.impl.DefaultMergeCellMigratorTest","testGroovyWarningRetype"
"","220","testTypeFilter2","","Wed Jul 08 15:18:44 UTC 2026","passed","Wed Jul 08 15:18:44 UTC 2026","","eu.esdihumboldt.hale.common.align.merge.test.impl.DefaultMergeCellMigratorTest","eu.esdihumboldt.hale.common.align.merge.test.impl.DefaultMergeCellMigratorTest","testTypeFilter2"
"","7","testReadInteger","","Wed Jul 08 15:30:01 UTC 2026","passed","Wed Jul 08 15:30:01 UTC 2026","","eu.esdihumboldt.hale.io.json.test.JsonToInstanceTest","eu.esdihumboldt.hale.io.json.test.JsonToInstanceTest","testReadInteger"
"","13","testBinding","","Wed Jul 08 15:21:36 UTC 2026","passed","Wed Jul 08 15:21:36 UTC 2026","","eu.esdihumboldt.hale.common.schema.model.constraint.factory.type.ElementTypeFactoryTest","eu.esdihumboldt.hale.common.schema.model.constraint.factory.type.ElementTypeFactoryTest","testBinding"
"","159","testFilterSame4","","Wed Jul 08 15:18:43 UTC 2026","passed","Wed Jul 08 15:18:43 UTC 2026","","eu.esdihumboldt.hale.common.align.merge.test.impl.DefaultMergeCellMigratorTest","eu.esdihumboldt.hale.common.align.merge.test.impl.DefaultMergeCellMigratorTest","testFilterSame4"
"","89","testCardinalityMerge_1","","Wed Jul 08 15:23:08 UTC 2026","passed","Wed Jul 08 15:23:08 UTC 2026","","eu.esdihumboldt.cst.internal.ConceptualSchemaTransformerTest","eu.esdihumboldt.cst.internal.ConceptualSchemaTransformerTest","testCardinalityMerge_1"
"","4","testStandardBuilderStyle","","Wed Jul 08 15:33:16 UTC 2026","passed","Wed Jul 08 15:33:16 UTC 2026","","eu.esdihumboldt.util.groovy.json.JsonStreamBuilderTest","eu.esdihumboldt.util.groovy.json.JsonStreamBuilderTest","testStandardBuilderStyle"
"","95","testStructuralRename2","","Wed Jul 08 15:23:11 UTC 2026","passed","Wed Jul 08 15:23:11 UTC 2026","","eu.esdihumboldt.cst.internal.ConceptualSchemaTransformerTest","eu.esdihumboldt.cst.internal.ConceptualSchemaTransformerTest","testStructuralRename2"
"","3","testNested","","Wed Jul 08 15:30:01 UTC 2026","passed","Wed Jul 08 15:30:01 UTC 2026","","eu.esdihumboldt.hale.io.json.test.JsonSchemaReaderTest","eu.esdihumboldt.hale.io.json.test.JsonSchemaReaderTest","testNested"
"","1","testMerge6","","Wed Jul 08 15:19:32 UTC 2026","passed","Wed Jul 08 15:19:32 UTC 2026","","eu.esdihumboldt.hale.common.core.report.util.StatsMergeTest","eu.esdihumboldt.hale.common.core.report.util.StatsMergeTest","testMerge6"
"","52","testNamespaceIndexChildContextType","","Wed Jul 08 15:18:18 UTC 2026","passed","Wed Jul 08 15:18:18 UTC 2026","","eu.esdihumboldt.hale.common.align.groovy.accessor.EntityAccessorTest","eu.esdihumboldt.hale.common.align.groovy.accessor.EntityAccessorTest","testNamespaceIndexChildContextType"
"","93","testRTreeSpatialIndexCreation","","Wed Jul 08 15:25:42 UTC 2026","passed","Wed Jul 08 15:25:42 UTC 2026","","eu.esdihumboldt.hale.io.geopackage.GeopackageInstanceWriterTest","eu.esdihumboldt.hale.io.geopackage.GeopackageInstanceWriterTest","testRTreeSpatialIndexCreation"
"","5","testNullProperties","","Wed Jul 08 15:20:38 UTC 2026","passed","Wed Jul 08 15:20:38 UTC 2026","","eu.esdihumboldt.hale.common.instance.groovy.InstanceAccessorTest","eu.esdihumboldt.hale.common.instance.groovy.InstanceAccessorTest","testNullProperties"
"","101","test2","","Wed Jul 08 15:22:32 UTC 2026","passed","Wed Jul 08 15:22:32 UTC 2026","","eu.esdihumboldt.hale.common.service.helper.test.PopulationCountTest","eu.esdihumboldt.hale.common.service.helper.test.PopulationCountTest","test2"
"","28","testReadSimple","","Wed Jul 08 15:32:09 UTC 2026","passed","Wed Jul 08 15:32:10 UTC 2026","","eu.esdihumboldt.hale.io.xls.test.reader.XLSReaderTest","eu.esdihumboldt.hale.io.xls.test.reader.XLSReaderTest","testReadSimple"
"","5","test90Deegrees","","Wed Jul 08 15:33:01 UTC 2026","passed","Wed Jul 08 15:33:01 UTC 2026","","eu.esdihumboldt.util.geometry.interpolation.grid.GridInterpolationTest","eu.esdihumboldt.util.geometry.interpolation.grid.GridInterpolationTest","test90Deegrees"
"","226","testPersonWriteValidate","","Wed Jul 08 15:22:13 UTC 2026","passed","Wed Jul 08 15:22:14 UTC 2026","","eu.esdihumboldt.hale.common.schema.persist.hsd.test.json.HaleSchemaWriterJsonTest","eu.esdihumboldt.hale.common.schema.persist.hsd.test.json.HaleSchemaWriterJsonTest","testPersonWriteValidate"
"","1","testFindLines","","Wed Jul 08 15:23:50 UTC 2026","passed","Wed Jul 08 15:23:50 UTC 2026","","eu.esdihumboldt.cst.functions.geometric.test.GeometryHelperFunctionsTest","eu.esdihumboldt.cst.functions.geometric.test.GeometryHelperFunctionsTest","testFindLines"
"","14911","testFormattingStringInstance","","Wed Jul 08 15:22:39 UTC 2026","passed","Wed Jul 08 15:22:54 UTC 2026","","eu.esdihumboldt.cst.internal.ConceptualSchemaTransformerTest","eu.esdihumboldt.cst.internal.ConceptualSchemaTransformerTest","testFormattingStringInstance"
"","20","testRead_definitive_attributegroup","","Wed Jul 08 15:32:30 UTC 2026","passed","Wed Jul 08 15:32:30 UTC 2026","","eu.esdihumboldt.hale.io.xsd.reader.XmlSchemaReaderTest","eu.esdihumboldt.hale.io.xsd.reader.XmlSchemaReaderTest","testRead_definitive_attributegroup"
"","0","testDescent","","Wed Jul 08 15:27:01 UTC 2026","skipped","Wed Jul 08 15:27:01 UTC 2026","","eu.esdihumboldt.hale.io.gml.writer.internal.geometry.writers.PatternTest","eu.esdihumboldt.hale.io.gml.writer.internal.geometry.writers.PatternTest","testDescent"
"","3","testNoRef","","Wed Jul 08 15:21:36 UTC 2026","passed","Wed Jul 08 15:21:36 UTC 2026","","eu.esdihumboldt.hale.common.schema.model.constraint.factory.property.ReferenceFactoryTest","eu.esdihumboldt.hale.common.schema.model.constraint.factory.property.ReferenceFactoryTest","testNoRef"
"","3","testByPoints2","","Wed Jul 08 15:33:01 UTC 2026","passed","Wed Jul 08 15:33:01 UTC 2026","","eu.esdihumboldt.util.geometry.interpolation.grid.GridInterpolationTest","eu.esdihumboldt.util.geometry.interpolation.grid.GridInterpolationTest","testByPoints2"
"","0","testDirect","","Wed Jul 08 15:27:01 UTC 2026","skipped","Wed Jul 08 15:27:01 UTC 2026","","eu.esdihumboldt.hale.io.gml.writer.internal.geometry.writers.PatternTest","eu.esdihumboldt.hale.io.gml.writer.internal.geometry.writers.PatternTest","testDirect"
"","298","testReadXsdInstancesTypenameWithNamespace","","Wed Jul 08 15:31:04 UTC 2026","passed","Wed Jul 08 15:31:04 UTC 2026","","eu.esdihumboldt.hale.io.shp.ShapeInstanceReaderTest","eu.esdihumboldt.hale.io.shp.ShapeInstanceReaderTest","testReadXsdInstancesTypenameWithNamespace"
"","6","testJsonBuilderSameNameFail2","","Wed Jul 08 15:33:16 UTC 2026","passed","Wed Jul 08 15:33:16 UTC 2026","","eu.esdihumboldt.util.groovy.json.JsonStreamBuilderTest","eu.esdihumboldt.util.groovy.json.JsonStreamBuilderTest","testJsonBuilderSameNameFail2"
"","0","testMsAccessSchemaReaderForAccdbTest","","Wed Jul 08 15:28:00 UTC 2026","skipped","Wed Jul 08 15:28:00 UTC 2026","","eu.esdihumboldt.hale.io.jdbc.msaccess.reader.MsAccessSchemaReaderTest","eu.esdihumboldt.hale.io.jdbc.msaccess.reader.MsAccessSchemaReaderTest","testMsAccessSchemaReaderForAccdbTest"
"","0","testIterate2","","Wed Jul 08 15:20:06 UTC 2026","passed","Wed Jul 08 15:20:06 UTC 2026","","eu.esdihumboldt.hale.common.instance.tools.impl.SimplePartitionerTest","eu.esdihumboldt.hale.common.instance.tools.impl.SimplePartitionerTest","testIterate2"
"","2","testStreetHole","","Wed Jul 08 15:23:50 UTC 2026","passed","Wed Jul 08 15:23:50 UTC 2026","","eu.esdihumboldt.cst.functions.geometric.test.InteriorPointTest","eu.esdihumboldt.cst.functions.geometric.test.InteriorPointTest","testStreetHole"
"","269","testJoinCondition","","Wed Jul 08 15:18:49 UTC 2026","passed","Wed Jul 08 15:18:50 UTC 2026","","eu.esdihumboldt.hale.common.align.merge.test.impl.JoinFocusRetainConditionTest","eu.esdihumboldt.hale.common.align.merge.test.impl.JoinFocusRetainConditionTest","testJoinCondition"
"","12994","test","","Wed Jul 08 15:31:53 UTC 2026","passed","Wed Jul 08 15:32:06 UTC 2026","","eu.esdihumboldt.hale.io.xls.test.XLSInstanceIOTest","eu.esdihumboldt.hale.io.xls.test.XLSInstanceIOTest","test"
"","7","testReadSameFileDiffSheet","","Wed Jul 08 15:32:10 UTC 2026","passed","Wed Jul 08 15:32:10 UTC 2026","","eu.esdihumboldt.hale.io.xls.test.reader.XLSReaderTest","eu.esdihumboldt.hale.io.xls.test.reader.XLSReaderTest","testReadSameFileDiffSheet"
"","7","testLoad","","Wed Jul 08 15:32:27 UTC 2026","passed","Wed Jul 08 15:32:27 UTC 2026","","eu.esdihumboldt.hale.io.xsd.anytype.valuetypes.CustomTypeContentConfigurationTypeTest","eu.esdihumboldt.hale.io.xsd.anytype.valuetypes.CustomTypeContentConfigurationTypeTest","testLoad"
"","0","testDefault","","Wed Jul 08 15:21:36 UTC 2026","passed","Wed Jul 08 15:21:36 UTC 2026","","eu.esdihumboldt.hale.common.schema.model.constraint.factory.property.UniqueConstraintFactoryTest","eu.esdihumboldt.hale.common.schema.model.constraint.factory.property.UniqueConstraintFactoryTest","testDefault"
"","5","testStringBetween","","Wed Jul 08 15:19:51 UTC 2026","passed","Wed Jul 08 15:19:51 UTC 2026","","eu.esdihumboldt.hale.common.filter.ECQLFilterTest","eu.esdihumboldt.hale.common.filter.ECQLFilterTest","testStringBetween"
"","0","testIterateLess","","Wed Jul 08 15:20:06 UTC 2026","passed","Wed Jul 08 15:20:06 UTC 2026","","eu.esdihumboldt.hale.common.instance.tools.impl.SimplePartitionerTest","eu.esdihumboldt.hale.common.instance.tools.impl.SimplePartitionerTest","testIterateLess"
"","153","testJoinFilter","","Wed Jul 08 15:18:51 UTC 2026","passed","Wed Jul 08 15:18:51 UTC 2026","","eu.esdihumboldt.hale.common.align.merge.test.impl.JoinMergeTest","eu.esdihumboldt.hale.common.align.merge.test.impl.JoinMergeTest","testJoinFilter"
"","0","testGeometryPrimitive_32_CompositeCurve_MultiLineString","","Wed Jul 08 15:26:49 UTC 2026","skipped","Wed Jul 08 15:26:49 UTC 2026","","eu.esdihumboldt.hale.io.gml.writer.internal.StreamGmlWriter2Test","eu.esdihumboldt.hale.io.gml.writer.internal.StreamGmlWriter2Test","testGeometryPrimitive_32_CompositeCurve_MultiLineString"
"","386","testReadJsonArray","","Wed Jul 08 15:30:00 UTC 2026","passed","Wed Jul 08 15:30:00 UTC 2026","","eu.esdihumboldt.hale.io.json.test.JsonInstanceCollectionTest","eu.esdihumboldt.hale.io.json.test.JsonInstanceCollectionTest","testReadJsonArray"
