"DESCRIPTION","DURATION IN MS","NAME","PARENT SUITE","START TIME","STATUS","STOP TIME","SUB SUITE","SUITE","TEST CLASS","TEST METHOD"
"","8","testNumberBetween","","Wed Jul 08 14:16:24 UTC 2026","passed","Wed Jul 08 14:16:24 UTC 2026","","eu.esdihumboldt.hale.common.filter.CQLFilterTest","eu.esdihumboldt.hale.common.filter.CQLFilterTest","testNumberBetween"
"","4168","testReproject","","Wed Jul 08 14:20:20 UTC 2026","passed","Wed Jul 08 14:20:24 UTC 2026","","eu.esdihumboldt.cst.functions.geometric.test.reprojectgeometry.ReprojectGeometryTest","eu.esdihumboldt.cst.functions.geometric.test.reprojectgeometry.ReprojectGeometryTest","testReproject"
"","3","testMixedKeys","","Wed Jul 08 14:20:41 UTC 2026","passed","Wed Jul 08 14:20:41 UTC 2026","","eu.esdihumboldt.cst.functions.groovy.helpers.util.CollectorTest","eu.esdihumboldt.cst.functions.groovy.helpers.util.CollectorTest","testMixedKeys"
"","21","testArcString","","Wed Jul 08 14:29:29 UTC 2026","passed","Wed Jul 08 14:29:29 UTC 2026","","eu.esdihumboldt.util.geometry.interpolation.split.SplitInterpolationTest","eu.esdihumboldt.util.geometry.interpolation.split.SplitInterpolationTest","testArcString"
"","293","testMsAccessSchemaReaderForMdbTest","","Wed Jul 08 14:24:26 UTC 2026","passed","Wed Jul 08 14:24:27 UTC 2026","","eu.esdihumboldt.hale.io.jdbc.msaccess.reader.MsAccessSchemaReaderTest","eu.esdihumboldt.hale.io.jdbc.msaccess.reader.MsAccessSchemaReaderTest","testMsAccessSchemaReaderForMdbTest"
"","0","testSuccessSaveDDL","","Wed Jul 08 14:21:39 UTC 2026","skipped","Wed Jul 08 14:21:39 UTC 2026","","eu.esdihumboldt.hale.io.deegree.mapping.MappingWriterTest","eu.esdihumboldt.hale.io.deegree.mapping.MappingWriterTest","testSuccessSaveDDL"
"","17","testEnabled","","Wed Jul 08 14:18:10 UTC 2026","passed","Wed Jul 08 14:18:10 UTC 2026","","eu.esdihumboldt.hale.common.schema.model.constraint.factory.property.NillableFlagFactoryTest","eu.esdihumboldt.hale.common.schema.model.constraint.factory.property.NillableFlagFactoryTest","testEnabled"
"","11125","testNestingAll","","Wed Jul 08 14:18:16 UTC 2026","passed","Wed Jul 08 14:18:27 UTC 2026","","eu.esdihumboldt.hale.common.schema.groovy.DefinitionAccessorTest","eu.esdihumboldt.hale.common.schema.groovy.DefinitionAccessorTest","testNestingAll"
"","93","testCMMulti1","","Wed Jul 08 14:19:41 UTC 2026","passed","Wed Jul 08 14:19:41 UTC 2026","","eu.esdihumboldt.cst.internal.ConceptualSchemaTransformerTest","eu.esdihumboldt.cst.internal.ConceptualSchemaTransformerTest","testCMMulti1"
"","7","testReadInteger","","Wed Jul 08 14:26:28 UTC 2026","passed","Wed Jul 08 14:26:28 UTC 2026","","eu.esdihumboldt.hale.io.json.test.JsonToInstanceTest","eu.esdihumboldt.hale.io.json.test.JsonToInstanceTest","testReadInteger"
"","0","testOrderCounterClockwise","","Wed Jul 08 14:29:28 UTC 2026","passed","Wed Jul 08 14:29:28 UTC 2026","","eu.esdihumboldt.util.geometry.WindingOrderTest","eu.esdihumboldt.util.geometry.WindingOrderTest","testOrderCounterClockwise"
"","9","testNumber","","Wed Jul 08 14:16:24 UTC 2026","passed","Wed Jul 08 14:16:24 UTC 2026","","eu.esdihumboldt.hale.common.filter.CQLFilterTest","eu.esdihumboldt.hale.common.filter.CQLFilterTest","testNumber"
"","7","testSimpleAll","","Wed Jul 08 14:18:28 UTC 2026","passed","Wed Jul 08 14:18:28 UTC 2026","","eu.esdihumboldt.hale.common.schema.groovy.DefinitionAccessorTest","eu.esdihumboldt.hale.common.schema.groovy.DefinitionAccessorTest","testSimpleAll"
"","4","testExampleFromTheGep7Page","","Wed Jul 08 14:29:45 UTC 2026","passed","Wed Jul 08 14:29:45 UTC 2026","","eu.esdihumboldt.util.groovy.json.JsonStreamBuilderTest","eu.esdihumboldt.util.groovy.json.JsonStreamBuilderTest","testExampleFromTheGep7Page"
"","1","testRead2","","Wed Jul 08 14:21:20 UTC 2026","passed","Wed Jul 08 14:21:20 UTC 2026","","eu.esdihumboldt.hale.io.csv.CSVSchemaReaderTest","eu.esdihumboldt.hale.io.csv.CSVSchemaReaderTest","testRead2"
"","247","testWfsPaginationCountWithFeaturesPerRequest","","Wed Jul 08 14:23:09 UTC 2026","passed","Wed Jul 08 14:23:09 UTC 2026","","eu.esdihumboldt.hale.io.gml.reader.internal.StreamGmlReaderTest","eu.esdihumboldt.hale.io.gml.reader.internal.StreamGmlReaderTest","testWfsPaginationCountWithFeaturesPerRequest"
"","2","testNested","","Wed Jul 08 14:29:19 UTC 2026","passed","Wed Jul 08 14:29:19 UTC 2026","","eu.esdihumboldt.util.config.ConfigMergerTest","eu.esdihumboldt.util.config.ConfigMergerTest","testNested"
"","2","testCircle1","","Wed Jul 08 14:29:29 UTC 2026","passed","Wed Jul 08 14:29:29 UTC 2026","","eu.esdihumboldt.util.geometry.interpolation.model.impl.ArcByCenterPointImplTest","eu.esdihumboldt.util.geometry.interpolation.model.impl.ArcByCenterPointImplTest","testCircle1"
"","6","testInstanceValueNullSchema","","Wed Jul 08 14:16:23 UTC 2026","passed","Wed Jul 08 14:16:23 UTC 2026","","eu.esdihumboldt.hale.common.filter.CQLFilterTest","eu.esdihumboldt.hale.common.filter.CQLFilterTest","testInstanceValueNullSchema"
"","25","testRead_definitive_attributegroup","","Wed Jul 08 14:28:58 UTC 2026","passed","Wed Jul 08 14:28:58 UTC 2026","","eu.esdihumboldt.hale.io.xsd.reader.XmlSchemaReaderTest","eu.esdihumboldt.hale.io.xsd.reader.XmlSchemaReaderTest","testRead_definitive_attributegroup"
"","558","testReadInstancesXsdGmlConflict","","Wed Jul 08 14:22:07 UTC 2026","passed","Wed Jul 08 14:22:08 UTC 2026","","eu.esdihumboldt.hale.io.geopackage.GeopackageInstanceReaderTest","eu.esdihumboldt.hale.io.geopackage.GeopackageInstanceReaderTest","testReadInstancesXsdGmlConflict"
"","216","testPreparedQuery","","Wed Jul 08 14:30:09 UTC 2026","passed","Wed Jul 08 14:30:09 UTC 2026","","eu.esdihumboldt.util.orient.embedded.LocalDocumentTest","eu.esdihumboldt.util.orient.embedded.LocalDocumentTest","testPreparedQuery"
"","2","testMultipleProperties","","Wed Jul 08 14:26:28 UTC 2026","passed","Wed Jul 08 14:26:28 UTC 2026","","eu.esdihumboldt.hale.io.json.test.JsonSchemaReaderTest","eu.esdihumboldt.hale.io.json.test.JsonSchemaReaderTest","testMultipleProperties"
"","0","testComplexWrite","","Wed Jul 08 14:30:09 UTC 2026","skipped","Wed Jul 08 14:30:09 UTC 2026","","eu.esdihumboldt.util.orient.embedded.LocalDocumentTest","eu.esdihumboldt.util.orient.embedded.LocalDocumentTest","testComplexWrite"
"","579","testBadEnvelope","","Wed Jul 08 14:29:30 UTC 2026","passed","Wed Jul 08 14:29:30 UTC 2026","","eu.esdihumboldt.util.geometry.quadtree.QuadtreeTest","eu.esdihumboldt.util.geometry.quadtree.QuadtreeTest","testBadEnvelope"
"","2","testCMNested1","","Wed Jul 08 14:19:10 UTC 2026","skipped","Wed Jul 08 14:19:10 UTC 2026","","eu.esdihumboldt.cst.internal.ConceptualSchemaTransformerTest","eu.esdihumboldt.cst.internal.ConceptualSchemaTransformerTest","testCMNested1"
"","124","testWriteDocument","","Wed Jul 08 14:30:09 UTC 2026","passed","Wed Jul 08 14:30:09 UTC 2026","","eu.esdihumboldt.util.orient.embedded.LocalDocumentTest","eu.esdihumboldt.util.orient.embedded.LocalDocumentTest","testWriteDocument"
"","1","testText","","Wed Jul 08 14:18:28 UTC 2026","passed","Wed Jul 08 14:18:28 UTC 2026","","eu.esdihumboldt.hale.common.schema.groovy.constraints.CardinalityFactoryTest","eu.esdihumboldt.hale.common.schema.groovy.constraints.CardinalityFactoryTest","testText"
"","0","testCMUnion6","","Wed Jul 08 14:19:41 UTC 2026","skipped","Wed Jul 08 14:19:41 UTC 2026","","eu.esdihumboldt.cst.internal.ConceptualSchemaTransformerTest","eu.esdihumboldt.cst.internal.ConceptualSchemaTransformerTest","testCMUnion6"
"","8","testInstanceNoValueNullSchema","","Wed Jul 08 14:16:23 UTC 2026","passed","Wed Jul 08 14:16:23 UTC 2026","","eu.esdihumboldt.hale.common.filter.CQLFilterTest","eu.esdihumboldt.hale.common.filter.CQLFilterTest","testInstanceNoValueNullSchema"
"","458","testInspireReferenceAppInfo","","Wed Jul 08 14:28:57 UTC 2026","passed","Wed Jul 08 14:28:58 UTC 2026","","eu.esdihumboldt.hale.io.xsd.reader.XmlSchemaReaderMoreTest","eu.esdihumboldt.hale.io.xsd.reader.XmlSchemaReaderMoreTest","testInspireReferenceAppInfo"
"","10","testPath1","","Wed Jul 08 14:18:11 UTC 2026","passed","Wed Jul 08 14:18:11 UTC 2026","","eu.esdihumboldt.hale.common.schema.model.constraint.factory.type.PrimaryKeyFactoryTest","eu.esdihumboldt.hale.common.schema.model.constraint.factory.type.PrimaryKeyFactoryTest","testPath1"
"","9","testHalfCircle","","Wed Jul 08 14:29:29 UTC 2026","passed","Wed Jul 08 14:29:29 UTC 2026","","eu.esdihumboldt.util.geometry.interpolation.split.SplitInterpolationTest","eu.esdihumboldt.util.geometry.interpolation.split.SplitInterpolationTest","testHalfCircle"
"","7","testMerge2","","Wed Jul 08 14:16:07 UTC 2026","passed","Wed Jul 08 14:16:07 UTC 2026","","eu.esdihumboldt.hale.common.core.report.util.StatsMergeTest","eu.esdihumboldt.hale.common.core.report.util.StatsMergeTest","testMerge2"
"","11","testNotEqualSimple","","Wed Jul 08 14:16:23 UTC 2026","passed","Wed Jul 08 14:16:23 UTC 2026","","eu.esdihumboldt.hale.common.filter.CQLFilterTest","eu.esdihumboldt.hale.common.filter.CQLFilterTest","testNotEqualSimple"
"","6","testReadSimple","","Wed Jul 08 14:21:20 UTC 2026","passed","Wed Jul 08 14:21:20 UTC 2026","","eu.esdihumboldt.hale.io.csv.CSVInstanceReaderTest","eu.esdihumboldt.hale.io.csv.CSVInstanceReaderTest","testReadSimple"
"","557","testGeometryPrimitive_32_Polygon","","Wed Jul 08 14:23:24 UTC 2026","passed","Wed Jul 08 14:23:24 UTC 2026","","eu.esdihumboldt.hale.io.gml.writer.internal.StreamGmlWriterTest","eu.esdihumboldt.hale.io.gml.writer.internal.StreamGmlWriterTest","testGeometryPrimitive_32_Polygon"
"","40","testSKOSFromRDF4_language_de","","Wed Jul 08 14:21:08 UTC 2026","passed","Wed Jul 08 14:21:08 UTC 2026","","eu.esdihumboldt.hale.io.codelist.skos.test.SkosCodeListTest","eu.esdihumboldt.hale.io.codelist.skos.test.SkosCodeListTest","testSKOSFromRDF4_language_de"
"","226","mergeRenameFormattedString","","Wed Jul 08 14:21:01 UTC 2026","passed","Wed Jul 08 14:21:02 UTC 2026","","eu.esdihumboldt.hale.adv.merge.test.AdVMeasurementMergeTest","eu.esdihumboldt.hale.adv.merge.test.AdVMeasurementMergeTest","mergeRenameFormattedString"
"","248","testReadJsonArray","","Wed Jul 08 14:26:27 UTC 2026","passed","Wed Jul 08 14:26:27 UTC 2026","","eu.esdihumboldt.hale.io.json.test.JsonInstanceCollectionTest","eu.esdihumboldt.hale.io.json.test.JsonInstanceCollectionTest","testReadJsonArray"
"","4271","testArrayTypes","","Wed Jul 08 14:25:29 UTC 2026","passed","Wed Jul 08 14:25:34 UTC 2026","","eu.esdihumboldt.hale.io.jdbc.postgresql.test.OneDimensionalArraysIT","eu.esdihumboldt.hale.io.jdbc.postgresql.test.OneDimensionalArraysIT","testArrayTypes"
"","3272","testMsAccessSchemaReaderForMdbTest","","Wed Jul 08 14:24:23 UTC 2026","passed","Wed Jul 08 14:24:26 UTC 2026","","eu.esdihumboldt.hale.io.jdbc.msaccess.reader.MsAccessInstanceReaderTest","eu.esdihumboldt.hale.io.jdbc.msaccess.reader.MsAccessInstanceReaderTest","testMsAccessSchemaReaderForMdbTest"
"","0","testRange","","Wed Jul 08 14:18:28 UTC 2026","passed","Wed Jul 08 14:18:28 UTC 2026","","eu.esdihumboldt.hale.common.schema.groovy.constraints.CardinalityFactoryTest","eu.esdihumboldt.hale.common.schema.groovy.constraints.CardinalityFactoryTest","testRange"
"","314","testWfsPaginationIgnoreNumberMatched","","Wed Jul 08 14:23:10 UTC 2026","passed","Wed Jul 08 14:23:11 UTC 2026","","eu.esdihumboldt.hale.io.gml.reader.internal.StreamGmlReaderTest","eu.esdihumboldt.hale.io.gml.reader.internal.StreamGmlReaderTest","testWfsPaginationIgnoreNumberMatched"
"","39","testCallBindung","","Wed Jul 08 14:23:47 UTC 2026","passed","Wed Jul 08 14:23:47 UTC 2026","","eu.esdihumboldt.hale.io.groovy.snippets.GroovySnippetsTest","eu.esdihumboldt.hale.io.groovy.snippets.GroovySnippetsTest","testCallBindung"
"","494","testGeometryPrimitive_32_MultiPolygon_WindingOrder_CW","","Wed Jul 08 14:23:25 UTC 2026","passed","Wed Jul 08 14:23:26 UTC 2026","","eu.esdihumboldt.hale.io.gml.writer.internal.StreamGmlWriterTest","eu.esdihumboldt.hale.io.gml.writer.internal.StreamGmlWriterTest","testGeometryPrimitive_32_MultiPolygon_WindingOrder_CW"
"","4","testRange","","Wed Jul 08 14:18:28 UTC 2026","passed","Wed Jul 08 14:18:28 UTC 2026","","eu.esdihumboldt.hale.common.schema.groovy.constraints.EnumerationFactoryTest","eu.esdihumboldt.hale.common.schema.groovy.constraints.EnumerationFactoryTest","testRange"
"","668","testSaveLoad","","Wed Jul 08 14:14:20 UTC 2026","passed","Wed Jul 08 14:14:21 UTC 2026","","eu.esdihumboldt.hale.common.align.io.CastorAlignmentIOTest","eu.esdihumboldt.hale.common.align.io.CastorAlignmentIOTest","testSaveLoad"
"","385","testReadXsdInstancesName","","Wed Jul 08 14:27:29 UTC 2026","passed","Wed Jul 08 14:27:30 UTC 2026","","eu.esdihumboldt.hale.io.shp.ShapeInstanceReaderTest","eu.esdihumboldt.hale.io.shp.ShapeInstanceReaderTest","testReadXsdInstancesName"
"","1","testPrimitiveArray","","Wed Jul 08 14:18:10 UTC 2026","passed","Wed Jul 08 14:18:10 UTC 2026","","eu.esdihumboldt.hale.common.schema.model.constraint.factory.type.BindingFactoryTest","eu.esdihumboldt.hale.common.schema.model.constraint.factory.type.BindingFactoryTest","testPrimitiveArray"
"","0","testSample1","","Wed Jul 08 14:29:28 UTC 2026","passed","Wed Jul 08 14:29:28 UTC 2026","","eu.esdihumboldt.util.geometry.interpolation.grid.GridUtilTest","eu.esdihumboldt.util.geometry.interpolation.grid.GridUtilTest","testSample1"
"","3718","testGroovyFilterForHydro","","Wed Jul 08 14:13:40 UTC 2026","passed","Wed Jul 08 14:13:44 UTC 2026","","eu.esdihumboldt.hale.app.transform.test.ExecuteTest","eu.esdihumboldt.hale.app.transform.test.ExecuteTest","testGroovyFilterForHydro"
"","651","testInspireCodespaceAutoAdd","","Wed Jul 08 14:23:14 UTC 2026","passed","Wed Jul 08 14:23:15 UTC 2026","","eu.esdihumboldt.hale.io.gml.writer.internal.StreamGmlWriter2Test","eu.esdihumboldt.hale.io.gml.writer.internal.StreamGmlWriter2Test","testInspireCodespaceAutoAdd"
"","29","testReadMultiPoint","","Wed Jul 08 14:26:28 UTC 2026","passed","Wed Jul 08 14:26:28 UTC 2026","","eu.esdihumboldt.hale.io.json.test.JsonToInstanceTest","eu.esdihumboldt.hale.io.json.test.JsonToInstanceTest","testReadMultiPoint"
"","173","testGroovy3","","Wed Jul 08 14:19:31 UTC 2026","passed","Wed Jul 08 14:19:31 UTC 2026","","eu.esdihumboldt.cst.internal.ConceptualSchemaTransformerTest","eu.esdihumboldt.cst.internal.ConceptualSchemaTransformerTest","testGroovy3"
"","18","testReadPolygonWithHole","","Wed Jul 08 14:26:28 UTC 2026","passed","Wed Jul 08 14:26:28 UTC 2026","","eu.esdihumboldt.hale.io.json.test.JsonToInstanceTest","eu.esdihumboldt.hale.io.json.test.JsonToInstanceTest","testReadPolygonWithHole"
"","1640","testLoadFile","","Wed Jul 08 14:21:44 UTC 2026","passed","Wed Jul 08 14:21:45 UTC 2026","","eu.esdihumboldt.hale.io.geopackage.GeopackageApiTest","eu.esdihumboldt.hale.io.geopackage.GeopackageApiTest","testLoadFile"
"","0","testGeometryPrimitive_32_Curve_MultiLineString","","Wed Jul 08 14:23:17 UTC 2026","skipped","Wed Jul 08 14:23:17 UTC 2026","","eu.esdihumboldt.hale.io.gml.writer.internal.StreamGmlWriter2Test","eu.esdihumboldt.hale.io.gml.writer.internal.StreamGmlWriter2Test","testGeometryPrimitive_32_Curve_MultiLineString"
"","5","testLoopArray","","Wed Jul 08 14:29:45 UTC 2026","passed","Wed Jul 08 14:29:45 UTC 2026","","eu.esdihumboldt.util.groovy.json.JsonStreamBuilderTest","eu.esdihumboldt.util.groovy.json.JsonStreamBuilderTest","testLoopArray"
"","4","testInstanceNullSchema","","Wed Jul 08 14:16:24 UTC 2026","passed","Wed Jul 08 14:16:24 UTC 2026","","eu.esdihumboldt.hale.common.filter.ECQLFilterTest","eu.esdihumboldt.hale.common.filter.ECQLFilterTest","testInstanceNullSchema"
"","4","testSKOSFromRDF1","","Wed Jul 08 14:21:08 UTC 2026","passed","Wed Jul 08 14:21:08 UTC 2026","","eu.esdihumboldt.hale.io.codelist.skos.test.SkosCodeListTest","eu.esdihumboldt.hale.io.codelist.skos.test.SkosCodeListTest","testSKOSFromRDF1"
"","3","testNestedOverride","","Wed Jul 08 14:29:19 UTC 2026","passed","Wed Jul 08 14:29:19 UTC 2026","","eu.esdihumboldt.util.config.ConfigMergerTest","eu.esdihumboldt.util.config.ConfigMergerTest","testNestedOverride"
"","430","testSaveLoad","","Wed Jul 08 14:16:07 UTC 2026","passed","Wed Jul 08 14:16:07 UTC 2026","","eu.esdihumboldt.hale.common.core.io.project.ProjectTest","eu.esdihumboldt.hale.common.core.io.project.ProjectTest","testSaveLoad"
"","4","testNestedObjectsPrettyPrint","","Wed Jul 08 14:29:45 UTC 2026","passed","Wed Jul 08 14:29:45 UTC 2026","","eu.esdihumboldt.util.groovy.json.JsonStreamBuilderTest","eu.esdihumboldt.util.groovy.json.JsonStreamBuilderTest","testNestedObjectsPrettyPrint"
"","1","testLimit2","","Wed Jul 08 14:16:07 UTC 2026","passed","Wed Jul 08 14:16:07 UTC 2026","","eu.esdihumboldt.hale.common.core.io.supplier.LookupStreamResourceTest","eu.esdihumboldt.hale.common.core.io.supplier.LookupStreamResourceTest","testLimit2"
"","29","testConflict","","Wed Jul 08 14:29:20 UTC 2026","passed","Wed Jul 08 14:29:20 UTC 2026","","eu.esdihumboldt.util.config.ConfigTest","eu.esdihumboldt.util.config.ConfigTest","testConflict"
"","2174","testValid","","Wed Jul 08 14:26:40 UTC 2026","passed","Wed Jul 08 14:26:42 UTC 2026","","eu.esdihumboldt.hale.io.schematron.SchematronInstanceValidatorTest","eu.esdihumboldt.hale.io.schematron.SchematronInstanceValidatorTest","testValid"
"","25","testRead_shiporder_one","","Wed Jul 08 14:28:58 UTC 2026","passed","Wed Jul 08 14:28:58 UTC 2026","","eu.esdihumboldt.hale.io.xsd.reader.XmlSchemaReaderTest","eu.esdihumboldt.hale.io.xsd.reader.XmlSchemaReaderTest","testRead_shiporder_one"
"","399","testGeometryPrimitive_32_Curve_LineString","","Wed Jul 08 14:23:17 UTC 2026","passed","Wed Jul 08 14:23:17 UTC 2026","","eu.esdihumboldt.hale.io.gml.writer.internal.StreamGmlWriter2Test","eu.esdihumboldt.hale.io.gml.writer.internal.StreamGmlWriter2Test","testGeometryPrimitive_32_Curve_LineString"
"","1","testNullTargetValueIsPreserved","","Wed Jul 08 14:17:34 UTC 2026","passed","Wed Jul 08 14:17:34 UTC 2026","","eu.esdihumboldt.hale.common.lookup.impl.LookupTableImplTest","eu.esdihumboldt.hale.common.lookup.impl.LookupTableImplTest","testNullTargetValueIsPreserved"
"","118","testMergeWithoutAdditionalProp","","Wed Jul 08 14:19:39 UTC 2026","passed","Wed Jul 08 14:19:39 UTC 2026","","eu.esdihumboldt.cst.internal.ConceptualSchemaTransformerTest","eu.esdihumboldt.cst.internal.ConceptualSchemaTransformerTest","testMergeWithoutAdditionalProp"
"","0","testBeforeList","","Wed Jul 08 14:16:23 UTC 2026","skipped","Wed Jul 08 14:16:23 UTC 2026","","eu.esdihumboldt.hale.common.filter.CQLFilterTest","eu.esdihumboldt.hale.common.filter.CQLFilterTest","testBeforeList"
"","0","testOrigin","","Wed Jul 08 14:29:28 UTC 2026","passed","Wed Jul 08 14:29:28 UTC 2026","","eu.esdihumboldt.util.geometry.interpolation.grid.GridUtilTest","eu.esdihumboldt.util.geometry.interpolation.grid.GridUtilTest","testOrigin"
"","373","testGeometryPrimitive_32_MultiPolygon_WindingOrder","","Wed Jul 08 14:23:26 UTC 2026","passed","Wed Jul 08 14:23:27 UTC 2026","","eu.esdihumboldt.hale.io.gml.writer.internal.StreamGmlWriterTest","eu.esdihumboldt.hale.io.gml.writer.internal.StreamGmlWriterTest","testGeometryPrimitive_32_MultiPolygon_WindingOrder"
"","161","testPropertyJoinIntFloat","","Wed Jul 08 14:19:31 UTC 2026","passed","Wed Jul 08 14:19:31 UTC 2026","","eu.esdihumboldt.cst.internal.ConceptualSchemaTransformerTest","eu.esdihumboldt.cst.internal.ConceptualSchemaTransformerTest","testPropertyJoinIntFloat"
"","0","testPropertyMerge","","Wed Jul 08 14:19:39 UTC 2026","skipped","Wed Jul 08 14:19:39 UTC 2026","","eu.esdihumboldt.cst.internal.ConceptualSchemaTransformerTest","eu.esdihumboldt.cst.internal.ConceptualSchemaTransformerTest","testPropertyMerge"
"","113","testStructuralRetype1","","Wed Jul 08 14:19:43 UTC 2026","passed","Wed Jul 08 14:19:43 UTC 2026","","eu.esdihumboldt.cst.internal.ConceptualSchemaTransformerTest","eu.esdihumboldt.cst.internal.ConceptualSchemaTransformerTest","testStructuralRetype1"
"","169","testFilterSame2","","Wed Jul 08 14:15:17 UTC 2026","passed","Wed Jul 08 14:15:17 UTC 2026","","eu.esdihumboldt.hale.common.align.merge.test.impl.DefaultMergeCellMigratorTest","eu.esdihumboldt.hale.common.align.merge.test.impl.DefaultMergeCellMigratorTest","testFilterSame2"
"","18","testArcString","","Wed Jul 08 14:29:28 UTC 2026","passed","Wed Jul 08 14:29:28 UTC 2026","","eu.esdihumboldt.util.geometry.interpolation.grid.GridInterpolationTest","eu.esdihumboldt.util.geometry.interpolation.grid.GridInterpolationTest","testArcString"
"","109","testCardinalityRename","","Wed Jul 08 14:19:43 UTC 2026","passed","Wed Jul 08 14:19:43 UTC 2026","","eu.esdihumboldt.cst.internal.ConceptualSchemaTransformerTest","eu.esdihumboldt.cst.internal.ConceptualSchemaTransformerTest","testCardinalityRename"
"","3","testStringProperty","","Wed Jul 08 14:26:28 UTC 2026","passed","Wed Jul 08 14:26:28 UTC 2026","","eu.esdihumboldt.hale.io.json.test.JsonSchemaReaderTest","eu.esdihumboldt.hale.io.json.test.JsonSchemaReaderTest","testStringProperty"
"","6","testReadSameFileDiffSheet","","Wed Jul 08 14:28:38 UTC 2026","passed","Wed Jul 08 14:28:38 UTC 2026","","eu.esdihumboldt.hale.io.xls.test.reader.XLSReaderTest","eu.esdihumboldt.hale.io.xls.test.reader.XLSReaderTest","testReadSameFileDiffSheet"
"","9368","testSerialize","","Wed Jul 08 14:29:34 UTC 2026","passed","Wed Jul 08 14:29:44 UTC 2026","","eu.esdihumboldt.util.groovy.collector.StatsCollectorTest","eu.esdihumboldt.util.groovy.collector.StatsCollectorTest","testSerialize"
"","0","testPropertiesMix2","","Wed Jul 08 14:19:32 UTC 2026","skipped","Wed Jul 08 14:19:32 UTC 2026","","eu.esdihumboldt.cst.internal.ConceptualSchemaTransformerTest","eu.esdihumboldt.cst.internal.ConceptualSchemaTransformerTest","testPropertiesMix2"
"","4","testNullNotExistsNoSchema","","Wed Jul 08 14:16:24 UTC 2026","passed","Wed Jul 08 14:16:24 UTC 2026","","eu.esdihumboldt.hale.common.filter.ECQLFilterTest","eu.esdihumboldt.hale.common.filter.ECQLFilterTest","testNullNotExistsNoSchema"
"","1562","testMerge","","Wed Jul 08 14:19:27 UTC 2026","passed","Wed Jul 08 14:19:29 UTC 2026","","eu.esdihumboldt.cst.internal.ConceptualSchemaTransformerTest","eu.esdihumboldt.cst.internal.ConceptualSchemaTransformerTest","testMerge"
"","0","testCMUnion1","","Wed Jul 08 14:19:30 UTC 2026","skipped","Wed Jul 08 14:19:30 UTC 2026","","eu.esdihumboldt.cst.internal.ConceptualSchemaTransformerTest","eu.esdihumboldt.cst.internal.ConceptualSchemaTransformerTest","testCMUnion1"
"","7","testMultiType","","Wed Jul 08 14:26:27 UTC 2026","passed","Wed Jul 08 14:26:28 UTC 2026","","eu.esdihumboldt.hale.io.json.test.JsonSchemaReaderTest","eu.esdihumboldt.hale.io.json.test.JsonSchemaReaderTest","testMultiType"
"","3","testNullNotExistsSchema","","Wed Jul 08 14:16:24 UTC 2026","passed","Wed Jul 08 14:16:24 UTC 2026","","eu.esdihumboldt.hale.common.filter.ECQLFilterTest","eu.esdihumboldt.hale.common.filter.ECQLFilterTest","testNullNotExistsSchema"
"","209","testNotes1","","Wed Jul 08 14:15:21 UTC 2026","passed","Wed Jul 08 14:15:22 UTC 2026","","eu.esdihumboldt.hale.common.align.merge.test.impl.DefaultMergeCellMigratorTest","eu.esdihumboldt.hale.common.align.merge.test.impl.DefaultMergeCellMigratorTest","testNotes1"
"","17","testValuesAllowOthers","","Wed Jul 08 14:18:10 UTC 2026","passed","Wed Jul 08 14:18:10 UTC 2026","","eu.esdihumboldt.hale.common.schema.model.constraint.factory.type.EnumerationFactoryTest","eu.esdihumboldt.hale.common.schema.model.constraint.factory.type.EnumerationFactoryTest","testValuesAllowOthers"
"","13","testReadNestedGeometry","","Wed Jul 08 14:26:28 UTC 2026","passed","Wed Jul 08 14:26:28 UTC 2026","","eu.esdihumboldt.hale.io.json.test.JsonToInstanceTest","eu.esdihumboldt.hale.io.json.test.JsonToInstanceTest","testReadNestedGeometry"
"","4072","testEvaluateSuccess1","","Wed Jul 08 14:13:51 UTC 2026","passed","Wed Jul 08 14:13:56 UTC 2026","","eu.esdihumboldt.hale.app.transform.test.ExecuteTest","eu.esdihumboldt.hale.app.transform.test.ExecuteTest","testEvaluateSuccess1"
"","11","testLoadWFS11Capabilities","","Wed Jul 08 14:28:17 UTC 2026","passed","Wed Jul 08 14:28:17 UTC 2026","","eu.esdihumboldt.hale.io.wfs.test.capabilities.CapabilitiesHelperTest","eu.esdihumboldt.hale.io.wfs.test.capabilities.CapabilitiesHelperTest","testLoadWFS11Capabilities"
"","111","testReadGeoJsonArray","","Wed Jul 08 14:26:27 UTC 2026","passed","Wed Jul 08 14:26:27 UTC 2026","","eu.esdihumboldt.hale.io.json.test.JsonInstanceCollectionTest","eu.esdihumboldt.hale.io.json.test.JsonInstanceCollectionTest","testReadGeoJsonArray"
"","849","testWfsPaginationPageSizeEqualsTotal","","Wed Jul 08 14:23:06 UTC 2026","passed","Wed Jul 08 14:23:06 UTC 2026","","eu.esdihumboldt.hale.io.gml.reader.internal.StreamGmlReaderTest","eu.esdihumboldt.hale.io.gml.reader.internal.StreamGmlReaderTest","testWfsPaginationPageSizeEqualsTotal"
"","4631","testTransformXml","","Wed Jul 08 14:13:14 UTC 2026","passed","Wed Jul 08 14:13:18 UTC 2026","","eu.esdihumboldt.hale.app.transform.test.ExecuteTest","eu.esdihumboldt.hale.app.transform.test.ExecuteTest","testTransformXml"
"","8","testRootArrayObjectNestedPrettyPrint","","Wed Jul 08 14:29:45 UTC 2026","passed","Wed Jul 08 14:29:45 UTC 2026","","eu.esdihumboldt.util.groovy.json.JsonStreamBuilderTest","eu.esdihumboldt.util.groovy.json.JsonStreamBuilderTest","testRootArrayObjectNestedPrettyPrint"
"","4","testHttpRelative1","","Wed Jul 08 14:28:56 UTC 2026","passed","Wed Jul 08 14:28:56 UTC 2026","","eu.esdihumboldt.hale.io.xsd.reader.HumboldtURIResolverTest","eu.esdihumboldt.hale.io.xsd.reader.HumboldtURIResolverTest","testHttpRelative1"
"","7","testSpecifyTypeGeojson","","Wed Jul 08 14:26:28 UTC 2026","passed","Wed Jul 08 14:26:28 UTC 2026","","eu.esdihumboldt.hale.io.json.test.JsonToInstanceTest","eu.esdihumboldt.hale.io.json.test.JsonToInstanceTest","testSpecifyTypeGeojson"
"","0","testTriangleHole","","Wed Jul 08 14:20:18 UTC 2026","passed","Wed Jul 08 14:20:18 UTC 2026","","eu.esdihumboldt.cst.functions.geometric.test.InteriorPointTest","eu.esdihumboldt.cst.functions.geometric.test.InteriorPointTest","testTriangleHole"
"","208","testTypeFilter6","","Wed Jul 08 14:15:20 UTC 2026","passed","Wed Jul 08 14:15:20 UTC 2026","","eu.esdihumboldt.hale.common.align.merge.test.impl.DefaultMergeCellMigratorTest","eu.esdihumboldt.hale.common.align.merge.test.impl.DefaultMergeCellMigratorTest","testTypeFilter6"
"","32","testSinglePolyGeometryWithLongAlphanumericNamesWithMultipleInstancesWithMissingData","","Wed Jul 08 14:27:39 UTC 2026","passed","Wed Jul 08 14:27:39 UTC 2026","","eu.esdihumboldt.hale.io.shp.ShapefileInstanceWriterTest","eu.esdihumboldt.hale.io.shp.ShapefileInstanceWriterTest","testSinglePolyGeometryWithLongAlphanumericNamesWithMultipleInstancesWithMissingData"
"","132","testWriteReadDateTime","","Wed Jul 08 14:22:10 UTC 2026","passed","Wed Jul 08 14:22:10 UTC 2026","","eu.esdihumboldt.hale.io.geopackage.GeopackageInstanceWriterTest","eu.esdihumboldt.hale.io.geopackage.GeopackageInstanceWriterTest","testWriteReadDateTime"
"","4","testProblemCase","","Wed Jul 08 14:20:18 UTC 2026","passed","Wed Jul 08 14:20:18 UTC 2026","","eu.esdihumboldt.cst.functions.geometric.test.InteriorPointTest","eu.esdihumboldt.cst.functions.geometric.test.InteriorPointTest","testProblemCase"
"","5","testDuring","","Wed Jul 08 14:16:24 UTC 2026","passed","Wed Jul 08 14:16:24 UTC 2026","","eu.esdihumboldt.hale.common.filter.ECQLFilterTest","eu.esdihumboldt.hale.common.filter.ECQLFilterTest","testDuring"
"","4","testNumberString","","Wed Jul 08 14:16:24 UTC 2026","passed","Wed Jul 08 14:16:24 UTC 2026","","eu.esdihumboldt.hale.common.filter.CQLFilterTest","eu.esdihumboldt.hale.common.filter.CQLFilterTest","testNumberString"
"","28","testSinglePolyGeometry","","Wed Jul 08 14:27:39 UTC 2026","passed","Wed Jul 08 14:27:39 UTC 2026","","eu.esdihumboldt.hale.io.shp.ShapefileInstanceWriterTest","eu.esdihumboldt.hale.io.shp.ShapefileInstanceWriterTest","testSinglePolyGeometry"
"","7","testSKOSFromRDF4_language_nl","","Wed Jul 08 14:21:08 UTC 2026","passed","Wed Jul 08 14:21:08 UTC 2026","","eu.esdihumboldt.hale.io.codelist.skos.test.SkosCodeListTest","eu.esdihumboldt.hale.io.codelist.skos.test.SkosCodeListTest","testSKOSFromRDF4_language_nl"
"","9","testReadLineString","","Wed Jul 08 14:26:28 UTC 2026","passed","Wed Jul 08 14:26:28 UTC 2026","","eu.esdihumboldt.hale.io.json.test.JsonToInstanceTest","eu.esdihumboldt.hale.io.json.test.JsonToInstanceTest","testReadLineString"
"","148","testLarge","","Wed Jul 08 14:29:28 UTC 2026","passed","Wed Jul 08 14:29:28 UTC 2026","","eu.esdihumboldt.util.geometry.interpolation.grid.GridInterpolationTest","eu.esdihumboldt.util.geometry.interpolation.grid.GridInterpolationTest","testLarge"
"","6","testValuePropertiesList","","Wed Jul 08 14:16:07 UTC 2026","passed","Wed Jul 08 14:16:07 UTC 2026","","eu.esdihumboldt.hale.common.core.io.impl.ValuePropertiesTypeTest","eu.esdihumboldt.hale.common.core.io.impl.ValuePropertiesTypeTest","testValuePropertiesList"
"","601","testWfsPaginationInstanceContent","","Wed Jul 08 14:23:07 UTC 2026","passed","Wed Jul 08 14:23:08 UTC 2026","","eu.esdihumboldt.hale.io.gml.reader.internal.StreamGmlReaderTest","eu.esdihumboldt.hale.io.gml.reader.internal.StreamGmlReaderTest","testWfsPaginationInstanceContent"
"","0","testPropertiesUnMix","","Wed Jul 08 14:19:27 UTC 2026","skipped","Wed Jul 08 14:19:27 UTC 2026","","eu.esdihumboldt.cst.internal.ConceptualSchemaTransformerTest","eu.esdihumboldt.cst.internal.ConceptualSchemaTransformerTest","testPropertiesUnMix"
"","62","testGeoBbox","","Wed Jul 08 14:16:23 UTC 2026","passed","Wed Jul 08 14:16:23 UTC 2026","","eu.esdihumboldt.hale.common.filter.CQLFilterTest","eu.esdihumboldt.hale.common.filter.CQLFilterTest","testGeoBbox"
"","0","testGeometry_2_MultiPoint","","Wed Jul 08 14:23:28 UTC 2026","skipped","Wed Jul 08 14:23:28 UTC 2026","","eu.esdihumboldt.hale.io.gml.writer.internal.StreamGmlWriterTest","eu.esdihumboldt.hale.io.gml.writer.internal.StreamGmlWriterTest","testGeometry_2_MultiPoint"
"","0","testDirect","","Wed Jul 08 14:23:29 UTC 2026","skipped","Wed Jul 08 14:23:29 UTC 2026","","eu.esdihumboldt.hale.io.gml.writer.internal.geometry.writers.PatternTest","eu.esdihumboldt.hale.io.gml.writer.internal.geometry.writers.PatternTest","testDirect"
"","7","testBefore","","Wed Jul 08 14:16:24 UTC 2026","passed","Wed Jul 08 14:16:24 UTC 2026","","eu.esdihumboldt.hale.common.filter.CQLFilterTest","eu.esdihumboldt.hale.common.filter.CQLFilterTest","testBefore"
"","12","testValuePropertiesJson","","Wed Jul 08 14:16:07 UTC 2026","passed","Wed Jul 08 14:16:07 UTC 2026","","eu.esdihumboldt.hale.common.core.io.impl.ValuePropertiesTypeTest","eu.esdihumboldt.hale.common.core.io.impl.ValuePropertiesTypeTest","testValuePropertiesJson"
"","56","testGeom","","Wed Jul 08 14:18:10 UTC 2026","passed","Wed Jul 08 14:18:11 UTC 2026","","eu.esdihumboldt.hale.common.schema.model.constraint.factory.type.GeometryTypeFactoryTest","eu.esdihumboldt.hale.common.schema.model.constraint.factory.type.GeometryTypeFactoryTest","testGeom"
"","0","testFormatter[6]","","Wed Jul 08 14:29:24 UTC 2026","passed","Wed Jul 08 14:29:24 UTC 2026","","eu.esdihumboldt.util.geometry.DecimalFormatUtilTest","eu.esdihumboldt.util.geometry.DecimalFormatUtilTest","testFormatter[6]"
"","0","testOrder","","Wed Jul 08 14:29:02 UTC 2026","passed","Wed Jul 08 14:29:02 UTC 2026","","eu.esdihumboldt.util.DependencyOrderedListTest","eu.esdihumboldt.util.DependencyOrderedListTest","testOrder"
"","17092","testReadInstancesXSDQualified","","Wed Jul 08 14:21:47 UTC 2026","passed","Wed Jul 08 14:22:04 UTC 2026","","eu.esdihumboldt.hale.io.geopackage.GeopackageInstanceReaderTest","eu.esdihumboldt.hale.io.geopackage.GeopackageInstanceReaderTest","testReadInstancesXSDQualified"
"","212","testMergeMultiPropKeyWithComplexAtt","","Wed Jul 08 14:19:30 UTC 2026","passed","Wed Jul 08 14:19:30 UTC 2026","","eu.esdihumboldt.cst.internal.ConceptualSchemaTransformerTest","eu.esdihumboldt.cst.internal.ConceptualSchemaTransformerTest","testMergeMultiPropKeyWithComplexAtt"
"","2","testJsonBuilderSameNameFail2","","Wed Jul 08 14:29:45 UTC 2026","passed","Wed Jul 08 14:29:45 UTC 2026","","eu.esdihumboldt.util.groovy.json.JsonStreamBuilderTest","eu.esdihumboldt.util.groovy.json.JsonStreamBuilderTest","testJsonBuilderSameNameFail2"
"","34","testEnabled","","Wed Jul 08 14:18:10 UTC 2026","passed","Wed Jul 08 14:18:10 UTC 2026","","eu.esdihumboldt.hale.common.schema.model.constraint.factory.property.ChoiceFlagFactoryTest","eu.esdihumboldt.hale.common.schema.model.constraint.factory.property.ChoiceFlagFactoryTest","testEnabled"
"","3","testTrueFalse","","Wed Jul 08 14:18:28 UTC 2026","passed","Wed Jul 08 14:18:28 UTC 2026","","eu.esdihumboldt.hale.common.schema.groovy.constraints.NillableFactoryTest","eu.esdihumboldt.hale.common.schema.groovy.constraints.NillableFactoryTest","testTrueFalse"
"","172","testFilterSame3","","Wed Jul 08 14:15:17 UTC 2026","passed","Wed Jul 08 14:15:17 UTC 2026","","eu.esdihumboldt.hale.common.align.merge.test.impl.DefaultMergeCellMigratorTest","eu.esdihumboldt.hale.common.align.merge.test.impl.DefaultMergeCellMigratorTest","testFilterSame3"
"","59","testLoadWVAIgnoreNamespace","","Wed Jul 08 14:22:23 UTC 2026","passed","Wed Jul 08 14:22:23 UTC 2026","","eu.esdihumboldt.hale.io.gml.reader.internal.GmlInstanceCollectionTest","eu.esdihumboldt.hale.io.gml.reader.internal.GmlInstanceCollectionTest","testLoadWVAIgnoreNamespace"
"","42","testSKOSFromRDF2","","Wed Jul 08 14:21:08 UTC 2026","passed","Wed Jul 08 14:21:08 UTC 2026","","eu.esdihumboldt.hale.io.codelist.skos.test.SkosCodeListTest","eu.esdihumboldt.hale.io.codelist.skos.test.SkosCodeListTest","testSKOSFromRDF2"
"","0","testGeometry_2_Point","","Wed Jul 08 14:23:29 UTC 2026","skipped","Wed Jul 08 14:23:29 UTC 2026","","eu.esdihumboldt.hale.io.gml.writer.internal.StreamGmlWriterTest","eu.esdihumboldt.hale.io.gml.writer.internal.StreamGmlWriterTest","testGeometry_2_Point"
"","1","testFormatter[11]","","Wed Jul 08 14:29:24 UTC 2026","passed","Wed Jul 08 14:29:24 UTC 2026","","eu.esdihumboldt.util.geometry.DecimalFormatUtilTest","eu.esdihumboldt.util.geometry.DecimalFormatUtilTest","testFormatter[11]"
"","40","testRead","","Wed Jul 08 14:16:06 UTC 2026","passed","Wed Jul 08 14:16:06 UTC 2026","","eu.esdihumboldt.hale.common.core.io.impl.ValueListTypeTest","eu.esdihumboldt.hale.common.core.io.impl.ValueListTypeTest","testRead"
"","355","testWfsPagination","","Wed Jul 08 14:23:08 UTC 2026","passed","Wed Jul 08 14:23:09 UTC 2026","","eu.esdihumboldt.hale.io.gml.reader.internal.StreamGmlReaderTest","eu.esdihumboldt.hale.io.gml.reader.internal.StreamGmlReaderTest","testWfsPagination"
"","7","testByPoints1AllGrid","","Wed Jul 08 14:29:28 UTC 2026","passed","Wed Jul 08 14:29:28 UTC 2026","","eu.esdihumboldt.util.geometry.interpolation.grid.GridInterpolationTest","eu.esdihumboldt.util.geometry.interpolation.grid.GridInterpolationTest","testByPoints1AllGrid"
"","210","testDuplicateRule","","Wed Jul 08 14:26:43 UTC 2026","passed","Wed Jul 08 14:26:43 UTC 2026","","eu.esdihumboldt.hale.io.schematron.SchematronInstanceValidatorTest","eu.esdihumboldt.hale.io.schematron.SchematronInstanceValidatorTest","testDuplicateRule"
"","1760","testRequestCache","","Wed Jul 08 14:15:30 UTC 2026","passed","Wed Jul 08 14:15:31 UTC 2026","","eu.esdihumboldt.hale.common.cache.RequestTest","eu.esdihumboldt.hale.common.cache.RequestTest","testRequestCache"
"","0","testGeoIntersect","","Wed Jul 08 14:16:23 UTC 2026","skipped","Wed Jul 08 14:16:23 UTC 2026","","eu.esdihumboldt.hale.common.filter.CQLFilterTest","eu.esdihumboldt.hale.common.filter.CQLFilterTest","testGeoIntersect"
"","422","testToFrom","","Wed Jul 08 14:14:33 UTC 2026","passed","Wed Jul 08 14:14:33 UTC 2026","","eu.esdihumboldt.hale.common.align.model.functions.join.JoinParameterTest","eu.esdihumboldt.hale.common.align.model.functions.join.JoinParameterTest","testToFrom"
"","114","testSchemaCollection","","Wed Jul 08 14:17:13 UTC 2026","passed","Wed Jul 08 14:17:13 UTC 2026","","eu.esdihumboldt.hale.common.instance.groovy.InstanceBuilderTest","eu.esdihumboldt.hale.common.instance.groovy.InstanceBuilderTest","testSchemaCollection"
"","31","testRead_definitive_chapter03","","Wed Jul 08 14:28:58 UTC 2026","passed","Wed Jul 08 14:28:58 UTC 2026","","eu.esdihumboldt.hale.io.xsd.reader.XmlSchemaReaderTest","eu.esdihumboldt.hale.io.xsd.reader.XmlSchemaReaderTest","testRead_definitive_chapter03"
"","100","testFormatstring","","Wed Jul 08 14:19:41 UTC 2026","passed","Wed Jul 08 14:19:42 UTC 2026","","eu.esdihumboldt.cst.internal.ConceptualSchemaTransformerTest","eu.esdihumboldt.cst.internal.ConceptualSchemaTransformerTest","testFormatstring"
"","41","testWriteBigNumbers","","Wed Jul 08 14:27:39 UTC 2026","passed","Wed Jul 08 14:27:39 UTC 2026","","eu.esdihumboldt.hale.io.shp.ShapefileInstanceWriterTest","eu.esdihumboldt.hale.io.shp.ShapefileInstanceWriterTest","testWriteBigNumbers"
"","1041","testReadNoNames","","Wed Jul 08 14:21:12 UTC 2026","passed","Wed Jul 08 14:21:13 UTC 2026","","eu.esdihumboldt.hale.io.codelist.xml.reader.XmlCodeListTest","eu.esdihumboldt.hale.io.codelist.xml.reader.XmlCodeListTest","testReadNoNames"
"","502","testGmlIndependent","","Wed Jul 08 14:16:55 UTC 2026","passed","Wed Jul 08 14:16:55 UTC 2026","","eu.esdihumboldt.hale.common.instance.graph.test.ReferenceGraphTest","eu.esdihumboldt.hale.common.instance.graph.test.ReferenceGraphTest","testGmlIndependent"
"","4","testBefore","","Wed Jul 08 14:16:24 UTC 2026","passed","Wed Jul 08 14:16:24 UTC 2026","","eu.esdihumboldt.hale.common.filter.ECQLFilterTest","eu.esdihumboldt.hale.common.filter.ECQLFilterTest","testBefore"
"","29","testValueMap","","Wed Jul 08 14:16:07 UTC 2026","passed","Wed Jul 08 14:16:07 UTC 2026","","eu.esdihumboldt.hale.common.core.io.impl.ValueMapTypeTest","eu.esdihumboldt.hale.common.core.io.impl.ValueMapTypeTest","testValueMap"
"","5","testAfter","","Wed Jul 08 14:16:24 UTC 2026","passed","Wed Jul 08 14:16:24 UTC 2026","","eu.esdihumboldt.hale.common.filter.ECQLFilterTest","eu.esdihumboldt.hale.common.filter.ECQLFilterTest","testAfter"
"","3112","testFiltersForMultiType3","","Wed Jul 08 14:13:34 UTC 2026","passed","Wed Jul 08 14:13:37 UTC 2026","","eu.esdihumboldt.hale.app.transform.test.ExecuteTest","eu.esdihumboldt.hale.app.transform.test.ExecuteTest","testFiltersForMultiType3"
"","110","testMergeMultiPropKey","","Wed Jul 08 14:19:39 UTC 2026","passed","Wed Jul 08 14:19:39 UTC 2026","","eu.esdihumboldt.cst.internal.ConceptualSchemaTransformerTest","eu.esdihumboldt.cst.internal.ConceptualSchemaTransformerTest","testMergeMultiPropKey"
"","220","testTypeFilter1","","Wed Jul 08 14:15:18 UTC 2026","passed","Wed Jul 08 14:15:19 UTC 2026","","eu.esdihumboldt.hale.common.align.merge.test.impl.DefaultMergeCellMigratorTest","eu.esdihumboldt.hale.common.align.merge.test.impl.DefaultMergeCellMigratorTest","testTypeFilter1"
"","1","testDisabled","","Wed Jul 08 14:18:11 UTC 2026","passed","Wed Jul 08 14:18:11 UTC 2026","","eu.esdihumboldt.hale.common.schema.model.constraint.factory.type.HasValueFlagFactoryTest","eu.esdihumboldt.hale.common.schema.model.constraint.factory.type.HasValueFlagFactoryTest","testDisabled"
"","9623","testWriteRead","","Wed Jul 08 14:19:49 UTC 2026","passed","Wed Jul 08 14:19:58 UTC 2026","","eu.esdihumboldt.cst.functions.custom.test.internal.DefaultCustomPropertyFunctionTypeTest","eu.esdihumboldt.cst.functions.custom.test.internal.DefaultCustomPropertyFunctionTypeTest","testWriteRead"
"","0","testQ2","","Wed Jul 08 14:29:28 UTC 2026","passed","Wed Jul 08 14:29:28 UTC 2026","","eu.esdihumboldt.util.geometry.interpolation.grid.GridUtilTest","eu.esdihumboldt.util.geometry.interpolation.grid.GridUtilTest","testQ2"
"","2037","testInspireCodespaceAutoAddDefault","","Wed Jul 08 14:23:11 UTC 2026","passed","Wed Jul 08 14:23:13 UTC 2026","","eu.esdihumboldt.hale.io.gml.writer.internal.StreamGmlWriter2Test","eu.esdihumboldt.hale.io.gml.writer.internal.StreamGmlWriter2Test","testInspireCodespaceAutoAddDefault"
"","1","testMerge6","","Wed Jul 08 14:16:07 UTC 2026","passed","Wed Jul 08 14:16:07 UTC 2026","","eu.esdihumboldt.hale.common.core.report.util.StatsMergeTest","eu.esdihumboldt.hale.common.core.report.util.StatsMergeTest","testMerge6"
"","66","testIDSaveLoad","","Wed Jul 08 14:14:32 UTC 2026","passed","Wed Jul 08 14:14:32 UTC 2026","","eu.esdihumboldt.hale.common.align.io.JaxbAlignmentIOTest","eu.esdihumboldt.hale.common.align.io.JaxbAlignmentIOTest","testIDSaveLoad"
"","1","testRead","","Wed Jul 08 14:21:20 UTC 2026","passed","Wed Jul 08 14:21:20 UTC 2026","","eu.esdihumboldt.hale.io.csv.CSVSchemaReaderTest","eu.esdihumboldt.hale.io.csv.CSVSchemaReaderTest","testRead"
"","10802","testAddRemoveMappingMultipleProperties","","Wed Jul 08 14:17:17 UTC 2026","passed","Wed Jul 08 14:17:28 UTC 2026","","eu.esdihumboldt.hale.common.instance.index.MultimapInstanceIndexTest","eu.esdihumboldt.hale.common.instance.index.MultimapInstanceIndexTest","testAddRemoveMappingMultipleProperties"
"","2","testElementHasListOfObjects","","Wed Jul 08 14:29:45 UTC 2026","passed","Wed Jul 08 14:29:45 UTC 2026","","eu.esdihumboldt.util.groovy.json.JsonStreamBuilderTest","eu.esdihumboldt.util.groovy.json.JsonStreamBuilderTest","testElementHasListOfObjects"
"","152","testMultiResult1","","Wed Jul 08 14:19:32 UTC 2026","passed","Wed Jul 08 14:19:32 UTC 2026","","eu.esdihumboldt.cst.internal.ConceptualSchemaTransformerTest","eu.esdihumboldt.cst.internal.ConceptualSchemaTransformerTest","testMultiResult1"
"","0","testHasNext2","","Wed Jul 08 14:30:09 UTC 2026","skipped","Wed Jul 08 14:30:09 UTC 2026","","eu.esdihumboldt.util.orient.embedded.BrowseClassIterateTest","eu.esdihumboldt.util.orient.embedded.BrowseClassIterateTest","testHasNext2"
"","12","testClass","","Wed Jul 08 14:18:28 UTC 2026","passed","Wed Jul 08 14:18:28 UTC 2026","","eu.esdihumboldt.hale.common.schema.groovy.constraints.BindingFactoryTest","eu.esdihumboldt.hale.common.schema.groovy.constraints.BindingFactoryTest","testClass"
"","57","testPolygon","","Wed Jul 08 14:18:28 UTC 2026","passed","Wed Jul 08 14:18:28 UTC 2026","","eu.esdihumboldt.hale.common.schema.groovy.constraints.GeometryFactoryTest","eu.esdihumboldt.hale.common.schema.groovy.constraints.GeometryFactoryTest","testPolygon"
"","29","testRead_definitive_all","","Wed Jul 08 14:28:58 UTC 2026","passed","Wed Jul 08 14:28:58 UTC 2026","","eu.esdihumboldt.hale.io.xsd.reader.XmlSchemaReaderTest","eu.esdihumboldt.hale.io.xsd.reader.XmlSchemaReaderTest","testRead_definitive_all"
"","6","testReadSingleObject","","Wed Jul 08 14:26:27 UTC 2026","passed","Wed Jul 08 14:26:27 UTC 2026","","eu.esdihumboldt.hale.io.json.test.JsonInstanceCollectionTest","eu.esdihumboldt.hale.io.json.test.JsonInstanceCollectionTest","testReadSingleObject"
"","142","testFilterSame6","","Wed Jul 08 14:15:18 UTC 2026","passed","Wed Jul 08 14:15:18 UTC 2026","","eu.esdihumboldt.hale.common.align.merge.test.impl.DefaultMergeCellMigratorTest","eu.esdihumboldt.hale.common.align.merge.test.impl.DefaultMergeCellMigratorTest","testFilterSame6"
"","4671","testStatistics","","Wed Jul 08 14:13:18 UTC 2026","passed","Wed Jul 08 14:13:23 UTC 2026","","eu.esdihumboldt.hale.app.transform.test.ExecuteTest","eu.esdihumboldt.hale.app.transform.test.ExecuteTest","testStatistics"
"","104","testSinglePolyGeometryWithLongAttributeNamesWithSingleInstance","","Wed Jul 08 14:27:37 UTC 2026","passed","Wed Jul 08 14:27:37 UTC 2026","","eu.esdihumboldt.hale.io.shp.ShapefileInstanceWriterTest","eu.esdihumboldt.hale.io.shp.ShapefileInstanceWriterTest","testSinglePolyGeometryWithLongAttributeNamesWithSingleInstance"
"","0","testGeoIntersect","","Wed Jul 08 14:16:24 UTC 2026","skipped","Wed Jul 08 14:16:24 UTC 2026","","eu.esdihumboldt.hale.common.filter.ECQLFilterTest","eu.esdihumboldt.hale.common.filter.ECQLFilterTest","testGeoIntersect"
"","185","testGroovyWarningMerge","","Wed Jul 08 14:15:18 UTC 2026","passed","Wed Jul 08 14:15:18 UTC 2026","","eu.esdihumboldt.hale.common.align.merge.test.impl.DefaultMergeCellMigratorTest","eu.esdihumboldt.hale.common.align.merge.test.impl.DefaultMergeCellMigratorTest","testGroovyWarningMerge"
"","27","testReadPointGeoJson","","Wed Jul 08 14:26:28 UTC 2026","passed","Wed Jul 08 14:26:28 UTC 2026","","eu.esdihumboldt.hale.io.json.test.JsonToInstanceTest","eu.esdihumboldt.hale.io.json.test.JsonToInstanceTest","testReadPointGeoJson"
"","23","testReadVersion3","","Wed Jul 08 14:26:05 UTC 2026","passed","Wed Jul 08 14:26:05 UTC 2026","","eu.esdihumboldt.hale.io.jdbc.spatialite.reader.internal.SpatiaLiteSchemaReaderTest","eu.esdihumboldt.hale.io.jdbc.spatialite.reader.internal.SpatiaLiteSchemaReaderTest","testReadVersion3"
"","1","testTrueFalse","","Wed Jul 08 14:18:28 UTC 2026","passed","Wed Jul 08 14:18:28 UTC 2026","","eu.esdihumboldt.hale.common.schema.groovy.constraints.ChoiceFactoryTest","eu.esdihumboldt.hale.common.schema.groovy.constraints.ChoiceFactoryTest","testTrueFalse"
"","649","testWriteRead","","Wed Jul 08 14:18:44 UTC 2026","passed","Wed Jul 08 14:18:45 UTC 2026","","eu.esdihumboldt.hale.common.schema.persist.hsd.test.HaleSchemaWriterTest","eu.esdihumboldt.hale.common.schema.persist.hsd.test.HaleSchemaWriterTest","testWriteRead"
"","4","testLikeNoSchema","","Wed Jul 08 14:16:24 UTC 2026","passed","Wed Jul 08 14:16:24 UTC 2026","","eu.esdihumboldt.hale.common.filter.CQLFilterTest","eu.esdihumboldt.hale.common.filter.CQLFilterTest","testLikeNoSchema"
"","860","testSkipFeatureCollection","","Wed Jul 08 14:26:26 UTC 2026","passed","Wed Jul 08 14:26:27 UTC 2026","","eu.esdihumboldt.hale.io.json.test.JsonInstanceCollectionTest","eu.esdihumboldt.hale.io.json.test.JsonInstanceCollectionTest","testSkipFeatureCollection"
"","37","testAllChildren","","Wed Jul 08 14:17:12 UTC 2026","passed","Wed Jul 08 14:17:12 UTC 2026","","eu.esdihumboldt.hale.common.instance.groovy.InstanceAccessorTest","eu.esdihumboldt.hale.common.instance.groovy.InstanceAccessorTest","testAllChildren"
"","1","testDisabled","","Wed Jul 08 14:18:11 UTC 2026","passed","Wed Jul 08 14:18:11 UTC 2026","","eu.esdihumboldt.hale.common.schema.model.constraint.factory.type.MappingRelevantFlagFactoryTest","eu.esdihumboldt.hale.common.schema.model.constraint.factory.type.MappingRelevantFlagFactoryTest","testDisabled"
"","22","testComplexInstancesCQL","","Wed Jul 08 14:16:28 UTC 2026","passed","Wed Jul 08 14:16:28 UTC 2026","","eu.esdihumboldt.hale.common.filter.FilterTest","eu.esdihumboldt.hale.common.filter.FilterTest","testComplexInstancesCQL"
"","11","testGeoJsonSimple_7_andLess","","Wed Jul 08 14:26:25 UTC 2026","passed","Wed Jul 08 14:26:25 UTC 2026","","eu.esdihumboldt.hale.io.json.test.InstanceToJsonTest","eu.esdihumboldt.hale.io.json.test.InstanceToJsonTest","testGeoJsonSimple_7_andLess"
"","2","testBackwardCompatibilityRead","","Wed Jul 08 14:21:20 UTC 2026","passed","Wed Jul 08 14:21:20 UTC 2026","","eu.esdihumboldt.hale.io.csv.CSVInstanceReaderTest","eu.esdihumboldt.hale.io.csv.CSVInstanceReaderTest","testBackwardCompatibilityRead"
"","4612","testTransformXmlInline","","Wed Jul 08 14:13:26 UTC 2026","passed","Wed Jul 08 14:13:31 UTC 2026","","eu.esdihumboldt.hale.app.transform.test.ExecuteTest","eu.esdihumboldt.hale.app.transform.test.ExecuteTest","testTransformXmlInline"
"","24","testRead_definitive_sequencegroup","","Wed Jul 08 14:28:58 UTC 2026","passed","Wed Jul 08 14:28:58 UTC 2026","","eu.esdihumboldt.hale.io.xsd.reader.XmlSchemaReaderTest","eu.esdihumboldt.hale.io.xsd.reader.XmlSchemaReaderTest","testRead_definitive_sequencegroup"
"","207","testComplexLookupJson","","Wed Jul 08 14:17:44 UTC 2026","passed","Wed Jul 08 14:17:44 UTC 2026","","eu.esdihumboldt.hale.common.lookup.internal.LookupTableTypeTest","eu.esdihumboldt.hale.common.lookup.internal.LookupTableTypeTest","testComplexLookupJson"
"","47","testReadMultiSheetTypeSkipSettings","","Wed Jul 08 14:28:38 UTC 2026","passed","Wed Jul 08 14:28:38 UTC 2026","","eu.esdihumboldt.hale.io.xls.test.reader.XLSReaderTest","eu.esdihumboldt.hale.io.xls.test.reader.XLSReaderTest","testReadMultiSheetTypeSkipSettings"
"","0","testHttpAbsolute1","","Wed Jul 08 14:28:56 UTC 2026","passed","Wed Jul 08 14:28:56 UTC 2026","","eu.esdihumboldt.hale.io.xsd.reader.HumboldtURIResolverTest","eu.esdihumboldt.hale.io.xsd.reader.HumboldtURIResolverTest","testHttpAbsolute1"
"","6","testGeoJson","","Wed Jul 08 14:26:28 UTC 2026","passed","Wed Jul 08 14:26:28 UTC 2026","","eu.esdihumboldt.hale.io.json.test.JsonSchemaReaderTest","eu.esdihumboldt.hale.io.json.test.JsonSchemaReaderTest","testGeoJson"
"","32","testSingleGeometryWithMissingProperties","","Wed Jul 08 14:27:37 UTC 2026","passed","Wed Jul 08 14:27:37 UTC 2026","","eu.esdihumboldt.hale.io.shp.ShapefileInstanceWriterTest","eu.esdihumboldt.hale.io.shp.ShapefileInstanceWriterTest","testSingleGeometryWithMissingProperties"
"","0","testSubfolder","","Wed Jul 08 14:15:54 UTC 2026","passed","Wed Jul 08 14:15:54 UTC 2026","","eu.esdihumboldt.hale.common.core.io.PathUpdateTest","eu.esdihumboldt.hale.common.core.io.PathUpdateTest","testSubfolder"
"","0","testCurve","","Wed Jul 08 14:20:18 UTC 2026","passed","Wed Jul 08 14:20:18 UTC 2026","","eu.esdihumboldt.cst.functions.geometric.test.InteriorPointTest","eu.esdihumboldt.cst.functions.geometric.test.InteriorPointTest","testCurve"
"","110","testMergeComplexPropKey","","Wed Jul 08 14:19:39 UTC 2026","passed","Wed Jul 08 14:19:40 UTC 2026","","eu.esdihumboldt.cst.internal.ConceptualSchemaTransformerTest","eu.esdihumboldt.cst.internal.ConceptualSchemaTransformerTest","testMergeComplexPropKey"
"","2","testValueListValueListJsonGroovy","","Wed Jul 08 14:16:06 UTC 2026","passed","Wed Jul 08 14:16:06 UTC 2026","","eu.esdihumboldt.hale.common.core.io.impl.ValueListTypeTest","eu.esdihumboldt.hale.common.core.io.impl.ValueListTypeTest","testValueListValueListJsonGroovy"
"","1","testLimit","","Wed Jul 08 14:16:07 UTC 2026","passed","Wed Jul 08 14:16:07 UTC 2026","","eu.esdihumboldt.hale.common.core.io.supplier.LookupStreamResourceTest","eu.esdihumboldt.hale.common.core.io.supplier.LookupStreamResourceTest","testLimit"
"","40","testCallClosure","","Wed Jul 08 14:23:47 UTC 2026","passed","Wed Jul 08 14:23:47 UTC 2026","","eu.esdihumboldt.hale.io.groovy.snippets.GroovySnippetsTest","eu.esdihumboldt.hale.io.groovy.snippets.GroovySnippetsTest","testCallClosure"
"","285","testGroovy2","","Wed Jul 08 14:19:31 UTC 2026","passed","Wed Jul 08 14:19:31 UTC 2026","","eu.esdihumboldt.cst.internal.ConceptualSchemaTransformerTest","eu.esdihumboldt.cst.internal.ConceptualSchemaTransformerTest","testGroovy2"
"","24","testRead_definitive_annotated","","Wed Jul 08 14:28:58 UTC 2026","passed","Wed Jul 08 14:28:58 UTC 2026","","eu.esdihumboldt.hale.io.xsd.reader.XmlSchemaReaderTest","eu.esdihumboldt.hale.io.xsd.reader.XmlSchemaReaderTest","testRead_definitive_annotated"
"","17","testGString","","Wed Jul 08 14:20:41 UTC 2026","passed","Wed Jul 08 14:20:41 UTC 2026","","eu.esdihumboldt.cst.functions.groovy.helpers.util.CollectorTest","eu.esdihumboldt.cst.functions.groovy.helpers.util.CollectorTest","testGString"
"","2","testCW2","","Wed Jul 08 14:29:28 UTC 2026","passed","Wed Jul 08 14:29:28 UTC 2026","","eu.esdihumboldt.util.geometry.interpolation.model.impl.ArcByCenterPointImplTest","eu.esdihumboldt.util.geometry.interpolation.model.impl.ArcByCenterPointImplTest","testCW2"
"","144","testPropertyJoin","","Wed Jul 08 14:19:42 UTC 2026","passed","Wed Jul 08 14:19:42 UTC 2026","","eu.esdihumboldt.cst.internal.ConceptualSchemaTransformerTest","eu.esdihumboldt.cst.internal.ConceptualSchemaTransformerTest","testPropertyJoin"
"","128","testRetypeConditionRenameTypeFilteredTranslated","","Wed Jul 08 14:15:25 UTC 2026","passed","Wed Jul 08 14:15:26 UTC 2026","","eu.esdihumboldt.hale.common.align.merge.test.impl.JoinRetainConditionsTest","eu.esdihumboldt.hale.common.align.merge.test.impl.JoinRetainConditionsTest","testRetypeConditionRenameTypeFilteredTranslated"
"","0","testDuringList","","Wed Jul 08 14:16:23 UTC 2026","skipped","Wed Jul 08 14:16:23 UTC 2026","","eu.esdihumboldt.hale.common.filter.CQLFilterTest","eu.esdihumboldt.hale.common.filter.CQLFilterTest","testDuringList"
"","16405","testFormattingStringInstance","","Wed Jul 08 14:19:11 UTC 2026","passed","Wed Jul 08 14:19:27 UTC 2026","","eu.esdihumboldt.cst.internal.ConceptualSchemaTransformerTest","eu.esdihumboldt.cst.internal.ConceptualSchemaTransformerTest","testFormattingStringInstance"
"","440","testSchema","","Wed Jul 08 14:17:13 UTC 2026","passed","Wed Jul 08 14:17:13 UTC 2026","","eu.esdihumboldt.hale.common.instance.groovy.InstanceAccessorTest","eu.esdihumboldt.hale.common.instance.groovy.InstanceAccessorTest","testSchema"
"","5","testReadDefaultType","","Wed Jul 08 14:26:27 UTC 2026","passed","Wed Jul 08 14:26:27 UTC 2026","","eu.esdihumboldt.hale.io.json.test.JsonInstanceReaderTest","eu.esdihumboldt.hale.io.json.test.JsonInstanceReaderTest","testReadDefaultType"
"","37","testWriteSimpleSchemaColOrder","","Wed Jul 08 14:28:41 UTC 2026","passed","Wed Jul 08 14:28:41 UTC 2026","","eu.esdihumboldt.hale.io.xls.test.writer.XLSInstanceWriterTest","eu.esdihumboldt.hale.io.xls.test.writer.XLSInstanceWriterTest","testWriteSimpleSchemaColOrder"
"","0","testIterate2","","Wed Jul 08 14:16:40 UTC 2026","passed","Wed Jul 08 14:16:40 UTC 2026","","eu.esdihumboldt.hale.common.instance.tools.impl.SimplePartitionerTest","eu.esdihumboldt.hale.common.instance.tools.impl.SimplePartitionerTest","testIterate2"
"","3933","testEvaluateSuccess2","","Wed Jul 08 14:13:56 UTC 2026","passed","Wed Jul 08 14:14:00 UTC 2026","","eu.esdihumboldt.hale.app.transform.test.ExecuteTest","eu.esdihumboldt.hale.app.transform.test.ExecuteTest","testEvaluateSuccess2"
"","4","testNullSchema","","Wed Jul 08 14:16:24 UTC 2026","passed","Wed Jul 08 14:16:24 UTC 2026","","eu.esdihumboldt.hale.common.filter.ECQLFilterTest","eu.esdihumboldt.hale.common.filter.ECQLFilterTest","testNullSchema"
"","45","testWriteDocument","","Wed Jul 08 14:30:10 UTC 2026","passed","Wed Jul 08 14:30:10 UTC 2026","","eu.esdihumboldt.util.orient.embedded.MemoryDocumentTest","eu.esdihumboldt.util.orient.embedded.MemoryDocumentTest","testWriteDocument"
"","0","testUnifyCCWSimple","","Wed Jul 08 14:29:28 UTC 2026","passed","Wed Jul 08 14:29:28 UTC 2026","","eu.esdihumboldt.util.geometry.WindingOrderTest","eu.esdihumboldt.util.geometry.WindingOrderTest","testUnifyCCWSimple"
"","0","testExistsNoSchema","","Wed Jul 08 14:16:24 UTC 2026","skipped","Wed Jul 08 14:16:24 UTC 2026","","eu.esdihumboldt.hale.common.filter.ECQLFilterTest","eu.esdihumboldt.hale.common.filter.ECQLFilterTest","testExistsNoSchema"
"","2","testFindPoints","","Wed Jul 08 14:20:18 UTC 2026","passed","Wed Jul 08 14:20:18 UTC 2026","","eu.esdihumboldt.cst.functions.geometric.test.GeometryHelperFunctionsTest","eu.esdihumboldt.cst.functions.geometric.test.GeometryHelperFunctionsTest","testFindPoints"
"","1","testStreetHole","","Wed Jul 08 14:20:18 UTC 2026","passed","Wed Jul 08 14:20:18 UTC 2026","","eu.esdihumboldt.cst.functions.geometric.test.InteriorPointTest","eu.esdihumboldt.cst.functions.geometric.test.InteriorPointTest","testStreetHole"
"","1215","simpleSchemaTestCQL","","Wed Jul 08 14:16:27 UTC 2026","passed","Wed Jul 08 14:16:28 UTC 2026","","eu.esdihumboldt.hale.common.filter.FilterTest","eu.esdihumboldt.hale.common.filter.FilterTest","simpleSchemaTestCQL"
"","4","testByPoints3","","Wed Jul 08 14:29:29 UTC 2026","passed","Wed Jul 08 14:29:29 UTC 2026","","eu.esdihumboldt.util.geometry.interpolation.split.SplitInterpolationTest","eu.esdihumboldt.util.geometry.interpolation.split.SplitInterpolationTest","testByPoints3"
"","226","testTypeFilter2","","Wed Jul 08 14:15:19 UTC 2026","passed","Wed Jul 08 14:15:19 UTC 2026","","eu.esdihumboldt.hale.common.align.merge.test.impl.DefaultMergeCellMigratorTest","eu.esdihumboldt.hale.common.align.merge.test.impl.DefaultMergeCellMigratorTest","testTypeFilter2"
"","0","testLoadShiporderCQL","","Wed Jul 08 14:16:28 UTC 2026","skipped","Wed Jul 08 14:16:28 UTC 2026","","eu.esdihumboldt.hale.common.filter.FilterTest","eu.esdihumboldt.hale.common.filter.FilterTest","testLoadShiporderCQL"
"","99","testSimpleAssign","","Wed Jul 08 14:19:41 UTC 2026","passed","Wed Jul 08 14:19:41 UTC 2026","","eu.esdihumboldt.cst.internal.ConceptualSchemaTransformerTest","eu.esdihumboldt.cst.internal.ConceptualSchemaTransformerTest","testSimpleAssign"
"","5","testNumberBetweenList","","Wed Jul 08 14:16:24 UTC 2026","passed","Wed Jul 08 14:16:24 UTC 2026","","eu.esdihumboldt.hale.common.filter.ECQLFilterTest","eu.esdihumboldt.hale.common.filter.ECQLFilterTest","testNumberBetweenList"
"","0","testUnifyWOHoles","","Wed Jul 08 14:29:28 UTC 2026","passed","Wed Jul 08 14:29:28 UTC 2026","","eu.esdihumboldt.util.geometry.WindingOrderTest","eu.esdihumboldt.util.geometry.WindingOrderTest","testUnifyWOHoles"
"","3135","testArgsFileWOFilterForMultiTypesSource","","Wed Jul 08 14:13:23 UTC 2026","passed","Wed Jul 08 14:13:26 UTC 2026","","eu.esdihumboldt.hale.app.transform.test.ExecuteTest","eu.esdihumboldt.hale.app.transform.test.ExecuteTest","testArgsFileWOFilterForMultiTypesSource"
"","0","testLocales2","","Wed Jul 08 14:14:35 UTC 2026","skipped","Wed Jul 08 14:14:35 UTC 2026","","eu.esdihumboldt.hale.common.align.model.impl.mdexpl.MarkdownCellExplanationTest","eu.esdihumboldt.hale.common.align.model.impl.mdexpl.MarkdownCellExplanationTest","testLocales2"
"","2","testPrimitive","","Wed Jul 08 14:18:10 UTC 2026","passed","Wed Jul 08 14:18:10 UTC 2026","","eu.esdihumboldt.hale.common.schema.model.constraint.factory.type.BindingFactoryTest","eu.esdihumboldt.hale.common.schema.model.constraint.factory.type.BindingFactoryTest","testPrimitive"
"","1","testDefault","","Wed Jul 08 14:18:11 UTC 2026","passed","Wed Jul 08 14:18:11 UTC 2026","","eu.esdihumboldt.hale.common.schema.model.constraint.factory.type.HasValueFlagFactoryTest","eu.esdihumboldt.hale.common.schema.model.constraint.factory.type.HasValueFlagFactoryTest","testDefault"
"","1","testMethodCallWithNamedArgumentsTypeSafe","","Wed Jul 08 14:29:45 UTC 2026","passed","Wed Jul 08 14:29:45 UTC 2026","","eu.esdihumboldt.util.groovy.json.JsonStreamBuilderTest","eu.esdihumboldt.util.groovy.json.JsonStreamBuilderTest","testMethodCallWithNamedArgumentsTypeSafe"
"","222","testMultiResult2","","Wed Jul 08 14:19:32 UTC 2026","passed","Wed Jul 08 14:19:32 UTC 2026","","eu.esdihumboldt.cst.internal.ConceptualSchemaTransformerTest","eu.esdihumboldt.cst.internal.ConceptualSchemaTransformerTest","testMultiResult2"
"","6","testReadModeSingleObject","","Wed Jul 08 14:26:27 UTC 2026","passed","Wed Jul 08 14:26:27 UTC 2026","","eu.esdihumboldt.hale.io.json.test.JsonInstanceReaderTest","eu.esdihumboldt.hale.io.json.test.JsonInstanceReaderTest","testReadModeSingleObject"
"","2010","testSKOSFromRDF5_language_de","","Wed Jul 08 14:21:05 UTC 2026","passed","Wed Jul 08 14:21:07 UTC 2026","","eu.esdihumboldt.hale.io.codelist.skos.test.SkosCodeListTest","eu.esdihumboldt.hale.io.codelist.skos.test.SkosCodeListTest","testSKOSFromRDF5_language_de"
"","5","testNotEqualSimple","","Wed Jul 08 14:16:24 UTC 2026","passed","Wed Jul 08 14:16:24 UTC 2026","","eu.esdihumboldt.hale.common.filter.ECQLFilterTest","eu.esdihumboldt.hale.common.filter.ECQLFilterTest","testNotEqualSimple"
"","0","testBeforeList","","Wed Jul 08 14:16:24 UTC 2026","skipped","Wed Jul 08 14:16:24 UTC 2026","","eu.esdihumboldt.hale.common.filter.ECQLFilterTest","eu.esdihumboldt.hale.common.filter.ECQLFilterTest","testBeforeList"
"","49","testNestedObjects","","Wed Jul 08 14:29:45 UTC 2026","passed","Wed Jul 08 14:29:45 UTC 2026","","eu.esdihumboldt.util.groovy.json.JsonStreamBuilderTest","eu.esdihumboldt.util.groovy.json.JsonStreamBuilderTest","testNestedObjects"
"","4454","testWriteRead","","Wed Jul 08 14:25:25 UTC 2026","passed","Wed Jul 08 14:25:29 UTC 2026","","eu.esdihumboldt.hale.io.jdbc.postgresql.test.MultiDimensionalArraysIT","eu.esdihumboldt.hale.io.jdbc.postgresql.test.MultiDimensionalArraysIT","testWriteRead"
"","7","testInstanceNoValueNullNoSchema","","Wed Jul 08 14:16:24 UTC 2026","passed","Wed Jul 08 14:16:24 UTC 2026","","eu.esdihumboldt.hale.common.filter.CQLFilterTest","eu.esdihumboldt.hale.common.filter.CQLFilterTest","testInstanceNoValueNullNoSchema"
"","6","testNestedArrayPrettyPrint","","Wed Jul 08 14:29:45 UTC 2026","passed","Wed Jul 08 14:29:45 UTC 2026","","eu.esdihumboldt.util.groovy.json.JsonStreamBuilderTest","eu.esdihumboldt.util.groovy.json.JsonStreamBuilderTest","testNestedArrayPrettyPrint"
"","14","testEnabled","","Wed Jul 08 14:18:10 UTC 2026","passed","Wed Jul 08 14:18:10 UTC 2026","","eu.esdihumboldt.hale.common.schema.model.constraint.factory.type.AugmentedValueFlagFactoryTest","eu.esdihumboldt.hale.common.schema.model.constraint.factory.type.AugmentedValueFlagFactoryTest","testEnabled"
"","28","testSingleGeometry","","Wed Jul 08 14:27:40 UTC 2026","passed","Wed Jul 08 14:27:40 UTC 2026","","eu.esdihumboldt.hale.io.shp.ShapefileInstanceWriterTest","eu.esdihumboldt.hale.io.shp.ShapefileInstanceWriterTest","testSingleGeometry"
"","10","testEachCollector","","Wed Jul 08 14:20:41 UTC 2026","passed","Wed Jul 08 14:20:41 UTC 2026","","eu.esdihumboldt.cst.functions.groovy.helpers.util.CollectorTest","eu.esdihumboldt.cst.functions.groovy.helpers.util.CollectorTest","testEachCollector"
"","12","testDefault","","Wed Jul 08 14:18:10 UTC 2026","passed","Wed Jul 08 14:18:10 UTC 2026","","eu.esdihumboldt.hale.common.schema.model.constraint.factory.property.ChoiceFlagFactoryTest","eu.esdihumboldt.hale.common.schema.model.constraint.factory.property.ChoiceFlagFactoryTest","testDefault"
"","1","testFormatter[3]","","Wed Jul 08 14:29:24 UTC 2026","passed","Wed Jul 08 14:29:24 UTC 2026","","eu.esdihumboldt.util.geometry.DecimalFormatUtilTest","eu.esdihumboldt.util.geometry.DecimalFormatUtilTest","testFormatter[3]"
"","22","testOverrideBindung","","Wed Jul 08 14:23:48 UTC 2026","passed","Wed Jul 08 14:23:48 UTC 2026","","eu.esdihumboldt.hale.io.groovy.snippets.GroovySnippetsTest","eu.esdihumboldt.hale.io.groovy.snippets.GroovySnippetsTest","testOverrideBindung"
"","137","testPropertyCondition1","","Wed Jul 08 14:19:42 UTC 2026","passed","Wed Jul 08 14:19:42 UTC 2026","","eu.esdihumboldt.cst.internal.ConceptualSchemaTransformerTest","eu.esdihumboldt.cst.internal.ConceptualSchemaTransformerTest","testPropertyCondition1"
"","70","testWriteMultiSchemasWithMultiGeom","","Wed Jul 08 14:27:40 UTC 2026","passed","Wed Jul 08 14:27:40 UTC 2026","","eu.esdihumboldt.hale.io.shp.ShapefileInstanceWriterTest","eu.esdihumboldt.hale.io.shp.ShapefileInstanceWriterTest","testWriteMultiSchemasWithMultiGeom"
"","1","simpleFilterTestECQL","","Wed Jul 08 14:16:28 UTC 2026","passed","Wed Jul 08 14:16:28 UTC 2026","","eu.esdihumboldt.hale.common.filter.FilterTest","eu.esdihumboldt.hale.common.filter.FilterTest","simpleFilterTestECQL"
"","4287","testGroovyContextFilterExclusionForHydro","","Wed Jul 08 14:13:09 UTC 2026","passed","Wed Jul 08 14:13:14 UTC 2026","","eu.esdihumboldt.hale.app.transform.test.ExecuteTest","eu.esdihumboldt.hale.app.transform.test.ExecuteTest","testGroovyContextFilterExclusionForHydro"
"","2","testValuePropertiesListJson","","Wed Jul 08 14:16:07 UTC 2026","passed","Wed Jul 08 14:16:07 UTC 2026","","eu.esdihumboldt.hale.common.core.io.impl.ValuePropertiesTypeTest","eu.esdihumboldt.hale.common.core.io.impl.ValuePropertiesTypeTest","testValuePropertiesListJson"
"","13","testLikeList","","Wed Jul 08 14:16:24 UTC 2026","passed","Wed Jul 08 14:16:24 UTC 2026","","eu.esdihumboldt.hale.common.filter.CQLFilterTest","eu.esdihumboldt.hale.common.filter.CQLFilterTest","testLikeList"
"","5","testUsage","","Wed Jul 08 14:13:02 UTC 2026","passed","Wed Jul 08 14:13:02 UTC 2026","","eu.esdihumboldt.hale.app.transform.test.ExecuteTest","eu.esdihumboldt.hale.app.transform.test.ExecuteTest","testUsage"
"","22","testEnabled","","Wed Jul 08 14:18:11 UTC 2026","passed","Wed Jul 08 14:18:11 UTC 2026","","eu.esdihumboldt.hale.common.schema.model.constraint.factory.type.HasValueFlagFactoryTest","eu.esdihumboldt.hale.common.schema.model.constraint.factory.type.HasValueFlagFactoryTest","testEnabled"
"","3","failTest2","","Wed Jul 08 14:21:20 UTC 2026","passed","Wed Jul 08 14:21:20 UTC 2026","","eu.esdihumboldt.hale.io.csv.CSVSchemaReaderTest","eu.esdihumboldt.hale.io.csv.CSVSchemaReaderTest","failTest2"
"","1462","testReadXsdInstancesResultPrefix1","","Wed Jul 08 14:27:30 UTC 2026","passed","Wed Jul 08 14:27:31 UTC 2026","","eu.esdihumboldt.hale.io.shp.ShapeInstanceReaderTest","eu.esdihumboldt.hale.io.shp.ShapeInstanceReaderTest","testReadXsdInstancesResultPrefix1"
"","0","testFormatter[12]","","Wed Jul 08 14:29:24 UTC 2026","passed","Wed Jul 08 14:29:24 UTC 2026","","eu.esdihumboldt.util.geometry.DecimalFormatUtilTest","eu.esdihumboldt.util.geometry.DecimalFormatUtilTest","testFormatter[12]"
"","6","testDefaultPropertyTypes","","Wed Jul 08 14:18:28 UTC 2026","passed","Wed Jul 08 14:18:28 UTC 2026","","eu.esdihumboldt.hale.common.schema.groovy.SchemaBuilderTest","eu.esdihumboldt.hale.common.schema.groovy.SchemaBuilderTest","testDefaultPropertyTypes"
"","75","testCMMulti4","","Wed Jul 08 14:19:41 UTC 2026","passed","Wed Jul 08 14:19:41 UTC 2026","","eu.esdihumboldt.cst.internal.ConceptualSchemaTransformerTest","eu.esdihumboldt.cst.internal.ConceptualSchemaTransformerTest","testCMMulti4"
"","242","testTypeFilter5Present","","Wed Jul 08 14:15:22 UTC 2026","passed","Wed Jul 08 14:15:22 UTC 2026","","eu.esdihumboldt.hale.common.align.merge.test.impl.DefaultMergeCellMigratorTest","eu.esdihumboldt.hale.common.align.merge.test.impl.DefaultMergeCellMigratorTest","testTypeFilter5Present"
"","2","testName","","Wed Jul 08 14:18:28 UTC 2026","passed","Wed Jul 08 14:18:28 UTC 2026","","eu.esdihumboldt.hale.common.schema.groovy.constraints.DisplayNameFactoryTest","eu.esdihumboldt.hale.common.schema.groovy.constraints.DisplayNameFactoryTest","testName"
"","0","testFormatter[5]","","Wed Jul 08 14:29:24 UTC 2026","passed","Wed Jul 08 14:29:24 UTC 2026","","eu.esdihumboldt.util.geometry.DecimalFormatUtilTest","eu.esdihumboldt.util.geometry.DecimalFormatUtilTest","testFormatter[5]"
"","816","testInspireCodespaceAutoAddNoOverride","","Wed Jul 08 14:23:13 UTC 2026","passed","Wed Jul 08 14:23:14 UTC 2026","","eu.esdihumboldt.hale.io.gml.writer.internal.StreamGmlWriter2Test","eu.esdihumboldt.hale.io.gml.writer.internal.StreamGmlWriter2Test","testInspireCodespaceAutoAddNoOverride"
"","79","testSimpleRename","","Wed Jul 08 14:19:42 UTC 2026","passed","Wed Jul 08 14:19:42 UTC 2026","","eu.esdihumboldt.cst.internal.ConceptualSchemaTransformerTest","eu.esdihumboldt.cst.internal.ConceptualSchemaTransformerTest","testSimpleRename"
"","2","testFixed","","Wed Jul 08 14:18:28 UTC 2026","passed","Wed Jul 08 14:18:28 UTC 2026","","eu.esdihumboldt.hale.common.schema.groovy.constraints.CardinalityFactoryTest","eu.esdihumboldt.hale.common.schema.groovy.constraints.CardinalityFactoryTest","testFixed"
"","239","testFilterSame1","","Wed Jul 08 14:15:17 UTC 2026","passed","Wed Jul 08 14:15:17 UTC 2026","","eu.esdihumboldt.hale.common.align.merge.test.impl.DefaultMergeCellMigratorTest","eu.esdihumboldt.hale.common.align.merge.test.impl.DefaultMergeCellMigratorTest","testFilterSame1"
"","161","testFilterSame5","","Wed Jul 08 14:15:18 UTC 2026","passed","Wed Jul 08 14:15:18 UTC 2026","","eu.esdihumboldt.hale.common.align.merge.test.impl.DefaultMergeCellMigratorTest","eu.esdihumboldt.hale.common.align.merge.test.impl.DefaultMergeCellMigratorTest","testFilterSame5"
"","320","testWfsPaginationWithCountLimit","","Wed Jul 08 14:23:08 UTC 2026","passed","Wed Jul 08 14:23:08 UTC 2026","","eu.esdihumboldt.hale.io.gml.reader.internal.StreamGmlReaderTest","eu.esdihumboldt.hale.io.gml.reader.internal.StreamGmlReaderTest","testWfsPaginationWithCountLimit"
"","24","testArray","","Wed Jul 08 14:18:10 UTC 2026","passed","Wed Jul 08 14:18:10 UTC 2026","","eu.esdihumboldt.hale.common.schema.model.constraint.factory.type.BindingFactoryTest","eu.esdihumboldt.hale.common.schema.model.constraint.factory.type.BindingFactoryTest","testArray"
"","3566","testTypedFilterForHydro","","Wed Jul 08 14:13:44 UTC 2026","passed","Wed Jul 08 14:13:47 UTC 2026","","eu.esdihumboldt.hale.app.transform.test.ExecuteTest","eu.esdihumboldt.hale.app.transform.test.ExecuteTest","testTypedFilterForHydro"
"","9","testReadComplex","","Wed Jul 08 14:26:28 UTC 2026","passed","Wed Jul 08 14:26:28 UTC 2026","","eu.esdihumboldt.hale.io.json.test.JsonToInstanceTest","eu.esdihumboldt.hale.io.json.test.JsonToInstanceTest","testReadComplex"
"","2045","testLoadChoice","","Wed Jul 08 14:22:16 UTC 2026","passed","Wed Jul 08 14:22:18 UTC 2026","","eu.esdihumboldt.hale.io.gml.reader.internal.GmlInstanceCollectionTest","eu.esdihumboldt.hale.io.gml.reader.internal.GmlInstanceCollectionTest","testLoadChoice"
"","1","testBox","","Wed Jul 08 14:23:29 UTC 2026","passed","Wed Jul 08 14:23:29 UTC 2026","","eu.esdihumboldt.hale.io.gml.writer.internal.geometry.converters.PolygonToLineStringTest","eu.esdihumboldt.hale.io.gml.writer.internal.geometry.converters.PolygonToLineStringTest","testBox"
"","3","testReadWithPointDecimal","","Wed Jul 08 14:21:20 UTC 2026","passed","Wed Jul 08 14:21:20 UTC 2026","","eu.esdihumboldt.hale.io.csv.CSVInstanceReaderTest","eu.esdihumboldt.hale.io.csv.CSVInstanceReaderTest","testReadWithPointDecimal"
"","0","testExistsSchema","","Wed Jul 08 14:16:24 UTC 2026","skipped","Wed Jul 08 14:16:24 UTC 2026","","eu.esdihumboldt.hale.common.filter.CQLFilterTest","eu.esdihumboldt.hale.common.filter.CQLFilterTest","testExistsSchema"
"","277","testGroovyRetypeCondition","","Wed Jul 08 14:15:24 UTC 2026","passed","Wed Jul 08 14:15:24 UTC 2026","","eu.esdihumboldt.hale.common.align.merge.test.impl.JoinFocusRetainConditionTest","eu.esdihumboldt.hale.common.align.merge.test.impl.JoinFocusRetainConditionTest","testGroovyRetypeCondition"
"","1655","testExplanation","","Wed Jul 08 14:14:33 UTC 2026","passed","Wed Jul 08 14:14:35 UTC 2026","","eu.esdihumboldt.hale.common.align.model.impl.mdexpl.MarkdownCellExplanationTest","eu.esdihumboldt.hale.common.align.model.impl.mdexpl.MarkdownCellExplanationTest","testExplanation"
"","13","testEnabled","","Wed Jul 08 14:18:11 UTC 2026","passed","Wed Jul 08 14:18:11 UTC 2026","","eu.esdihumboldt.hale.common.schema.model.constraint.factory.type.MappingRelevantFlagFactoryTest","eu.esdihumboldt.hale.common.schema.model.constraint.factory.type.MappingRelevantFlagFactoryTest","testEnabled"
"","1","testReverseSkipsNullValues","","Wed Jul 08 14:17:34 UTC 2026","passed","Wed Jul 08 14:17:34 UTC 2026","","eu.esdihumboldt.hale.common.lookup.impl.LookupTableImplTest","eu.esdihumboldt.hale.common.lookup.impl.LookupTableImplTest","testReverseSkipsNullValues"
"","1","testFootprint2Hole","","Wed Jul 08 14:20:18 UTC 2026","passed","Wed Jul 08 14:20:18 UTC 2026","","eu.esdihumboldt.cst.functions.geometric.test.InteriorPointTest","eu.esdihumboldt.cst.functions.geometric.test.InteriorPointTest","testFootprint2Hole"
"","7","testGeoIntersects","","Wed Jul 08 14:16:24 UTC 2026","passed","Wed Jul 08 14:16:24 UTC 2026","","eu.esdihumboldt.hale.common.filter.ECQLFilterTest","eu.esdihumboldt.hale.common.filter.ECQLFilterTest","testGeoIntersects"
"","0","testTimeEqualsList","","Wed Jul 08 14:16:24 UTC 2026","skipped","Wed Jul 08 14:16:24 UTC 2026","","eu.esdihumboldt.hale.common.filter.CQLFilterTest","eu.esdihumboldt.hale.common.filter.CQLFilterTest","testTimeEqualsList"
"","25","testStringCompare","","Wed Jul 08 14:16:23 UTC 2026","passed","Wed Jul 08 14:16:23 UTC 2026","","eu.esdihumboldt.hale.common.filter.CQLFilterTest","eu.esdihumboldt.hale.common.filter.CQLFilterTest","testStringCompare"
"","0","testInstanceNoValueExistsSchema","","Wed Jul 08 14:16:23 UTC 2026","skipped","Wed Jul 08 14:16:23 UTC 2026","","eu.esdihumboldt.hale.common.filter.CQLFilterTest","eu.esdihumboldt.hale.common.filter.CQLFilterTest","testInstanceNoValueExistsSchema"
"","0","testFormatter[10]","","Wed Jul 08 14:29:24 UTC 2026","passed","Wed Jul 08 14:29:24 UTC 2026","","eu.esdihumboldt.util.geometry.DecimalFormatUtilTest","eu.esdihumboldt.util.geometry.DecimalFormatUtilTest","testFormatter[10]"
"","4","testRefTypes","","Wed Jul 08 14:18:10 UTC 2026","passed","Wed Jul 08 14:18:10 UTC 2026","","eu.esdihumboldt.hale.common.schema.model.constraint.factory.property.ReferenceFactoryTest","eu.esdihumboldt.hale.common.schema.model.constraint.factory.property.ReferenceFactoryTest","testRefTypes"
"","65","testGeoIntersects","","Wed Jul 08 14:16:23 UTC 2026","passed","Wed Jul 08 14:16:23 UTC 2026","","eu.esdihumboldt.hale.common.filter.CQLFilterTest","eu.esdihumboldt.hale.common.filter.CQLFilterTest","testGeoIntersects"
"","167","testSimpleAttribute","","Wed Jul 08 14:19:40 UTC 2026","passed","Wed Jul 08 14:19:40 UTC 2026","","eu.esdihumboldt.cst.internal.ConceptualSchemaTransformerTest","eu.esdihumboldt.cst.internal.ConceptualSchemaTransformerTest","testSimpleAttribute"
"","784","testGroovy1","","Wed Jul 08 14:19:30 UTC 2026","passed","Wed Jul 08 14:19:31 UTC 2026","","eu.esdihumboldt.cst.internal.ConceptualSchemaTransformerTest","eu.esdihumboldt.cst.internal.ConceptualSchemaTransformerTest","testGroovy1"
"","5","testReadModeDefault","","Wed Jul 08 14:26:27 UTC 2026","passed","Wed Jul 08 14:26:27 UTC 2026","","eu.esdihumboldt.hale.io.json.test.JsonInstanceReaderTest","eu.esdihumboldt.hale.io.json.test.JsonInstanceReaderTest","testReadModeDefault"
"","0","testQ4","","Wed Jul 08 14:29:28 UTC 2026","passed","Wed Jul 08 14:29:28 UTC 2026","","eu.esdihumboldt.util.geometry.interpolation.grid.GridUtilTest","eu.esdihumboldt.util.geometry.interpolation.grid.GridUtilTest","testQ4"
"","47","testLoadChoice2","","Wed Jul 08 14:22:23 UTC 2026","passed","Wed Jul 08 14:22:23 UTC 2026","","eu.esdihumboldt.hale.io.gml.reader.internal.GmlInstanceCollectionTest","eu.esdihumboldt.hale.io.gml.reader.internal.GmlInstanceCollectionTest","testLoadChoice2"
"","3125","testFiltersForMultiType4","","Wed Jul 08 14:13:37 UTC 2026","passed","Wed Jul 08 14:13:40 UTC 2026","","eu.esdihumboldt.hale.app.transform.test.ExecuteTest","eu.esdihumboldt.hale.app.transform.test.ExecuteTest","testFiltersForMultiType4"
"","152","testGroovyWarningRetypeTarget","","Wed Jul 08 14:15:20 UTC 2026","passed","Wed Jul 08 14:15:20 UTC 2026","","eu.esdihumboldt.hale.common.align.merge.test.impl.DefaultMergeCellMigratorTest","eu.esdihumboldt.hale.common.align.merge.test.impl.DefaultMergeCellMigratorTest","testGroovyWarningRetypeTarget"
"","8","testGeoContains","","Wed Jul 08 14:16:24 UTC 2026","passed","Wed Jul 08 14:16:24 UTC 2026","","eu.esdihumboldt.hale.common.filter.CQLFilterTest","eu.esdihumboldt.hale.common.filter.CQLFilterTest","testGeoContains"
"","97","testClassification2","","Wed Jul 08 14:19:40 UTC 2026","passed","Wed Jul 08 14:19:40 UTC 2026","","eu.esdihumboldt.cst.internal.ConceptualSchemaTransformerTest","eu.esdihumboldt.cst.internal.ConceptualSchemaTransformerTest","testClassification2"
"","26","testShapefileInstanceFromFile","","Wed Jul 08 14:27:30 UTC 2026","passed","Wed Jul 08 14:27:30 UTC 2026","","eu.esdihumboldt.hale.io.shp.ShapeInstanceReaderTest","eu.esdihumboldt.hale.io.shp.ShapeInstanceReaderTest","testShapefileInstanceFromFile"
"","5","testNullSchema","","Wed Jul 08 14:16:24 UTC 2026","passed","Wed Jul 08 14:16:24 UTC 2026","","eu.esdihumboldt.hale.common.filter.CQLFilterTest","eu.esdihumboldt.hale.common.filter.CQLFilterTest","testNullSchema"
"","0","testComplexWrite","","Wed Jul 08 14:30:10 UTC 2026","skipped","Wed Jul 08 14:30:10 UTC 2026","","eu.esdihumboldt.util.orient.embedded.MemoryDocumentTest","eu.esdihumboldt.util.orient.embedded.MemoryDocumentTest","testComplexWrite"
"","34","notAllowedClassesDisallowed","","Wed Jul 08 14:30:02 UTC 2026","passed","Wed Jul 08 14:30:02 UTC 2026","","eu.esdihumboldt.util.groovy.sandbox.test.internal.GroovySandboxTest","eu.esdihumboldt.util.groovy.sandbox.test.internal.GroovySandboxTest","notAllowedClassesDisallowed"
"","85","testPreparedQuery","","Wed Jul 08 14:30:09 UTC 2026","passed","Wed Jul 08 14:30:09 UTC 2026","","eu.esdihumboldt.util.orient.embedded.MemoryDocumentTest","eu.esdihumboldt.util.orient.embedded.MemoryDocumentTest","testPreparedQuery"
"","42","testSchemaLess","","Wed Jul 08 14:17:12 UTC 2026","passed","Wed Jul 08 14:17:12 UTC 2026","","eu.esdihumboldt.hale.common.instance.groovy.InstanceAccessorTest","eu.esdihumboldt.hale.common.instance.groovy.InstanceAccessorTest","testSchemaLess"
"","176","testNotes2","","Wed Jul 08 14:15:22 UTC 2026","passed","Wed Jul 08 14:15:22 UTC 2026","","eu.esdihumboldt.hale.common.align.merge.test.impl.DefaultMergeCellMigratorTest","eu.esdihumboldt.hale.common.align.merge.test.impl.DefaultMergeCellMigratorTest","testNotes2"
"","0","testChoice","","Wed Jul 08 14:19:43 UTC 2026","skipped","Wed Jul 08 14:19:43 UTC 2026","","eu.esdihumboldt.cst.internal.ConceptualSchemaTransformerTest","eu.esdihumboldt.cst.internal.ConceptualSchemaTransformerTest","testChoice"
"","0","testGeoJsonSimple","","Wed Jul 08 14:26:25 UTC 2026","skipped","Wed Jul 08 14:26:25 UTC 2026","","eu.esdihumboldt.hale.io.json.test.InstanceToJsonTest","eu.esdihumboldt.hale.io.json.test.InstanceToJsonTest","testGeoJsonSimple"
"","0","testQ1","","Wed Jul 08 14:29:28 UTC 2026","passed","Wed Jul 08 14:29:28 UTC 2026","","eu.esdihumboldt.util.geometry.interpolation.grid.GridUtilTest","eu.esdihumboldt.util.geometry.interpolation.grid.GridUtilTest","testQ1"
"","24","testOffsetCircle","","Wed Jul 08 14:29:28 UTC 2026","passed","Wed Jul 08 14:29:28 UTC 2026","","eu.esdihumboldt.util.geometry.interpolation.grid.GridInterpolationTest","eu.esdihumboldt.util.geometry.interpolation.grid.GridInterpolationTest","testOffsetCircle"
"","0","testGeoCross","","Wed Jul 08 14:16:24 UTC 2026","skipped","Wed Jul 08 14:16:24 UTC 2026","","eu.esdihumboldt.hale.common.filter.ECQLFilterTest","eu.esdihumboldt.hale.common.filter.ECQLFilterTest","testGeoCross"
"","19","testConstraints","","Wed Jul 08 14:18:28 UTC 2026","passed","Wed Jul 08 14:18:28 UTC 2026","","eu.esdihumboldt.hale.common.schema.groovy.SchemaBuilderTest","eu.esdihumboldt.hale.common.schema.groovy.SchemaBuilderTest","testConstraints"
"","121","testGroovyWarningCreateTarget","","Wed Jul 08 14:15:22 UTC 2026","passed","Wed Jul 08 14:15:22 UTC 2026","","eu.esdihumboldt.hale.common.align.merge.test.impl.DefaultMergeCellMigratorTest","eu.esdihumboldt.hale.common.align.merge.test.impl.DefaultMergeCellMigratorTest","testGroovyWarningCreateTarget"
"","9910","testComplexLookupJsonGroovy","","Wed Jul 08 14:17:34 UTC 2026","passed","Wed Jul 08 14:17:44 UTC 2026","","eu.esdihumboldt.hale.common.lookup.internal.LookupTableTypeTest","eu.esdihumboldt.hale.common.lookup.internal.LookupTableTypeTest","testComplexLookupJsonGroovy"
"","0","testLookupAndConsumeMark","","Wed Jul 08 14:16:07 UTC 2026","passed","Wed Jul 08 14:16:07 UTC 2026","","eu.esdihumboldt.hale.common.core.io.supplier.LookupStreamResourceTest","eu.esdihumboldt.hale.common.core.io.supplier.LookupStreamResourceTest","testLookupAndConsumeMark"
"","5","testNotEqualList","","Wed Jul 08 14:16:24 UTC 2026","passed","Wed Jul 08 14:16:24 UTC 2026","","eu.esdihumboldt.hale.common.filter.ECQLFilterTest","eu.esdihumboldt.hale.common.filter.ECQLFilterTest","testNotEqualList"
"","128","testNativeQuery","","Wed Jul 08 14:30:09 UTC 2026","passed","Wed Jul 08 14:30:09 UTC 2026","","eu.esdihumboldt.util.orient.embedded.LocalDocumentTest","eu.esdihumboldt.util.orient.embedded.LocalDocumentTest","testNativeQuery"
"","8","testReadBoolean","","Wed Jul 08 14:26:28 UTC 2026","passed","Wed Jul 08 14:26:28 UTC 2026","","eu.esdihumboldt.hale.io.json.test.JsonToInstanceTest","eu.esdihumboldt.hale.io.json.test.JsonToInstanceTest","testReadBoolean"
"","2","testValueProperties","","Wed Jul 08 14:16:07 UTC 2026","passed","Wed Jul 08 14:16:07 UTC 2026","","eu.esdihumboldt.hale.common.core.io.impl.ValuePropertiesTypeTest","eu.esdihumboldt.hale.common.core.io.impl.ValuePropertiesTypeTest","testValueProperties"
"","1463","testLoadShiporderWrapped","","Wed Jul 08 14:16:38 UTC 2026","passed","Wed Jul 08 14:16:40 UTC 2026","","eu.esdihumboldt.hale.common.instance.helper.PropertyResolverTest","eu.esdihumboldt.hale.common.instance.helper.PropertyResolverTest","testLoadShiporderWrapped"
"","1","testMerge5","","Wed Jul 08 14:16:07 UTC 2026","passed","Wed Jul 08 14:16:07 UTC 2026","","eu.esdihumboldt.hale.common.core.report.util.StatsMergeTest","eu.esdihumboldt.hale.common.core.report.util.StatsMergeTest","testMerge5"
"","1","testSplitMulti_Mixed","","Wed Jul 08 14:20:18 UTC 2026","passed","Wed Jul 08 14:20:18 UTC 2026","","eu.esdihumboldt.cst.functions.geometric.test.GeometryHelperFunctionsTest","eu.esdihumboldt.cst.functions.geometric.test.GeometryHelperFunctionsTest","testSplitMulti_Mixed"
"","6","testComplexStructureFromTheGuardianTypeSafe","","Wed Jul 08 14:29:45 UTC 2026","passed","Wed Jul 08 14:29:45 UTC 2026","","eu.esdihumboldt.util.groovy.json.JsonStreamBuilderTest","eu.esdihumboldt.util.groovy.json.JsonStreamBuilderTest","testComplexStructureFromTheGuardianTypeSafe"
"","387","testGeometryPrimitive_32_MultiLineString_Curve2","","Wed Jul 08 14:23:25 UTC 2026","passed","Wed Jul 08 14:23:25 UTC 2026","","eu.esdihumboldt.hale.io.gml.writer.internal.StreamGmlWriterTest","eu.esdihumboldt.hale.io.gml.writer.internal.StreamGmlWriterTest","testGeometryPrimitive_32_MultiLineString_Curve2"
"","10240","testFromWKT","","Wed Jul 08 14:20:04 UTC 2026","passed","Wed Jul 08 14:20:14 UTC 2026","","eu.esdihumboldt.cst.functions.geometric.test.CRSHelperFunctionsTest","eu.esdihumboldt.cst.functions.geometric.test.CRSHelperFunctionsTest","testFromWKT"
"","4","testNumberString","","Wed Jul 08 14:16:24 UTC 2026","passed","Wed Jul 08 14:16:24 UTC 2026","","eu.esdihumboldt.hale.common.filter.ECQLFilterTest","eu.esdihumboldt.hale.common.filter.ECQLFilterTest","testNumberString"
"","8","testReadEmptySheet","","Wed Jul 08 14:28:38 UTC 2026","passed","Wed Jul 08 14:28:38 UTC 2026","","eu.esdihumboldt.hale.io.xls.test.reader.XLSReaderTest","eu.esdihumboldt.hale.io.xls.test.reader.XLSReaderTest","testReadEmptySheet"
"","25","testReadXsdInstancesTypenameAmbiguousLocalNameWithNamespace","","Wed Jul 08 14:27:34 UTC 2026","passed","Wed Jul 08 14:27:34 UTC 2026","","eu.esdihumboldt.hale.io.shp.ShapeInstanceReaderTest","eu.esdihumboldt.hale.io.shp.ShapeInstanceReaderTest","testReadXsdInstancesTypenameAmbiguousLocalNameWithNamespace"
"","7","testNumberList","","Wed Jul 08 14:16:24 UTC 2026","passed","Wed Jul 08 14:16:24 UTC 2026","","eu.esdihumboldt.hale.common.filter.ECQLFilterTest","eu.esdihumboldt.hale.common.filter.ECQLFilterTest","testNumberList"
"","3","testJsonBuilderConstructor","","Wed Jul 08 14:29:45 UTC 2026","passed","Wed Jul 08 14:29:45 UTC 2026","","eu.esdihumboldt.util.groovy.json.JsonStreamBuilderTest","eu.esdihumboldt.util.groovy.json.JsonStreamBuilderTest","testJsonBuilderConstructor"
"","88","testCardinalityMerge_1","","Wed Jul 08 14:19:40 UTC 2026","passed","Wed Jul 08 14:19:40 UTC 2026","","eu.esdihumboldt.cst.internal.ConceptualSchemaTransformerTest","eu.esdihumboldt.cst.internal.ConceptualSchemaTransformerTest","testCardinalityMerge_1"
"","174","testSqlQuery","","Wed Jul 08 14:30:09 UTC 2026","passed","Wed Jul 08 14:30:09 UTC 2026","","eu.esdihumboldt.util.orient.embedded.LocalDocumentTest","eu.esdihumboldt.util.orient.embedded.LocalDocumentTest","testSqlQuery"
"","6","testTrendsFromTwitter","","Wed Jul 08 14:29:45 UTC 2026","passed","Wed Jul 08 14:29:45 UTC 2026","","eu.esdihumboldt.util.groovy.json.JsonStreamBuilderTest","eu.esdihumboldt.util.groovy.json.JsonStreamBuilderTest","testTrendsFromTwitter"
"","2329","simpleSchemaWriteTest","","Wed Jul 08 14:27:37 UTC 2026","passed","Wed Jul 08 14:27:39 UTC 2026","","eu.esdihumboldt.hale.io.shp.ShapefileInstanceWriterTest","eu.esdihumboldt.hale.io.shp.ShapefileInstanceWriterTest","simpleSchemaWriteTest"
"","9","testJsonSimple","","Wed Jul 08 14:26:25 UTC 2026","passed","Wed Jul 08 14:26:25 UTC 2026","","eu.esdihumboldt.hale.io.json.test.InstanceToJsonTest","eu.esdihumboldt.hale.io.json.test.InstanceToJsonTest","testJsonSimple"
"","355","testValueListValueListJson","","Wed Jul 08 14:16:06 UTC 2026","passed","Wed Jul 08 14:16:06 UTC 2026","","eu.esdihumboldt.hale.common.core.io.impl.ValueListTypeTest","eu.esdihumboldt.hale.common.core.io.impl.ValueListTypeTest","testValueListValueListJson"
"","7","testEqualityList","","Wed Jul 08 14:16:24 UTC 2026","passed","Wed Jul 08 14:16:24 UTC 2026","","eu.esdihumboldt.hale.common.filter.CQLFilterTest","eu.esdihumboldt.hale.common.filter.CQLFilterTest","testEqualityList"
"","1","testNestedKey","","Wed Jul 08 14:29:20 UTC 2026","passed","Wed Jul 08 14:29:20 UTC 2026","","eu.esdihumboldt.util.config.ConfigTest","eu.esdihumboldt.util.config.ConfigTest","testNestedKey"
"","2018","testReadMultiSheetTypeSettingsNamedNoGeneralSkip","","Wed Jul 08 14:28:36 UTC 2026","passed","Wed Jul 08 14:28:38 UTC 2026","","eu.esdihumboldt.hale.io.xls.test.reader.XLSReaderTest","eu.esdihumboldt.hale.io.xls.test.reader.XLSReaderTest","testReadMultiSheetTypeSettingsNamedNoGeneralSkip"
"","1575","testConvertJson2PB","","Wed Jul 08 14:26:32 UTC 2026","passed","Wed Jul 08 14:26:34 UTC 2026","","eu.esdihumboldt.hale.io.pb.test.ProtocolBufferInstanceWriterTest","eu.esdihumboldt.hale.io.pb.test.ProtocolBufferInstanceWriterTest","testConvertJson2PB"
"","3","testInstanceNoValueNullSchema","","Wed Jul 08 14:16:24 UTC 2026","passed","Wed Jul 08 14:16:24 UTC 2026","","eu.esdihumboldt.hale.common.filter.ECQLFilterTest","eu.esdihumboldt.hale.common.filter.ECQLFilterTest","testInstanceNoValueNullSchema"
"","56","testWriteRead","","Wed Jul 08 14:29:45 UTC 2026","passed","Wed Jul 08 14:29:45 UTC 2026","","eu.esdihumboldt.util.groovy.xml.NSDOMBuilderTest","eu.esdihumboldt.util.groovy.xml.NSDOMBuilderTest","testWriteRead"
"","4397","testInstanceWriteOrder","","Wed Jul 08 14:25:55 UTC 2026","passed","Wed Jul 08 14:25:59 UTC 2026","","eu.esdihumboldt.hale.io.jdbc.postgresql.test.WriteInstanceOrderIT","eu.esdihumboldt.hale.io.jdbc.postgresql.test.WriteInstanceOrderIT","testInstanceWriteOrder"
"","240","testRef","","Wed Jul 08 14:18:10 UTC 2026","passed","Wed Jul 08 14:18:10 UTC 2026","","eu.esdihumboldt.hale.common.schema.model.constraint.factory.property.ReferenceFactoryTest","eu.esdihumboldt.hale.common.schema.model.constraint.factory.property.ReferenceFactoryTest","testRef"
"","33","testPrimitive2","","Wed Jul 08 14:18:10 UTC 2026","passed","Wed Jul 08 14:18:10 UTC 2026","","eu.esdihumboldt.hale.common.schema.model.constraint.factory.type.BindingFactoryTest","eu.esdihumboldt.hale.common.schema.model.constraint.factory.type.BindingFactoryTest","testPrimitive2"
"","0","testGeometryNormalOnCRS","","Wed Jul 08 14:29:28 UTC 2026","passed","Wed Jul 08 14:29:28 UTC 2026","","eu.esdihumboldt.util.geometry.WindingOrderTest","eu.esdihumboldt.util.geometry.WindingOrderTest","testGeometryNormalOnCRS"
"","217","testPersonWriteValidate","","Wed Jul 08 14:18:45 UTC 2026","passed","Wed Jul 08 14:18:45 UTC 2026","","eu.esdihumboldt.hale.common.schema.persist.hsd.test.json.HaleSchemaWriterJsonTest","eu.esdihumboldt.hale.common.schema.persist.hsd.test.json.HaleSchemaWriterJsonTest","testPersonWriteValidate"
"","4685","testDataTypesSql","","Wed Jul 08 14:25:46 UTC 2026","passed","Wed Jul 08 14:25:51 UTC 2026","","eu.esdihumboldt.hale.io.jdbc.postgresql.test.PostDataTypesIT","eu.esdihumboldt.hale.io.jdbc.postgresql.test.PostDataTypesIT","testDataTypesSql"
"","10","testSchemaLessSafeAPI","","Wed Jul 08 14:17:13 UTC 2026","passed","Wed Jul 08 14:17:13 UTC 2026","","eu.esdihumboldt.hale.common.instance.groovy.InstanceBuilderTest","eu.esdihumboldt.hale.common.instance.groovy.InstanceBuilderTest","testSchemaLessSafeAPI"
"","0","testFormatter[2]","","Wed Jul 08 14:29:24 UTC 2026","passed","Wed Jul 08 14:29:24 UTC 2026","","eu.esdihumboldt.util.geometry.DecimalFormatUtilTest","eu.esdihumboldt.util.geometry.DecimalFormatUtilTest","testFormatter[2]"
"","8","testMerge4","","Wed Jul 08 14:16:07 UTC 2026","passed","Wed Jul 08 14:16:07 UTC 2026","","eu.esdihumboldt.hale.common.core.report.util.StatsMergeTest","eu.esdihumboldt.hale.common.core.report.util.StatsMergeTest","testMerge4"
"","336","testJoinsCondition","","Wed Jul 08 14:15:23 UTC 2026","passed","Wed Jul 08 14:15:23 UTC 2026","","eu.esdihumboldt.hale.common.align.merge.test.impl.JoinFocusRetainConditionTest","eu.esdihumboldt.hale.common.align.merge.test.impl.JoinFocusRetainConditionTest","testJoinsCondition"
"","40","testWriteMultiSchemas","","Wed Jul 08 14:27:37 UTC 2026","passed","Wed Jul 08 14:27:37 UTC 2026","","eu.esdihumboldt.hale.io.shp.ShapefileInstanceWriterTest","eu.esdihumboldt.hale.io.shp.ShapefileInstanceWriterTest","testWriteMultiSchemas"
"","1","testUnifyGeometryCollection","","Wed Jul 08 14:29:28 UTC 2026","passed","Wed Jul 08 14:29:28 UTC 2026","","eu.esdihumboldt.util.geometry.WindingOrderTest","eu.esdihumboldt.util.geometry.WindingOrderTest","testUnifyGeometryCollection"
"","1","testDefault","","Wed Jul 08 14:18:10 UTC 2026","passed","Wed Jul 08 14:18:10 UTC 2026","","eu.esdihumboldt.hale.common.schema.model.constraint.factory.property.UniqueConstraintFactoryTest","eu.esdihumboldt.hale.common.schema.model.constraint.factory.property.UniqueConstraintFactoryTest","testDefault"
"","145","testGroovyWarningRetype","","Wed Jul 08 14:15:22 UTC 2026","passed","Wed Jul 08 14:15:22 UTC 2026","","eu.esdihumboldt.hale.common.align.merge.test.impl.DefaultMergeCellMigratorTest","eu.esdihumboldt.hale.common.align.merge.test.impl.DefaultMergeCellMigratorTest","testGroovyWarningRetype"
"","3","testCW1","","Wed Jul 08 14:29:28 UTC 2026","passed","Wed Jul 08 14:29:28 UTC 2026","","eu.esdihumboldt.util.geometry.interpolation.model.impl.ArcByCenterPointImplTest","eu.esdihumboldt.util.geometry.interpolation.model.impl.ArcByCenterPointImplTest","testCW1"
"","10","testCycle","","Wed Jul 08 14:29:02 UTC 2026","passed","Wed Jul 08 14:29:02 UTC 2026","","eu.esdihumboldt.util.DependencyOrderedListTest","eu.esdihumboldt.util.DependencyOrderedListTest","testCycle"
"","13595","testWriteSimpleSchemaDelimiter","","Wed Jul 08 14:21:20 UTC 2026","passed","Wed Jul 08 14:21:34 UTC 2026","","eu.esdihumboldt.hale.io.csv.writer.CSVInstanceWriterTest","eu.esdihumboldt.hale.io.csv.writer.CSVInstanceWriterTest","testWriteSimpleSchemaDelimiter"
"","15486","testWriteTopoJson","","Wed Jul 08 14:27:45 UTC 2026","passed","Wed Jul 08 14:28:01 UTC 2026","","eu.esdihumboldt.hale.io.topojson.test.TopoJsonInstanceWriterTest","eu.esdihumboldt.hale.io.topojson.test.TopoJsonInstanceWriterTest","testWriteTopoJson"
"","7481","testShapefileInstanceFromNginxUrl","","Wed Jul 08 14:27:22 UTC 2026","passed","Wed Jul 08 14:27:29 UTC 2026","","eu.esdihumboldt.hale.io.shp.ShapeInstanceReaderTest","eu.esdihumboldt.hale.io.shp.ShapeInstanceReaderTest","testShapefileInstanceFromNginxUrl"
"","0","testExistsSchema","","Wed Jul 08 14:16:24 UTC 2026","skipped","Wed Jul 08 14:16:24 UTC 2026","","eu.esdihumboldt.hale.common.filter.ECQLFilterTest","eu.esdihumboldt.hale.common.filter.ECQLFilterTest","testExistsSchema"
"","4722","testLoadFilterNoDuplicates","","Wed Jul 08 14:22:23 UTC 2026","passed","Wed Jul 08 14:22:28 UTC 2026","","eu.esdihumboldt.hale.io.gml.reader.internal.GmlInstanceCollectionTest","eu.esdihumboldt.hale.io.gml.reader.internal.GmlInstanceCollectionTest","testLoadFilterNoDuplicates"
"","3","testNoBinding","","Wed Jul 08 14:18:10 UTC 2026","passed","Wed Jul 08 14:18:10 UTC 2026","","eu.esdihumboldt.hale.common.schema.model.constraint.factory.type.ElementTypeFactoryTest","eu.esdihumboldt.hale.common.schema.model.constraint.factory.type.ElementTypeFactoryTest","testNoBinding"
"","36","testGmlNoId","","Wed Jul 08 14:16:56 UTC 2026","passed","Wed Jul 08 14:16:56 UTC 2026","","eu.esdihumboldt.hale.common.instance.graph.test.ReferenceGraphTest","eu.esdihumboldt.hale.common.instance.graph.test.ReferenceGraphTest","testGmlNoId"
"","8","testConsumeMap","","Wed Jul 08 14:20:41 UTC 2026","passed","Wed Jul 08 14:20:41 UTC 2026","","eu.esdihumboldt.cst.functions.groovy.helpers.util.CollectorTest","eu.esdihumboldt.cst.functions.groovy.helpers.util.CollectorTest","testConsumeMap"
"","7","testNumber","","Wed Jul 08 14:16:24 UTC 2026","passed","Wed Jul 08 14:16:24 UTC 2026","","eu.esdihumboldt.hale.common.filter.ECQLFilterTest","eu.esdihumboldt.hale.common.filter.ECQLFilterTest","testNumber"
"","1241","testBaseNameFromURL","","Wed Jul 08 14:27:35 UTC 2026","passed","Wed Jul 08 14:27:36 UTC 2026","","eu.esdihumboldt.hale.io.shp.ShapeInstanceReaderTest","eu.esdihumboldt.hale.io.shp.ShapeInstanceReaderTest","testBaseNameFromURL"
"","8","testSimpleSingleStrictFail","","Wed Jul 08 14:18:28 UTC 2026","passed","Wed Jul 08 14:18:28 UTC 2026","","eu.esdihumboldt.hale.common.schema.groovy.DefinitionAccessorTest","eu.esdihumboldt.hale.common.schema.groovy.DefinitionAccessorTest","testSimpleSingleStrictFail"
"","477","testGeometryPrimitive_32_CompositeCurve_LineString","","Wed Jul 08 14:23:13 UTC 2026","passed","Wed Jul 08 14:23:13 UTC 2026","","eu.esdihumboldt.hale.io.gml.writer.internal.StreamGmlWriter2Test","eu.esdihumboldt.hale.io.gml.writer.internal.StreamGmlWriter2Test","testGeometryPrimitive_32_CompositeCurve_LineString"
"","0","testInstanceExistsSchema","","Wed Jul 08 14:16:24 UTC 2026","skipped","Wed Jul 08 14:16:24 UTC 2026","","eu.esdihumboldt.hale.common.filter.CQLFilterTest","eu.esdihumboldt.hale.common.filter.CQLFilterTest","testInstanceExistsSchema"
"","86","testRegexAnalysis","","Wed Jul 08 14:19:42 UTC 2026","passed","Wed Jul 08 14:19:42 UTC 2026","","eu.esdihumboldt.cst.internal.ConceptualSchemaTransformerTest","eu.esdihumboldt.cst.internal.ConceptualSchemaTransformerTest","testRegexAnalysis"
"","5","testPointGeometry","","Wed Jul 08 14:26:27 UTC 2026","passed","Wed Jul 08 14:26:27 UTC 2026","","eu.esdihumboldt.hale.io.json.test.JsonSchemaReaderTest","eu.esdihumboldt.hale.io.json.test.JsonSchemaReaderTest","testPointGeometry"
"","3939","testTransform","","Wed Jul 08 14:14:06 UTC 2026","passed","Wed Jul 08 14:14:10 UTC 2026","","eu.esdihumboldt.hale.app.transform.test.ExecuteTest","eu.esdihumboldt.hale.app.transform.test.ExecuteTest","testTransform"
"","60","testTemplate","","Wed Jul 08 14:14:35 UTC 2026","passed","Wed Jul 08 14:14:35 UTC 2026","","eu.esdihumboldt.hale.common.align.model.impl.mdexpl.MarkdownCellExplanationTest","eu.esdihumboldt.hale.common.align.model.impl.mdexpl.MarkdownCellExplanationTest","testTemplate"
"","76","testClassification3","","Wed Jul 08 14:19:40 UTC 2026","passed","Wed Jul 08 14:19:41 UTC 2026","","eu.esdihumboldt.cst.internal.ConceptualSchemaTransformerTest","eu.esdihumboldt.cst.internal.ConceptualSchemaTransformerTest","testClassification3"
"","1","testDefault","","Wed Jul 08 14:18:10 UTC 2026","passed","Wed Jul 08 14:18:10 UTC 2026","","eu.esdihumboldt.hale.common.schema.model.constraint.factory.type.AbstractFlagFactoryTest","eu.esdihumboldt.hale.common.schema.model.constraint.factory.type.AbstractFlagFactoryTest","testDefault"
"","9","testWriteReadTypeSafe","","Wed Jul 08 14:29:45 UTC 2026","passed","Wed Jul 08 14:29:45 UTC 2026","","eu.esdihumboldt.util.groovy.xml.NSDOMBuilderTest","eu.esdihumboldt.util.groovy.xml.NSDOMBuilderTest","testWriteReadTypeSafe"
"","4","testWith","","Wed Jul 08 14:20:18 UTC 2026","passed","Wed Jul 08 14:20:18 UTC 2026","","eu.esdihumboldt.cst.functions.geometric.test.GeometryHelperFunctionsTest","eu.esdihumboldt.cst.functions.geometric.test.GeometryHelperFunctionsTest","testWith"
"","43","testWriteSingleCorrectSchemasWithOneMissingGeom","","Wed Jul 08 14:27:40 UTC 2026","passed","Wed Jul 08 14:27:40 UTC 2026","","eu.esdihumboldt.hale.io.shp.ShapefileInstanceWriterTest","eu.esdihumboldt.hale.io.shp.ShapefileInstanceWriterTest","testWriteSingleCorrectSchemasWithOneMissingGeom"
"","144","testIDSaveLoad","","Wed Jul 08 14:14:21 UTC 2026","passed","Wed Jul 08 14:14:21 UTC 2026","","eu.esdihumboldt.hale.common.align.io.CastorAlignmentIOTest","eu.esdihumboldt.hale.common.align.io.CastorAlignmentIOTest","testIDSaveLoad"
"","20","testLoopArrayPrettyPrint","","Wed Jul 08 14:29:45 UTC 2026","passed","Wed Jul 08 14:29:45 UTC 2026","","eu.esdihumboldt.util.groovy.json.JsonStreamBuilderTest","eu.esdihumboldt.util.groovy.json.JsonStreamBuilderTest","testLoopArrayPrettyPrint"
"","4","testGetReferencesSimple","","Wed Jul 08 14:16:24 UTC 2026","passed","Wed Jul 08 14:16:24 UTC 2026","","eu.esdihumboldt.hale.common.filter.ECQLFilterTest","eu.esdihumboldt.hale.common.filter.ECQLFilterTest","testGetReferencesSimple"
"","0","testCMUnion2","","Wed Jul 08 14:19:30 UTC 2026","skipped","Wed Jul 08 14:19:30 UTC 2026","","eu.esdihumboldt.cst.internal.ConceptualSchemaTransformerTest","eu.esdihumboldt.cst.internal.ConceptualSchemaTransformerTest","testCMUnion2"
"","24","testReadSchema","","Wed Jul 08 14:22:10 UTC 2026","passed","Wed Jul 08 14:22:10 UTC 2026","","eu.esdihumboldt.hale.io.geopackage.GeopackageSchemaReaderTest","eu.esdihumboldt.hale.io.geopackage.GeopackageSchemaReaderTest","testReadSchema"
"","55","testValidators","","Wed Jul 08 14:18:11 UTC 2026","passed","Wed Jul 08 14:18:11 UTC 2026","","eu.esdihumboldt.hale.common.schema.model.constraint.factory.type.ValidationConstraintFactoryTest","eu.esdihumboldt.hale.common.schema.model.constraint.factory.type.ValidationConstraintFactoryTest","testValidators"
"","0","testGeometryFlippedOnNULLCRS","","Wed Jul 08 14:29:28 UTC 2026","passed","Wed Jul 08 14:29:28 UTC 2026","","eu.esdihumboldt.util.geometry.WindingOrderTest","eu.esdihumboldt.util.geometry.WindingOrderTest","testGeometryFlippedOnNULLCRS"
"","13","testJsonBuilderTypeSafe","","Wed Jul 08 14:29:45 UTC 2026","passed","Wed Jul 08 14:29:45 UTC 2026","","eu.esdihumboldt.util.groovy.json.JsonStreamBuilderTest","eu.esdihumboldt.util.groovy.json.JsonStreamBuilderTest","testJsonBuilderTypeSafe"
"","1","testStreetOuter","","Wed Jul 08 14:20:18 UTC 2026","passed","Wed Jul 08 14:20:18 UTC 2026","","eu.esdihumboldt.cst.functions.geometric.test.InteriorPointTest","eu.esdihumboldt.cst.functions.geometric.test.InteriorPointTest","testStreetOuter"
"","85","testStructuralRename3","","Wed Jul 08 14:19:43 UTC 2026","passed","Wed Jul 08 14:19:43 UTC 2026","","eu.esdihumboldt.cst.internal.ConceptualSchemaTransformerTest","eu.esdihumboldt.cst.internal.ConceptualSchemaTransformerTest","testStructuralRename3"
"","185","testJoinCondition","","Wed Jul 08 14:15:23 UTC 2026","passed","Wed Jul 08 14:15:24 UTC 2026","","eu.esdihumboldt.hale.common.align.merge.test.impl.JoinFocusRetainConditionTest","eu.esdihumboldt.hale.common.align.merge.test.impl.JoinFocusRetainConditionTest","testJoinCondition"
"","3297","testEpsgCrsAxisOrder","","Wed Jul 08 14:16:33 UTC 2026","passed","Wed Jul 08 14:16:36 UTC 2026","","eu.esdihumboldt.hale.common.instance.geometry.CRSDefinitionUtilTest","eu.esdihumboldt.hale.common.instance.geometry.CRSDefinitionUtilTest","testEpsgCrsAxisOrder"
"","6","testReadDefaultTypeOverride","","Wed Jul 08 14:26:27 UTC 2026","passed","Wed Jul 08 14:26:27 UTC 2026","","eu.esdihumboldt.hale.io.json.test.JsonInstanceReaderTest","eu.esdihumboldt.hale.io.json.test.JsonInstanceReaderTest","testReadDefaultTypeOverride"
"","8","testEmpty","","Wed Jul 08 14:18:10 UTC 2026","passed","Wed Jul 08 14:18:10 UTC 2026","","eu.esdihumboldt.hale.common.schema.model.constraint.factory.type.EnumerationFactoryTest","eu.esdihumboldt.hale.common.schema.model.constraint.factory.type.EnumerationFactoryTest","testEmpty"
"","5","testNestedListMap2","","Wed Jul 08 14:29:45 UTC 2026","passed","Wed Jul 08 14:29:45 UTC 2026","","eu.esdihumboldt.util.groovy.json.JsonStreamBuilderTest","eu.esdihumboldt.util.groovy.json.JsonStreamBuilderTest","testNestedListMap2"
"","2","testCW3","","Wed Jul 08 14:29:28 UTC 2026","passed","Wed Jul 08 14:29:28 UTC 2026","","eu.esdihumboldt.util.geometry.interpolation.model.impl.ArcByCenterPointImplTest","eu.esdihumboldt.util.geometry.interpolation.model.impl.ArcByCenterPointImplTest","testCW3"
"","4464","checkComplexOrder","","Wed Jul 08 14:25:12 UTC 2026","passed","Wed Jul 08 14:25:16 UTC 2026","","eu.esdihumboldt.hale.io.jdbc.postgresql.test.CheckComplexTypeOrderIT","eu.esdihumboldt.hale.io.jdbc.postgresql.test.CheckComplexTypeOrderIT","checkComplexOrder"
"","1","testPrimitiveArray2","","Wed Jul 08 14:18:10 UTC 2026","passed","Wed Jul 08 14:18:10 UTC 2026","","eu.esdihumboldt.hale.common.schema.model.constraint.factory.type.BindingFactoryTest","eu.esdihumboldt.hale.common.schema.model.constraint.factory.type.BindingFactoryTest","testPrimitiveArray2"
"","9984","testSimpleAll","","Wed Jul 08 14:14:40 UTC 2026","passed","Wed Jul 08 14:14:50 UTC 2026","","eu.esdihumboldt.hale.common.align.groovy.accessor.EntityAccessorTest","eu.esdihumboldt.hale.common.align.groovy.accessor.EntityAccessorTest","testSimpleAll"
"","0","testGeometryPrimitive_32_CompositeCurve_MultiLineString","","Wed Jul 08 14:23:17 UTC 2026","skipped","Wed Jul 08 14:23:17 UTC 2026","","eu.esdihumboldt.hale.io.gml.writer.internal.StreamGmlWriter2Test","eu.esdihumboldt.hale.io.gml.writer.internal.StreamGmlWriter2Test","testGeometryPrimitive_32_CompositeCurve_MultiLineString"
"","12263","testParentBindung","","Wed Jul 08 14:23:34 UTC 2026","passed","Wed Jul 08 14:23:47 UTC 2026","","eu.esdihumboldt.hale.io.groovy.snippets.GroovySnippetsTest","eu.esdihumboldt.hale.io.groovy.snippets.GroovySnippetsTest","testParentBindung"
"","8","testLoad","","Wed Jul 08 14:28:56 UTC 2026","passed","Wed Jul 08 14:28:56 UTC 2026","","eu.esdihumboldt.hale.io.xsd.anytype.valuetypes.CustomTypeContentConfigurationTypeTest","eu.esdihumboldt.hale.io.xsd.anytype.valuetypes.CustomTypeContentConfigurationTypeTest","testLoad"
"","26","testRead_shiporder_unqualified","","Wed Jul 08 14:28:58 UTC 2026","passed","Wed Jul 08 14:28:58 UTC 2026","","eu.esdihumboldt.hale.io.xsd.reader.XmlSchemaReaderTest","eu.esdihumboldt.hale.io.xsd.reader.XmlSchemaReaderTest","testRead_shiporder_unqualified"
"","2","testNested","","Wed Jul 08 14:20:41 UTC 2026","passed","Wed Jul 08 14:20:41 UTC 2026","","eu.esdihumboldt.cst.functions.groovy.helpers.util.CollectorTest","eu.esdihumboldt.cst.functions.groovy.helpers.util.CollectorTest","testNested"
"","4","testNullNoSchema","","Wed Jul 08 14:16:24 UTC 2026","passed","Wed Jul 08 14:16:24 UTC 2026","","eu.esdihumboldt.hale.common.filter.ECQLFilterTest","eu.esdihumboldt.hale.common.filter.ECQLFilterTest","testNullNoSchema"
"","17","testReadNestedGeometryGeoJson","","Wed Jul 08 14:26:28 UTC 2026","passed","Wed Jul 08 14:26:28 UTC 2026","","eu.esdihumboldt.hale.io.json.test.JsonToInstanceTest","eu.esdihumboldt.hale.io.json.test.JsonToInstanceTest","testReadNestedGeometryGeoJson"
"","2","testIntKeys","","Wed Jul 08 14:20:41 UTC 2026","passed","Wed Jul 08 14:20:41 UTC 2026","","eu.esdihumboldt.cst.functions.groovy.helpers.util.CollectorTest","eu.esdihumboldt.cst.functions.groovy.helpers.util.CollectorTest","testIntKeys"
"","13210","testSha256_String","","Wed Jul 08 14:20:27 UTC 2026","passed","Wed Jul 08 14:20:41 UTC 2026","","eu.esdihumboldt.cst.functions.groovy.helpers.CryptoHelpersTest","eu.esdihumboldt.cst.functions.groovy.helpers.CryptoHelpersTest","testSha256_String"
"","0","testDefault","","Wed Jul 08 14:18:11 UTC 2026","passed","Wed Jul 08 14:18:11 UTC 2026","","eu.esdihumboldt.hale.common.schema.model.constraint.factory.type.PrimaryKeyFactoryTest","eu.esdihumboldt.hale.common.schema.model.constraint.factory.type.PrimaryKeyFactoryTest","testDefault"
"","7521","testGroovyContextFilterForHydro","","Wed Jul 08 14:13:02 UTC 2026","passed","Wed Jul 08 14:13:09 UTC 2026","","eu.esdihumboldt.hale.app.transform.test.ExecuteTest","eu.esdihumboldt.hale.app.transform.test.ExecuteTest","testGroovyContextFilterForHydro"
"","1","testCircle2","","Wed Jul 08 14:29:29 UTC 2026","passed","Wed Jul 08 14:29:29 UTC 2026","","eu.esdihumboldt.util.geometry.interpolation.model.impl.ArcByCenterPointImplTest","eu.esdihumboldt.util.geometry.interpolation.model.impl.ArcByCenterPointImplTest","testCircle2"
"","341","testGeometryAggregate_32_Point","","Wed Jul 08 14:23:27 UTC 2026","passed","Wed Jul 08 14:23:27 UTC 2026","","eu.esdihumboldt.hale.io.gml.writer.internal.StreamGmlWriterTest","eu.esdihumboldt.hale.io.gml.writer.internal.StreamGmlWriterTest","testGeometryAggregate_32_Point"
"","318","testGeometryAggregate_32_MultiLineString","","Wed Jul 08 14:23:28 UTC 2026","passed","Wed Jul 08 14:23:28 UTC 2026","","eu.esdihumboldt.hale.io.gml.writer.internal.StreamGmlWriterTest","eu.esdihumboldt.hale.io.gml.writer.internal.StreamGmlWriterTest","testGeometryAggregate_32_MultiLineString"
"","2","testSuccessSaveConfig","","Wed Jul 08 14:21:38 UTC 2026","skipped","Wed Jul 08 14:21:38 UTC 2026","","eu.esdihumboldt.hale.io.deegree.mapping.MappingWriterTest","eu.esdihumboldt.hale.io.deegree.mapping.MappingWriterTest","testSuccessSaveConfig"
"","8","testSize","","Wed Jul 08 14:16:40 UTC 2026","passed","Wed Jul 08 14:16:40 UTC 2026","","eu.esdihumboldt.hale.common.instance.tools.impl.SimplePartitionerTest","eu.esdihumboldt.hale.common.instance.tools.impl.SimplePartitionerTest","testSize"
"","54","testReadMultiSheetTypeNames","","Wed Jul 08 14:28:38 UTC 2026","passed","Wed Jul 08 14:28:38 UTC 2026","","eu.esdihumboldt.hale.io.xls.test.reader.XLSReaderTest","eu.esdihumboldt.hale.io.xls.test.reader.XLSReaderTest","testReadMultiSheetTypeNames"
"","0","testAschemaReader","","Wed Jul 08 14:24:31 UTC 2026","skipped","Wed Jul 08 14:24:31 UTC 2026","","eu.esdihumboldt.hale.io.jdbc.mssql.test.MsSQLServer14Test","eu.esdihumboldt.hale.io.jdbc.mssql.test.MsSQLServer14Test","testAschemaReader"
"","2","testMerge3","","Wed Jul 08 14:16:07 UTC 2026","passed","Wed Jul 08 14:16:07 UTC 2026","","eu.esdihumboldt.hale.common.core.report.util.StatsMergeTest","eu.esdihumboldt.hale.common.core.report.util.StatsMergeTest","testMerge3"
"","0","testHalfmoon","","Wed Jul 08 14:20:18 UTC 2026","passed","Wed Jul 08 14:20:18 UTC 2026","","eu.esdihumboldt.cst.functions.geometric.test.InteriorPointTest","eu.esdihumboldt.cst.functions.geometric.test.InteriorPointTest","testHalfmoon"
"","204","mergeJoinsWithJoin_abstract2","","Wed Jul 08 14:15:24 UTC 2026","passed","Wed Jul 08 14:15:25 UTC 2026","","eu.esdihumboldt.hale.common.align.merge.test.impl.JoinMergeTest","eu.esdihumboldt.hale.common.align.merge.test.impl.JoinMergeTest","mergeJoinsWithJoin_abstract2"
"","4299","testWriteRead","","Wed Jul 08 14:25:34 UTC 2026","passed","Wed Jul 08 14:25:38 UTC 2026","","eu.esdihumboldt.hale.io.jdbc.postgresql.test.OneDimensionalArraysIT","eu.esdihumboldt.hale.io.jdbc.postgresql.test.OneDimensionalArraysIT","testWriteRead"
"","4","testByPoints3AllGrid","","Wed Jul 08 14:29:28 UTC 2026","passed","Wed Jul 08 14:29:28 UTC 2026","","eu.esdihumboldt.util.geometry.interpolation.grid.GridInterpolationTest","eu.esdihumboldt.util.geometry.interpolation.grid.GridInterpolationTest","testByPoints3AllGrid"
"","0","testGroup","","Wed Jul 08 14:19:27 UTC 2026","skipped","Wed Jul 08 14:19:27 UTC 2026","","eu.esdihumboldt.cst.internal.ConceptualSchemaTransformerTest","eu.esdihumboldt.cst.internal.ConceptualSchemaTransformerTest","testGroup"
"","66","testWriteBigNumbers","","Wed Jul 08 14:22:10 UTC 2026","passed","Wed Jul 08 14:22:10 UTC 2026","","eu.esdihumboldt.hale.io.geopackage.GeopackageInstanceWriterTest","eu.esdihumboldt.hale.io.geopackage.GeopackageInstanceWriterTest","testWriteBigNumbers"
"","0","testInstanceValueExistsSchema","","Wed Jul 08 14:16:24 UTC 2026","skipped","Wed Jul 08 14:16:24 UTC 2026","","eu.esdihumboldt.hale.common.filter.ECQLFilterTest","eu.esdihumboldt.hale.common.filter.ECQLFilterTest","testInstanceValueExistsSchema"
"","0","testQ3","","Wed Jul 08 14:29:28 UTC 2026","passed","Wed Jul 08 14:29:28 UTC 2026","","eu.esdihumboldt.util.geometry.interpolation.grid.GridUtilTest","eu.esdihumboldt.util.geometry.interpolation.grid.GridUtilTest","testQ3"
"","721","testExportPropertyJoin","","Wed Jul 08 14:24:11 UTC 2026","passed","Wed Jul 08 14:24:12 UTC 2026","","eu.esdihumboldt.hale.io.html.svg.json.JsonMappingExporterTest","eu.esdihumboldt.hale.io.html.svg.json.JsonMappingExporterTest","testExportPropertyJoin"
"","3","testNoRef","","Wed Jul 08 14:18:10 UTC 2026","passed","Wed Jul 08 14:18:10 UTC 2026","","eu.esdihumboldt.hale.common.schema.model.constraint.factory.property.ReferenceFactoryTest","eu.esdihumboldt.hale.common.schema.model.constraint.factory.property.ReferenceFactoryTest","testNoRef"
"","38","testEmpty","","Wed Jul 08 14:18:11 UTC 2026","passed","Wed Jul 08 14:18:11 UTC 2026","","eu.esdihumboldt.hale.common.schema.model.constraint.factory.type.ValidationConstraintFactoryTest","eu.esdihumboldt.hale.common.schema.model.constraint.factory.type.ValidationConstraintFactoryTest","testEmpty"
"","9","testTimeEquals","","Wed Jul 08 14:16:23 UTC 2026","passed","Wed Jul 08 14:16:23 UTC 2026","","eu.esdihumboldt.hale.common.filter.CQLFilterTest","eu.esdihumboldt.hale.common.filter.CQLFilterTest","testTimeEquals"
"","273","testLarge","","Wed Jul 08 14:29:29 UTC 2026","passed","Wed Jul 08 14:29:29 UTC 2026","","eu.esdihumboldt.util.geometry.interpolation.split.SplitInterpolationTest","eu.esdihumboldt.util.geometry.interpolation.split.SplitInterpolationTest","testLarge"
"","704","testInvalidMaxNodes","","Wed Jul 08 14:29:29 UTC 2026","passed","Wed Jul 08 14:29:30 UTC 2026","","eu.esdihumboldt.util.geometry.quadtree.QuadtreeTest","eu.esdihumboldt.util.geometry.quadtree.QuadtreeTest","testInvalidMaxNodes"
"","2","simpleFilterTestCQL","","Wed Jul 08 14:16:27 UTC 2026","passed","Wed Jul 08 14:16:27 UTC 2026","","eu.esdihumboldt.hale.common.filter.FilterTest","eu.esdihumboldt.hale.common.filter.FilterTest","simpleFilterTestCQL"
"","5","testGetReferencesNested","","Wed Jul 08 14:16:24 UTC 2026","passed","Wed Jul 08 14:16:24 UTC 2026","","eu.esdihumboldt.hale.common.filter.ECQLFilterTest","eu.esdihumboldt.hale.common.filter.ECQLFilterTest","testGetReferencesNested"
"","6","testHalfCircleAllGrid","","Wed Jul 08 14:29:28 UTC 2026","passed","Wed Jul 08 14:29:28 UTC 2026","","eu.esdihumboldt.util.geometry.interpolation.grid.GridInterpolationTest","eu.esdihumboldt.util.geometry.interpolation.grid.GridInterpolationTest","testHalfCircleAllGrid"
"","33","testGmlReferencesMultiPart","","Wed Jul 08 14:16:56 UTC 2026","passed","Wed Jul 08 14:16:56 UTC 2026","","eu.esdihumboldt.hale.common.instance.graph.test.ReferenceGraphTest","eu.esdihumboldt.hale.common.instance.graph.test.ReferenceGraphTest","testGmlReferencesMultiPart"
"","118","testPropertyCondition2","","Wed Jul 08 14:19:42 UTC 2026","passed","Wed Jul 08 14:19:42 UTC 2026","","eu.esdihumboldt.cst.internal.ConceptualSchemaTransformerTest","eu.esdihumboldt.cst.internal.ConceptualSchemaTransformerTest","testPropertyCondition2"
"","7","testNamespace","","Wed Jul 08 14:18:28 UTC 2026","passed","Wed Jul 08 14:18:28 UTC 2026","","eu.esdihumboldt.hale.common.schema.groovy.DefinitionAccessorTest","eu.esdihumboldt.hale.common.schema.groovy.DefinitionAccessorTest","testNamespace"
"","0","testFileRelative2","","Wed Jul 08 14:28:56 UTC 2026","passed","Wed Jul 08 14:28:56 UTC 2026","","eu.esdihumboldt.hale.io.xsd.reader.HumboldtURIResolverTest","eu.esdihumboldt.hale.io.xsd.reader.HumboldtURIResolverTest","testFileRelative2"
"","34231","testReferenceWriting","","Wed Jul 08 14:24:37 UTC 2026","passed","Wed Jul 08 14:25:11 UTC 2026","","eu.esdihumboldt.hale.io.jdbc.postgresql.test.AutoGenKeyReferenceIT","eu.esdihumboldt.hale.io.jdbc.postgresql.test.AutoGenKeyReferenceIT","testReferenceWriting"
"","270","testCondition1","","Wed Jul 08 14:15:17 UTC 2026","passed","Wed Jul 08 14:15:17 UTC 2026","","eu.esdihumboldt.hale.common.align.merge.test.impl.DefaultMergeCellMigratorTest","eu.esdihumboldt.hale.common.align.merge.test.impl.DefaultMergeCellMigratorTest","testCondition1"
"","50","testMerge","","Wed Jul 08 14:16:07 UTC 2026","passed","Wed Jul 08 14:16:07 UTC 2026","","eu.esdihumboldt.hale.common.core.report.util.StatsMergeTest","eu.esdihumboldt.hale.common.core.report.util.StatsMergeTest","testMerge"
"","8","testNotEqualList","","Wed Jul 08 14:16:24 UTC 2026","passed","Wed Jul 08 14:16:24 UTC 2026","","eu.esdihumboldt.hale.common.filter.CQLFilterTest","eu.esdihumboldt.hale.common.filter.CQLFilterTest","testNotEqualList"
"","4207","testExcludeTypeForHydro","","Wed Jul 08 14:13:47 UTC 2026","passed","Wed Jul 08 14:13:51 UTC 2026","","eu.esdihumboldt.hale.app.transform.test.ExecuteTest","eu.esdihumboldt.hale.app.transform.test.ExecuteTest","testExcludeTypeForHydro"
"","15","testReadSimpleChoice","","Wed Jul 08 14:26:28 UTC 2026","passed","Wed Jul 08 14:26:28 UTC 2026","","eu.esdihumboldt.hale.io.json.test.JsonToInstanceTest","eu.esdihumboldt.hale.io.json.test.JsonToInstanceTest","testReadSimpleChoice"
"","34","testRead_shiporder_types_reverse","","Wed Jul 08 14:28:58 UTC 2026","passed","Wed Jul 08 14:28:58 UTC 2026","","eu.esdihumboldt.hale.io.xsd.reader.XmlSchemaReaderTest","eu.esdihumboldt.hale.io.xsd.reader.XmlSchemaReaderTest","testRead_shiporder_types_reverse"
"","2","testCCW","","Wed Jul 08 14:29:29 UTC 2026","passed","Wed Jul 08 14:29:29 UTC 2026","","eu.esdihumboldt.util.geometry.interpolation.model.impl.ArcByPointsImplTest","eu.esdihumboldt.util.geometry.interpolation.model.impl.ArcByPointsImplTest","testCCW"
"","263","testTypeFilter4","","Wed Jul 08 14:15:19 UTC 2026","passed","Wed Jul 08 14:15:19 UTC 2026","","eu.esdihumboldt.hale.common.align.merge.test.impl.DefaultMergeCellMigratorTest","eu.esdihumboldt.hale.common.align.merge.test.impl.DefaultMergeCellMigratorTest","testTypeFilter4"
"","505","testReadXsdInstancesResultPrefix2","","Wed Jul 08 14:27:31 UTC 2026","passed","Wed Jul 08 14:27:32 UTC 2026","","eu.esdihumboldt.hale.io.shp.ShapeInstanceReaderTest","eu.esdihumboldt.hale.io.shp.ShapeInstanceReaderTest","testReadXsdInstancesResultPrefix2"
"","5","testGeoBboxList","","Wed Jul 08 14:16:24 UTC 2026","passed","Wed Jul 08 14:16:24 UTC 2026","","eu.esdihumboldt.hale.common.filter.ECQLFilterTest","eu.esdihumboldt.hale.common.filter.ECQLFilterTest","testGeoBboxList"
"","63","testNoSpatialIndexCreation","","Wed Jul 08 14:22:10 UTC 2026","passed","Wed Jul 08 14:22:10 UTC 2026","","eu.esdihumboldt.hale.io.geopackage.GeopackageInstanceWriterTest","eu.esdihumboldt.hale.io.geopackage.GeopackageInstanceWriterTest","testNoSpatialIndexCreation"
"","774","testReadWithCommaDecimal","","Wed Jul 08 14:21:19 UTC 2026","passed","Wed Jul 08 14:21:19 UTC 2026","","eu.esdihumboldt.hale.io.csv.CSVInstanceReaderTest","eu.esdihumboldt.hale.io.csv.CSVInstanceReaderTest","testReadWithCommaDecimal"
"","3","testJsonBuilderRawJson","","Wed Jul 08 14:29:45 UTC 2026","passed","Wed Jul 08 14:29:45 UTC 2026","","eu.esdihumboldt.util.groovy.json.JsonStreamBuilderTest","eu.esdihumboldt.util.groovy.json.JsonStreamBuilderTest","testJsonBuilderRawJson"
"","0","testMulti1","","Wed Jul 08 14:20:18 UTC 2026","passed","Wed Jul 08 14:20:18 UTC 2026","","eu.esdihumboldt.cst.functions.geometric.test.InteriorPointTest","eu.esdihumboldt.cst.functions.geometric.test.InteriorPointTest","testMulti1"
"","95","testBaseNameFromFile","","Wed Jul 08 14:27:19 UTC 2026","passed","Wed Jul 08 14:27:20 UTC 2026","","eu.esdihumboldt.hale.io.shp.ShapeInstanceReaderTest","eu.esdihumboldt.hale.io.shp.ShapeInstanceReaderTest","testBaseNameFromFile"
"","4","testEqualityList","","Wed Jul 08 14:16:24 UTC 2026","passed","Wed Jul 08 14:16:24 UTC 2026","","eu.esdihumboldt.hale.common.filter.ECQLFilterTest","eu.esdihumboldt.hale.common.filter.ECQLFilterTest","testEqualityList"
"","6","testGetReferencesSimple","","Wed Jul 08 14:16:23 UTC 2026","passed","Wed Jul 08 14:16:23 UTC 2026","","eu.esdihumboldt.hale.common.filter.CQLFilterTest","eu.esdihumboldt.hale.common.filter.CQLFilterTest","testGetReferencesSimple"
"","1311","testToFrom","","Wed Jul 08 14:20:18 UTC 2026","passed","Wed Jul 08 14:20:19 UTC 2026","","eu.esdihumboldt.cst.functions.geometric.test.join.SpatialJoinParameterTest","eu.esdihumboldt.cst.functions.geometric.test.join.SpatialJoinParameterTest","testToFrom"
"","312","testWfsNonPaginated","","Wed Jul 08 14:23:10 UTC 2026","passed","Wed Jul 08 14:23:10 UTC 2026","","eu.esdihumboldt.hale.io.gml.reader.internal.StreamGmlReaderTest","eu.esdihumboldt.hale.io.gml.reader.internal.StreamGmlReaderTest","testWfsNonPaginated"
"","334","testReadXsdInstancesTypenameWithNamespace","","Wed Jul 08 14:27:33 UTC 2026","passed","Wed Jul 08 14:27:34 UTC 2026","","eu.esdihumboldt.hale.io.shp.ShapeInstanceReaderTest","eu.esdihumboldt.hale.io.shp.ShapeInstanceReaderTest","testReadXsdInstancesTypenameWithNamespace"
"","5","testByPoints1","","Wed Jul 08 14:29:29 UTC 2026","passed","Wed Jul 08 14:29:29 UTC 2026","","eu.esdihumboldt.util.geometry.interpolation.split.SplitInterpolationTest","eu.esdihumboldt.util.geometry.interpolation.split.SplitInterpolationTest","testByPoints1"
"","41","testRead_shiporder_divided","","Wed Jul 08 14:28:58 UTC 2026","passed","Wed Jul 08 14:28:58 UTC 2026","","eu.esdihumboldt.hale.io.xsd.reader.XmlSchemaReaderTest","eu.esdihumboldt.hale.io.xsd.reader.XmlSchemaReaderTest","testRead_shiporder_divided"
"","435","testDoesNotExistSchema","","Wed Jul 08 14:16:23 UTC 2026","passed","Wed Jul 08 14:16:24 UTC 2026","","eu.esdihumboldt.hale.common.filter.CQLFilterTest","eu.esdihumboldt.hale.common.filter.CQLFilterTest","testDoesNotExistSchema"
"","175","testInnerJoin","","Wed Jul 08 14:19:31 UTC 2026","passed","Wed Jul 08 14:19:32 UTC 2026","","eu.esdihumboldt.cst.internal.ConceptualSchemaTransformerTest","eu.esdihumboldt.cst.internal.ConceptualSchemaTransformerTest","testInnerJoin"
"","2189","testComplexInstancesECQL","","Wed Jul 08 14:16:24 UTC 2026","passed","Wed Jul 08 14:16:27 UTC 2026","","eu.esdihumboldt.hale.common.filter.FilterTest","eu.esdihumboldt.hale.common.filter.FilterTest","testComplexInstancesECQL"
"","4020","testConnection","","Wed Jul 08 14:25:17 UTC 2026","passed","Wed Jul 08 14:25:21 UTC 2026","","eu.esdihumboldt.hale.io.jdbc.postgresql.test.DatabaseIT","eu.esdihumboldt.hale.io.jdbc.postgresql.test.DatabaseIT","testConnection"
"","18","testGmlReferences","","Wed Jul 08 14:16:56 UTC 2026","passed","Wed Jul 08 14:16:56 UTC 2026","","eu.esdihumboldt.hale.common.instance.graph.test.ReferenceGraphTest","eu.esdihumboldt.hale.common.instance.graph.test.ReferenceGraphTest","testGmlReferences"
"","0","testHttpAbsoluteOtherFile","","Wed Jul 08 14:28:56 UTC 2026","passed","Wed Jul 08 14:28:56 UTC 2026","","eu.esdihumboldt.hale.io.xsd.reader.HumboldtURIResolverTest","eu.esdihumboldt.hale.io.xsd.reader.HumboldtURIResolverTest","testHttpAbsoluteOtherFile"
"","0","testFormatter[8]","","Wed Jul 08 14:29:24 UTC 2026","passed","Wed Jul 08 14:29:24 UTC 2026","","eu.esdihumboldt.util.geometry.DecimalFormatUtilTest","eu.esdihumboldt.util.geometry.DecimalFormatUtilTest","testFormatter[8]"
"","15","testEnabled","","Wed Jul 08 14:18:10 UTC 2026","passed","Wed Jul 08 14:18:10 UTC 2026","","eu.esdihumboldt.hale.common.schema.model.constraint.factory.type.AbstractFlagFactoryTest","eu.esdihumboldt.hale.common.schema.model.constraint.factory.type.AbstractFlagFactoryTest","testEnabled"
"","14","testGeoJsonSimple_14","","Wed Jul 08 14:26:25 UTC 2026","passed","Wed Jul 08 14:26:25 UTC 2026","","eu.esdihumboldt.hale.io.json.test.InstanceToJsonTest","eu.esdihumboldt.hale.io.json.test.InstanceToJsonTest","testGeoJsonSimple_14"
"","175","testArray","","Wed Jul 08 14:26:27 UTC 2026","passed","Wed Jul 08 14:26:27 UTC 2026","","eu.esdihumboldt.hale.io.json.test.JsonSchemaReaderTest","eu.esdihumboldt.hale.io.json.test.JsonSchemaReaderTest","testArray"
"","0","testGeometry_2_MultiPolygon","","Wed Jul 08 14:23:28 UTC 2026","skipped","Wed Jul 08 14:23:28 UTC 2026","","eu.esdihumboldt.hale.io.gml.writer.internal.StreamGmlWriterTest","eu.esdihumboldt.hale.io.gml.writer.internal.StreamGmlWriterTest","testGeometry_2_MultiPolygon"
"","8","testEdgeCases","","Wed Jul 08 14:29:45 UTC 2026","passed","Wed Jul 08 14:29:45 UTC 2026","","eu.esdihumboldt.util.groovy.json.JsonStreamBuilderTest","eu.esdihumboldt.util.groovy.json.JsonStreamBuilderTest","testEdgeCases"
"","10801","testCellDisableSaveLoad","","Wed Jul 08 14:14:21 UTC 2026","passed","Wed Jul 08 14:14:32 UTC 2026","","eu.esdihumboldt.hale.common.align.io.JaxbAlignmentIOTest","eu.esdihumboldt.hale.common.align.io.JaxbAlignmentIOTest","testCellDisableSaveLoad"
"","320","testGeometryPrimitive_32_MultiPolygon","","Wed Jul 08 14:23:29 UTC 2026","passed","Wed Jul 08 14:23:29 UTC 2026","","eu.esdihumboldt.hale.io.gml.writer.internal.StreamGmlWriterTest","eu.esdihumboldt.hale.io.gml.writer.internal.StreamGmlWriterTest","testGeometryPrimitive_32_MultiPolygon"
"","5","testDescriptions","","Wed Jul 08 14:18:28 UTC 2026","passed","Wed Jul 08 14:18:28 UTC 2026","","eu.esdihumboldt.hale.common.schema.groovy.SchemaBuilderTest","eu.esdihumboldt.hale.common.schema.groovy.SchemaBuilderTest","testDescriptions"
"","244","testTypeFilter2Present","","Wed Jul 08 14:15:21 UTC 2026","passed","Wed Jul 08 14:15:21 UTC 2026","","eu.esdihumboldt.hale.common.align.merge.test.impl.DefaultMergeCellMigratorTest","eu.esdihumboldt.hale.common.align.merge.test.impl.DefaultMergeCellMigratorTest","testTypeFilter2Present"
"","1","testRead4","","Wed Jul 08 14:21:20 UTC 2026","passed","Wed Jul 08 14:21:20 UTC 2026","","eu.esdihumboldt.hale.io.csv.CSVSchemaReaderTest","eu.esdihumboldt.hale.io.csv.CSVSchemaReaderTest","testRead4"
"","57","testWriteSimpleSchemaColOrder","","Wed Jul 08 14:21:34 UTC 2026","passed","Wed Jul 08 14:21:34 UTC 2026","","eu.esdihumboldt.hale.io.csv.writer.CSVInstanceWriterTest","eu.esdihumboldt.hale.io.csv.writer.CSVInstanceWriterTest","testWriteSimpleSchemaColOrder"
"","2","testCCW1","","Wed Jul 08 14:29:28 UTC 2026","passed","Wed Jul 08 14:29:29 UTC 2026","","eu.esdihumboldt.util.geometry.interpolation.model.impl.ArcByCenterPointImplTest","eu.esdihumboldt.util.geometry.interpolation.model.impl.ArcByCenterPointImplTest","testCCW1"
"","0","testUnifyEmpty","","Wed Jul 08 14:29:28 UTC 2026","passed","Wed Jul 08 14:29:28 UTC 2026","","eu.esdihumboldt.util.geometry.WindingOrderTest","eu.esdihumboldt.util.geometry.WindingOrderTest","testUnifyEmpty"
"","17308","testTypeFilter2Property","","Wed Jul 08 14:14:58 UTC 2026","passed","Wed Jul 08 14:15:16 UTC 2026","","eu.esdihumboldt.hale.common.align.merge.test.impl.DefaultMergeCellMigratorTest","eu.esdihumboldt.hale.common.align.merge.test.impl.DefaultMergeCellMigratorTest","testTypeFilter2Property"
"","22","testReadSimple","","Wed Jul 08 14:28:38 UTC 2026","passed","Wed Jul 08 14:28:38 UTC 2026","","eu.esdihumboldt.hale.io.xls.test.reader.XLSReaderTest","eu.esdihumboldt.hale.io.xls.test.reader.XLSReaderTest","testReadSimple"
"","9","testSKOSFromRDF5_language_nl","","Wed Jul 08 14:21:08 UTC 2026","passed","Wed Jul 08 14:21:08 UTC 2026","","eu.esdihumboldt.hale.io.codelist.skos.test.SkosCodeListTest","eu.esdihumboldt.hale.io.codelist.skos.test.SkosCodeListTest","testSKOSFromRDF5_language_nl"
"","143","testGmlReferencesMultiPartFill","","Wed Jul 08 14:16:56 UTC 2026","passed","Wed Jul 08 14:16:56 UTC 2026","","eu.esdihumboldt.hale.common.instance.graph.test.ReferenceGraphTest","eu.esdihumboldt.hale.common.instance.graph.test.ReferenceGraphTest","testGmlReferencesMultiPartFill"
"","27","testReadXsdInstancesTypenameAmbiguousLocalNameWithNamespace2","","Wed Jul 08 14:27:32 UTC 2026","passed","Wed Jul 08 14:27:32 UTC 2026","","eu.esdihumboldt.hale.io.shp.ShapeInstanceReaderTest","eu.esdihumboldt.hale.io.shp.ShapeInstanceReaderTest","testReadXsdInstancesTypenameAmbiguousLocalNameWithNamespace2"
"","191","testTypeFilter6Present","","Wed Jul 08 14:15:20 UTC 2026","passed","Wed Jul 08 14:15:20 UTC 2026","","eu.esdihumboldt.hale.common.align.merge.test.impl.DefaultMergeCellMigratorTest","eu.esdihumboldt.hale.common.align.merge.test.impl.DefaultMergeCellMigratorTest","testTypeFilter6Present"
"","292","mergeJoinsWithJoin_sample_hydro","","Wed Jul 08 14:15:24 UTC 2026","passed","Wed Jul 08 14:15:24 UTC 2026","","eu.esdihumboldt.hale.common.align.merge.test.impl.JoinMergeTest","eu.esdihumboldt.hale.common.align.merge.test.impl.JoinMergeTest","mergeJoinsWithJoin_sample_hydro"
"","23","testJsonBuilderSameNameFail","","Wed Jul 08 14:29:45 UTC 2026","passed","Wed Jul 08 14:29:45 UTC 2026","","eu.esdihumboldt.util.groovy.json.JsonStreamBuilderTest","eu.esdihumboldt.util.groovy.json.JsonStreamBuilderTest","testJsonBuilderSameNameFail"
"","186","testFilterSame4","","Wed Jul 08 14:15:17 UTC 2026","passed","Wed Jul 08 14:15:18 UTC 2026","","eu.esdihumboldt.hale.common.align.merge.test.impl.DefaultMergeCellMigratorTest","eu.esdihumboldt.hale.common.align.merge.test.impl.DefaultMergeCellMigratorTest","testFilterSame4"
"","150","testStringValueList","","Wed Jul 08 14:16:06 UTC 2026","passed","Wed Jul 08 14:16:06 UTC 2026","","eu.esdihumboldt.hale.common.core.io.impl.ValueListTypeTest","eu.esdihumboldt.hale.common.core.io.impl.ValueListTypeTest","testStringValueList"
"","26","testOffsetCircle","","Wed Jul 08 14:29:29 UTC 2026","passed","Wed Jul 08 14:29:29 UTC 2026","","eu.esdihumboldt.util.geometry.interpolation.split.SplitInterpolationTest","eu.esdihumboldt.util.geometry.interpolation.split.SplitInterpolationTest","testOffsetCircle"
"","160","testInnerJoinFirstLevel","","Wed Jul 08 14:19:39 UTC 2026","passed","Wed Jul 08 14:19:39 UTC 2026","","eu.esdihumboldt.cst.internal.ConceptualSchemaTransformerTest","eu.esdihumboldt.cst.internal.ConceptualSchemaTransformerTest","testInnerJoinFirstLevel"
"","372","testGeometryPrimitive_32_MultiLineString_Curve1","","Wed Jul 08 14:23:24 UTC 2026","passed","Wed Jul 08 14:23:25 UTC 2026","","eu.esdihumboldt.hale.io.gml.writer.internal.StreamGmlWriterTest","eu.esdihumboldt.hale.io.gml.writer.internal.StreamGmlWriterTest","testGeometryPrimitive_32_MultiLineString_Curve1"
"","4","testSimpleSingleLax","","Wed Jul 08 14:18:28 UTC 2026","passed","Wed Jul 08 14:18:28 UTC 2026","","eu.esdihumboldt.hale.common.schema.groovy.DefinitionAccessorTest","eu.esdihumboldt.hale.common.schema.groovy.DefinitionAccessorTest","testSimpleSingleLax"
"","75","testCMMulti2","","Wed Jul 08 14:19:41 UTC 2026","passed","Wed Jul 08 14:19:41 UTC 2026","","eu.esdihumboldt.cst.internal.ConceptualSchemaTransformerTest","eu.esdihumboldt.cst.internal.ConceptualSchemaTransformerTest","testCMMulti2"
"","640","testNesting","","Wed Jul 08 14:14:51 UTC 2026","passed","Wed Jul 08 14:14:52 UTC 2026","","eu.esdihumboldt.hale.common.align.groovy.accessor.EntityAccessorTest","eu.esdihumboldt.hale.common.align.groovy.accessor.EntityAccessorTest","testNesting"
"","1683","testAppInfo","","Wed Jul 08 14:28:56 UTC 2026","passed","Wed Jul 08 14:28:57 UTC 2026","","eu.esdihumboldt.hale.io.xsd.reader.XmlSchemaReaderMoreTest","eu.esdihumboldt.hale.io.xsd.reader.XmlSchemaReaderMoreTest","testAppInfo"
"","0","testIterateRest","","Wed Jul 08 14:16:40 UTC 2026","passed","Wed Jul 08 14:16:40 UTC 2026","","eu.esdihumboldt.hale.common.instance.tools.impl.SimplePartitionerTest","eu.esdihumboldt.hale.common.instance.tools.impl.SimplePartitionerTest","testIterateRest"
"","5","testGeoContains","","Wed Jul 08 14:16:24 UTC 2026","passed","Wed Jul 08 14:16:24 UTC 2026","","eu.esdihumboldt.hale.common.filter.ECQLFilterTest","eu.esdihumboldt.hale.common.filter.ECQLFilterTest","testGeoContains"
"","75","simpleSchemaTestECQL","","Wed Jul 08 14:16:28 UTC 2026","passed","Wed Jul 08 14:16:28 UTC 2026","","eu.esdihumboldt.hale.common.filter.FilterTest","eu.esdihumboldt.hale.common.filter.FilterTest","simpleSchemaTestECQL"
"","18","testNumberList","","Wed Jul 08 14:16:23 UTC 2026","passed","Wed Jul 08 14:16:23 UTC 2026","","eu.esdihumboldt.hale.common.filter.CQLFilterTest","eu.esdihumboldt.hale.common.filter.CQLFilterTest","testNumberList"
"","5","testValues","","Wed Jul 08 14:18:10 UTC 2026","passed","Wed Jul 08 14:18:10 UTC 2026","","eu.esdihumboldt.hale.common.schema.model.constraint.factory.type.EnumerationFactoryTest","eu.esdihumboldt.hale.common.schema.model.constraint.factory.type.EnumerationFactoryTest","testValues"
"","0","testSame","","Wed Jul 08 14:15:54 UTC 2026","passed","Wed Jul 08 14:15:54 UTC 2026","","eu.esdihumboldt.hale.common.core.io.PathUpdateTest","eu.esdihumboldt.hale.common.core.io.PathUpdateTest","testSame"
"","199","testNgaSpatialIndexCreation","","Wed Jul 08 14:22:09 UTC 2026","passed","Wed Jul 08 14:22:10 UTC 2026","","eu.esdihumboldt.hale.io.geopackage.GeopackageInstanceWriterTest","eu.esdihumboldt.hale.io.geopackage.GeopackageInstanceWriterTest","testNgaSpatialIndexCreation"
"","2","testTrueFalse","","Wed Jul 08 14:18:28 UTC 2026","passed","Wed Jul 08 14:18:28 UTC 2026","","eu.esdihumboldt.hale.common.schema.groovy.constraints.TypeAbstractFactoryTest","eu.esdihumboldt.hale.common.schema.groovy.constraints.TypeAbstractFactoryTest","testTrueFalse"
"","5","testNullNotExistsNoSchema","","Wed Jul 08 14:16:24 UTC 2026","passed","Wed Jul 08 14:16:24 UTC 2026","","eu.esdihumboldt.hale.common.filter.CQLFilterTest","eu.esdihumboldt.hale.common.filter.CQLFilterTest","testNullNotExistsNoSchema"
"","257","testPropertyJoinNonMatchingTypes","","Wed Jul 08 14:19:30 UTC 2026","passed","Wed Jul 08 14:19:30 UTC 2026","","eu.esdihumboldt.cst.internal.ConceptualSchemaTransformerTest","eu.esdihumboldt.cst.internal.ConceptualSchemaTransformerTest","testPropertyJoinNonMatchingTypes"
"","7","testNamespaceIndex","","Wed Jul 08 14:14:51 UTC 2026","passed","Wed Jul 08 14:14:51 UTC 2026","","eu.esdihumboldt.hale.common.align.groovy.accessor.EntityAccessorTest","eu.esdihumboldt.hale.common.align.groovy.accessor.EntityAccessorTest","testNamespaceIndex"
"","267","testJoinMultiCond_1","","Wed Jul 08 14:19:43 UTC 2026","passed","Wed Jul 08 14:19:44 UTC 2026","","eu.esdihumboldt.cst.internal.ConceptualSchemaTransformerTest","eu.esdihumboldt.cst.internal.ConceptualSchemaTransformerTest","testJoinMultiCond_1"
"","14","testEnabled","","Wed Jul 08 14:18:11 UTC 2026","passed","Wed Jul 08 14:18:11 UTC 2026","","eu.esdihumboldt.hale.common.schema.model.constraint.factory.type.SkipValidationFactoryTest","eu.esdihumboldt.hale.common.schema.model.constraint.factory.type.SkipValidationFactoryTest","testEnabled"
"","2421","testReadXsdInstances","","Wed Jul 08 14:27:20 UTC 2026","passed","Wed Jul 08 14:27:22 UTC 2026","","eu.esdihumboldt.hale.io.shp.ShapeInstanceReaderTest","eu.esdihumboldt.hale.io.shp.ShapeInstanceReaderTest","testReadXsdInstances"
"","1","testCircle","","Wed Jul 08 14:29:29 UTC 2026","passed","Wed Jul 08 14:29:29 UTC 2026","","eu.esdihumboldt.util.geometry.interpolation.model.impl.ArcByPointsImplTest","eu.esdihumboldt.util.geometry.interpolation.model.impl.ArcByPointsImplTest","testCircle"
"","7","testGeoBbox","","Wed Jul 08 14:16:24 UTC 2026","passed","Wed Jul 08 14:16:24 UTC 2026","","eu.esdihumboldt.hale.common.filter.ECQLFilterTest","eu.esdihumboldt.hale.common.filter.ECQLFilterTest","testGeoBbox"
"","2","testBooleanProperty","","Wed Jul 08 14:26:27 UTC 2026","passed","Wed Jul 08 14:26:27 UTC 2026","","eu.esdihumboldt.hale.io.json.test.JsonSchemaReaderTest","eu.esdihumboldt.hale.io.json.test.JsonSchemaReaderTest","testBooleanProperty"
"","2","testDefault","","Wed Jul 08 14:18:10 UTC 2026","passed","Wed Jul 08 14:18:10 UTC 2026","","eu.esdihumboldt.hale.common.schema.model.constraint.factory.type.AugmentedValueFlagFactoryTest","eu.esdihumboldt.hale.common.schema.model.constraint.factory.type.AugmentedValueFlagFactoryTest","testDefault"
"","0","testProjectSubfolder","","Wed Jul 08 14:15:54 UTC 2026","passed","Wed Jul 08 14:15:54 UTC 2026","","eu.esdihumboldt.hale.common.core.io.PathUpdateTest","eu.esdihumboldt.hale.common.core.io.PathUpdateTest","testProjectSubfolder"
"","10","testDoubleConsume","","Wed Jul 08 14:16:07 UTC 2026","passed","Wed Jul 08 14:16:07 UTC 2026","","eu.esdihumboldt.hale.common.core.io.supplier.LookupStreamResourceTest","eu.esdihumboldt.hale.common.core.io.supplier.LookupStreamResourceTest","testDoubleConsume"
"","88","testTriangle","","Wed Jul 08 14:20:18 UTC 2026","passed","Wed Jul 08 14:20:18 UTC 2026","","eu.esdihumboldt.cst.functions.geometric.test.InteriorPointTest","eu.esdihumboldt.cst.functions.geometric.test.InteriorPointTest","testTriangle"
"","71","testOffsetBig","","Wed Jul 08 14:29:29 UTC 2026","passed","Wed Jul 08 14:29:29 UTC 2026","","eu.esdihumboldt.util.geometry.interpolation.split.SplitInterpolationTest","eu.esdihumboldt.util.geometry.interpolation.split.SplitInterpolationTest","testOffsetBig"
"","0","testInstanceValueExistsSchema","","Wed Jul 08 14:16:23 UTC 2026","skipped","Wed Jul 08 14:16:23 UTC 2026","","eu.esdihumboldt.hale.common.filter.CQLFilterTest","eu.esdihumboldt.hale.common.filter.CQLFilterTest","testInstanceValueExistsSchema"
"","42","testBothWays","","Wed Jul 08 14:28:56 UTC 2026","passed","Wed Jul 08 14:28:56 UTC 2026","","eu.esdihumboldt.hale.io.xsd.anytype.valuetypes.CustomTypeContentConfigurationTypeTest","eu.esdihumboldt.hale.io.xsd.anytype.valuetypes.CustomTypeContentConfigurationTypeTest","testBothWays"
"","168","testThread","","Wed Jul 08 14:30:09 UTC 2026","passed","Wed Jul 08 14:30:09 UTC 2026","","eu.esdihumboldt.util.orient.embedded.LocalDocumentTest","eu.esdihumboldt.util.orient.embedded.LocalDocumentTest","testThread"
"","29","testValueListValueList","","Wed Jul 08 14:16:06 UTC 2026","passed","Wed Jul 08 14:16:06 UTC 2026","","eu.esdihumboldt.hale.common.core.io.impl.ValueListTypeTest","eu.esdihumboldt.hale.common.core.io.impl.ValueListTypeTest","testValueListValueList"
"","1","eu.esdihumboldt.util.blueprints.entities.test.VertexEntityTransformationTest","","Wed Jul 08 14:29:06 UTC 2026","skipped","Wed Jul 08 14:29:06 UTC 2026","","eu.esdihumboldt.util.blueprints.entities.test.VertexEntityTransformationTest","eu.esdihumboldt.util.blueprints.entities.test.VertexEntityTransformationTest","eu.esdihumboldt.util.blueprints.entities.test.VertexEntityTransformationTest"
"","9","testList","","Wed Jul 08 14:20:41 UTC 2026","passed","Wed Jul 08 14:20:41 UTC 2026","","eu.esdihumboldt.cst.functions.groovy.helpers.util.CollectorTest","eu.esdihumboldt.cst.functions.groovy.helpers.util.CollectorTest","testList"
"","912","testInspireCodespaceNoAutoAdd","","Wed Jul 08 14:23:16 UTC 2026","passed","Wed Jul 08 14:23:17 UTC 2026","","eu.esdihumboldt.hale.io.gml.writer.internal.StreamGmlWriter2Test","eu.esdihumboldt.hale.io.gml.writer.internal.StreamGmlWriter2Test","testInspireCodespaceNoAutoAdd"
"","14","testReadVersion4","","Wed Jul 08 14:26:05 UTC 2026","passed","Wed Jul 08 14:26:05 UTC 2026","","eu.esdihumboldt.hale.io.jdbc.spatialite.reader.internal.SpatiaLiteSchemaReaderTest","eu.esdihumboldt.hale.io.jdbc.spatialite.reader.internal.SpatiaLiteSchemaReaderTest","testReadVersion4"
"","0","testCopyISOTC211","","Wed Jul 08 14:16:07 UTC 2026","skipped","Wed Jul 08 14:16:07 UTC 2026","","eu.esdihumboldt.hale.common.core.io.project.util.XMLPathUpdaterTest","eu.esdihumboldt.hale.common.core.io.project.util.XMLPathUpdaterTest","testCopyISOTC211"
"","104","testMathExpression","","Wed Jul 08 14:19:42 UTC 2026","passed","Wed Jul 08 14:19:43 UTC 2026","","eu.esdihumboldt.cst.internal.ConceptualSchemaTransformerTest","eu.esdihumboldt.cst.internal.ConceptualSchemaTransformerTest","testMathExpression"
"","92","test2","","Wed Jul 08 14:19:04 UTC 2026","passed","Wed Jul 08 14:19:05 UTC 2026","","eu.esdihumboldt.hale.common.service.helper.test.PopulationCountTest","eu.esdihumboldt.hale.common.service.helper.test.PopulationCountTest","test2"
"","7","testPropertyType","","Wed Jul 08 14:28:38 UTC 2026","passed","Wed Jul 08 14:28:38 UTC 2026","","eu.esdihumboldt.hale.io.xls.test.reader.XLSReaderTest","eu.esdihumboldt.hale.io.xls.test.reader.XLSReaderTest","testPropertyType"
"","85","testBaseAlignmentSaveLoad","","Wed Jul 08 14:14:32 UTC 2026","passed","Wed Jul 08 14:14:33 UTC 2026","","eu.esdihumboldt.hale.common.align.io.JaxbAlignmentIOTest","eu.esdihumboldt.hale.common.align.io.JaxbAlignmentIOTest","testBaseAlignmentSaveLoad"
"","15","testDuring","","Wed Jul 08 14:16:24 UTC 2026","passed","Wed Jul 08 14:16:24 UTC 2026","","eu.esdihumboldt.hale.common.filter.CQLFilterTest","eu.esdihumboldt.hale.common.filter.CQLFilterTest","testDuring"
"","61","testDefaultSrs","","Wed Jul 08 14:23:08 UTC 2026","passed","Wed Jul 08 14:23:08 UTC 2026","","eu.esdihumboldt.hale.io.gml.reader.internal.StreamGmlReaderTest","eu.esdihumboldt.hale.io.gml.reader.internal.StreamGmlReaderTest","testDefaultSrs"
"","34","testRead_definitive_groups","","Wed Jul 08 14:28:58 UTC 2026","passed","Wed Jul 08 14:28:58 UTC 2026","","eu.esdihumboldt.hale.io.xsd.reader.XmlSchemaReaderTest","eu.esdihumboldt.hale.io.xsd.reader.XmlSchemaReaderTest","testRead_definitive_groups"
"","1","testDefault","","Wed Jul 08 14:18:11 UTC 2026","passed","Wed Jul 08 14:18:11 UTC 2026","","eu.esdihumboldt.hale.common.schema.model.constraint.factory.type.MappableFlagFactoryTest","eu.esdihumboldt.hale.common.schema.model.constraint.factory.type.MappableFlagFactoryTest","testDefault"
"","46","testGroup","","Wed Jul 08 14:18:28 UTC 2026","passed","Wed Jul 08 14:18:28 UTC 2026","","eu.esdihumboldt.hale.common.schema.groovy.SchemaBuilderTest","eu.esdihumboldt.hale.common.schema.groovy.SchemaBuilderTest","testGroup"
"","4","testSchemaLessInstance","","Wed Jul 08 14:17:13 UTC 2026","passed","Wed Jul 08 14:17:13 UTC 2026","","eu.esdihumboldt.hale.common.instance.groovy.InstanceBuilderTest","eu.esdihumboldt.hale.common.instance.groovy.InstanceBuilderTest","testSchemaLessInstance"
"","1","testSubfolder2","","Wed Jul 08 14:15:54 UTC 2026","passed","Wed Jul 08 14:15:54 UTC 2026","","eu.esdihumboldt.hale.common.core.io.PathUpdateTest","eu.esdihumboldt.hale.common.core.io.PathUpdateTest","testSubfolder2"
"","193","testGroovyWarningMergeTarget","","Wed Jul 08 14:15:21 UTC 2026","passed","Wed Jul 08 14:15:21 UTC 2026","","eu.esdihumboldt.hale.common.align.merge.test.impl.DefaultMergeCellMigratorTest","eu.esdihumboldt.hale.common.align.merge.test.impl.DefaultMergeCellMigratorTest","testGroovyWarningMergeTarget"
"","0","testFootprint3","","Wed Jul 08 14:20:18 UTC 2026","passed","Wed Jul 08 14:20:18 UTC 2026","","eu.esdihumboldt.cst.functions.geometric.test.InteriorPointTest","eu.esdihumboldt.cst.functions.geometric.test.InteriorPointTest","testFootprint3"
"","2","testOrigin","","Wed Jul 08 14:29:29 UTC 2026","passed","Wed Jul 08 14:29:29 UTC 2026","","eu.esdihumboldt.util.geometry.interpolation.model.impl.ArcByPointsImplTest","eu.esdihumboldt.util.geometry.interpolation.model.impl.ArcByPointsImplTest","testOrigin"
"","122","testOverwriteFailsWhenFileCannotBeDeleted","","Wed Jul 08 14:22:10 UTC 2026","passed","Wed Jul 08 14:22:10 UTC 2026","","eu.esdihumboldt.hale.io.geopackage.GeopackageInstanceWriterTest","eu.esdihumboldt.hale.io.geopackage.GeopackageInstanceWriterTest","testOverwriteFailsWhenFileCannotBeDeleted"
"","7892","testDataTypes","","Wed Jul 08 14:25:38 UTC 2026","passed","Wed Jul 08 14:25:46 UTC 2026","","eu.esdihumboldt.hale.io.jdbc.postgresql.test.PostDataTypesIT","eu.esdihumboldt.hale.io.jdbc.postgresql.test.PostDataTypesIT","testDataTypes"
"","0","testOrderClockwise","","Wed Jul 08 14:29:28 UTC 2026","passed","Wed Jul 08 14:29:28 UTC 2026","","eu.esdihumboldt.util.geometry.WindingOrderTest","eu.esdihumboldt.util.geometry.WindingOrderTest","testOrderClockwise"
"","0","testIterateLess","","Wed Jul 08 14:16:40 UTC 2026","passed","Wed Jul 08 14:16:40 UTC 2026","","eu.esdihumboldt.hale.common.instance.tools.impl.SimplePartitionerTest","eu.esdihumboldt.hale.common.instance.tools.impl.SimplePartitionerTest","testIterateLess"
"","1","testFindPolygons","","Wed Jul 08 14:20:18 UTC 2026","passed","Wed Jul 08 14:20:18 UTC 2026","","eu.esdihumboldt.cst.functions.geometric.test.GeometryHelperFunctionsTest","eu.esdihumboldt.cst.functions.geometric.test.GeometryHelperFunctionsTest","testFindPolygons"
"","0","testStoreRestoreDefault","","Wed Jul 08 14:18:10 UTC 2026","passed","Wed Jul 08 14:18:10 UTC 2026","","eu.esdihumboldt.hale.common.schema.model.constraint.factory.DisplayNameFactoryTest","eu.esdihumboldt.hale.common.schema.model.constraint.factory.DisplayNameFactoryTest","testStoreRestoreDefault"
"","8","testGeoBboxList","","Wed Jul 08 14:16:24 UTC 2026","passed","Wed Jul 08 14:16:24 UTC 2026","","eu.esdihumboldt.hale.common.filter.CQLFilterTest","eu.esdihumboldt.hale.common.filter.CQLFilterTest","testGeoBboxList"
"","48","testMetaClass","","Wed Jul 08 14:14:51 UTC 2026","passed","Wed Jul 08 14:14:51 UTC 2026","","eu.esdihumboldt.hale.common.align.groovy.accessor.EntityAccessorTest","eu.esdihumboldt.hale.common.align.groovy.accessor.EntityAccessorTest","testMetaClass"
"","11425","gstringIntercepted","","Wed Jul 08 14:29:49 UTC 2026","passed","Wed Jul 08 14:30:01 UTC 2026","","eu.esdihumboldt.util.groovy.sandbox.test.internal.GroovySandboxTest","eu.esdihumboldt.util.groovy.sandbox.test.internal.GroovySandboxTest","gstringIntercepted"
"","123","testReadFromFolder","","Wed Jul 08 14:27:35 UTC 2026","passed","Wed Jul 08 14:27:35 UTC 2026","","eu.esdihumboldt.hale.io.shp.ShapeInstanceReaderTest","eu.esdihumboldt.hale.io.shp.ShapeInstanceReaderTest","testReadFromFolder"
"","261","testReadForceDefaultType","","Wed Jul 08 14:26:27 UTC 2026","passed","Wed Jul 08 14:26:27 UTC 2026","","eu.esdihumboldt.hale.io.json.test.JsonInstanceReaderTest","eu.esdihumboldt.hale.io.json.test.JsonInstanceReaderTest","testReadForceDefaultType"
"","80","testRun","","Wed Jul 08 14:23:47 UTC 2026","passed","Wed Jul 08 14:23:47 UTC 2026","","eu.esdihumboldt.hale.io.groovy.snippets.GroovySnippetsTest","eu.esdihumboldt.hale.io.groovy.snippets.GroovySnippetsTest","testRun"
"","13219","test1","","Wed Jul 08 14:18:51 UTC 2026","passed","Wed Jul 08 14:19:04 UTC 2026","","eu.esdihumboldt.hale.common.service.helper.test.PopulationCountTest","eu.esdihumboldt.hale.common.service.helper.test.PopulationCountTest","test1"
"","163","testParentMappingGeometry","","Wed Jul 08 14:15:18 UTC 2026","passed","Wed Jul 08 14:15:18 UTC 2026","","eu.esdihumboldt.hale.common.align.merge.test.impl.DefaultMergeCellMigratorTest","eu.esdihumboldt.hale.common.align.merge.test.impl.DefaultMergeCellMigratorTest","testParentMappingGeometry"
"","1","testDefault","","Wed Jul 08 14:18:11 UTC 2026","passed","Wed Jul 08 14:18:11 UTC 2026","","eu.esdihumboldt.hale.common.schema.model.constraint.factory.type.SkipValidationFactoryTest","eu.esdihumboldt.hale.common.schema.model.constraint.factory.type.SkipValidationFactoryTest","testDefault"
"","51","testReadMultiSheetTypeSettingsNamed","","Wed Jul 08 14:28:38 UTC 2026","passed","Wed Jul 08 14:28:38 UTC 2026","","eu.esdihumboldt.hale.io.xls.test.reader.XLSReaderTest","eu.esdihumboldt.hale.io.xls.test.reader.XLSReaderTest","testReadMultiSheetTypeSettingsNamed"
"","4","testExportNullTargetValue","","Wed Jul 08 14:21:34 UTC 2026","passed","Wed Jul 08 14:21:34 UTC 2026","","eu.esdihumboldt.hale.io.csv.writer.CSVLookupWriterTest","eu.esdihumboldt.hale.io.csv.writer.CSVLookupWriterTest","testExportNullTargetValue"
"","7","testDoubleObject","","Wed Jul 08 14:29:45 UTC 2026","passed","Wed Jul 08 14:29:45 UTC 2026","","eu.esdihumboldt.util.groovy.json.JsonStreamBuilderTest","eu.esdihumboldt.util.groovy.json.JsonStreamBuilderTest","testDoubleObject"
"","28","testRead_shiporder_types_cycle","","Wed Jul 08 14:28:58 UTC 2026","passed","Wed Jul 08 14:28:58 UTC 2026","","eu.esdihumboldt.hale.io.xsd.reader.XmlSchemaReaderTest","eu.esdihumboldt.hale.io.xsd.reader.XmlSchemaReaderTest","testRead_shiporder_types_cycle"
"","27","testArcStringAllGrid","","Wed Jul 08 14:29:28 UTC 2026","passed","Wed Jul 08 14:29:28 UTC 2026","","eu.esdihumboldt.util.geometry.interpolation.grid.GridInterpolationTest","eu.esdihumboldt.util.geometry.interpolation.grid.GridInterpolationTest","testArcStringAllGrid"
"","14","testInstanceNullSchema","","Wed Jul 08 14:16:23 UTC 2026","passed","Wed Jul 08 14:16:23 UTC 2026","","eu.esdihumboldt.hale.common.filter.CQLFilterTest","eu.esdihumboldt.hale.common.filter.CQLFilterTest","testInstanceNullSchema"
"","4379","writeRead","","Wed Jul 08 14:25:51 UTC 2026","passed","Wed Jul 08 14:25:55 UTC 2026","","eu.esdihumboldt.hale.io.jdbc.postgresql.test.ReadWriteIT","eu.esdihumboldt.hale.io.jdbc.postgresql.test.ReadWriteIT","writeRead"
"","81","testStructuralRename2","","Wed Jul 08 14:19:43 UTC 2026","passed","Wed Jul 08 14:19:43 UTC 2026","","eu.esdihumboldt.cst.internal.ConceptualSchemaTransformerTest","eu.esdihumboldt.cst.internal.ConceptualSchemaTransformerTest","testStructuralRename2"
"","118","testCMUnion4","","Wed Jul 08 14:19:41 UTC 2026","passed","Wed Jul 08 14:19:41 UTC 2026","","eu.esdihumboldt.cst.internal.ConceptualSchemaTransformerTest","eu.esdihumboldt.cst.internal.ConceptualSchemaTransformerTest","testCMUnion4"
"","57","testCustomClass","","Wed Jul 08 14:23:48 UTC 2026","passed","Wed Jul 08 14:23:48 UTC 2026","","eu.esdihumboldt.hale.io.groovy.snippets.GroovySnippetsTest","eu.esdihumboldt.hale.io.groovy.snippets.GroovySnippetsTest","testCustomClass"
"","0","testFormatter[4]","","Wed Jul 08 14:29:24 UTC 2026","passed","Wed Jul 08 14:29:24 UTC 2026","","eu.esdihumboldt.util.geometry.DecimalFormatUtilTest","eu.esdihumboldt.util.geometry.DecimalFormatUtilTest","testFormatter[4]"
"","50","testWriteVersion3","","Wed Jul 08 14:26:05 UTC 2026","passed","Wed Jul 08 14:26:05 UTC 2026","","eu.esdihumboldt.hale.io.jdbc.spatialite.writer.internal.SpatiaLiteInstanceWriterTest","eu.esdihumboldt.hale.io.jdbc.spatialite.writer.internal.SpatiaLiteInstanceWriterTest","testWriteVersion3"
"","3","testElementHasListOfObjects2","","Wed Jul 08 14:29:45 UTC 2026","passed","Wed Jul 08 14:29:45 UTC 2026","","eu.esdihumboldt.util.groovy.json.JsonStreamBuilderTest","eu.esdihumboldt.util.groovy.json.JsonStreamBuilderTest","testElementHasListOfObjects2"
"","0","testInputLookupAndConsume","","Wed Jul 08 14:16:07 UTC 2026","passed","Wed Jul 08 14:16:07 UTC 2026","","eu.esdihumboldt.hale.common.core.io.supplier.LookupStreamResourceTest","eu.esdihumboldt.hale.common.core.io.supplier.LookupStreamResourceTest","testInputLookupAndConsume"
"","9","testReadFeatureCollection","","Wed Jul 08 14:26:27 UTC 2026","passed","Wed Jul 08 14:26:27 UTC 2026","","eu.esdihumboldt.hale.io.json.test.JsonInstanceCollectionTest","eu.esdihumboldt.hale.io.json.test.JsonInstanceCollectionTest","testReadFeatureCollection"
"","0","testGeometry_2_LineString","","Wed Jul 08 14:23:24 UTC 2026","skipped","Wed Jul 08 14:23:24 UTC 2026","","eu.esdihumboldt.hale.io.gml.writer.internal.StreamGmlWriterTest","eu.esdihumboldt.hale.io.gml.writer.internal.StreamGmlWriterTest","testGeometry_2_LineString"
"","0","testTimeEqualsList","","Wed Jul 08 14:16:24 UTC 2026","skipped","Wed Jul 08 14:16:24 UTC 2026","","eu.esdihumboldt.hale.common.filter.ECQLFilterTest","eu.esdihumboldt.hale.common.filter.ECQLFilterTest","testTimeEqualsList"
"","0","testInstanceExistsSchema","","Wed Jul 08 14:16:24 UTC 2026","skipped","Wed Jul 08 14:16:24 UTC 2026","","eu.esdihumboldt.hale.common.filter.ECQLFilterTest","eu.esdihumboldt.hale.common.filter.ECQLFilterTest","testInstanceExistsSchema"
"","17423","testExportPropertyJoin","","Wed Jul 08 14:23:53 UTC 2026","passed","Wed Jul 08 14:24:11 UTC 2026","","eu.esdihumboldt.hale.io.html.svg.MappingExporterTest","eu.esdihumboldt.hale.io.html.svg.MappingExporterTest","testExportPropertyJoin"
"","117","testStructuralRename1","","Wed Jul 08 14:19:43 UTC 2026","passed","Wed Jul 08 14:19:43 UTC 2026","","eu.esdihumboldt.cst.internal.ConceptualSchemaTransformerTest","eu.esdihumboldt.cst.internal.ConceptualSchemaTransformerTest","testStructuralRename1"
"","0","testInstanceReader","","Wed Jul 08 14:24:31 UTC 2026","skipped","Wed Jul 08 14:24:31 UTC 2026","","eu.esdihumboldt.hale.io.jdbc.mssql.test.MsSqlDataReaderTest","eu.esdihumboldt.hale.io.jdbc.mssql.test.MsSqlDataReaderTest","testInstanceReader"
"","3689","testAdvCrsFactories","","Wed Jul 08 14:17:48 UTC 2026","passed","Wed Jul 08 14:17:52 UTC 2026","","eu.esdihumboldt.hale.common.referencing.factory.CrsAuthorityFactoryTest","eu.esdihumboldt.hale.common.referencing.factory.CrsAuthorityFactoryTest","testAdvCrsFactories"
"","1","testSimple","","Wed Jul 08 14:28:56 UTC 2026","passed","Wed Jul 08 14:28:56 UTC 2026","","eu.esdihumboldt.hale.io.xsd.anytype.valuetypes.CustomTypeContentTypeTest","eu.esdihumboldt.hale.io.xsd.anytype.valuetypes.CustomTypeContentTypeTest","testSimple"
"","1","testListAndValue","","Wed Jul 08 14:29:19 UTC 2026","passed","Wed Jul 08 14:29:19 UTC 2026","","eu.esdihumboldt.util.config.ConfigMergerTest","eu.esdihumboldt.util.config.ConfigMergerTest","testListAndValue"
"","1","testSimple","","Wed Jul 08 14:29:19 UTC 2026","passed","Wed Jul 08 14:29:19 UTC 2026","","eu.esdihumboldt.util.config.ConfigMergerTest","eu.esdihumboldt.util.config.ConfigMergerTest","testSimple"
"","399","testByPointsToCenterAllGrid","","Wed Jul 08 14:29:28 UTC 2026","passed","Wed Jul 08 14:29:28 UTC 2026","","eu.esdihumboldt.util.geometry.interpolation.grid.GridInterpolationTest","eu.esdihumboldt.util.geometry.interpolation.grid.GridInterpolationTest","testByPointsToCenterAllGrid"
"","4","testNullList","","Wed Jul 08 14:16:24 UTC 2026","passed","Wed Jul 08 14:16:24 UTC 2026","","eu.esdihumboldt.hale.common.filter.ECQLFilterTest","eu.esdihumboldt.hale.common.filter.ECQLFilterTest","testNullList"
"","623","testWriteFeaturesTargetCRS","","Wed Jul 08 14:27:36 UTC 2026","passed","Wed Jul 08 14:27:37 UTC 2026","","eu.esdihumboldt.hale.io.shp.ShapefileInstanceWriterTest","eu.esdihumboldt.hale.io.shp.ShapefileInstanceWriterTest","testWriteFeaturesTargetCRS"
"","68","testWfsResolvedepthResponseStructure","","Wed Jul 08 14:23:09 UTC 2026","passed","Wed Jul 08 14:23:09 UTC 2026","","eu.esdihumboldt.hale.io.gml.reader.internal.StreamGmlReaderTest","eu.esdihumboldt.hale.io.gml.reader.internal.StreamGmlReaderTest","testWfsResolvedepthResponseStructure"
"","2","testInvalidKey2","","Wed Jul 08 14:29:20 UTC 2026","passed","Wed Jul 08 14:29:20 UTC 2026","","eu.esdihumboldt.util.config.ConfigTest","eu.esdihumboldt.util.config.ConfigTest","testInvalidKey2"
"","3056","testCellDisableSaveLoad","","Wed Jul 08 14:14:17 UTC 2026","passed","Wed Jul 08 14:14:20 UTC 2026","","eu.esdihumboldt.hale.common.align.io.CastorAlignmentIOTest","eu.esdihumboldt.hale.common.align.io.CastorAlignmentIOTest","testCellDisableSaveLoad"
"","38","testLoadAllGroup","","Wed Jul 08 14:22:23 UTC 2026","passed","Wed Jul 08 14:22:23 UTC 2026","","eu.esdihumboldt.hale.io.gml.reader.internal.GmlInstanceCollectionTest","eu.esdihumboldt.hale.io.gml.reader.internal.GmlInstanceCollectionTest","testLoadAllGroup"
"","15","testReadArrayNested","","Wed Jul 08 14:26:28 UTC 2026","passed","Wed Jul 08 14:26:28 UTC 2026","","eu.esdihumboldt.hale.io.json.test.JsonToInstanceTest","eu.esdihumboldt.hale.io.json.test.JsonToInstanceTest","testReadArrayNested"
"","136","migrateRenameFormattedString","","Wed Jul 08 14:15:22 UTC 2026","passed","Wed Jul 08 14:15:23 UTC 2026","","eu.esdihumboldt.hale.common.align.merge.test.impl.FormattedStringMergeTest","eu.esdihumboldt.hale.common.align.merge.test.impl.FormattedStringMergeTest","migrateRenameFormattedString"
"","89","testWriteFeatures","","Wed Jul 08 14:22:10 UTC 2026","passed","Wed Jul 08 14:22:10 UTC 2026","","eu.esdihumboldt.hale.io.geopackage.GeopackageInstanceWriterTest","eu.esdihumboldt.hale.io.geopackage.GeopackageInstanceWriterTest","testWriteFeatures"
"","41","testLoadShiporder","","Wed Jul 08 14:22:23 UTC 2026","passed","Wed Jul 08 14:22:23 UTC 2026","","eu.esdihumboldt.hale.io.gml.reader.internal.GmlInstanceCollectionTest","eu.esdihumboldt.hale.io.gml.reader.internal.GmlInstanceCollectionTest","testLoadShiporder"
"","43","testGmlOverflow3","","Wed Jul 08 14:16:56 UTC 2026","passed","Wed Jul 08 14:16:56 UTC 2026","","eu.esdihumboldt.hale.common.instance.graph.test.ReferenceGraphTest","eu.esdihumboldt.hale.common.instance.graph.test.ReferenceGraphTest","testGmlOverflow3"
"","16","testBackwardCompatibilityRead","","Wed Jul 08 14:28:38 UTC 2026","passed","Wed Jul 08 14:28:38 UTC 2026","","eu.esdihumboldt.hale.io.xls.test.reader.XLSReaderTest","eu.esdihumboldt.hale.io.xls.test.reader.XLSReaderTest","testBackwardCompatibilityRead"
"","10","testLikeSchema","","Wed Jul 08 14:16:24 UTC 2026","passed","Wed Jul 08 14:16:24 UTC 2026","","eu.esdihumboldt.hale.common.filter.ECQLFilterTest","eu.esdihumboldt.hale.common.filter.ECQLFilterTest","testLikeSchema"
"","0","testCenter","","Wed Jul 08 14:29:28 UTC 2026","passed","Wed Jul 08 14:29:28 UTC 2026","","eu.esdihumboldt.util.geometry.interpolation.grid.GridUtilTest","eu.esdihumboldt.util.geometry.interpolation.grid.GridUtilTest","testCenter"
"","72","testSchema","","Wed Jul 08 14:17:13 UTC 2026","passed","Wed Jul 08 14:17:13 UTC 2026","","eu.esdihumboldt.hale.common.instance.groovy.InstanceFamilyAccessorTest","eu.esdihumboldt.hale.common.instance.groovy.InstanceFamilyAccessorTest","testSchema"
"","229","mergeJoinWithRetypeDef","","Wed Jul 08 14:15:20 UTC 2026","passed","Wed Jul 08 14:15:20 UTC 2026","","eu.esdihumboldt.hale.common.align.merge.test.impl.DefaultMergeCellMigratorTest","eu.esdihumboldt.hale.common.align.merge.test.impl.DefaultMergeCellMigratorTest","mergeJoinWithRetypeDef"
"","2","testDefault","","Wed Jul 08 14:18:11 UTC 2026","passed","Wed Jul 08 14:18:11 UTC 2026","","eu.esdihumboldt.hale.common.schema.model.constraint.factory.type.MappingRelevantFlagFactoryTest","eu.esdihumboldt.hale.common.schema.model.constraint.factory.type.MappingRelevantFlagFactoryTest","testDefault"
"","15396","testGeoJsonSimpleMixed_7_and_14","","Wed Jul 08 14:26:09 UTC 2026","passed","Wed Jul 08 14:26:25 UTC 2026","","eu.esdihumboldt.hale.io.json.test.InstanceToJsonTest","eu.esdihumboldt.hale.io.json.test.InstanceToJsonTest","testGeoJsonSimpleMixed_7_and_14"
"","5","testEnabled","","Wed Jul 08 14:18:10 UTC 2026","passed","Wed Jul 08 14:18:10 UTC 2026","","eu.esdihumboldt.hale.common.schema.model.constraint.factory.property.UniqueConstraintFactoryTest","eu.esdihumboldt.hale.common.schema.model.constraint.factory.property.UniqueConstraintFactoryTest","testEnabled"
"","17","testSimpleSchemaNames","","Wed Jul 08 14:18:28 UTC 2026","passed","Wed Jul 08 14:18:28 UTC 2026","","eu.esdihumboldt.hale.common.schema.groovy.SchemaBuilderTest","eu.esdihumboldt.hale.common.schema.groovy.SchemaBuilderTest","testSimpleSchemaNames"
"","2","testElements","","Wed Jul 08 14:28:56 UTC 2026","passed","Wed Jul 08 14:28:56 UTC 2026","","eu.esdihumboldt.hale.io.xsd.anytype.valuetypes.CustomTypeContentTypeTest","eu.esdihumboldt.hale.io.xsd.anytype.valuetypes.CustomTypeContentTypeTest","testElements"
"","1","testHalfmoonThin","","Wed Jul 08 14:20:18 UTC 2026","passed","Wed Jul 08 14:20:18 UTC 2026","","eu.esdihumboldt.cst.functions.geometric.test.InteriorPointTest","eu.esdihumboldt.cst.functions.geometric.test.InteriorPointTest","testHalfmoonThin"
"","55","testGeoCrosses","","Wed Jul 08 14:16:24 UTC 2026","passed","Wed Jul 08 14:16:24 UTC 2026","","eu.esdihumboldt.hale.common.filter.CQLFilterTest","eu.esdihumboldt.hale.common.filter.CQLFilterTest","testGeoCrosses"
"","149","testReadSimpleArray","","Wed Jul 08 14:26:28 UTC 2026","passed","Wed Jul 08 14:26:28 UTC 2026","","eu.esdihumboldt.hale.io.json.test.JsonToInstanceTest","eu.esdihumboldt.hale.io.json.test.JsonToInstanceTest","testReadSimpleArray"
"","73","testGenerateUID","","Wed Jul 08 14:19:42 UTC 2026","passed","Wed Jul 08 14:19:42 UTC 2026","","eu.esdihumboldt.cst.internal.ConceptualSchemaTransformerTest","eu.esdihumboldt.cst.internal.ConceptualSchemaTransformerTest","testGenerateUID"
"","355","basicClassesAllowed","","Wed Jul 08 14:30:02 UTC 2026","passed","Wed Jul 08 14:30:02 UTC 2026","","eu.esdihumboldt.util.groovy.sandbox.test.internal.GroovySandboxTest","eu.esdihumboldt.util.groovy.sandbox.test.internal.GroovySandboxTest","basicClassesAllowed"
"","2","testReadSimpleWithDate","","Wed Jul 08 14:21:20 UTC 2026","passed","Wed Jul 08 14:21:20 UTC 2026","","eu.esdihumboldt.hale.io.csv.CSVInstanceReaderTest","eu.esdihumboldt.hale.io.csv.CSVInstanceReaderTest","testReadSimpleWithDate"
"","45","testReadDouble","","Wed Jul 08 14:26:28 UTC 2026","passed","Wed Jul 08 14:26:28 UTC 2026","","eu.esdihumboldt.hale.io.json.test.JsonToInstanceTest","eu.esdihumboldt.hale.io.json.test.JsonToInstanceTest","testReadDouble"
"","63","testEqualitySimple","","Wed Jul 08 14:16:24 UTC 2026","passed","Wed Jul 08 14:16:24 UTC 2026","","eu.esdihumboldt.hale.common.filter.ECQLFilterTest","eu.esdihumboldt.hale.common.filter.ECQLFilterTest","testEqualitySimple"
"","592","testStoreRestoreCustomName","","Wed Jul 08 14:18:09 UTC 2026","passed","Wed Jul 08 14:18:10 UTC 2026","","eu.esdihumboldt.hale.common.schema.model.constraint.factory.DisplayNameFactoryTest","eu.esdihumboldt.hale.common.schema.model.constraint.factory.DisplayNameFactoryTest","testStoreRestoreCustomName"
"","82","testWriteSimpleSchemaWithByteArrayOutputStream","","Wed Jul 08 14:21:34 UTC 2026","passed","Wed Jul 08 14:21:34 UTC 2026","","eu.esdihumboldt.hale.io.csv.writer.CSVInstanceWriterTest","eu.esdihumboldt.hale.io.csv.writer.CSVInstanceWriterTest","testWriteSimpleSchemaWithByteArrayOutputStream"
"","4","testStringBetween","","Wed Jul 08 14:16:24 UTC 2026","passed","Wed Jul 08 14:16:24 UTC 2026","","eu.esdihumboldt.hale.common.filter.ECQLFilterTest","eu.esdihumboldt.hale.common.filter.ECQLFilterTest","testStringBetween"
"","11","testGeoJsonSimpleMoreThan_14","","Wed Jul 08 14:26:25 UTC 2026","passed","Wed Jul 08 14:26:25 UTC 2026","","eu.esdihumboldt.hale.io.json.test.InstanceToJsonTest","eu.esdihumboldt.hale.io.json.test.InstanceToJsonTest","testGeoJsonSimpleMoreThan_14"
"","0","testSchemaReader","","Wed Jul 08 14:24:31 UTC 2026","skipped","Wed Jul 08 14:24:31 UTC 2026","","eu.esdihumboldt.hale.io.jdbc.mssql.test.MsSqlDataReaderTest","eu.esdihumboldt.hale.io.jdbc.mssql.test.MsSqlDataReaderTest","testSchemaReader"
"","0","testNull","","Wed Jul 08 14:17:12 UTC 2026","passed","Wed Jul 08 14:17:12 UTC 2026","","eu.esdihumboldt.hale.common.instance.groovy.InstanceAccessorTest","eu.esdihumboldt.hale.common.instance.groovy.InstanceAccessorTest","testNull"
"","50","testNativeQuery","","Wed Jul 08 14:30:10 UTC 2026","passed","Wed Jul 08 14:30:10 UTC 2026","","eu.esdihumboldt.util.orient.embedded.MemoryDocumentTest","eu.esdihumboldt.util.orient.embedded.MemoryDocumentTest","testNativeQuery"
"","77","testRTreeSpatialIndexCreation","","Wed Jul 08 14:22:10 UTC 2026","passed","Wed Jul 08 14:22:10 UTC 2026","","eu.esdihumboldt.hale.io.geopackage.GeopackageInstanceWriterTest","eu.esdihumboldt.hale.io.geopackage.GeopackageInstanceWriterTest","testRTreeSpatialIndexCreation"
"","240","testWriteRead","","Wed Jul 08 14:18:45 UTC 2026","passed","Wed Jul 08 14:18:45 UTC 2026","","eu.esdihumboldt.hale.common.schema.persist.hsd.test.json.HaleSchemaWriterJsonTest","eu.esdihumboldt.hale.common.schema.persist.hsd.test.json.HaleSchemaWriterJsonTest","testWriteRead"
"","1","testDefault","","Wed Jul 08 14:18:10 UTC 2026","passed","Wed Jul 08 14:18:10 UTC 2026","","eu.esdihumboldt.hale.common.schema.model.constraint.factory.property.NillableFlagFactoryTest","eu.esdihumboldt.hale.common.schema.model.constraint.factory.property.NillableFlagFactoryTest","testDefault"
"","0","testInstanceNoValueExistsSchema","","Wed Jul 08 14:16:24 UTC 2026","skipped","Wed Jul 08 14:16:24 UTC 2026","","eu.esdihumboldt.hale.common.filter.ECQLFilterTest","eu.esdihumboldt.hale.common.filter.ECQLFilterTest","testInstanceNoValueExistsSchema"
"","8","testNumberBetweenList","","Wed Jul 08 14:16:24 UTC 2026","passed","Wed Jul 08 14:16:24 UTC 2026","","eu.esdihumboldt.hale.common.filter.CQLFilterTest","eu.esdihumboldt.hale.common.filter.CQLFilterTest","testNumberBetweenList"
"","0","testLocalING4479","","Wed Jul 08 14:14:03 UTC 2026","skipped","Wed Jul 08 14:14:03 UTC 2026","","eu.esdihumboldt.hale.app.transform.test.ExecuteTest","eu.esdihumboldt.hale.app.transform.test.ExecuteTest","testLocalING4479"
"","9","testNamespaceIndexChildContext","","Wed Jul 08 14:14:51 UTC 2026","passed","Wed Jul 08 14:14:51 UTC 2026","","eu.esdihumboldt.hale.common.align.groovy.accessor.EntityAccessorTest","eu.esdihumboldt.hale.common.align.groovy.accessor.EntityAccessorTest","testNamespaceIndexChildContext"
"","2","testNumberProperty","","Wed Jul 08 14:26:28 UTC 2026","passed","Wed Jul 08 14:26:28 UTC 2026","","eu.esdihumboldt.hale.io.json.test.JsonSchemaReaderTest","eu.esdihumboldt.hale.io.json.test.JsonSchemaReaderTest","testNumberProperty"
"","219","migrateJoinGroovyRetype","","Wed Jul 08 14:15:23 UTC 2026","passed","Wed Jul 08 14:15:23 UTC 2026","","eu.esdihumboldt.hale.common.align.merge.test.impl.GroovyRetypeMergeTest","eu.esdihumboldt.hale.common.align.merge.test.impl.GroovyRetypeMergeTest","migrateJoinGroovyRetype"
"","15","testReadComplexNested","","Wed Jul 08 14:26:28 UTC 2026","passed","Wed Jul 08 14:26:28 UTC 2026","","eu.esdihumboldt.hale.io.json.test.JsonToInstanceTest","eu.esdihumboldt.hale.io.json.test.JsonToInstanceTest","testReadComplexNested"
"","83","testSimpleComplex","","Wed Jul 08 14:19:42 UTC 2026","passed","Wed Jul 08 14:19:42 UTC 2026","","eu.esdihumboldt.cst.internal.ConceptualSchemaTransformerTest","eu.esdihumboldt.cst.internal.ConceptualSchemaTransformerTest","testSimpleComplex"
"","353","testWfsPaginationBasinFeatures","","Wed Jul 08 14:23:06 UTC 2026","passed","Wed Jul 08 14:23:07 UTC 2026","","eu.esdihumboldt.hale.io.gml.reader.internal.StreamGmlReaderTest","eu.esdihumboldt.hale.io.gml.reader.internal.StreamGmlReaderTest","testWfsPaginationBasinFeatures"
"","1898","testCount","","Wed Jul 08 14:30:06 UTC 2026","passed","Wed Jul 08 14:30:08 UTC 2026","","eu.esdihumboldt.util.orient.embedded.BrowseClassIterateTest","eu.esdihumboldt.util.orient.embedded.BrowseClassIterateTest","testCount"
"","3","testNoGeom","","Wed Jul 08 14:18:11 UTC 2026","passed","Wed Jul 08 14:18:11 UTC 2026","","eu.esdihumboldt.hale.common.schema.model.constraint.factory.type.GeometryTypeFactoryTest","eu.esdihumboldt.hale.common.schema.model.constraint.factory.type.GeometryTypeFactoryTest","testNoGeom"
"","15","testGeoJsonSimple_2","","Wed Jul 08 14:26:25 UTC 2026","passed","Wed Jul 08 14:26:25 UTC 2026","","eu.esdihumboldt.hale.io.json.test.InstanceToJsonTest","eu.esdihumboldt.hale.io.json.test.InstanceToJsonTest","testGeoJsonSimple_2"
"","101","testClassification1","","Wed Jul 08 14:19:40 UTC 2026","passed","Wed Jul 08 14:19:40 UTC 2026","","eu.esdihumboldt.cst.internal.ConceptualSchemaTransformerTest","eu.esdihumboldt.cst.internal.ConceptualSchemaTransformerTest","testClassification1"
"","7","testBasicObject","","Wed Jul 08 14:29:45 UTC 2026","passed","Wed Jul 08 14:29:45 UTC 2026","","eu.esdihumboldt.util.groovy.json.JsonStreamBuilderTest","eu.esdihumboldt.util.groovy.json.JsonStreamBuilderTest","testBasicObject"
"","4","testEqualitySimpleNoSchema","","Wed Jul 08 14:16:24 UTC 2026","passed","Wed Jul 08 14:16:24 UTC 2026","","eu.esdihumboldt.hale.common.filter.ECQLFilterTest","eu.esdihumboldt.hale.common.filter.ECQLFilterTest","testEqualitySimpleNoSchema"
"","423","testGeometryAggregate_32_LineString","","Wed Jul 08 14:23:26 UTC 2026","passed","Wed Jul 08 14:23:26 UTC 2026","","eu.esdihumboldt.hale.io.gml.writer.internal.StreamGmlWriterTest","eu.esdihumboldt.hale.io.gml.writer.internal.StreamGmlWriterTest","testGeometryAggregate_32_LineString"
"","768","testNotInspireCodespaceNotAdd","","Wed Jul 08 14:23:15 UTC 2026","passed","Wed Jul 08 14:23:16 UTC 2026","","eu.esdihumboldt.hale.io.gml.writer.internal.StreamGmlWriter2Test","eu.esdihumboldt.hale.io.gml.writer.internal.StreamGmlWriter2Test","testNotInspireCodespaceNotAdd"
"","1","testDisabled","","Wed Jul 08 14:18:10 UTC 2026","passed","Wed Jul 08 14:18:10 UTC 2026","","eu.esdihumboldt.hale.common.schema.model.constraint.factory.property.ChoiceFlagFactoryTest","eu.esdihumboldt.hale.common.schema.model.constraint.factory.property.ChoiceFlagFactoryTest","testDisabled"
"","6","testByPoints3","","Wed Jul 08 14:29:28 UTC 2026","passed","Wed Jul 08 14:29:28 UTC 2026","","eu.esdihumboldt.util.geometry.interpolation.grid.GridInterpolationTest","eu.esdihumboldt.util.geometry.interpolation.grid.GridInterpolationTest","testByPoints3"
"","64","testWriteAttributes","","Wed Jul 08 14:22:10 UTC 2026","passed","Wed Jul 08 14:22:10 UTC 2026","","eu.esdihumboldt.hale.io.geopackage.GeopackageInstanceWriterTest","eu.esdihumboldt.hale.io.geopackage.GeopackageInstanceWriterTest","testWriteAttributes"
"","24","testRead_shiporder_types","","Wed Jul 08 14:28:58 UTC 2026","passed","Wed Jul 08 14:28:58 UTC 2026","","eu.esdihumboldt.hale.io.xsd.reader.XmlSchemaReaderTest","eu.esdihumboldt.hale.io.xsd.reader.XmlSchemaReaderTest","testRead_shiporder_types"
"","2","testCreateType","","Wed Jul 08 14:18:28 UTC 2026","passed","Wed Jul 08 14:18:28 UTC 2026","","eu.esdihumboldt.hale.common.schema.groovy.SchemaBuilderTest","eu.esdihumboldt.hale.common.schema.groovy.SchemaBuilderTest","testCreateType"
"","87","testWriteReadBoolean","","Wed Jul 08 14:22:10 UTC 2026","passed","Wed Jul 08 14:22:10 UTC 2026","","eu.esdihumboldt.hale.io.geopackage.GeopackageInstanceWriterTest","eu.esdihumboldt.hale.io.geopackage.GeopackageInstanceWriterTest","testWriteReadBoolean"
"","1","testIterateEven","","Wed Jul 08 14:16:40 UTC 2026","passed","Wed Jul 08 14:16:40 UTC 2026","","eu.esdihumboldt.hale.common.instance.tools.impl.SimplePartitionerTest","eu.esdihumboldt.hale.common.instance.tools.impl.SimplePartitionerTest","testIterateEven"
"","87","testWriteComplexSchema","","Wed Jul 08 14:28:41 UTC 2026","passed","Wed Jul 08 14:28:41 UTC 2026","","eu.esdihumboldt.hale.io.xls.test.writer.XLSInstanceWriterTest","eu.esdihumboldt.hale.io.xls.test.writer.XLSInstanceWriterTest","testWriteComplexSchema"
"","1","testUnifyMultiPolygon","","Wed Jul 08 14:29:28 UTC 2026","passed","Wed Jul 08 14:29:28 UTC 2026","","eu.esdihumboldt.util.geometry.WindingOrderTest","eu.esdihumboldt.util.geometry.WindingOrderTest","testUnifyMultiPolygon"
"","76","testCMMulti3","","Wed Jul 08 14:19:41 UTC 2026","passed","Wed Jul 08 14:19:41 UTC 2026","","eu.esdihumboldt.cst.internal.ConceptualSchemaTransformerTest","eu.esdihumboldt.cst.internal.ConceptualSchemaTransformerTest","testCMMulti3"
"","5","testReadBlankCells","","Wed Jul 08 14:28:38 UTC 2026","passed","Wed Jul 08 14:28:38 UTC 2026","","eu.esdihumboldt.hale.io.xls.test.reader.XLSReaderTest","eu.esdihumboldt.hale.io.xls.test.reader.XLSReaderTest","testReadBlankCells"
"","66","testSqlQuery","","Wed Jul 08 14:30:09 UTC 2026","passed","Wed Jul 08 14:30:10 UTC 2026","","eu.esdihumboldt.util.orient.embedded.MemoryDocumentTest","eu.esdihumboldt.util.orient.embedded.MemoryDocumentTest","testSqlQuery"
"","0","testSimpleContentAttribute","","Wed Jul 08 14:19:39 UTC 2026","skipped","Wed Jul 08 14:19:39 UTC 2026","","eu.esdihumboldt.cst.internal.ConceptualSchemaTransformerTest","eu.esdihumboldt.cst.internal.ConceptualSchemaTransformerTest","testSimpleContentAttribute"
"","5","testTypeBinding","","Wed Jul 08 14:18:10 UTC 2026","passed","Wed Jul 08 14:18:10 UTC 2026","","eu.esdihumboldt.hale.common.schema.model.constraint.factory.type.ElementTypeFactoryTest","eu.esdihumboldt.hale.common.schema.model.constraint.factory.type.ElementTypeFactoryTest","testTypeBinding"
"","1","testCurve2","","Wed Jul 08 14:20:18 UTC 2026","passed","Wed Jul 08 14:20:18 UTC 2026","","eu.esdihumboldt.cst.functions.geometric.test.InteriorPointTest","eu.esdihumboldt.cst.functions.geometric.test.InteriorPointTest","testCurve2"
"","1","testDisabled","","Wed Jul 08 14:18:10 UTC 2026","passed","Wed Jul 08 14:18:10 UTC 2026","","eu.esdihumboldt.hale.common.schema.model.constraint.factory.type.AugmentedValueFlagFactoryTest","eu.esdihumboldt.hale.common.schema.model.constraint.factory.type.AugmentedValueFlagFactoryTest","testDisabled"
"","26","testRead_definitive_substitution","","Wed Jul 08 14:28:58 UTC 2026","passed","Wed Jul 08 14:28:58 UTC 2026","","eu.esdihumboldt.hale.io.xsd.reader.XmlSchemaReaderTest","eu.esdihumboldt.hale.io.xsd.reader.XmlSchemaReaderTest","testRead_definitive_substitution"
"","25","testWriteVersion4","","Wed Jul 08 14:26:05 UTC 2026","passed","Wed Jul 08 14:26:05 UTC 2026","","eu.esdihumboldt.hale.io.jdbc.spatialite.writer.internal.SpatiaLiteInstanceWriterTest","eu.esdihumboldt.hale.io.jdbc.spatialite.writer.internal.SpatiaLiteInstanceWriterTest","testWriteVersion4"
"","13795","migrateRenameFormattedString","","Wed Jul 08 14:20:47 UTC 2026","passed","Wed Jul 08 14:21:01 UTC 2026","","eu.esdihumboldt.hale.adv.merge.test.AdVMeasurementMergeTest","eu.esdihumboldt.hale.adv.merge.test.AdVMeasurementMergeTest","migrateRenameFormattedString"
"","6","testExportNullTargetValue","","Wed Jul 08 14:28:41 UTC 2026","passed","Wed Jul 08 14:28:41 UTC 2026","","eu.esdihumboldt.hale.io.xls.test.writer.XLSLookupTableWriterTest","eu.esdihumboldt.hale.io.xls.test.writer.XLSLookupTableWriterTest","testExportNullTargetValue"
"","115","testMethodCallWithNamedArguments","","Wed Jul 08 14:29:45 UTC 2026","passed","Wed Jul 08 14:29:45 UTC 2026","","eu.esdihumboldt.util.groovy.json.JsonStreamBuilderTest","eu.esdihumboldt.util.groovy.json.JsonStreamBuilderTest","testMethodCallWithNamedArguments"
"","5","testReadString","","Wed Jul 08 14:26:28 UTC 2026","passed","Wed Jul 08 14:26:28 UTC 2026","","eu.esdihumboldt.hale.io.json.test.JsonToInstanceTest","eu.esdihumboldt.hale.io.json.test.JsonToInstanceTest","testReadString"
"","3328","testArgsFileForMultiTypesSource","","Wed Jul 08 14:12:58 UTC 2026","passed","Wed Jul 08 14:13:02 UTC 2026","","eu.esdihumboldt.hale.app.transform.test.ExecuteTest","eu.esdihumboldt.hale.app.transform.test.ExecuteTest","testArgsFileForMultiTypesSource"
"","364","testWfsPaginationWithStartIndex","","Wed Jul 08 14:23:08 UTC 2026","passed","Wed Jul 08 14:23:08 UTC 2026","","eu.esdihumboldt.hale.io.gml.reader.internal.StreamGmlReaderTest","eu.esdihumboldt.hale.io.gml.reader.internal.StreamGmlReaderTest","testWfsPaginationWithStartIndex"
"","1","testOptional","","Wed Jul 08 14:18:10 UTC 2026","passed","Wed Jul 08 14:18:10 UTC 2026","","eu.esdihumboldt.hale.common.schema.model.constraint.factory.property.CardinalityFactoryTest","eu.esdihumboldt.hale.common.schema.model.constraint.factory.property.CardinalityFactoryTest","testOptional"
"","91","testLikeSchema","","Wed Jul 08 14:16:23 UTC 2026","passed","Wed Jul 08 14:16:23 UTC 2026","","eu.esdihumboldt.hale.common.filter.CQLFilterTest","eu.esdihumboldt.hale.common.filter.CQLFilterTest","testLikeSchema"
"","3076","testFiltersForMultiType","","Wed Jul 08 14:14:03 UTC 2026","passed","Wed Jul 08 14:14:06 UTC 2026","","eu.esdihumboldt.hale.app.transform.test.ExecuteTest","eu.esdihumboldt.hale.app.transform.test.ExecuteTest","testFiltersForMultiType"
"","201","mergeJoinGroovyRetype","","Wed Jul 08 14:15:23 UTC 2026","passed","Wed Jul 08 14:15:23 UTC 2026","","eu.esdihumboldt.hale.common.align.merge.test.impl.GroovyRetypeMergeTest","eu.esdihumboldt.hale.common.align.merge.test.impl.GroovyRetypeMergeTest","mergeJoinGroovyRetype"
"","485","testReadInstancesXSD","","Wed Jul 08 14:22:08 UTC 2026","passed","Wed Jul 08 14:22:08 UTC 2026","","eu.esdihumboldt.hale.io.geopackage.GeopackageInstanceReaderTest","eu.esdihumboldt.hale.io.geopackage.GeopackageInstanceReaderTest","testReadInstancesXSD"
"","11153","testDimensionRule","","Wed Jul 08 14:26:43 UTC 2026","passed","Wed Jul 08 14:26:54 UTC 2026","","eu.esdihumboldt.hale.io.schematron.SchematronInstanceValidatorTest","eu.esdihumboldt.hale.io.schematron.SchematronInstanceValidatorTest","testDimensionRule"
"","3451","testArgsFileForHydro","","Wed Jul 08 14:14:00 UTC 2026","passed","Wed Jul 08 14:14:03 UTC 2026","","eu.esdihumboldt.hale.app.transform.test.ExecuteTest","eu.esdihumboldt.hale.app.transform.test.ExecuteTest","testArgsFileForHydro"
"","56","testRunsInHale","","Wed Jul 08 14:23:47 UTC 2026","passed","Wed Jul 08 14:23:48 UTC 2026","","eu.esdihumboldt.hale.io.groovy.snippets.GroovySnippetsTest","eu.esdihumboldt.hale.io.groovy.snippets.GroovySnippetsTest","testRunsInHale"
"","18890","testReadShapeInstances","","Wed Jul 08 14:27:00 UTC 2026","passed","Wed Jul 08 14:27:19 UTC 2026","","eu.esdihumboldt.hale.io.shp.ShapeInstanceReaderTest","eu.esdihumboldt.hale.io.shp.ShapeInstanceReaderTest","testReadShapeInstances"
"","68","testLoadShiporder","","Wed Jul 08 14:16:40 UTC 2026","passed","Wed Jul 08 14:16:40 UTC 2026","","eu.esdihumboldt.hale.common.instance.helper.PropertyResolverTest","eu.esdihumboldt.hale.common.instance.helper.PropertyResolverTest","testLoadShiporder"
"","4","testUnbounded","","Wed Jul 08 14:18:10 UTC 2026","passed","Wed Jul 08 14:18:10 UTC 2026","","eu.esdihumboldt.hale.common.schema.model.constraint.factory.property.CardinalityFactoryTest","eu.esdihumboldt.hale.common.schema.model.constraint.factory.property.CardinalityFactoryTest","testUnbounded"
"","1","testHttpAbsoluteOtherHttp","","Wed Jul 08 14:28:56 UTC 2026","passed","Wed Jul 08 14:28:56 UTC 2026","","eu.esdihumboldt.hale.io.xsd.reader.HumboldtURIResolverTest","eu.esdihumboldt.hale.io.xsd.reader.HumboldtURIResolverTest","testHttpAbsoluteOtherHttp"
"","14","testFormatter[0]","","Wed Jul 08 14:29:24 UTC 2026","passed","Wed Jul 08 14:29:24 UTC 2026","","eu.esdihumboldt.util.geometry.DecimalFormatUtilTest","eu.esdihumboldt.util.geometry.DecimalFormatUtilTest","testFormatter[0]"
"","6743","testNumbers","","Wed Jul 08 14:23:17 UTC 2026","passed","Wed Jul 08 14:23:24 UTC 2026","","eu.esdihumboldt.hale.io.gml.writer.internal.StreamGmlWriter2Test","eu.esdihumboldt.hale.io.gml.writer.internal.StreamGmlWriter2Test","testNumbers"
"","0","testDirectFail","","Wed Jul 08 14:23:29 UTC 2026","passed","Wed Jul 08 14:23:29 UTC 2026","","eu.esdihumboldt.hale.io.gml.writer.internal.geometry.writers.PatternTest","eu.esdihumboldt.hale.io.gml.writer.internal.geometry.writers.PatternTest","testDirectFail"
"","324","testMatchCondition1","","Wed Jul 08 14:15:16 UTC 2026","passed","Wed Jul 08 14:15:17 UTC 2026","","eu.esdihumboldt.hale.common.align.merge.test.impl.DefaultMergeCellMigratorTest","eu.esdihumboldt.hale.common.align.merge.test.impl.DefaultMergeCellMigratorTest","testMatchCondition1"
"","9","testReadSimpleWithDate","","Wed Jul 08 14:28:38 UTC 2026","passed","Wed Jul 08 14:28:38 UTC 2026","","eu.esdihumboldt.hale.io.xls.test.reader.XLSReaderTest","eu.esdihumboldt.hale.io.xls.test.reader.XLSReaderTest","testReadSimpleWithDate"
"","22","testBinding","","Wed Jul 08 14:18:10 UTC 2026","passed","Wed Jul 08 14:18:10 UTC 2026","","eu.esdihumboldt.hale.common.schema.model.constraint.factory.type.ElementTypeFactoryTest","eu.esdihumboldt.hale.common.schema.model.constraint.factory.type.ElementTypeFactoryTest","testBinding"
"","1","testSimpleOverride","","Wed Jul 08 14:29:19 UTC 2026","passed","Wed Jul 08 14:29:19 UTC 2026","","eu.esdihumboldt.util.config.ConfigMergerTest","eu.esdihumboldt.util.config.ConfigMergerTest","testSimpleOverride"
"","9865","testPersonWriteValidate","","Wed Jul 08 14:18:33 UTC 2026","passed","Wed Jul 08 14:18:43 UTC 2026","","eu.esdihumboldt.hale.common.schema.persist.hsd.test.HaleSchemaWriterTest","eu.esdihumboldt.hale.common.schema.persist.hsd.test.HaleSchemaWriterTest","testPersonWriteValidate"
"","2241","testWriteNotNestedProperties","","Wed Jul 08 14:28:38 UTC 2026","passed","Wed Jul 08 14:28:41 UTC 2026","","eu.esdihumboldt.hale.io.xls.test.writer.XLSInstanceWriterTest","eu.esdihumboldt.hale.io.xls.test.writer.XLSInstanceWriterTest","testWriteNotNestedProperties"
"","8","testSpecifyType","","Wed Jul 08 14:26:28 UTC 2026","passed","Wed Jul 08 14:26:28 UTC 2026","","eu.esdihumboldt.hale.io.json.test.JsonToInstanceTest","eu.esdihumboldt.hale.io.json.test.JsonToInstanceTest","testSpecifyType"
"","33","testReuse","","Wed Jul 08 14:15:54 UTC 2026","passed","Wed Jul 08 14:15:54 UTC 2026","","eu.esdihumboldt.hale.common.core.io.PathUpdateTest","eu.esdihumboldt.hale.common.core.io.PathUpdateTest","testReuse"
"","1","testCRSFlipped","","Wed Jul 08 14:29:28 UTC 2026","passed","Wed Jul 08 14:29:28 UTC 2026","","eu.esdihumboldt.util.geometry.WindingOrderTest","eu.esdihumboldt.util.geometry.WindingOrderTest","testCRSFlipped"
"","0","testSubfolder3","","Wed Jul 08 14:15:54 UTC 2026","passed","Wed Jul 08 14:15:54 UTC 2026","","eu.esdihumboldt.hale.common.core.io.PathUpdateTest","eu.esdihumboldt.hale.common.core.io.PathUpdateTest","testSubfolder3"
"","4","testSerializeCompact","","Wed Jul 08 14:29:45 UTC 2026","passed","Wed Jul 08 14:29:45 UTC 2026","","eu.esdihumboldt.util.groovy.collector.StatsCollectorTest","eu.esdihumboldt.util.groovy.collector.StatsCollectorTest","testSerializeCompact"
"","1","testLargeArc","","Wed Jul 08 14:29:29 UTC 2026","passed","Wed Jul 08 14:29:29 UTC 2026","","eu.esdihumboldt.util.geometry.interpolation.model.impl.ArcByPointsImplTest","eu.esdihumboldt.util.geometry.interpolation.model.impl.ArcByPointsImplTest","testLargeArc"
"","11299","testToFrom","","Wed Jul 08 14:15:54 UTC 2026","passed","Wed Jul 08 14:16:05 UTC 2026","","eu.esdihumboldt.hale.common.core.io.impl.TextTypeJsonTest","eu.esdihumboldt.hale.common.core.io.impl.TextTypeJsonTest","testToFrom"
"","0","testJarURI","","Wed Jul 08 14:28:56 UTC 2026","passed","Wed Jul 08 14:28:56 UTC 2026","","eu.esdihumboldt.hale.io.xsd.reader.HumboldtURIResolverTest","eu.esdihumboldt.hale.io.xsd.reader.HumboldtURIResolverTest","testJarURI"
"","14","testSKOSFromRDF5_language_en","","Wed Jul 08 14:21:08 UTC 2026","passed","Wed Jul 08 14:21:08 UTC 2026","","eu.esdihumboldt.hale.io.codelist.skos.test.SkosCodeListTest","eu.esdihumboldt.hale.io.codelist.skos.test.SkosCodeListTest","testSKOSFromRDF5_language_en"
"","7","testHalfCircle","","Wed Jul 08 14:29:28 UTC 2026","passed","Wed Jul 08 14:29:28 UTC 2026","","eu.esdihumboldt.util.geometry.interpolation.grid.GridInterpolationTest","eu.esdihumboldt.util.geometry.interpolation.grid.GridInterpolationTest","testHalfCircle"
"","24","testFindPropertyCached","","Wed Jul 08 14:18:09 UTC 2026","passed","Wed Jul 08 14:18:09 UTC 2026","","eu.esdihumboldt.hale.common.schema.helper.DefinitionResolverTest","eu.esdihumboldt.hale.common.schema.helper.DefinitionResolverTest","testFindPropertyCached"
"","1","testStringValueListJson","","Wed Jul 08 14:16:06 UTC 2026","passed","Wed Jul 08 14:16:06 UTC 2026","","eu.esdihumboldt.hale.common.core.io.impl.ValueListTypeTest","eu.esdihumboldt.hale.common.core.io.impl.ValueListTypeTest","testStringValueListJson"
"","4381","testArrayTypes","","Wed Jul 08 14:25:21 UTC 2026","passed","Wed Jul 08 14:25:25 UTC 2026","","eu.esdihumboldt.hale.io.jdbc.postgresql.test.MultiDimensionalArraysIT","eu.esdihumboldt.hale.io.jdbc.postgresql.test.MultiDimensionalArraysIT","testArrayTypes"
"","111","testRetypeConditionRenameTypeFiltered","","Wed Jul 08 14:15:25 UTC 2026","passed","Wed Jul 08 14:15:25 UTC 2026","","eu.esdihumboldt.hale.common.align.merge.test.impl.JoinRetainConditionsTest","eu.esdihumboldt.hale.common.align.merge.test.impl.JoinRetainConditionsTest","testRetypeConditionRenameTypeFiltered"
"","1","testFindLines","","Wed Jul 08 14:20:18 UTC 2026","passed","Wed Jul 08 14:20:18 UTC 2026","","eu.esdihumboldt.cst.functions.geometric.test.GeometryHelperFunctionsTest","eu.esdihumboldt.cst.functions.geometric.test.GeometryHelperFunctionsTest","testFindLines"
"","87","testConsumeList","","Wed Jul 08 14:20:41 UTC 2026","passed","Wed Jul 08 14:20:41 UTC 2026","","eu.esdihumboldt.cst.functions.groovy.helpers.util.CollectorTest","eu.esdihumboldt.cst.functions.groovy.helpers.util.CollectorTest","testConsumeList"
"","331","testGeometryPrimitive_32_LineString","","Wed Jul 08 14:23:28 UTC 2026","passed","Wed Jul 08 14:23:28 UTC 2026","","eu.esdihumboldt.hale.io.gml.writer.internal.StreamGmlWriterTest","eu.esdihumboldt.hale.io.gml.writer.internal.StreamGmlWriterTest","testGeometryPrimitive_32_LineString"
"","11","testNullList","","Wed Jul 08 14:16:23 UTC 2026","passed","Wed Jul 08 14:16:23 UTC 2026","","eu.esdihumboldt.hale.common.filter.CQLFilterTest","eu.esdihumboldt.hale.common.filter.CQLFilterTest","testNullList"
"","1","testLookupAndConsume","","Wed Jul 08 14:16:07 UTC 2026","passed","Wed Jul 08 14:16:07 UTC 2026","","eu.esdihumboldt.hale.common.core.io.supplier.LookupStreamResourceTest","eu.esdihumboldt.hale.common.core.io.supplier.LookupStreamResourceTest","testLookupAndConsume"
"","269","closureStuffDisallowed","","Wed Jul 08 14:30:02 UTC 2026","passed","Wed Jul 08 14:30:02 UTC 2026","","eu.esdihumboldt.util.groovy.sandbox.test.internal.GroovySandboxTest","eu.esdihumboldt.util.groovy.sandbox.test.internal.GroovySandboxTest","closureStuffDisallowed"
"","3","testPath2","","Wed Jul 08 14:18:11 UTC 2026","passed","Wed Jul 08 14:18:11 UTC 2026","","eu.esdihumboldt.hale.common.schema.model.constraint.factory.type.PrimaryKeyFactoryTest","eu.esdihumboldt.hale.common.schema.model.constraint.factory.type.PrimaryKeyFactoryTest","testPath2"
"","0","testHasNext","","Wed Jul 08 14:30:09 UTC 2026","skipped","Wed Jul 08 14:30:09 UTC 2026","","eu.esdihumboldt.util.orient.embedded.BrowseClassIterateTest","eu.esdihumboldt.util.orient.embedded.BrowseClassIterateTest","testHasNext"
"","5","test90Deegrees","","Wed Jul 08 14:29:28 UTC 2026","passed","Wed Jul 08 14:29:28 UTC 2026","","eu.esdihumboldt.util.geometry.interpolation.grid.GridInterpolationTest","eu.esdihumboldt.util.geometry.interpolation.grid.GridInterpolationTest","test90Deegrees"
"","5","testNestedListMap","","Wed Jul 08 14:29:45 UTC 2026","passed","Wed Jul 08 14:29:45 UTC 2026","","eu.esdihumboldt.util.groovy.json.JsonStreamBuilderTest","eu.esdihumboldt.util.groovy.json.JsonStreamBuilderTest","testNestedListMap"
"","1","testDisabled","","Wed Jul 08 14:18:11 UTC 2026","passed","Wed Jul 08 14:18:11 UTC 2026","","eu.esdihumboldt.hale.common.schema.model.constraint.factory.type.SkipValidationFactoryTest","eu.esdihumboldt.hale.common.schema.model.constraint.factory.type.SkipValidationFactoryTest","testDisabled"
"","2","testRootArrayObjectsFail","","Wed Jul 08 14:29:45 UTC 2026","passed","Wed Jul 08 14:29:45 UTC 2026","","eu.esdihumboldt.util.groovy.json.JsonStreamBuilderTest","eu.esdihumboldt.util.groovy.json.JsonStreamBuilderTest","testRootArrayObjectsFail"
"","4068","testLoadImgeo_Scheiding","","Wed Jul 08 14:22:19 UTC 2026","passed","Wed Jul 08 14:22:23 UTC 2026","","eu.esdihumboldt.hale.io.gml.reader.internal.GmlInstanceCollectionTest","eu.esdihumboldt.hale.io.gml.reader.internal.GmlInstanceCollectionTest","testLoadImgeo_Scheiding"
"","151","testNonNullValuesUnaffectedByNullEntry","","Wed Jul 08 14:17:33 UTC 2026","passed","Wed Jul 08 14:17:34 UTC 2026","","eu.esdihumboldt.hale.common.lookup.impl.LookupTableImplTest","eu.esdihumboldt.hale.common.lookup.impl.LookupTableImplTest","testNonNullValuesUnaffectedByNullEntry"
"","45","testWriteDates","","Wed Jul 08 14:27:37 UTC 2026","passed","Wed Jul 08 14:27:37 UTC 2026","","eu.esdihumboldt.hale.io.shp.ShapefileInstanceWriterTest","eu.esdihumboldt.hale.io.shp.ShapefileInstanceWriterTest","testWriteDates"
"","154","testGeometryPrimitive_32_MultiLineString","","Wed Jul 08 14:23:28 UTC 2026","passed","Wed Jul 08 14:23:29 UTC 2026","","eu.esdihumboldt.hale.io.gml.writer.internal.StreamGmlWriterTest","eu.esdihumboldt.hale.io.gml.writer.internal.StreamGmlWriterTest","testGeometryPrimitive_32_MultiLineString"
"","377","testGeometryPrimitive_32_MultiPolygon_WindingOrder_CCW","","Wed Jul 08 14:23:27 UTC 2026","passed","Wed Jul 08 14:23:28 UTC 2026","","eu.esdihumboldt.hale.io.gml.writer.internal.StreamGmlWriterTest","eu.esdihumboldt.hale.io.gml.writer.internal.StreamGmlWriterTest","testGeometryPrimitive_32_MultiPolygon_WindingOrder_CCW"
"","65","testDupeAssign","","Wed Jul 08 14:19:41 UTC 2026","passed","Wed Jul 08 14:19:41 UTC 2026","","eu.esdihumboldt.cst.internal.ConceptualSchemaTransformerTest","eu.esdihumboldt.cst.internal.ConceptualSchemaTransformerTest","testDupeAssign"
"","265","testTypeFilter5","","Wed Jul 08 14:15:19 UTC 2026","passed","Wed Jul 08 14:15:20 UTC 2026","","eu.esdihumboldt.hale.common.align.merge.test.impl.DefaultMergeCellMigratorTest","eu.esdihumboldt.hale.common.align.merge.test.impl.DefaultMergeCellMigratorTest","testTypeFilter5"
"","6","testComplexStructureFromTheGuardian","","Wed Jul 08 14:29:45 UTC 2026","passed","Wed Jul 08 14:29:45 UTC 2026","","eu.esdihumboldt.util.groovy.json.JsonStreamBuilderTest","eu.esdihumboldt.util.groovy.json.JsonStreamBuilderTest","testComplexStructureFromTheGuardian"
"","0","testSimple","","Wed Jul 08 14:15:54 UTC 2026","passed","Wed Jul 08 14:15:54 UTC 2026","","eu.esdihumboldt.hale.common.core.io.PathUpdateTest","eu.esdihumboldt.hale.common.core.io.PathUpdateTest","testSimple"
"","58","testNamespaceIndexChildContextType","","Wed Jul 08 14:14:51 UTC 2026","passed","Wed Jul 08 14:14:51 UTC 2026","","eu.esdihumboldt.hale.common.align.groovy.accessor.EntityAccessorTest","eu.esdihumboldt.hale.common.align.groovy.accessor.EntityAccessorTest","testNamespaceIndexChildContextType"
"","3","testLikeNoSchema","","Wed Jul 08 14:16:24 UTC 2026","passed","Wed Jul 08 14:16:24 UTC 2026","","eu.esdihumboldt.hale.common.filter.ECQLFilterTest","eu.esdihumboldt.hale.common.filter.ECQLFilterTest","testLikeNoSchema"
"","925","testWriteFeaturesTargetCRS","","Wed Jul 08 14:22:08 UTC 2026","passed","Wed Jul 08 14:22:09 UTC 2026","","eu.esdihumboldt.hale.io.geopackage.GeopackageInstanceWriterTest","eu.esdihumboldt.hale.io.geopackage.GeopackageInstanceWriterTest","testWriteFeaturesTargetCRS"
"","84","testTypeFilter","","Wed Jul 08 14:19:43 UTC 2026","passed","Wed Jul 08 14:19:43 UTC 2026","","eu.esdihumboldt.cst.internal.ConceptualSchemaTransformerTest","eu.esdihumboldt.cst.internal.ConceptualSchemaTransformerTest","testTypeFilter"
"","85","testWriteFeaturesPrimaryKey","","Wed Jul 08 14:22:10 UTC 2026","passed","Wed Jul 08 14:22:10 UTC 2026","","eu.esdihumboldt.hale.io.geopackage.GeopackageInstanceWriterTest","eu.esdihumboldt.hale.io.geopackage.GeopackageInstanceWriterTest","testWriteFeaturesPrimaryKey"
"","2","testEmptyObject","","Wed Jul 08 14:29:45 UTC 2026","passed","Wed Jul 08 14:29:45 UTC 2026","","eu.esdihumboldt.util.groovy.json.JsonStreamBuilderTest","eu.esdihumboldt.util.groovy.json.JsonStreamBuilderTest","testEmptyObject"
"","5","testStringCompare","","Wed Jul 08 14:16:24 UTC 2026","passed","Wed Jul 08 14:16:24 UTC 2026","","eu.esdihumboldt.hale.common.filter.ECQLFilterTest","eu.esdihumboldt.hale.common.filter.ECQLFilterTest","testStringCompare"
"","4","testInstanceNoValueNullNoSchema","","Wed Jul 08 14:16:24 UTC 2026","passed","Wed Jul 08 14:16:24 UTC 2026","","eu.esdihumboldt.hale.common.filter.ECQLFilterTest","eu.esdihumboldt.hale.common.filter.ECQLFilterTest","testInstanceNoValueNullNoSchema"
"","3105","testFiltersForMultiType2","","Wed Jul 08 14:13:31 UTC 2026","passed","Wed Jul 08 14:13:34 UTC 2026","","eu.esdihumboldt.hale.app.transform.test.ExecuteTest","eu.esdihumboldt.hale.app.transform.test.ExecuteTest","testFiltersForMultiType2"
"","57","testReadMultiSheetTypeSettingsIndex","","Wed Jul 08 14:28:38 UTC 2026","passed","Wed Jul 08 14:28:38 UTC 2026","","eu.esdihumboldt.hale.io.xls.test.reader.XLSReaderTest","eu.esdihumboldt.hale.io.xls.test.reader.XLSReaderTest","testReadMultiSheetTypeSettingsIndex"
"","509","testJoin","","Wed Jul 08 14:19:29 UTC 2026","passed","Wed Jul 08 14:19:30 UTC 2026","","eu.esdihumboldt.cst.internal.ConceptualSchemaTransformerTest","eu.esdihumboldt.cst.internal.ConceptualSchemaTransformerTest","testJoin"
"","106","testLoadWVA","","Wed Jul 08 14:22:23 UTC 2026","passed","Wed Jul 08 14:22:23 UTC 2026","","eu.esdihumboldt.hale.io.gml.reader.internal.GmlInstanceCollectionTest","eu.esdihumboldt.hale.io.gml.reader.internal.GmlInstanceCollectionTest","testLoadWVA"
"","0","testGeoCross","","Wed Jul 08 14:16:23 UTC 2026","skipped","Wed Jul 08 14:16:23 UTC 2026","","eu.esdihumboldt.hale.common.filter.CQLFilterTest","eu.esdihumboldt.hale.common.filter.CQLFilterTest","testGeoCross"
"","80","testCardinalityMove","","Wed Jul 08 14:19:42 UTC 2026","passed","Wed Jul 08 14:19:42 UTC 2026","","eu.esdihumboldt.cst.internal.ConceptualSchemaTransformerTest","eu.esdihumboldt.cst.internal.ConceptualSchemaTransformerTest","testCardinalityMove"
"","2","testStandardBuilderStyle","","Wed Jul 08 14:29:45 UTC 2026","passed","Wed Jul 08 14:29:45 UTC 2026","","eu.esdihumboldt.util.groovy.json.JsonStreamBuilderTest","eu.esdihumboldt.util.groovy.json.JsonStreamBuilderTest","testStandardBuilderStyle"
"","1","testRead3","","Wed Jul 08 14:21:20 UTC 2026","passed","Wed Jul 08 14:21:20 UTC 2026","","eu.esdihumboldt.hale.io.csv.CSVSchemaReaderTest","eu.esdihumboldt.hale.io.csv.CSVSchemaReaderTest","testRead3"
"","13","testNestedDefaultProperties","","Wed Jul 08 14:18:28 UTC 2026","passed","Wed Jul 08 14:18:28 UTC 2026","","eu.esdihumboldt.hale.common.schema.groovy.SchemaBuilderTest","eu.esdihumboldt.hale.common.schema.groovy.SchemaBuilderTest","testNestedDefaultProperties"
"","97","testWriteMultiSchemasWithOneMissingGeom","","Wed Jul 08 14:27:37 UTC 2026","passed","Wed Jul 08 14:27:37 UTC 2026","","eu.esdihumboldt.hale.io.shp.ShapefileInstanceWriterTest","eu.esdihumboldt.hale.io.shp.ShapefileInstanceWriterTest","testWriteMultiSchemasWithOneMissingGeom"
"","1","testObject","","Wed Jul 08 14:18:10 UTC 2026","passed","Wed Jul 08 14:18:10 UTC 2026","","eu.esdihumboldt.hale.common.schema.model.constraint.factory.type.BindingFactoryTest","eu.esdihumboldt.hale.common.schema.model.constraint.factory.type.BindingFactoryTest","testObject"
"","0","testDuringList","","Wed Jul 08 14:16:24 UTC 2026","skipped","Wed Jul 08 14:16:24 UTC 2026","","eu.esdihumboldt.hale.common.filter.ECQLFilterTest","eu.esdihumboldt.hale.common.filter.ECQLFilterTest","testDuringList"
"","59","testBuilder","","Wed Jul 08 14:29:30 UTC 2026","passed","Wed Jul 08 14:29:30 UTC 2026","","eu.esdihumboldt.util.geometry.quadtree.QuadtreeTest","eu.esdihumboldt.util.geometry.quadtree.QuadtreeTest","testBuilder"
"","5","testStringLookup","","Wed Jul 08 14:17:45 UTC 2026","passed","Wed Jul 08 14:17:45 UTC 2026","","eu.esdihumboldt.hale.common.lookup.internal.LookupTableTypeTest","eu.esdihumboldt.hale.common.lookup.internal.LookupTableTypeTest","testStringLookup"
"","292","testGeometryPrimitive_31_Polygon","","Wed Jul 08 14:23:29 UTC 2026","passed","Wed Jul 08 14:23:29 UTC 2026","","eu.esdihumboldt.hale.io.gml.writer.internal.StreamGmlWriterTest","eu.esdihumboldt.hale.io.gml.writer.internal.StreamGmlWriterTest","testGeometryPrimitive_31_Polygon"
"","62","groovyStuffDisallowed","","Wed Jul 08 14:30:02 UTC 2026","passed","Wed Jul 08 14:30:02 UTC 2026","","eu.esdihumboldt.util.groovy.sandbox.test.internal.GroovySandboxTest","eu.esdihumboldt.util.groovy.sandbox.test.internal.GroovySandboxTest","groovyStuffDisallowed"
"","63","testGetReferencesNested","","Wed Jul 08 14:16:23 UTC 2026","passed","Wed Jul 08 14:16:23 UTC 2026","","eu.esdihumboldt.hale.common.filter.CQLFilterTest","eu.esdihumboldt.hale.common.filter.CQLFilterTest","testGetReferencesNested"
"","12","testCreateTypeIndex","","Wed Jul 08 14:18:28 UTC 2026","passed","Wed Jul 08 14:18:28 UTC 2026","","eu.esdihumboldt.hale.common.schema.groovy.SchemaBuilderTest","eu.esdihumboldt.hale.common.schema.groovy.SchemaBuilderTest","testCreateTypeIndex"
"","6","testFindPropertyNamespace","","Wed Jul 08 14:18:09 UTC 2026","passed","Wed Jul 08 14:18:09 UTC 2026","","eu.esdihumboldt.hale.common.schema.helper.DefinitionResolverTest","eu.esdihumboldt.hale.common.schema.helper.DefinitionResolverTest","testFindPropertyNamespace"
"","398","testReadVersion3","","Wed Jul 08 14:26:04 UTC 2026","passed","Wed Jul 08 14:26:05 UTC 2026","","eu.esdihumboldt.hale.io.jdbc.spatialite.reader.internal.SpatiaLiteInstanceReaderTest","eu.esdihumboldt.hale.io.jdbc.spatialite.reader.internal.SpatiaLiteInstanceReaderTest","testReadVersion3"
"","97","testMergeAdditionalProp","","Wed Jul 08 14:19:40 UTC 2026","passed","Wed Jul 08 14:19:40 UTC 2026","","eu.esdihumboldt.cst.internal.ConceptualSchemaTransformerTest","eu.esdihumboldt.cst.internal.ConceptualSchemaTransformerTest","testMergeAdditionalProp"
"","3","testMetaClass","","Wed Jul 08 14:18:28 UTC 2026","passed","Wed Jul 08 14:18:28 UTC 2026","","eu.esdihumboldt.hale.common.schema.groovy.DefinitionAccessorTest","eu.esdihumboldt.hale.common.schema.groovy.DefinitionAccessorTest","testMetaClass"
"","2","testTrueFalse","","Wed Jul 08 14:18:28 UTC 2026","passed","Wed Jul 08 14:18:28 UTC 2026","","eu.esdihumboldt.hale.common.schema.groovy.constraints.AugmentedValueFactoryTest","eu.esdihumboldt.hale.common.schema.groovy.constraints.AugmentedValueFactoryTest","testTrueFalse"
"","18","testInvalidKey1","","Wed Jul 08 14:29:20 UTC 2026","passed","Wed Jul 08 14:29:20 UTC 2026","","eu.esdihumboldt.util.config.ConfigTest","eu.esdihumboldt.util.config.ConfigTest","testInvalidKey1"
"","103","testSrs","","Wed Jul 08 14:23:07 UTC 2026","passed","Wed Jul 08 14:23:07 UTC 2026","","eu.esdihumboldt.hale.io.gml.reader.internal.StreamGmlReaderTest","eu.esdihumboldt.hale.io.gml.reader.internal.StreamGmlReaderTest","testSrs"
"","9948","testConvert","","Wed Jul 08 14:15:39 UTC 2026","passed","Wed Jul 08 14:15:49 UTC 2026","","eu.esdihumboldt.hale.common.config.ConfigValueTest","eu.esdihumboldt.hale.common.config.ConfigValueTest","testConvert"
"","5","testRootArrayObjects","","Wed Jul 08 14:29:45 UTC 2026","passed","Wed Jul 08 14:29:45 UTC 2026","","eu.esdihumboldt.util.groovy.json.JsonStreamBuilderTest","eu.esdihumboldt.util.groovy.json.JsonStreamBuilderTest","testRootArrayObjects"
"","10","testByPoints1","","Wed Jul 08 14:29:28 UTC 2026","passed","Wed Jul 08 14:29:28 UTC 2026","","eu.esdihumboldt.util.geometry.interpolation.grid.GridInterpolationTest","eu.esdihumboldt.util.geometry.interpolation.grid.GridInterpolationTest","testByPoints1"
"","1","testGeometryFlippedOnCRS","","Wed Jul 08 14:29:28 UTC 2026","passed","Wed Jul 08 14:29:28 UTC 2026","","eu.esdihumboldt.util.geometry.WindingOrderTest","eu.esdihumboldt.util.geometry.WindingOrderTest","testGeometryFlippedOnCRS"
"","229","testReadMultipleValues","","Wed Jul 08 14:28:38 UTC 2026","passed","Wed Jul 08 14:28:38 UTC 2026","","eu.esdihumboldt.hale.io.xls.test.reader.XLSReaderTest","eu.esdihumboldt.hale.io.xls.test.reader.XLSReaderTest","testReadMultipleValues"
"","221","testTypeFilter2PropertyPresent","","Wed Jul 08 14:15:21 UTC 2026","passed","Wed Jul 08 14:15:21 UTC 2026","","eu.esdihumboldt.hale.common.align.merge.test.impl.DefaultMergeCellMigratorTest","eu.esdihumboldt.hale.common.align.merge.test.impl.DefaultMergeCellMigratorTest","testTypeFilter2PropertyPresent"
"","4","testJsonBuilderPrettyPrint","","Wed Jul 08 14:29:45 UTC 2026","passed","Wed Jul 08 14:29:45 UTC 2026","","eu.esdihumboldt.util.groovy.json.JsonStreamBuilderTest","eu.esdihumboldt.util.groovy.json.JsonStreamBuilderTest","testJsonBuilderPrettyPrint"
"","44","testWriteMultipleGeometries","","Wed Jul 08 14:27:39 UTC 2026","passed","Wed Jul 08 14:27:39 UTC 2026","","eu.esdihumboldt.hale.io.shp.ShapefileInstanceWriterTest","eu.esdihumboldt.hale.io.shp.ShapefileInstanceWriterTest","testWriteMultipleGeometries"
"","6","testUnifyCCWWithHoles","","Wed Jul 08 14:29:28 UTC 2026","passed","Wed Jul 08 14:29:28 UTC 2026","","eu.esdihumboldt.util.geometry.WindingOrderTest","eu.esdihumboldt.util.geometry.WindingOrderTest","testUnifyCCWWithHoles"
"","110","testCardinalityMerge_2","","Wed Jul 08 14:19:40 UTC 2026","passed","Wed Jul 08 14:19:40 UTC 2026","","eu.esdihumboldt.cst.internal.ConceptualSchemaTransformerTest","eu.esdihumboldt.cst.internal.ConceptualSchemaTransformerTest","testCardinalityMerge_2"
"","12309","test","","Wed Jul 08 14:28:23 UTC 2026","passed","Wed Jul 08 14:28:35 UTC 2026","","eu.esdihumboldt.hale.io.xls.test.XLSInstanceIOTest","eu.esdihumboldt.hale.io.xls.test.XLSInstanceIOTest","test"
"","5","testEqualitySimpleNoSchema","","Wed Jul 08 14:16:24 UTC 2026","passed","Wed Jul 08 14:16:24 UTC 2026","","eu.esdihumboldt.hale.common.filter.CQLFilterTest","eu.esdihumboldt.hale.common.filter.CQLFilterTest","testEqualitySimpleNoSchema"
"","22","testRead_definitive_choice","","Wed Jul 08 14:28:58 UTC 2026","passed","Wed Jul 08 14:28:58 UTC 2026","","eu.esdihumboldt.hale.io.xsd.reader.XmlSchemaReaderTest","eu.esdihumboldt.hale.io.xsd.reader.XmlSchemaReaderTest","testRead_definitive_choice"
"","148","testJoinFilter","","Wed Jul 08 14:15:25 UTC 2026","passed","Wed Jul 08 14:15:25 UTC 2026","","eu.esdihumboldt.hale.common.align.merge.test.impl.JoinMergeTest","eu.esdihumboldt.hale.common.align.merge.test.impl.JoinMergeTest","testJoinFilter"
"","6","testRootArrayObjectNested","","Wed Jul 08 14:29:45 UTC 2026","passed","Wed Jul 08 14:29:45 UTC 2026","","eu.esdihumboldt.util.groovy.json.JsonStreamBuilderTest","eu.esdihumboldt.util.groovy.json.JsonStreamBuilderTest","testRootArrayObjectNested"
"","2","testNotOrigin","","Wed Jul 08 14:29:29 UTC 2026","passed","Wed Jul 08 14:29:29 UTC 2026","","eu.esdihumboldt.util.geometry.interpolation.model.impl.ArcByPointsImplTest","eu.esdihumboldt.util.geometry.interpolation.model.impl.ArcByPointsImplTest","testNotOrigin"
"","4","testEqualityListNoSchema","","Wed Jul 08 14:16:24 UTC 2026","passed","Wed Jul 08 14:16:24 UTC 2026","","eu.esdihumboldt.hale.common.filter.ECQLFilterTest","eu.esdihumboldt.hale.common.filter.ECQLFilterTest","testEqualityListNoSchema"
"","2707","testFromCode","","Wed Jul 08 14:20:15 UTC 2026","passed","Wed Jul 08 14:20:17 UTC 2026","","eu.esdihumboldt.cst.functions.geometric.test.CRSHelperFunctionsTest","eu.esdihumboldt.cst.functions.geometric.test.CRSHelperFunctionsTest","testFromCode"
"","17238","testUnconditionalFilterForHydro","","Wed Jul 08 14:12:41 UTC 2026","passed","Wed Jul 08 14:12:58 UTC 2026","","eu.esdihumboldt.hale.app.transform.test.ExecuteTest","eu.esdihumboldt.hale.app.transform.test.ExecuteTest","testUnconditionalFilterForHydro"
"","0","testReverseGroupsKeysBySharedValue","","Wed Jul 08 14:17:34 UTC 2026","passed","Wed Jul 08 14:17:34 UTC 2026","","eu.esdihumboldt.hale.common.lookup.impl.LookupTableImplTest","eu.esdihumboldt.hale.common.lookup.impl.LookupTableImplTest","testReverseGroupsKeysBySharedValue"
"","0","testFormatter[9]","","Wed Jul 08 14:29:24 UTC 2026","passed","Wed Jul 08 14:29:24 UTC 2026","","eu.esdihumboldt.util.geometry.DecimalFormatUtilTest","eu.esdihumboldt.util.geometry.DecimalFormatUtilTest","testFormatter[9]"
"","2","testGetVersion","","Wed Jul 08 14:15:53 UTC 2026","skipped","Wed Jul 08 14:15:53 UTC 2026","","eu.esdihumboldt.hale.common.core.HalePlatformTest","eu.esdihumboldt.hale.common.core.HalePlatformTest","testGetVersion"
"","82","testPriority","","Wed Jul 08 14:19:41 UTC 2026","passed","Wed Jul 08 14:19:41 UTC 2026","","eu.esdihumboldt.cst.internal.ConceptualSchemaTransformerTest","eu.esdihumboldt.cst.internal.ConceptualSchemaTransformerTest","testPriority"
"","617","testInnerJoinConditions","","Wed Jul 08 14:19:38 UTC 2026","passed","Wed Jul 08 14:19:39 UTC 2026","","eu.esdihumboldt.cst.internal.ConceptualSchemaTransformerTest","eu.esdihumboldt.cst.internal.ConceptualSchemaTransformerTest","testInnerJoinConditions"
"","3","testNested","","Wed Jul 08 14:26:28 UTC 2026","passed","Wed Jul 08 14:26:28 UTC 2026","","eu.esdihumboldt.hale.io.json.test.JsonSchemaReaderTest","eu.esdihumboldt.hale.io.json.test.JsonSchemaReaderTest","testNested"
"","0","testInnerJoinNasIndexBased","","Wed Jul 08 14:19:30 UTC 2026","skipped","Wed Jul 08 14:19:30 UTC 2026","","eu.esdihumboldt.cst.internal.ConceptualSchemaTransformerTest","eu.esdihumboldt.cst.internal.ConceptualSchemaTransformerTest","testInnerJoinNasIndexBased"
"","6","testNullNoSchema","","Wed Jul 08 14:16:24 UTC 2026","passed","Wed Jul 08 14:16:24 UTC 2026","","eu.esdihumboldt.hale.common.filter.CQLFilterTest","eu.esdihumboldt.hale.common.filter.CQLFilterTest","testNullNoSchema"
"","8","testDefinedTypeReference","","Wed Jul 08 14:18:28 UTC 2026","passed","Wed Jul 08 14:18:28 UTC 2026","","eu.esdihumboldt.hale.common.schema.groovy.SchemaBuilderTest","eu.esdihumboldt.hale.common.schema.groovy.SchemaBuilderTest","testDefinedTypeReference"
"","4","testByPoints2","","Wed Jul 08 14:29:29 UTC 2026","passed","Wed Jul 08 14:29:29 UTC 2026","","eu.esdihumboldt.util.geometry.interpolation.split.SplitInterpolationTest","eu.esdihumboldt.util.geometry.interpolation.split.SplitInterpolationTest","testByPoints2"
"","0","testGeometry_2_MultiLineString","","Wed Jul 08 14:23:24 UTC 2026","skipped","Wed Jul 08 14:23:24 UTC 2026","","eu.esdihumboldt.hale.io.gml.writer.internal.StreamGmlWriterTest","eu.esdihumboldt.hale.io.gml.writer.internal.StreamGmlWriterTest","testGeometry_2_MultiLineString"
"","6","testGeoCrosses","","Wed Jul 08 14:16:24 UTC 2026","passed","Wed Jul 08 14:16:24 UTC 2026","","eu.esdihumboldt.hale.common.filter.ECQLFilterTest","eu.esdihumboldt.hale.common.filter.ECQLFilterTest","testGeoCrosses"
"","5","testByPoints2AllGrid","","Wed Jul 08 14:29:28 UTC 2026","passed","Wed Jul 08 14:29:28 UTC 2026","","eu.esdihumboldt.util.geometry.interpolation.grid.GridInterpolationTest","eu.esdihumboldt.util.geometry.interpolation.grid.GridInterpolationTest","testByPoints2AllGrid"
"","0","testDescent","","Wed Jul 08 14:23:29 UTC 2026","skipped","Wed Jul 08 14:23:29 UTC 2026","","eu.esdihumboldt.hale.io.gml.writer.internal.geometry.writers.PatternTest","eu.esdihumboldt.hale.io.gml.writer.internal.geometry.writers.PatternTest","testDescent"
"","1","testDisabled","","Wed Jul 08 14:18:10 UTC 2026","passed","Wed Jul 08 14:18:10 UTC 2026","","eu.esdihumboldt.hale.common.schema.model.constraint.factory.property.NillableFlagFactoryTest","eu.esdihumboldt.hale.common.schema.model.constraint.factory.property.NillableFlagFactoryTest","testDisabled"
"","196","testRetypeCondition","","Wed Jul 08 14:15:25 UTC 2026","passed","Wed Jul 08 14:15:25 UTC 2026","","eu.esdihumboldt.hale.common.align.merge.test.impl.JoinRetainConditionsTest","eu.esdihumboldt.hale.common.align.merge.test.impl.JoinRetainConditionsTest","testRetypeCondition"
"","12","testReadSimplePolygon","","Wed Jul 08 14:26:28 UTC 2026","passed","Wed Jul 08 14:26:28 UTC 2026","","eu.esdihumboldt.hale.io.json.test.JsonToInstanceTest","eu.esdihumboldt.hale.io.json.test.JsonToInstanceTest","testReadSimplePolygon"
"","244","testTypeFilter3Present","","Wed Jul 08 14:15:18 UTC 2026","passed","Wed Jul 08 14:15:18 UTC 2026","","eu.esdihumboldt.hale.common.align.merge.test.impl.DefaultMergeCellMigratorTest","eu.esdihumboldt.hale.common.align.merge.test.impl.DefaultMergeCellMigratorTest","testTypeFilter3Present"
"","973","testReadXsdInstancesTypenameWithoutNamespace","","Wed Jul 08 14:27:34 UTC 2026","passed","Wed Jul 08 14:27:35 UTC 2026","","eu.esdihumboldt.hale.io.shp.ShapeInstanceReaderTest","eu.esdihumboldt.hale.io.shp.ShapeInstanceReaderTest","testReadXsdInstancesTypenameWithoutNamespace"
"","5","testInstanceValueNullSchema","","Wed Jul 08 14:16:24 UTC 2026","passed","Wed Jul 08 14:16:24 UTC 2026","","eu.esdihumboldt.hale.common.filter.ECQLFilterTest","eu.esdihumboldt.hale.common.filter.ECQLFilterTest","testInstanceValueNullSchema"
"","106","testWriteMultiSchemasWithDifferentGeometryTypes","","Wed Jul 08 14:27:39 UTC 2026","passed","Wed Jul 08 14:27:40 UTC 2026","","eu.esdihumboldt.hale.io.shp.ShapefileInstanceWriterTest","eu.esdihumboldt.hale.io.shp.ShapefileInstanceWriterTest","testWriteMultiSchemasWithDifferentGeometryTypes"
"","6425","testInnerJoinNas","","Wed Jul 08 14:19:32 UTC 2026","passed","Wed Jul 08 14:19:38 UTC 2026","","eu.esdihumboldt.cst.internal.ConceptualSchemaTransformerTest","eu.esdihumboldt.cst.internal.ConceptualSchemaTransformerTest","testInnerJoinNas"
"","5","testLikeList","","Wed Jul 08 14:16:24 UTC 2026","passed","Wed Jul 08 14:16:24 UTC 2026","","eu.esdihumboldt.hale.common.filter.ECQLFilterTest","eu.esdihumboldt.hale.common.filter.ECQLFilterTest","testLikeList"
"","2","testRootArrayEmpty","","Wed Jul 08 14:29:45 UTC 2026","passed","Wed Jul 08 14:29:45 UTC 2026","","eu.esdihumboldt.util.groovy.json.JsonStreamBuilderTest","eu.esdihumboldt.util.groovy.json.JsonStreamBuilderTest","testRootArrayEmpty"
"","9147","testEqualitySimple","","Wed Jul 08 14:16:13 UTC 2026","passed","Wed Jul 08 14:16:22 UTC 2026","","eu.esdihumboldt.hale.common.filter.CQLFilterTest","eu.esdihumboldt.hale.common.filter.CQLFilterTest","testEqualitySimple"
"","53","checkCyclicTypes","","Wed Jul 08 14:25:16 UTC 2026","passed","Wed Jul 08 14:25:17 UTC 2026","","eu.esdihumboldt.hale.io.jdbc.postgresql.test.CheckSortingForCyclicTypesTest","eu.esdihumboldt.hale.io.jdbc.postgresql.test.CheckSortingForCyclicTypesTest","checkCyclicTypes"
"","4","test90Deegrees","","Wed Jul 08 14:29:29 UTC 2026","passed","Wed Jul 08 14:29:29 UTC 2026","","eu.esdihumboldt.util.geometry.interpolation.split.SplitInterpolationTest","eu.esdihumboldt.util.geometry.interpolation.split.SplitInterpolationTest","test90Deegrees"
"","2","testStraight","","Wed Jul 08 14:29:29 UTC 2026","passed","Wed Jul 08 14:29:29 UTC 2026","","eu.esdihumboldt.util.geometry.interpolation.model.impl.ArcByPointsImplTest","eu.esdihumboldt.util.geometry.interpolation.model.impl.ArcByPointsImplTest","testStraight"
"","7","testReadFirstArray","","Wed Jul 08 14:26:27 UTC 2026","passed","Wed Jul 08 14:26:27 UTC 2026","","eu.esdihumboldt.hale.io.json.test.JsonInstanceCollectionTest","eu.esdihumboldt.hale.io.json.test.JsonInstanceCollectionTest","testReadFirstArray"
"","0","testFormatter[1]","","Wed Jul 08 14:29:24 UTC 2026","passed","Wed Jul 08 14:29:24 UTC 2026","","eu.esdihumboldt.util.geometry.DecimalFormatUtilTest","eu.esdihumboldt.util.geometry.DecimalFormatUtilTest","testFormatter[1]"
"","92","testSimpleMerge","","Wed Jul 08 14:19:40 UTC 2026","passed","Wed Jul 08 14:19:40 UTC 2026","","eu.esdihumboldt.cst.internal.ConceptualSchemaTransformerTest","eu.esdihumboldt.cst.internal.ConceptualSchemaTransformerTest","testSimpleMerge"
"","0","testFormatter[7]","","Wed Jul 08 14:29:24 UTC 2026","passed","Wed Jul 08 14:29:24 UTC 2026","","eu.esdihumboldt.util.geometry.DecimalFormatUtilTest","eu.esdihumboldt.util.geometry.DecimalFormatUtilTest","testFormatter[7]"
"","324","testGeometryPrimitive_32_Point","","Wed Jul 08 14:23:27 UTC 2026","passed","Wed Jul 08 14:23:27 UTC 2026","","eu.esdihumboldt.hale.io.gml.writer.internal.StreamGmlWriterTest","eu.esdihumboldt.hale.io.gml.writer.internal.StreamGmlWriterTest","testGeometryPrimitive_32_Point"
"","294","testSaveLoad","","Wed Jul 08 14:14:32 UTC 2026","passed","Wed Jul 08 14:14:32 UTC 2026","","eu.esdihumboldt.hale.common.align.io.JaxbAlignmentIOTest","eu.esdihumboldt.hale.common.align.io.JaxbAlignmentIOTest","testSaveLoad"
"","89","testPropertyFilter","","Wed Jul 08 14:19:42 UTC 2026","passed","Wed Jul 08 14:19:42 UTC 2026","","eu.esdihumboldt.cst.internal.ConceptualSchemaTransformerTest","eu.esdihumboldt.cst.internal.ConceptualSchemaTransformerTest","testPropertyFilter"
"","133","testExportMultiFeatureToExcel","","Wed Jul 08 14:28:41 UTC 2026","passed","Wed Jul 08 14:28:41 UTC 2026","","eu.esdihumboldt.hale.io.xls.test.writer.XLSInstanceWriterTest","eu.esdihumboldt.hale.io.xls.test.writer.XLSInstanceWriterTest","testExportMultiFeatureToExcel"
"","117","testRetypeConditionRenameTypeInherited","","Wed Jul 08 14:15:25 UTC 2026","passed","Wed Jul 08 14:15:25 UTC 2026","","eu.esdihumboldt.hale.common.align.merge.test.impl.JoinRetainConditionsTest","eu.esdihumboldt.hale.common.align.merge.test.impl.JoinRetainConditionsTest","testRetypeConditionRenameTypeInherited"
"","1","testString","","Wed Jul 08 14:18:10 UTC 2026","passed","Wed Jul 08 14:18:10 UTC 2026","","eu.esdihumboldt.hale.common.schema.model.constraint.factory.type.BindingFactoryTest","eu.esdihumboldt.hale.common.schema.model.constraint.factory.type.BindingFactoryTest","testString"
"","147","testSplitMulti_Singles","","Wed Jul 08 14:20:17 UTC 2026","passed","Wed Jul 08 14:20:18 UTC 2026","","eu.esdihumboldt.cst.functions.geometric.test.GeometryHelperFunctionsTest","eu.esdihumboldt.cst.functions.geometric.test.GeometryHelperFunctionsTest","testSplitMulti_Singles"
"","2","testMixedProperty","","Wed Jul 08 14:26:28 UTC 2026","passed","Wed Jul 08 14:26:28 UTC 2026","","eu.esdihumboldt.hale.io.json.test.JsonSchemaReaderTest","eu.esdihumboldt.hale.io.json.test.JsonSchemaReaderTest","testMixedProperty"
"","0","testExistsNoSchema","","Wed Jul 08 14:16:24 UTC 2026","skipped","Wed Jul 08 14:16:24 UTC 2026","","eu.esdihumboldt.hale.common.filter.CQLFilterTest","eu.esdihumboldt.hale.common.filter.CQLFilterTest","testExistsNoSchema"
"","3","testNullProperties","","Wed Jul 08 14:17:12 UTC 2026","passed","Wed Jul 08 14:17:12 UTC 2026","","eu.esdihumboldt.hale.common.instance.groovy.InstanceAccessorTest","eu.esdihumboldt.hale.common.instance.groovy.InstanceAccessorTest","testNullProperties"
"","14","testSimpleSingleStrictFail","","Wed Jul 08 14:14:51 UTC 2026","passed","Wed Jul 08 14:14:51 UTC 2026","","eu.esdihumboldt.hale.common.align.groovy.accessor.EntityAccessorTest","eu.esdihumboldt.hale.common.align.groovy.accessor.EntityAccessorTest","testSimpleSingleStrictFail"
"","111","testAfter","","Wed Jul 08 14:16:23 UTC 2026","passed","Wed Jul 08 14:16:23 UTC 2026","","eu.esdihumboldt.hale.common.filter.CQLFilterTest","eu.esdihumboldt.hale.common.filter.CQLFilterTest","testAfter"
"","9413","testLoadWFS2Capabilities","","Wed Jul 08 14:28:06 UTC 2026","passed","Wed Jul 08 14:28:16 UTC 2026","","eu.esdihumboldt.hale.io.wfs.test.capabilities.CapabilitiesHelperTest","eu.esdihumboldt.hale.io.wfs.test.capabilities.CapabilitiesHelperTest","testLoadWFS2Capabilities"
"","42","testOffsetBig","","Wed Jul 08 14:29:28 UTC 2026","passed","Wed Jul 08 14:29:28 UTC 2026","","eu.esdihumboldt.util.geometry.interpolation.grid.GridInterpolationTest","eu.esdihumboldt.util.geometry.interpolation.grid.GridInterpolationTest","testOffsetBig"
"","6","testLoopStartArray","","Wed Jul 08 14:29:45 UTC 2026","passed","Wed Jul 08 14:29:45 UTC 2026","","eu.esdihumboldt.util.groovy.json.JsonStreamBuilderTest","eu.esdihumboldt.util.groovy.json.JsonStreamBuilderTest","testLoopStartArray"
"","1","testFootprint2","","Wed Jul 08 14:20:18 UTC 2026","passed","Wed Jul 08 14:20:18 UTC 2026","","eu.esdihumboldt.cst.functions.geometric.test.InteriorPointTest","eu.esdihumboldt.cst.functions.geometric.test.InteriorPointTest","testFootprint2"
"","128","testImplicitAssign","","Wed Jul 08 14:19:40 UTC 2026","passed","Wed Jul 08 14:19:40 UTC 2026","","eu.esdihumboldt.cst.internal.ConceptualSchemaTransformerTest","eu.esdihumboldt.cst.internal.ConceptualSchemaTransformerTest","testImplicitAssign"
"","7","testReadPoint","","Wed Jul 08 14:26:28 UTC 2026","passed","Wed Jul 08 14:26:28 UTC 2026","","eu.esdihumboldt.hale.io.json.test.JsonToInstanceTest","eu.esdihumboldt.hale.io.json.test.JsonToInstanceTest","testReadPoint"
"","0","testMsAccessSchemaReaderForAccdbTest","","Wed Jul 08 14:24:26 UTC 2026","skipped","Wed Jul 08 14:24:26 UTC 2026","","eu.esdihumboldt.hale.io.jdbc.msaccess.reader.MsAccessSchemaReaderTest","eu.esdihumboldt.hale.io.jdbc.msaccess.reader.MsAccessSchemaReaderTest","testMsAccessSchemaReaderForAccdbTest"
"","221","testComplexLookup","","Wed Jul 08 14:17:44 UTC 2026","passed","Wed Jul 08 14:17:45 UTC 2026","","eu.esdihumboldt.hale.common.lookup.internal.LookupTableTypeTest","eu.esdihumboldt.hale.common.lookup.internal.LookupTableTypeTest","testComplexLookup"
"","0","testPropertiesMix","","Wed Jul 08 14:19:32 UTC 2026","skipped","Wed Jul 08 14:19:32 UTC 2026","","eu.esdihumboldt.cst.internal.ConceptualSchemaTransformerTest","eu.esdihumboldt.cst.internal.ConceptualSchemaTransformerTest","testPropertiesMix"
"","73","testWriteSimpleSchema","","Wed Jul 08 14:21:34 UTC 2026","passed","Wed Jul 08 14:21:34 UTC 2026","","eu.esdihumboldt.hale.io.csv.writer.CSVInstanceWriterTest","eu.esdihumboldt.hale.io.csv.writer.CSVInstanceWriterTest","testWriteSimpleSchema"
"","187","testBaseAlignmentSaveLoad","","Wed Jul 08 14:14:21 UTC 2026","passed","Wed Jul 08 14:14:21 UTC 2026","","eu.esdihumboldt.hale.common.align.io.CastorAlignmentIOTest","eu.esdihumboldt.hale.common.align.io.CastorAlignmentIOTest","testBaseAlignmentSaveLoad"
"","221","testTypeFilter3","","Wed Jul 08 14:15:19 UTC 2026","passed","Wed Jul 08 14:15:19 UTC 2026","","eu.esdihumboldt.hale.common.align.merge.test.impl.DefaultMergeCellMigratorTest","eu.esdihumboldt.hale.common.align.merge.test.impl.DefaultMergeCellMigratorTest","testTypeFilter3"
"","0","testIterateEmpty","","Wed Jul 08 14:16:40 UTC 2026","passed","Wed Jul 08 14:16:40 UTC 2026","","eu.esdihumboldt.hale.common.instance.tools.impl.SimplePartitionerTest","eu.esdihumboldt.hale.common.instance.tools.impl.SimplePartitionerTest","testIterateEmpty"
"","0","testLocales1","","Wed Jul 08 14:14:35 UTC 2026","skipped","Wed Jul 08 14:14:35 UTC 2026","","eu.esdihumboldt.hale.common.align.model.impl.mdexpl.MarkdownCellExplanationTest","eu.esdihumboldt.hale.common.align.model.impl.mdexpl.MarkdownCellExplanationTest","testLocales1"
"","7","testByPoints2","","Wed Jul 08 14:29:28 UTC 2026","passed","Wed Jul 08 14:29:28 UTC 2026","","eu.esdihumboldt.util.geometry.interpolation.grid.GridInterpolationTest","eu.esdihumboldt.util.geometry.interpolation.grid.GridInterpolationTest","testByPoints2"
"","0","testLoadShiporderECQL","","Wed Jul 08 14:16:28 UTC 2026","skipped","Wed Jul 08 14:16:28 UTC 2026","","eu.esdihumboldt.hale.common.filter.FilterTest","eu.esdihumboldt.hale.common.filter.FilterTest","testLoadShiporderECQL"
"","244","testJoinCondition","","Wed Jul 08 14:15:25 UTC 2026","passed","Wed Jul 08 14:15:25 UTC 2026","","eu.esdihumboldt.hale.common.align.merge.test.impl.JoinRetainConditionsTest","eu.esdihumboldt.hale.common.align.merge.test.impl.JoinRetainConditionsTest","testJoinCondition"
"","1","testDisabled","","Wed Jul 08 14:18:11 UTC 2026","passed","Wed Jul 08 14:18:11 UTC 2026","","eu.esdihumboldt.hale.common.schema.model.constraint.factory.type.MappableFlagFactoryTest","eu.esdihumboldt.hale.common.schema.model.constraint.factory.type.MappableFlagFactoryTest","testDisabled"
"","3299","testReadInstances","","Wed Jul 08 14:22:04 UTC 2026","passed","Wed Jul 08 14:22:07 UTC 2026","","eu.esdihumboldt.hale.io.geopackage.GeopackageInstanceReaderTest","eu.esdihumboldt.hale.io.geopackage.GeopackageInstanceReaderTest","testReadInstances"
"","64","testGmlOverflow2","","Wed Jul 08 14:16:56 UTC 2026","passed","Wed Jul 08 14:16:56 UTC 2026","","eu.esdihumboldt.hale.common.instance.graph.test.ReferenceGraphTest","eu.esdihumboldt.hale.common.instance.graph.test.ReferenceGraphTest","testGmlOverflow2"
"","7","testNumberBetween","","Wed Jul 08 14:16:24 UTC 2026","passed","Wed Jul 08 14:16:24 UTC 2026","","eu.esdihumboldt.hale.common.filter.ECQLFilterTest","eu.esdihumboldt.hale.common.filter.ECQLFilterTest","testNumberBetween"
"","26","testLoadMixed","","Wed Jul 08 14:22:28 UTC 2026","passed","Wed Jul 08 14:22:28 UTC 2026","","eu.esdihumboldt.hale.io.gml.reader.internal.GmlInstanceCollectionTest","eu.esdihumboldt.hale.io.gml.reader.internal.GmlInstanceCollectionTest","testLoadMixed"
"","117","testNullValue","","Wed Jul 08 14:19:43 UTC 2026","passed","Wed Jul 08 14:19:43 UTC 2026","","eu.esdihumboldt.cst.internal.ConceptualSchemaTransformerTest","eu.esdihumboldt.cst.internal.ConceptualSchemaTransformerTest","testNullValue"
"","10034","testAccessNullProperties","","Wed Jul 08 14:17:02 UTC 2026","passed","Wed Jul 08 14:17:12 UTC 2026","","eu.esdihumboldt.hale.common.instance.groovy.InstanceAccessorTest","eu.esdihumboldt.hale.common.instance.groovy.InstanceAccessorTest","testAccessNullProperties"
"","7","testDoubleObject2","","Wed Jul 08 14:29:45 UTC 2026","passed","Wed Jul 08 14:29:45 UTC 2026","","eu.esdihumboldt.util.groovy.json.JsonStreamBuilderTest","eu.esdihumboldt.util.groovy.json.JsonStreamBuilderTest","testDoubleObject2"
"","9","testEqualityListNoSchema","","Wed Jul 08 14:16:23 UTC 2026","passed","Wed Jul 08 14:16:23 UTC 2026","","eu.esdihumboldt.hale.common.filter.CQLFilterTest","eu.esdihumboldt.hale.common.filter.CQLFilterTest","testEqualityListNoSchema"
"","19","testGmlUnresolvableReferences","","Wed Jul 08 14:16:56 UTC 2026","passed","Wed Jul 08 14:16:56 UTC 2026","","eu.esdihumboldt.hale.common.instance.graph.test.ReferenceGraphTest","eu.esdihumboldt.hale.common.instance.graph.test.ReferenceGraphTest","testGmlUnresolvableReferences"
"","1","testInstanceReader","","Wed Jul 08 14:24:30 UTC 2026","skipped","Wed Jul 08 14:24:30 UTC 2026","","eu.esdihumboldt.hale.io.jdbc.mssql.test.MsSQLServer14Test","eu.esdihumboldt.hale.io.jdbc.mssql.test.MsSQLServer14Test","testInstanceReader"
"","43","testNullMixed","","Wed Jul 08 14:17:12 UTC 2026","passed","Wed Jul 08 14:17:13 UTC 2026","","eu.esdihumboldt.hale.common.instance.groovy.InstanceAccessorTest","eu.esdihumboldt.hale.common.instance.groovy.InstanceAccessorTest","testNullMixed"
"","2","testVirtualRootPrettyPrint","","Wed Jul 08 14:29:45 UTC 2026","passed","Wed Jul 08 14:29:45 UTC 2026","","eu.esdihumboldt.util.groovy.json.JsonStreamBuilderTest","eu.esdihumboldt.util.groovy.json.JsonStreamBuilderTest","testVirtualRootPrettyPrint"
"","324","testGeometryAggregate_32_MultiPolygon","","Wed Jul 08 14:23:25 UTC 2026","passed","Wed Jul 08 14:23:25 UTC 2026","","eu.esdihumboldt.hale.io.gml.writer.internal.StreamGmlWriterTest","eu.esdihumboldt.hale.io.gml.writer.internal.StreamGmlWriterTest","testGeometryAggregate_32_MultiPolygon"
"","0","testFootprint","","Wed Jul 08 14:20:18 UTC 2026","passed","Wed Jul 08 14:20:18 UTC 2026","","eu.esdihumboldt.cst.functions.geometric.test.InteriorPointTest","eu.esdihumboldt.cst.functions.geometric.test.InteriorPointTest","testFootprint"
"","4","testNullNotExistsSchema","","Wed Jul 08 14:16:24 UTC 2026","passed","Wed Jul 08 14:16:24 UTC 2026","","eu.esdihumboldt.hale.common.filter.CQLFilterTest","eu.esdihumboldt.hale.common.filter.CQLFilterTest","testNullNotExistsSchema"
"","0","testGeometry_2_Polygon","","Wed Jul 08 14:23:26 UTC 2026","skipped","Wed Jul 08 14:23:26 UTC 2026","","eu.esdihumboldt.hale.io.gml.writer.internal.StreamGmlWriterTest","eu.esdihumboldt.hale.io.gml.writer.internal.StreamGmlWriterTest","testGeometry_2_Polygon"
"","0","testHttpAbsoluteOtherJar","","Wed Jul 08 14:28:56 UTC 2026","passed","Wed Jul 08 14:28:56 UTC 2026","","eu.esdihumboldt.hale.io.xsd.reader.HumboldtURIResolverTest","eu.esdihumboldt.hale.io.xsd.reader.HumboldtURIResolverTest","testHttpAbsoluteOtherJar"
"","30","testCallMethod","","Wed Jul 08 14:23:47 UTC 2026","passed","Wed Jul 08 14:23:47 UTC 2026","","eu.esdihumboldt.hale.io.groovy.snippets.GroovySnippetsTest","eu.esdihumboldt.hale.io.groovy.snippets.GroovySnippetsTest","testCallMethod"
"","15","testEnabled","","Wed Jul 08 14:18:11 UTC 2026","passed","Wed Jul 08 14:18:11 UTC 2026","","eu.esdihumboldt.hale.common.schema.model.constraint.factory.type.MappableFlagFactoryTest","eu.esdihumboldt.hale.common.schema.model.constraint.factory.type.MappableFlagFactoryTest","testEnabled"
"","89","testWriteComplexSchema","","Wed Jul 08 14:21:34 UTC 2026","passed","Wed Jul 08 14:21:34 UTC 2026","","eu.esdihumboldt.hale.io.csv.writer.CSVInstanceWriterTest","eu.esdihumboldt.hale.io.csv.writer.CSVInstanceWriterTest","testWriteComplexSchema"
"","6","testStringLookupJson","","Wed Jul 08 14:17:45 UTC 2026","passed","Wed Jul 08 14:17:45 UTC 2026","","eu.esdihumboldt.hale.common.lookup.internal.LookupTableTypeTest","eu.esdihumboldt.hale.common.lookup.internal.LookupTableTypeTest","testStringLookupJson"
"","67","testReadMultiSheetDetectType","","Wed Jul 08 14:28:38 UTC 2026","passed","Wed Jul 08 14:28:38 UTC 2026","","eu.esdihumboldt.hale.io.xls.test.reader.XLSReaderTest","eu.esdihumboldt.hale.io.xls.test.reader.XLSReaderTest","testReadMultiSheetDetectType"
"","22","testAlias","","Wed Jul 08 14:24:17 UTC 2026","passed","Wed Jul 08 14:24:17 UTC 2026","","eu.esdihumboldt.hale.io.jdbc.test.constraints.factory.GeometryMetadataFactoryTest","eu.esdihumboldt.hale.io.jdbc.test.constraints.factory.GeometryMetadataFactoryTest","testAlias"
"","2","testDisabled","","Wed Jul 08 14:18:10 UTC 2026","passed","Wed Jul 08 14:18:10 UTC 2026","","eu.esdihumboldt.hale.common.schema.model.constraint.factory.type.AbstractFlagFactoryTest","eu.esdihumboldt.hale.common.schema.model.constraint.factory.type.AbstractFlagFactoryTest","testDisabled"
"","1281","testShapefileInstanceFromNginxUrlWithoutFixFile","","Wed Jul 08 14:27:32 UTC 2026","passed","Wed Jul 08 14:27:33 UTC 2026","","eu.esdihumboldt.hale.io.shp.ShapeInstanceReaderTest","eu.esdihumboldt.hale.io.shp.ShapeInstanceReaderTest","testShapefileInstanceFromNginxUrlWithoutFixFile"
"","1","testFileRelative1","","Wed Jul 08 14:28:56 UTC 2026","passed","Wed Jul 08 14:28:56 UTC 2026","","eu.esdihumboldt.hale.io.xsd.reader.HumboldtURIResolverTest","eu.esdihumboldt.hale.io.xsd.reader.HumboldtURIResolverTest","testFileRelative1"
"","170","testGroovyWarningScript","","Wed Jul 08 14:15:22 UTC 2026","passed","Wed Jul 08 14:15:22 UTC 2026","","eu.esdihumboldt.hale.common.align.merge.test.impl.DefaultMergeCellMigratorTest","eu.esdihumboldt.hale.common.align.merge.test.impl.DefaultMergeCellMigratorTest","testGroovyWarningScript"
"","0","testUnifyHoles","","Wed Jul 08 14:29:28 UTC 2026","passed","Wed Jul 08 14:29:28 UTC 2026","","eu.esdihumboldt.util.geometry.WindingOrderTest","eu.esdihumboldt.util.geometry.WindingOrderTest","testUnifyHoles"
"","30","testSinglePolyGeometryWithLongAlphanumericNamesWithMultipleInstances","","Wed Jul 08 14:27:39 UTC 2026","passed","Wed Jul 08 14:27:39 UTC 2026","","eu.esdihumboldt.hale.io.shp.ShapefileInstanceWriterTest","eu.esdihumboldt.hale.io.shp.ShapefileInstanceWriterTest","testSinglePolyGeometryWithLongAlphanumericNamesWithMultipleInstances"
"","21","testReadVersion4","","Wed Jul 08 14:26:05 UTC 2026","passed","Wed Jul 08 14:26:05 UTC 2026","","eu.esdihumboldt.hale.io.jdbc.spatialite.reader.internal.SpatiaLiteInstanceReaderTest","eu.esdihumboldt.hale.io.jdbc.spatialite.reader.internal.SpatiaLiteInstanceReaderTest","testReadVersion4"
"","8445","testBothWays","","Wed Jul 08 14:28:46 UTC 2026","passed","Wed Jul 08 14:28:55 UTC 2026","","eu.esdihumboldt.hale.io.xsd.anytype.valuetypes.CustomTypeContentAssociationTypeTest","eu.esdihumboldt.hale.io.xsd.anytype.valuetypes.CustomTypeContentAssociationTypeTest","testBothWays"
"","178","mergeJoinsWithJoin_abstract1","","Wed Jul 08 14:15:24 UTC 2026","passed","Wed Jul 08 14:15:24 UTC 2026","","eu.esdihumboldt.hale.common.align.merge.test.impl.JoinMergeTest","eu.esdihumboldt.hale.common.align.merge.test.impl.JoinMergeTest","mergeJoinsWithJoin_abstract1"
"","0","testGeometryPrimitive_3_Polygon","","Wed Jul 08 14:23:28 UTC 2026","skipped","Wed Jul 08 14:23:28 UTC 2026","","eu.esdihumboldt.hale.io.gml.writer.internal.StreamGmlWriterTest","eu.esdihumboldt.hale.io.gml.writer.internal.StreamGmlWriterTest","testGeometryPrimitive_3_Polygon"
"","5","testLoopArrayTypeSafe","","Wed Jul 08 14:29:45 UTC 2026","passed","Wed Jul 08 14:29:45 UTC 2026","","eu.esdihumboldt.util.groovy.json.JsonStreamBuilderTest","eu.esdihumboldt.util.groovy.json.JsonStreamBuilderTest","testLoopArrayTypeSafe"
"","2","testCCW2","","Wed Jul 08 14:29:29 UTC 2026","passed","Wed Jul 08 14:29:29 UTC 2026","","eu.esdihumboldt.util.geometry.interpolation.model.impl.ArcByCenterPointImplTest","eu.esdihumboldt.util.geometry.interpolation.model.impl.ArcByCenterPointImplTest","testCCW2"
"","703","testWfsPaginationWithResolvedepth","","Wed Jul 08 14:23:09 UTC 2026","passed","Wed Jul 08 14:23:10 UTC 2026","","eu.esdihumboldt.hale.io.gml.reader.internal.StreamGmlReaderTest","eu.esdihumboldt.hale.io.gml.reader.internal.StreamGmlReaderTest","testWfsPaginationWithResolvedepth"
"","43","testGmlOverflow","","Wed Jul 08 14:16:56 UTC 2026","passed","Wed Jul 08 14:16:56 UTC 2026","","eu.esdihumboldt.hale.common.instance.graph.test.ReferenceGraphTest","eu.esdihumboldt.hale.common.instance.graph.test.ReferenceGraphTest","testGmlOverflow"
"","330","testGeometryAggregate_32_MultiPoint","","Wed Jul 08 14:23:29 UTC 2026","passed","Wed Jul 08 14:23:29 UTC 2026","","eu.esdihumboldt.hale.io.gml.writer.internal.StreamGmlWriterTest","eu.esdihumboldt.hale.io.gml.writer.internal.StreamGmlWriterTest","testGeometryAggregate_32_MultiPoint"
"","11123","testFindPropertyIgnoreNamespace","","Wed Jul 08 14:17:57 UTC 2026","passed","Wed Jul 08 14:18:08 UTC 2026","","eu.esdihumboldt.hale.common.schema.helper.DefinitionResolverTest","eu.esdihumboldt.hale.common.schema.helper.DefinitionResolverTest","testFindPropertyIgnoreNamespace"
"","1","testOrderHolesCCW","","Wed Jul 08 14:29:28 UTC 2026","passed","Wed Jul 08 14:29:28 UTC 2026","","eu.esdihumboldt.util.geometry.WindingOrderTest","eu.esdihumboldt.util.geometry.WindingOrderTest","testOrderHolesCCW"
"","93","mergeRenameFormattedString","","Wed Jul 08 14:15:23 UTC 2026","passed","Wed Jul 08 14:15:23 UTC 2026","","eu.esdihumboldt.hale.common.align.merge.test.impl.FormattedStringMergeTest","eu.esdihumboldt.hale.common.align.merge.test.impl.FormattedStringMergeTest","mergeRenameFormattedString"
"","5","testDoesNotExistSchema","","Wed Jul 08 14:16:24 UTC 2026","passed","Wed Jul 08 14:16:24 UTC 2026","","eu.esdihumboldt.hale.common.filter.ECQLFilterTest","eu.esdihumboldt.hale.common.filter.ECQLFilterTest","testDoesNotExistSchema"
"","290","testWriteReadTypeSafeQName","","Wed Jul 08 14:29:45 UTC 2026","passed","Wed Jul 08 14:29:45 UTC 2026","","eu.esdihumboldt.util.groovy.xml.NSDOMBuilderTest","eu.esdihumboldt.util.groovy.xml.NSDOMBuilderTest","testWriteReadTypeSafeQName"
"","5","testTimeEquals","","Wed Jul 08 14:16:24 UTC 2026","passed","Wed Jul 08 14:16:24 UTC 2026","","eu.esdihumboldt.hale.common.filter.ECQLFilterTest","eu.esdihumboldt.hale.common.filter.ECQLFilterTest","testTimeEquals"
"","30","testWriteReadDateTime","","Wed Jul 08 14:27:39 UTC 2026","passed","Wed Jul 08 14:27:39 UTC 2026","","eu.esdihumboldt.hale.io.shp.ShapefileInstanceWriterTest","eu.esdihumboldt.hale.io.shp.ShapefileInstanceWriterTest","testWriteReadDateTime"
"","165","testValueMapJson","","Wed Jul 08 14:16:06 UTC 2026","passed","Wed Jul 08 14:16:06 UTC 2026","","eu.esdihumboldt.hale.common.core.io.impl.ValueMapTypeTest","eu.esdihumboldt.hale.common.core.io.impl.ValueMapTypeTest","testValueMapJson"
"","204","mergeJoinWithRetype","","Wed Jul 08 14:15:20 UTC 2026","passed","Wed Jul 08 14:15:21 UTC 2026","","eu.esdihumboldt.hale.common.align.merge.test.impl.DefaultMergeCellMigratorTest","eu.esdihumboldt.hale.common.align.merge.test.impl.DefaultMergeCellMigratorTest","mergeJoinWithRetype"
"","507","testRequestNoCache","","Wed Jul 08 14:15:32 UTC 2026","passed","Wed Jul 08 14:15:32 UTC 2026","","eu.esdihumboldt.hale.common.cache.RequestTest","eu.esdihumboldt.hale.common.cache.RequestTest","testRequestNoCache"
"","116","testCMUnion5","","Wed Jul 08 14:19:41 UTC 2026","passed","Wed Jul 08 14:19:41 UTC 2026","","eu.esdihumboldt.cst.internal.ConceptualSchemaTransformerTest","eu.esdihumboldt.cst.internal.ConceptualSchemaTransformerTest","testCMUnion5"
"","8","testSKOSFromRDF4_language_en","","Wed Jul 08 14:21:08 UTC 2026","passed","Wed Jul 08 14:21:08 UTC 2026","","eu.esdihumboldt.hale.io.codelist.skos.test.SkosCodeListTest","eu.esdihumboldt.hale.io.codelist.skos.test.SkosCodeListTest","testSKOSFromRDF4_language_en"
"","4","testStringBetween","","Wed Jul 08 14:16:24 UTC 2026","passed","Wed Jul 08 14:16:24 UTC 2026","","eu.esdihumboldt.hale.common.filter.CQLFilterTest","eu.esdihumboldt.hale.common.filter.CQLFilterTest","testStringBetween"
"","363","testWfsPaginationPageSizeLargerThanTotal","","Wed Jul 08 14:23:10 UTC 2026","passed","Wed Jul 08 14:23:10 UTC 2026","","eu.esdihumboldt.hale.io.gml.reader.internal.StreamGmlReaderTest","eu.esdihumboldt.hale.io.gml.reader.internal.StreamGmlReaderTest","testWfsPaginationPageSizeLargerThanTotal"
"","8508","testLists","","Wed Jul 08 14:29:10 UTC 2026","passed","Wed Jul 08 14:29:19 UTC 2026","","eu.esdihumboldt.util.config.ConfigMergerTest","eu.esdihumboldt.util.config.ConfigMergerTest","testLists"
"","104","testCMUnion3","","Wed Jul 08 14:19:41 UTC 2026","passed","Wed Jul 08 14:19:41 UTC 2026","","eu.esdihumboldt.cst.internal.ConceptualSchemaTransformerTest","eu.esdihumboldt.cst.internal.ConceptualSchemaTransformerTest","testCMUnion3"
"","10","testSKOSFromRDF3","","Wed Jul 08 14:21:08 UTC 2026","passed","Wed Jul 08 14:21:08 UTC 2026","","eu.esdihumboldt.hale.io.codelist.skos.test.SkosCodeListTest","eu.esdihumboldt.hale.io.codelist.skos.test.SkosCodeListTest","testSKOSFromRDF3"
"","46","testReadXsdInstancesTypenameAmbiguousLocalName","","Wed Jul 08 14:27:30 UTC 2026","passed","Wed Jul 08 14:27:30 UTC 2026","","eu.esdihumboldt.hale.io.shp.ShapeInstanceReaderTest","eu.esdihumboldt.hale.io.shp.ShapeInstanceReaderTest","testReadXsdInstancesTypenameAmbiguousLocalName"
