"DESCRIPTION","DURATION IN MS","NAME","PARENT SUITE","START TIME","STATUS","STOP TIME","SUB SUITE","SUITE","TEST CLASS","TEST METHOD"
"","165","testInnerJoinFirstLevel","","Fri Jul 10 00:43:01 UTC 2026","passed","Fri Jul 10 00:43:01 UTC 2026","","eu.esdihumboldt.cst.internal.ConceptualSchemaTransformerTest","eu.esdihumboldt.cst.internal.ConceptualSchemaTransformerTest","testInnerJoinFirstLevel"
"","3","testJsonBuilderSameNameFail2","","Fri Jul 10 00:53:23 UTC 2026","passed","Fri Jul 10 00:53:23 UTC 2026","","eu.esdihumboldt.util.groovy.json.JsonStreamBuilderTest","eu.esdihumboldt.util.groovy.json.JsonStreamBuilderTest","testJsonBuilderSameNameFail2"
"","202","testTypeFilter5Present","","Fri Jul 10 00:38:42 UTC 2026","passed","Fri Jul 10 00:38:43 UTC 2026","","eu.esdihumboldt.hale.common.align.merge.test.impl.DefaultMergeCellMigratorTest","eu.esdihumboldt.hale.common.align.merge.test.impl.DefaultMergeCellMigratorTest","testTypeFilter5Present"
"","8","testVirtualRootPrettyPrint","","Fri Jul 10 00:53:23 UTC 2026","passed","Fri Jul 10 00:53:23 UTC 2026","","eu.esdihumboldt.util.groovy.json.JsonStreamBuilderTest","eu.esdihumboldt.util.groovy.json.JsonStreamBuilderTest","testVirtualRootPrettyPrint"
"","1","testRead4","","Fri Jul 10 00:44:42 UTC 2026","passed","Fri Jul 10 00:44:42 UTC 2026","","eu.esdihumboldt.hale.io.csv.CSVSchemaReaderTest","eu.esdihumboldt.hale.io.csv.CSVSchemaReaderTest","testRead4"
"","81","testSqlQuery","","Fri Jul 10 00:53:48 UTC 2026","passed","Fri Jul 10 00:53:48 UTC 2026","","eu.esdihumboldt.util.orient.embedded.MemoryDocumentTest","eu.esdihumboldt.util.orient.embedded.MemoryDocumentTest","testSqlQuery"
"","2","testPrimitive","","Fri Jul 10 00:41:32 UTC 2026","passed","Fri Jul 10 00:41:32 UTC 2026","","eu.esdihumboldt.hale.common.schema.model.constraint.factory.type.BindingFactoryTest","eu.esdihumboldt.hale.common.schema.model.constraint.factory.type.BindingFactoryTest","testPrimitive"
"","0","testExistsSchema","","Fri Jul 10 00:39:41 UTC 2026","skipped","Fri Jul 10 00:39:41 UTC 2026","","eu.esdihumboldt.hale.common.filter.CQLFilterTest","eu.esdihumboldt.hale.common.filter.CQLFilterTest","testExistsSchema"
"","0","testNullTargetValueIsPreserved","","Fri Jul 10 00:40:57 UTC 2026","passed","Fri Jul 10 00:40:57 UTC 2026","","eu.esdihumboldt.hale.common.lookup.impl.LookupTableImplTest","eu.esdihumboldt.hale.common.lookup.impl.LookupTableImplTest","testNullTargetValueIsPreserved"
"","92","testCMMulti3","","Fri Jul 10 00:43:03 UTC 2026","passed","Fri Jul 10 00:43:03 UTC 2026","","eu.esdihumboldt.cst.internal.ConceptualSchemaTransformerTest","eu.esdihumboldt.cst.internal.ConceptualSchemaTransformerTest","testCMMulti3"
"","4","testByPoints1","","Fri Jul 10 00:53:05 UTC 2026","passed","Fri Jul 10 00:53:05 UTC 2026","","eu.esdihumboldt.util.geometry.interpolation.split.SplitInterpolationTest","eu.esdihumboldt.util.geometry.interpolation.split.SplitInterpolationTest","testByPoints1"
"","2","testCCW2","","Fri Jul 10 00:53:05 UTC 2026","passed","Fri Jul 10 00:53:05 UTC 2026","","eu.esdihumboldt.util.geometry.interpolation.model.impl.ArcByCenterPointImplTest","eu.esdihumboldt.util.geometry.interpolation.model.impl.ArcByCenterPointImplTest","testCCW2"
"","11501","testSimpleAll","","Fri Jul 10 00:38:01 UTC 2026","passed","Fri Jul 10 00:38:13 UTC 2026","","eu.esdihumboldt.hale.common.align.groovy.accessor.EntityAccessorTest","eu.esdihumboldt.hale.common.align.groovy.accessor.EntityAccessorTest","testSimpleAll"
"","3","testNoRef","","Fri Jul 10 00:41:32 UTC 2026","passed","Fri Jul 10 00:41:32 UTC 2026","","eu.esdihumboldt.hale.common.schema.model.constraint.factory.property.ReferenceFactoryTest","eu.esdihumboldt.hale.common.schema.model.constraint.factory.property.ReferenceFactoryTest","testNoRef"
"","290","testSaveLoad","","Fri Jul 10 00:37:54 UTC 2026","passed","Fri Jul 10 00:37:55 UTC 2026","","eu.esdihumboldt.hale.common.align.io.JaxbAlignmentIOTest","eu.esdihumboldt.hale.common.align.io.JaxbAlignmentIOTest","testSaveLoad"
"","113","test2","","Fri Jul 10 00:42:27 UTC 2026","passed","Fri Jul 10 00:42:27 UTC 2026","","eu.esdihumboldt.hale.common.service.helper.test.PopulationCountTest","eu.esdihumboldt.hale.common.service.helper.test.PopulationCountTest","test2"
"","332","testWfsPaginationWithStartIndex","","Fri Jul 10 00:46:32 UTC 2026","passed","Fri Jul 10 00:46:32 UTC 2026","","eu.esdihumboldt.hale.io.gml.reader.internal.StreamGmlReaderTest","eu.esdihumboldt.hale.io.gml.reader.internal.StreamGmlReaderTest","testWfsPaginationWithStartIndex"
"","4","testNullNotExistsSchema","","Fri Jul 10 00:39:42 UTC 2026","passed","Fri Jul 10 00:39:42 UTC 2026","","eu.esdihumboldt.hale.common.filter.CQLFilterTest","eu.esdihumboldt.hale.common.filter.CQLFilterTest","testNullNotExistsSchema"
"","5","testNumberBetweenList","","Fri Jul 10 00:39:42 UTC 2026","passed","Fri Jul 10 00:39:42 UTC 2026","","eu.esdihumboldt.hale.common.filter.ECQLFilterTest","eu.esdihumboldt.hale.common.filter.ECQLFilterTest","testNumberBetweenList"
"","11324","testPersonWriteValidate","","Fri Jul 10 00:41:55 UTC 2026","passed","Fri Jul 10 00:42:06 UTC 2026","","eu.esdihumboldt.hale.common.schema.persist.hsd.test.HaleSchemaWriterTest","eu.esdihumboldt.hale.common.schema.persist.hsd.test.HaleSchemaWriterTest","testPersonWriteValidate"
"","0","testQ4","","Fri Jul 10 00:53:05 UTC 2026","passed","Fri Jul 10 00:53:05 UTC 2026","","eu.esdihumboldt.util.geometry.interpolation.grid.GridUtilTest","eu.esdihumboldt.util.geometry.interpolation.grid.GridUtilTest","testQ4"
"","4621","testInstanceWriteOrder","","Fri Jul 10 00:49:28 UTC 2026","passed","Fri Jul 10 00:49:33 UTC 2026","","eu.esdihumboldt.hale.io.jdbc.postgresql.test.WriteInstanceOrderIT","eu.esdihumboldt.hale.io.jdbc.postgresql.test.WriteInstanceOrderIT","testInstanceWriteOrder"
"","4","testNotEqualSimple","","Fri Jul 10 00:39:42 UTC 2026","passed","Fri Jul 10 00:39:42 UTC 2026","","eu.esdihumboldt.hale.common.filter.ECQLFilterTest","eu.esdihumboldt.hale.common.filter.ECQLFilterTest","testNotEqualSimple"
"","175","testGroovyWarningRetype","","Fri Jul 10 00:38:42 UTC 2026","passed","Fri Jul 10 00:38:42 UTC 2026","","eu.esdihumboldt.hale.common.align.merge.test.impl.DefaultMergeCellMigratorTest","eu.esdihumboldt.hale.common.align.merge.test.impl.DefaultMergeCellMigratorTest","testGroovyWarningRetype"
"","49","testNullMixed","","Fri Jul 10 00:40:35 UTC 2026","passed","Fri Jul 10 00:40:35 UTC 2026","","eu.esdihumboldt.hale.common.instance.groovy.InstanceAccessorTest","eu.esdihumboldt.hale.common.instance.groovy.InstanceAccessorTest","testNullMixed"
"","0","testLoadShiporderECQL","","Fri Jul 10 00:39:45 UTC 2026","skipped","Fri Jul 10 00:39:45 UTC 2026","","eu.esdihumboldt.hale.common.filter.FilterTest","eu.esdihumboldt.hale.common.filter.FilterTest","testLoadShiporderECQL"
"","24","testRead_shiporder_types_cycle","","Fri Jul 10 00:52:32 UTC 2026","passed","Fri Jul 10 00:52:32 UTC 2026","","eu.esdihumboldt.hale.io.xsd.reader.XmlSchemaReaderTest","eu.esdihumboldt.hale.io.xsd.reader.XmlSchemaReaderTest","testRead_shiporder_types_cycle"
"","11","testReadDefaultTypeOverride","","Fri Jul 10 00:50:01 UTC 2026","passed","Fri Jul 10 00:50:01 UTC 2026","","eu.esdihumboldt.hale.io.json.test.JsonInstanceReaderTest","eu.esdihumboldt.hale.io.json.test.JsonInstanceReaderTest","testReadDefaultTypeOverride"
"","11","testReadMultiPoint","","Fri Jul 10 00:50:01 UTC 2026","passed","Fri Jul 10 00:50:01 UTC 2026","","eu.esdihumboldt.hale.io.json.test.JsonToInstanceTest","eu.esdihumboldt.hale.io.json.test.JsonToInstanceTest","testReadMultiPoint"
"","8","testGeoIntersects","","Fri Jul 10 00:39:42 UTC 2026","passed","Fri Jul 10 00:39:42 UTC 2026","","eu.esdihumboldt.hale.common.filter.ECQLFilterTest","eu.esdihumboldt.hale.common.filter.ECQLFilterTest","testGeoIntersects"
"","14","testFormatter[0]","","Fri Jul 10 00:52:59 UTC 2026","passed","Fri Jul 10 00:52:59 UTC 2026","","eu.esdihumboldt.util.geometry.DecimalFormatUtilTest","eu.esdihumboldt.util.geometry.DecimalFormatUtilTest","testFormatter[0]"
"","144","testPropertyJoin","","Fri Jul 10 00:43:03 UTC 2026","passed","Fri Jul 10 00:43:04 UTC 2026","","eu.esdihumboldt.cst.internal.ConceptualSchemaTransformerTest","eu.esdihumboldt.cst.internal.ConceptualSchemaTransformerTest","testPropertyJoin"
"","2","testCMNested1","","Fri Jul 10 00:42:33 UTC 2026","skipped","Fri Jul 10 00:42:33 UTC 2026","","eu.esdihumboldt.cst.internal.ConceptualSchemaTransformerTest","eu.esdihumboldt.cst.internal.ConceptualSchemaTransformerTest","testCMNested1"
"","3","testCW2","","Fri Jul 10 00:53:05 UTC 2026","passed","Fri Jul 10 00:53:05 UTC 2026","","eu.esdihumboldt.util.geometry.interpolation.model.impl.ArcByCenterPointImplTest","eu.esdihumboldt.util.geometry.interpolation.model.impl.ArcByCenterPointImplTest","testCW2"
"","0","testOrder","","Fri Jul 10 00:52:36 UTC 2026","passed","Fri Jul 10 00:52:36 UTC 2026","","eu.esdihumboldt.util.DependencyOrderedListTest","eu.esdihumboldt.util.DependencyOrderedListTest","testOrder"
"","4","testInstanceNoValueNullSchema","","Fri Jul 10 00:39:42 UTC 2026","passed","Fri Jul 10 00:39:42 UTC 2026","","eu.esdihumboldt.hale.common.filter.ECQLFilterTest","eu.esdihumboldt.hale.common.filter.ECQLFilterTest","testInstanceNoValueNullSchema"
"","377","testJoinsCondition","","Fri Jul 10 00:38:43 UTC 2026","passed","Fri Jul 10 00:38:44 UTC 2026","","eu.esdihumboldt.hale.common.align.merge.test.impl.JoinFocusRetainConditionTest","eu.esdihumboldt.hale.common.align.merge.test.impl.JoinFocusRetainConditionTest","testJoinsCondition"
"","27","testAllChildren","","Fri Jul 10 00:40:35 UTC 2026","passed","Fri Jul 10 00:40:35 UTC 2026","","eu.esdihumboldt.hale.common.instance.groovy.InstanceAccessorTest","eu.esdihumboldt.hale.common.instance.groovy.InstanceAccessorTest","testAllChildren"
"","9","testSKOSFromRDF3","","Fri Jul 10 00:44:28 UTC 2026","passed","Fri Jul 10 00:44:28 UTC 2026","","eu.esdihumboldt.hale.io.codelist.skos.test.SkosCodeListTest","eu.esdihumboldt.hale.io.codelist.skos.test.SkosCodeListTest","testSKOSFromRDF3"
"","0","testBox","","Fri Jul 10 00:46:55 UTC 2026","passed","Fri Jul 10 00:46:55 UTC 2026","","eu.esdihumboldt.hale.io.gml.writer.internal.geometry.converters.PolygonToLineStringTest","eu.esdihumboldt.hale.io.gml.writer.internal.geometry.converters.PolygonToLineStringTest","testBox"
"","0","testGeoJsonSimple","","Fri Jul 10 00:49:59 UTC 2026","skipped","Fri Jul 10 00:49:59 UTC 2026","","eu.esdihumboldt.hale.io.json.test.InstanceToJsonTest","eu.esdihumboldt.hale.io.json.test.InstanceToJsonTest","testGeoJsonSimple"
"","8","testSKOSFromRDF4_language_en","","Fri Jul 10 00:44:28 UTC 2026","passed","Fri Jul 10 00:44:28 UTC 2026","","eu.esdihumboldt.hale.io.codelist.skos.test.SkosCodeListTest","eu.esdihumboldt.hale.io.codelist.skos.test.SkosCodeListTest","testSKOSFromRDF4_language_en"
"","8","testHalfCircleAllGrid","","Fri Jul 10 00:53:05 UTC 2026","passed","Fri Jul 10 00:53:05 UTC 2026","","eu.esdihumboldt.util.geometry.interpolation.grid.GridInterpolationTest","eu.esdihumboldt.util.geometry.interpolation.grid.GridInterpolationTest","testHalfCircleAllGrid"
"","3","testWith","","Fri Jul 10 00:43:41 UTC 2026","passed","Fri Jul 10 00:43:41 UTC 2026","","eu.esdihumboldt.cst.functions.geometric.test.GeometryHelperFunctionsTest","eu.esdihumboldt.cst.functions.geometric.test.GeometryHelperFunctionsTest","testWith"
"","3","testElements","","Fri Jul 10 00:52:30 UTC 2026","passed","Fri Jul 10 00:52:30 UTC 2026","","eu.esdihumboldt.hale.io.xsd.anytype.valuetypes.CustomTypeContentTypeTest","eu.esdihumboldt.hale.io.xsd.anytype.valuetypes.CustomTypeContentTypeTest","testElements"
"","2","testInvalidKey2","","Fri Jul 10 00:52:56 UTC 2026","passed","Fri Jul 10 00:52:56 UTC 2026","","eu.esdihumboldt.util.config.ConfigTest","eu.esdihumboldt.util.config.ConfigTest","testInvalidKey2"
"","2","testNotOrigin","","Fri Jul 10 00:53:05 UTC 2026","passed","Fri Jul 10 00:53:05 UTC 2026","","eu.esdihumboldt.util.geometry.interpolation.model.impl.ArcByPointsImplTest","eu.esdihumboldt.util.geometry.interpolation.model.impl.ArcByPointsImplTest","testNotOrigin"
"","12","testEnabled","","Fri Jul 10 00:41:32 UTC 2026","passed","Fri Jul 10 00:41:32 UTC 2026","","eu.esdihumboldt.hale.common.schema.model.constraint.factory.type.SkipValidationFactoryTest","eu.esdihumboldt.hale.common.schema.model.constraint.factory.type.SkipValidationFactoryTest","testEnabled"
"","4","testSKOSFromRDF1","","Fri Jul 10 00:44:28 UTC 2026","passed","Fri Jul 10 00:44:28 UTC 2026","","eu.esdihumboldt.hale.io.codelist.skos.test.SkosCodeListTest","eu.esdihumboldt.hale.io.codelist.skos.test.SkosCodeListTest","testSKOSFromRDF1"
"","7","testLoopStartArray","","Fri Jul 10 00:53:23 UTC 2026","passed","Fri Jul 10 00:53:23 UTC 2026","","eu.esdihumboldt.util.groovy.json.JsonStreamBuilderTest","eu.esdihumboldt.util.groovy.json.JsonStreamBuilderTest","testLoopStartArray"
"","30","testRead_definitive_choice","","Fri Jul 10 00:52:32 UTC 2026","passed","Fri Jul 10 00:52:32 UTC 2026","","eu.esdihumboldt.hale.io.xsd.reader.XmlSchemaReaderTest","eu.esdihumboldt.hale.io.xsd.reader.XmlSchemaReaderTest","testRead_definitive_choice"
"","4675","testWriteRead","","Fri Jul 10 00:48:56 UTC 2026","passed","Fri Jul 10 00:49:01 UTC 2026","","eu.esdihumboldt.hale.io.jdbc.postgresql.test.MultiDimensionalArraysIT","eu.esdihumboldt.hale.io.jdbc.postgresql.test.MultiDimensionalArraysIT","testWriteRead"
"","7098","testGroovyContextFilterForHydro","","Fri Jul 10 00:36:28 UTC 2026","passed","Fri Jul 10 00:36:35 UTC 2026","","eu.esdihumboldt.hale.app.transform.test.ExecuteTest","eu.esdihumboldt.hale.app.transform.test.ExecuteTest","testGroovyContextFilterForHydro"
"","4","testInstanceNoValueNullNoSchema","","Fri Jul 10 00:39:42 UTC 2026","passed","Fri Jul 10 00:39:42 UTC 2026","","eu.esdihumboldt.hale.common.filter.ECQLFilterTest","eu.esdihumboldt.hale.common.filter.ECQLFilterTest","testInstanceNoValueNullNoSchema"
"","1","testIterateEven","","Fri Jul 10 00:39:57 UTC 2026","passed","Fri Jul 10 00:39:57 UTC 2026","","eu.esdihumboldt.hale.common.instance.tools.impl.SimplePartitionerTest","eu.esdihumboldt.hale.common.instance.tools.impl.SimplePartitionerTest","testIterateEven"
"","6","testSimpleAll","","Fri Jul 10 00:41:50 UTC 2026","passed","Fri Jul 10 00:41:50 UTC 2026","","eu.esdihumboldt.hale.common.schema.groovy.DefinitionAccessorTest","eu.esdihumboldt.hale.common.schema.groovy.DefinitionAccessorTest","testSimpleAll"
"","6","testMerge2","","Fri Jul 10 00:39:25 UTC 2026","passed","Fri Jul 10 00:39:25 UTC 2026","","eu.esdihumboldt.hale.common.core.report.util.StatsMergeTest","eu.esdihumboldt.hale.common.core.report.util.StatsMergeTest","testMerge2"
"","0","testDescent","","Fri Jul 10 00:46:55 UTC 2026","skipped","Fri Jul 10 00:46:55 UTC 2026","","eu.esdihumboldt.hale.io.gml.writer.internal.geometry.writers.PatternTest","eu.esdihumboldt.hale.io.gml.writer.internal.geometry.writers.PatternTest","testDescent"
"","180","testGroovy3","","Fri Jul 10 00:42:53 UTC 2026","passed","Fri Jul 10 00:42:53 UTC 2026","","eu.esdihumboldt.cst.internal.ConceptualSchemaTransformerTest","eu.esdihumboldt.cst.internal.ConceptualSchemaTransformerTest","testGroovy3"
"","7","testRootArrayObjects","","Fri Jul 10 00:53:23 UTC 2026","passed","Fri Jul 10 00:53:23 UTC 2026","","eu.esdihumboldt.util.groovy.json.JsonStreamBuilderTest","eu.esdihumboldt.util.groovy.json.JsonStreamBuilderTest","testRootArrayObjects"
"","493","testGeometryPrimitive_32_MultiPolygon_WindingOrder_CW","","Fri Jul 10 00:46:51 UTC 2026","passed","Fri Jul 10 00:46:51 UTC 2026","","eu.esdihumboldt.hale.io.gml.writer.internal.StreamGmlWriterTest","eu.esdihumboldt.hale.io.gml.writer.internal.StreamGmlWriterTest","testGeometryPrimitive_32_MultiPolygon_WindingOrder_CW"
"","19","testPrimitive2","","Fri Jul 10 00:41:32 UTC 2026","passed","Fri Jul 10 00:41:32 UTC 2026","","eu.esdihumboldt.hale.common.schema.model.constraint.factory.type.BindingFactoryTest","eu.esdihumboldt.hale.common.schema.model.constraint.factory.type.BindingFactoryTest","testPrimitive2"
"","107","testMergeComplexPropKey","","Fri Jul 10 00:43:01 UTC 2026","passed","Fri Jul 10 00:43:01 UTC 2026","","eu.esdihumboldt.cst.internal.ConceptualSchemaTransformerTest","eu.esdihumboldt.cst.internal.ConceptualSchemaTransformerTest","testMergeComplexPropKey"
"","43","testWriteDates","","Fri Jul 10 00:51:08 UTC 2026","passed","Fri Jul 10 00:51:08 UTC 2026","","eu.esdihumboldt.hale.io.shp.ShapefileInstanceWriterTest","eu.esdihumboldt.hale.io.shp.ShapefileInstanceWriterTest","testWriteDates"
"","1","testDisabled","","Fri Jul 10 00:41:32 UTC 2026","passed","Fri Jul 10 00:41:32 UTC 2026","","eu.esdihumboldt.hale.common.schema.model.constraint.factory.type.AugmentedValueFlagFactoryTest","eu.esdihumboldt.hale.common.schema.model.constraint.factory.type.AugmentedValueFlagFactoryTest","testDisabled"
"","9188","testComplexLookupJsonGroovy","","Fri Jul 10 00:40:57 UTC 2026","passed","Fri Jul 10 00:41:06 UTC 2026","","eu.esdihumboldt.hale.common.lookup.internal.LookupTableTypeTest","eu.esdihumboldt.hale.common.lookup.internal.LookupTableTypeTest","testComplexLookupJsonGroovy"
"","1","testTriangleHole","","Fri Jul 10 00:43:41 UTC 2026","passed","Fri Jul 10 00:43:41 UTC 2026","","eu.esdihumboldt.cst.functions.geometric.test.InteriorPointTest","eu.esdihumboldt.cst.functions.geometric.test.InteriorPointTest","testTriangleHole"
"","1","testObject","","Fri Jul 10 00:41:32 UTC 2026","passed","Fri Jul 10 00:41:32 UTC 2026","","eu.esdihumboldt.hale.common.schema.model.constraint.factory.type.BindingFactoryTest","eu.esdihumboldt.hale.common.schema.model.constraint.factory.type.BindingFactoryTest","testObject"
"","0","testIterate2","","Fri Jul 10 00:39:57 UTC 2026","passed","Fri Jul 10 00:39:57 UTC 2026","","eu.esdihumboldt.hale.common.instance.tools.impl.SimplePartitionerTest","eu.esdihumboldt.hale.common.instance.tools.impl.SimplePartitionerTest","testIterate2"
"","17889","testExportPropertyJoin","","Fri Jul 10 00:47:21 UTC 2026","passed","Fri Jul 10 00:47:38 UTC 2026","","eu.esdihumboldt.hale.io.html.svg.MappingExporterTest","eu.esdihumboldt.hale.io.html.svg.MappingExporterTest","testExportPropertyJoin"
"","27","testShapefileInstanceFromFile","","Fri Jul 10 00:51:02 UTC 2026","passed","Fri Jul 10 00:51:02 UTC 2026","","eu.esdihumboldt.hale.io.shp.ShapeInstanceReaderTest","eu.esdihumboldt.hale.io.shp.ShapeInstanceReaderTest","testShapefileInstanceFromFile"
"","0","testLookupAndConsumeMark","","Fri Jul 10 00:39:25 UTC 2026","passed","Fri Jul 10 00:39:25 UTC 2026","","eu.esdihumboldt.hale.common.core.io.supplier.LookupStreamResourceTest","eu.esdihumboldt.hale.common.core.io.supplier.LookupStreamResourceTest","testLookupAndConsumeMark"
"","152","testStringValueList","","Fri Jul 10 00:39:24 UTC 2026","passed","Fri Jul 10 00:39:24 UTC 2026","","eu.esdihumboldt.hale.common.core.io.impl.ValueListTypeTest","eu.esdihumboldt.hale.common.core.io.impl.ValueListTypeTest","testStringValueList"
"","1","testInstanceReader","","Fri Jul 10 00:47:58 UTC 2026","skipped","Fri Jul 10 00:47:58 UTC 2026","","eu.esdihumboldt.hale.io.jdbc.mssql.test.MsSQLServer14Test","eu.esdihumboldt.hale.io.jdbc.mssql.test.MsSQLServer14Test","testInstanceReader"
"","7","testReadComplex","","Fri Jul 10 00:50:01 UTC 2026","passed","Fri Jul 10 00:50:01 UTC 2026","","eu.esdihumboldt.hale.io.json.test.JsonToInstanceTest","eu.esdihumboldt.hale.io.json.test.JsonToInstanceTest","testReadComplex"
"","0","testPropertiesMix2","","Fri Jul 10 00:42:54 UTC 2026","skipped","Fri Jul 10 00:42:54 UTC 2026","","eu.esdihumboldt.cst.internal.ConceptualSchemaTransformerTest","eu.esdihumboldt.cst.internal.ConceptualSchemaTransformerTest","testPropertiesMix2"
"","248","testPropertyJoinNonMatchingTypes","","Fri Jul 10 00:42:52 UTC 2026","passed","Fri Jul 10 00:42:52 UTC 2026","","eu.esdihumboldt.cst.internal.ConceptualSchemaTransformerTest","eu.esdihumboldt.cst.internal.ConceptualSchemaTransformerTest","testPropertyJoinNonMatchingTypes"
"","435","testReadXsdInstancesResultPrefix2","","Fri Jul 10 00:51:03 UTC 2026","passed","Fri Jul 10 00:51:03 UTC 2026","","eu.esdihumboldt.hale.io.shp.ShapeInstanceReaderTest","eu.esdihumboldt.hale.io.shp.ShapeInstanceReaderTest","testReadXsdInstancesResultPrefix2"
"","4170","testEvaluateSuccess2","","Fri Jul 10 00:37:21 UTC 2026","passed","Fri Jul 10 00:37:25 UTC 2026","","eu.esdihumboldt.hale.app.transform.test.ExecuteTest","eu.esdihumboldt.hale.app.transform.test.ExecuteTest","testEvaluateSuccess2"
"","0","testGeometry_2_LineString","","Fri Jul 10 00:46:49 UTC 2026","skipped","Fri Jul 10 00:46:49 UTC 2026","","eu.esdihumboldt.hale.io.gml.writer.internal.StreamGmlWriterTest","eu.esdihumboldt.hale.io.gml.writer.internal.StreamGmlWriterTest","testGeometry_2_LineString"
"","6","testDefaultPropertyTypes","","Fri Jul 10 00:41:50 UTC 2026","passed","Fri Jul 10 00:41:50 UTC 2026","","eu.esdihumboldt.hale.common.schema.groovy.SchemaBuilderTest","eu.esdihumboldt.hale.common.schema.groovy.SchemaBuilderTest","testDefaultPropertyTypes"
"","0","testInstanceExistsSchema","","Fri Jul 10 00:39:42 UTC 2026","skipped","Fri Jul 10 00:39:42 UTC 2026","","eu.esdihumboldt.hale.common.filter.CQLFilterTest","eu.esdihumboldt.hale.common.filter.CQLFilterTest","testInstanceExistsSchema"
"","614","testNesting","","Fri Jul 10 00:38:14 UTC 2026","passed","Fri Jul 10 00:38:14 UTC 2026","","eu.esdihumboldt.hale.common.align.groovy.accessor.EntityAccessorTest","eu.esdihumboldt.hale.common.align.groovy.accessor.EntityAccessorTest","testNesting"
"","168","testFilterSame1","","Fri Jul 10 00:38:38 UTC 2026","passed","Fri Jul 10 00:38:38 UTC 2026","","eu.esdihumboldt.hale.common.align.merge.test.impl.DefaultMergeCellMigratorTest","eu.esdihumboldt.hale.common.align.merge.test.impl.DefaultMergeCellMigratorTest","testFilterSame1"
"","0","testGeoCross","","Fri Jul 10 00:39:41 UTC 2026","skipped","Fri Jul 10 00:39:41 UTC 2026","","eu.esdihumboldt.hale.common.filter.CQLFilterTest","eu.esdihumboldt.hale.common.filter.CQLFilterTest","testGeoCross"
"","293","testWfsPagination","","Fri Jul 10 00:46:33 UTC 2026","passed","Fri Jul 10 00:46:33 UTC 2026","","eu.esdihumboldt.hale.io.gml.reader.internal.StreamGmlReaderTest","eu.esdihumboldt.hale.io.gml.reader.internal.StreamGmlReaderTest","testWfsPagination"
"","13","testEnabled","","Fri Jul 10 00:41:32 UTC 2026","passed","Fri Jul 10 00:41:32 UTC 2026","","eu.esdihumboldt.hale.common.schema.model.constraint.factory.type.AbstractFlagFactoryTest","eu.esdihumboldt.hale.common.schema.model.constraint.factory.type.AbstractFlagFactoryTest","testEnabled"
"","4031","testTransform","","Fri Jul 10 00:37:31 UTC 2026","passed","Fri Jul 10 00:37:35 UTC 2026","","eu.esdihumboldt.hale.app.transform.test.ExecuteTest","eu.esdihumboldt.hale.app.transform.test.ExecuteTest","testTransform"
"","8","testEqualityListNoSchema","","Fri Jul 10 00:39:41 UTC 2026","passed","Fri Jul 10 00:39:41 UTC 2026","","eu.esdihumboldt.hale.common.filter.CQLFilterTest","eu.esdihumboldt.hale.common.filter.CQLFilterTest","testEqualityListNoSchema"
"","128","testReadSimpleArray","","Fri Jul 10 00:50:01 UTC 2026","passed","Fri Jul 10 00:50:01 UTC 2026","","eu.esdihumboldt.hale.io.json.test.JsonToInstanceTest","eu.esdihumboldt.hale.io.json.test.JsonToInstanceTest","testReadSimpleArray"
"","84","testReadFromFolder","","Fri Jul 10 00:51:06 UTC 2026","passed","Fri Jul 10 00:51:06 UTC 2026","","eu.esdihumboldt.hale.io.shp.ShapeInstanceReaderTest","eu.esdihumboldt.hale.io.shp.ShapeInstanceReaderTest","testReadFromFolder"
"","5","testPath1","","Fri Jul 10 00:41:32 UTC 2026","passed","Fri Jul 10 00:41:32 UTC 2026","","eu.esdihumboldt.hale.common.schema.model.constraint.factory.type.PrimaryKeyFactoryTest","eu.esdihumboldt.hale.common.schema.model.constraint.factory.type.PrimaryKeyFactoryTest","testPath1"
"","48","testPolygon","","Fri Jul 10 00:41:50 UTC 2026","passed","Fri Jul 10 00:41:50 UTC 2026","","eu.esdihumboldt.hale.common.schema.groovy.constraints.GeometryFactoryTest","eu.esdihumboldt.hale.common.schema.groovy.constraints.GeometryFactoryTest","testPolygon"
"","85","testWriteAttributes","","Fri Jul 10 00:45:29 UTC 2026","passed","Fri Jul 10 00:45:29 UTC 2026","","eu.esdihumboldt.hale.io.geopackage.GeopackageInstanceWriterTest","eu.esdihumboldt.hale.io.geopackage.GeopackageInstanceWriterTest","testWriteAttributes"
"","777","testWriteRead","","Fri Jul 10 00:42:07 UTC 2026","passed","Fri Jul 10 00:42:08 UTC 2026","","eu.esdihumboldt.hale.common.schema.persist.hsd.test.HaleSchemaWriterTest","eu.esdihumboldt.hale.common.schema.persist.hsd.test.HaleSchemaWriterTest","testWriteRead"
"","31","testValueMap","","Fri Jul 10 00:39:24 UTC 2026","passed","Fri Jul 10 00:39:24 UTC 2026","","eu.esdihumboldt.hale.common.core.io.impl.ValueMapTypeTest","eu.esdihumboldt.hale.common.core.io.impl.ValueMapTypeTest","testValueMap"
"","40","testMetaClass","","Fri Jul 10 00:38:14 UTC 2026","passed","Fri Jul 10 00:38:14 UTC 2026","","eu.esdihumboldt.hale.common.align.groovy.accessor.EntityAccessorTest","eu.esdihumboldt.hale.common.align.groovy.accessor.EntityAccessorTest","testMetaClass"
"","1271","testBaseNameFromURL","","Fri Jul 10 00:51:06 UTC 2026","passed","Fri Jul 10 00:51:07 UTC 2026","","eu.esdihumboldt.hale.io.shp.ShapeInstanceReaderTest","eu.esdihumboldt.hale.io.shp.ShapeInstanceReaderTest","testBaseNameFromURL"
"","1","testDisabled","","Fri Jul 10 00:41:32 UTC 2026","passed","Fri Jul 10 00:41:32 UTC 2026","","eu.esdihumboldt.hale.common.schema.model.constraint.factory.type.SkipValidationFactoryTest","eu.esdihumboldt.hale.common.schema.model.constraint.factory.type.SkipValidationFactoryTest","testDisabled"
"","0","testProjectSubfolder","","Fri Jul 10 00:39:13 UTC 2026","passed","Fri Jul 10 00:39:13 UTC 2026","","eu.esdihumboldt.hale.common.core.io.PathUpdateTest","eu.esdihumboldt.hale.common.core.io.PathUpdateTest","testProjectSubfolder"
"","3","testGetReferencesNested","","Fri Jul 10 00:39:42 UTC 2026","passed","Fri Jul 10 00:39:42 UTC 2026","","eu.esdihumboldt.hale.common.filter.ECQLFilterTest","eu.esdihumboldt.hale.common.filter.ECQLFilterTest","testGetReferencesNested"
"","3","testSerializeCompact","","Fri Jul 10 00:53:23 UTC 2026","passed","Fri Jul 10 00:53:23 UTC 2026","","eu.esdihumboldt.util.groovy.collector.StatsCollectorTest","eu.esdihumboldt.util.groovy.collector.StatsCollectorTest","testSerializeCompact"
"","57","testRunsInHale","","Fri Jul 10 00:47:15 UTC 2026","passed","Fri Jul 10 00:47:15 UTC 2026","","eu.esdihumboldt.hale.io.groovy.snippets.GroovySnippetsTest","eu.esdihumboldt.hale.io.groovy.snippets.GroovySnippetsTest","testRunsInHale"
"","181","testJoinFilter","","Fri Jul 10 00:38:45 UTC 2026","passed","Fri Jul 10 00:38:45 UTC 2026","","eu.esdihumboldt.hale.common.align.merge.test.impl.JoinMergeTest","eu.esdihumboldt.hale.common.align.merge.test.impl.JoinMergeTest","testJoinFilter"
"","187","testTypeFilter6","","Fri Jul 10 00:38:40 UTC 2026","passed","Fri Jul 10 00:38:40 UTC 2026","","eu.esdihumboldt.hale.common.align.merge.test.impl.DefaultMergeCellMigratorTest","eu.esdihumboldt.hale.common.align.merge.test.impl.DefaultMergeCellMigratorTest","testTypeFilter6"
"","14","testNestedDefaultProperties","","Fri Jul 10 00:41:50 UTC 2026","passed","Fri Jul 10 00:41:50 UTC 2026","","eu.esdihumboldt.hale.common.schema.groovy.SchemaBuilderTest","eu.esdihumboldt.hale.common.schema.groovy.SchemaBuilderTest","testNestedDefaultProperties"
"","3","testCreateType","","Fri Jul 10 00:41:50 UTC 2026","passed","Fri Jul 10 00:41:50 UTC 2026","","eu.esdihumboldt.hale.common.schema.groovy.SchemaBuilderTest","eu.esdihumboldt.hale.common.schema.groovy.SchemaBuilderTest","testCreateType"
"","0","testLocales1","","Fri Jul 10 00:37:56 UTC 2026","skipped","Fri Jul 10 00:37:56 UTC 2026","","eu.esdihumboldt.hale.common.align.model.impl.mdexpl.MarkdownCellExplanationTest","eu.esdihumboldt.hale.common.align.model.impl.mdexpl.MarkdownCellExplanationTest","testLocales1"
"","11770","test","","Fri Jul 10 00:51:54 UTC 2026","passed","Fri Jul 10 00:52:06 UTC 2026","","eu.esdihumboldt.hale.io.xls.test.XLSInstanceIOTest","eu.esdihumboldt.hale.io.xls.test.XLSInstanceIOTest","test"
"","302","testWfsPaginationIgnoreNumberMatched","","Fri Jul 10 00:46:35 UTC 2026","passed","Fri Jul 10 00:46:35 UTC 2026","","eu.esdihumboldt.hale.io.gml.reader.internal.StreamGmlReaderTest","eu.esdihumboldt.hale.io.gml.reader.internal.StreamGmlReaderTest","testWfsPaginationIgnoreNumberMatched"
"","1","testDisabled","","Fri Jul 10 00:41:32 UTC 2026","passed","Fri Jul 10 00:41:32 UTC 2026","","eu.esdihumboldt.hale.common.schema.model.constraint.factory.property.ChoiceFlagFactoryTest","eu.esdihumboldt.hale.common.schema.model.constraint.factory.property.ChoiceFlagFactoryTest","testDisabled"
"","226","testCondition1","","Fri Jul 10 00:38:37 UTC 2026","passed","Fri Jul 10 00:38:38 UTC 2026","","eu.esdihumboldt.hale.common.align.merge.test.impl.DefaultMergeCellMigratorTest","eu.esdihumboldt.hale.common.align.merge.test.impl.DefaultMergeCellMigratorTest","testCondition1"
"","5","testFindPropertyNamespace","","Fri Jul 10 00:41:31 UTC 2026","passed","Fri Jul 10 00:41:31 UTC 2026","","eu.esdihumboldt.hale.common.schema.helper.DefinitionResolverTest","eu.esdihumboldt.hale.common.schema.helper.DefinitionResolverTest","testFindPropertyNamespace"
"","80","testWriteSimpleSchema","","Fri Jul 10 00:44:55 UTC 2026","passed","Fri Jul 10 00:44:55 UTC 2026","","eu.esdihumboldt.hale.io.csv.writer.CSVInstanceWriterTest","eu.esdihumboldt.hale.io.csv.writer.CSVInstanceWriterTest","testWriteSimpleSchema"
"","1","testCurve","","Fri Jul 10 00:43:41 UTC 2026","passed","Fri Jul 10 00:43:41 UTC 2026","","eu.esdihumboldt.cst.functions.geometric.test.InteriorPointTest","eu.esdihumboldt.cst.functions.geometric.test.InteriorPointTest","testCurve"
"","6","testLikeSchema","","Fri Jul 10 00:39:42 UTC 2026","passed","Fri Jul 10 00:39:42 UTC 2026","","eu.esdihumboldt.hale.common.filter.ECQLFilterTest","eu.esdihumboldt.hale.common.filter.ECQLFilterTest","testLikeSchema"
"","12","testNotEqualSimple","","Fri Jul 10 00:39:41 UTC 2026","passed","Fri Jul 10 00:39:41 UTC 2026","","eu.esdihumboldt.hale.common.filter.CQLFilterTest","eu.esdihumboldt.hale.common.filter.CQLFilterTest","testNotEqualSimple"
"","80","testReadGeoJsonArray","","Fri Jul 10 00:50:00 UTC 2026","passed","Fri Jul 10 00:50:00 UTC 2026","","eu.esdihumboldt.hale.io.json.test.JsonInstanceCollectionTest","eu.esdihumboldt.hale.io.json.test.JsonInstanceCollectionTest","testReadGeoJsonArray"
"","207","testTypeFilter2PropertyPresent","","Fri Jul 10 00:38:42 UTC 2026","passed","Fri Jul 10 00:38:42 UTC 2026","","eu.esdihumboldt.hale.common.align.merge.test.impl.DefaultMergeCellMigratorTest","eu.esdihumboldt.hale.common.align.merge.test.impl.DefaultMergeCellMigratorTest","testTypeFilter2PropertyPresent"
"","14","testDefault","","Fri Jul 10 00:41:32 UTC 2026","passed","Fri Jul 10 00:41:32 UTC 2026","","eu.esdihumboldt.hale.common.schema.model.constraint.factory.property.ChoiceFlagFactoryTest","eu.esdihumboldt.hale.common.schema.model.constraint.factory.property.ChoiceFlagFactoryTest","testDefault"
"","3","testIntKeys","","Fri Jul 10 00:44:03 UTC 2026","passed","Fri Jul 10 00:44:03 UTC 2026","","eu.esdihumboldt.cst.functions.groovy.helpers.util.CollectorTest","eu.esdihumboldt.cst.functions.groovy.helpers.util.CollectorTest","testIntKeys"
"","43","testRead_definitive_all","","Fri Jul 10 00:52:32 UTC 2026","passed","Fri Jul 10 00:52:32 UTC 2026","","eu.esdihumboldt.hale.io.xsd.reader.XmlSchemaReaderTest","eu.esdihumboldt.hale.io.xsd.reader.XmlSchemaReaderTest","testRead_definitive_all"
"","13477","migrateRenameFormattedString","","Fri Jul 10 00:44:07 UTC 2026","passed","Fri Jul 10 00:44:21 UTC 2026","","eu.esdihumboldt.hale.adv.merge.test.AdVMeasurementMergeTest","eu.esdihumboldt.hale.adv.merge.test.AdVMeasurementMergeTest","migrateRenameFormattedString"
"","4","testInstanceValueNullSchema","","Fri Jul 10 00:39:42 UTC 2026","passed","Fri Jul 10 00:39:42 UTC 2026","","eu.esdihumboldt.hale.common.filter.ECQLFilterTest","eu.esdihumboldt.hale.common.filter.ECQLFilterTest","testInstanceValueNullSchema"
"","182","testTypeFilter3","","Fri Jul 10 00:38:40 UTC 2026","passed","Fri Jul 10 00:38:40 UTC 2026","","eu.esdihumboldt.hale.common.align.merge.test.impl.DefaultMergeCellMigratorTest","eu.esdihumboldt.hale.common.align.merge.test.impl.DefaultMergeCellMigratorTest","testTypeFilter3"
"","27","testRead_shiporder_divided","","Fri Jul 10 00:52:32 UTC 2026","passed","Fri Jul 10 00:52:32 UTC 2026","","eu.esdihumboldt.hale.io.xsd.reader.XmlSchemaReaderTest","eu.esdihumboldt.hale.io.xsd.reader.XmlSchemaReaderTest","testRead_shiporder_divided"
"","9","testExportNullTargetValue","","Fri Jul 10 00:52:13 UTC 2026","passed","Fri Jul 10 00:52:13 UTC 2026","","eu.esdihumboldt.hale.io.xls.test.writer.XLSLookupTableWriterTest","eu.esdihumboldt.hale.io.xls.test.writer.XLSLookupTableWriterTest","testExportNullTargetValue"
"","5","testEmpty","","Fri Jul 10 00:41:32 UTC 2026","passed","Fri Jul 10 00:41:32 UTC 2026","","eu.esdihumboldt.hale.common.schema.model.constraint.factory.type.EnumerationFactoryTest","eu.esdihumboldt.hale.common.schema.model.constraint.factory.type.EnumerationFactoryTest","testEmpty"
"","11053","testSha256_String","","Fri Jul 10 00:43:51 UTC 2026","passed","Fri Jul 10 00:44:02 UTC 2026","","eu.esdihumboldt.cst.functions.groovy.helpers.CryptoHelpersTest","eu.esdihumboldt.cst.functions.groovy.helpers.CryptoHelpersTest","testSha256_String"
"","0","testComplexWrite","","Fri Jul 10 00:53:48 UTC 2026","skipped","Fri Jul 10 00:53:48 UTC 2026","","eu.esdihumboldt.util.orient.embedded.LocalDocumentTest","eu.esdihumboldt.util.orient.embedded.LocalDocumentTest","testComplexWrite"
"","1256","testExplanation","","Fri Jul 10 00:37:55 UTC 2026","passed","Fri Jul 10 00:37:56 UTC 2026","","eu.esdihumboldt.hale.common.align.model.impl.mdexpl.MarkdownCellExplanationTest","eu.esdihumboldt.hale.common.align.model.impl.mdexpl.MarkdownCellExplanationTest","testExplanation"
"","18","testFindPropertyCached","","Fri Jul 10 00:41:31 UTC 2026","passed","Fri Jul 10 00:41:31 UTC 2026","","eu.esdihumboldt.hale.common.schema.helper.DefinitionResolverTest","eu.esdihumboldt.hale.common.schema.helper.DefinitionResolverTest","testFindPropertyCached"
"","0","testSubfolder3","","Fri Jul 10 00:39:13 UTC 2026","passed","Fri Jul 10 00:39:13 UTC 2026","","eu.esdihumboldt.hale.common.core.io.PathUpdateTest","eu.esdihumboldt.hale.common.core.io.PathUpdateTest","testSubfolder3"
"","3","testNullNotExistsNoSchema","","Fri Jul 10 00:39:42 UTC 2026","passed","Fri Jul 10 00:39:42 UTC 2026","","eu.esdihumboldt.hale.common.filter.ECQLFilterTest","eu.esdihumboldt.hale.common.filter.ECQLFilterTest","testNullNotExistsNoSchema"
"","1039","testSkipFeatureCollection","","Fri Jul 10 00:49:59 UTC 2026","passed","Fri Jul 10 00:50:00 UTC 2026","","eu.esdihumboldt.hale.io.json.test.JsonInstanceCollectionTest","eu.esdihumboldt.hale.io.json.test.JsonInstanceCollectionTest","testSkipFeatureCollection"
"","11","testJsonSimple","","Fri Jul 10 00:49:59 UTC 2026","passed","Fri Jul 10 00:49:59 UTC 2026","","eu.esdihumboldt.hale.io.json.test.InstanceToJsonTest","eu.esdihumboldt.hale.io.json.test.InstanceToJsonTest","testJsonSimple"
"","1","testReverseGroupsKeysBySharedValue","","Fri Jul 10 00:40:57 UTC 2026","passed","Fri Jul 10 00:40:57 UTC 2026","","eu.esdihumboldt.hale.common.lookup.impl.LookupTableImplTest","eu.esdihumboldt.hale.common.lookup.impl.LookupTableImplTest","testReverseGroupsKeysBySharedValue"
"","2","testNoBinding","","Fri Jul 10 00:41:32 UTC 2026","passed","Fri Jul 10 00:41:32 UTC 2026","","eu.esdihumboldt.hale.common.schema.model.constraint.factory.type.ElementTypeFactoryTest","eu.esdihumboldt.hale.common.schema.model.constraint.factory.type.ElementTypeFactoryTest","testNoBinding"
"","0","testChoice","","Fri Jul 10 00:43:04 UTC 2026","skipped","Fri Jul 10 00:43:04 UTC 2026","","eu.esdihumboldt.cst.internal.ConceptualSchemaTransformerTest","eu.esdihumboldt.cst.internal.ConceptualSchemaTransformerTest","testChoice"
"","55","testMerge","","Fri Jul 10 00:39:25 UTC 2026","passed","Fri Jul 10 00:39:25 UTC 2026","","eu.esdihumboldt.hale.common.core.report.util.StatsMergeTest","eu.esdihumboldt.hale.common.core.report.util.StatsMergeTest","testMerge"
"","13576","testParentBindung","","Fri Jul 10 00:47:00 UTC 2026","passed","Fri Jul 10 00:47:14 UTC 2026","","eu.esdihumboldt.hale.io.groovy.snippets.GroovySnippetsTest","eu.esdihumboldt.hale.io.groovy.snippets.GroovySnippetsTest","testParentBindung"
"","0","testGeometryPrimitive_32_Curve_MultiLineString","","Fri Jul 10 00:46:42 UTC 2026","skipped","Fri Jul 10 00:46:42 UTC 2026","","eu.esdihumboldt.hale.io.gml.writer.internal.StreamGmlWriter2Test","eu.esdihumboldt.hale.io.gml.writer.internal.StreamGmlWriter2Test","testGeometryPrimitive_32_Curve_MultiLineString"
"","6501","testInnerJoinNas","","Fri Jul 10 00:42:54 UTC 2026","passed","Fri Jul 10 00:43:00 UTC 2026","","eu.esdihumboldt.cst.internal.ConceptualSchemaTransformerTest","eu.esdihumboldt.cst.internal.ConceptualSchemaTransformerTest","testInnerJoinNas"
"","4","testEqualityList","","Fri Jul 10 00:39:42 UTC 2026","passed","Fri Jul 10 00:39:42 UTC 2026","","eu.esdihumboldt.hale.common.filter.ECQLFilterTest","eu.esdihumboldt.hale.common.filter.ECQLFilterTest","testEqualityList"
"","157","testFilterSame3","","Fri Jul 10 00:38:38 UTC 2026","passed","Fri Jul 10 00:38:38 UTC 2026","","eu.esdihumboldt.hale.common.align.merge.test.impl.DefaultMergeCellMigratorTest","eu.esdihumboldt.hale.common.align.merge.test.impl.DefaultMergeCellMigratorTest","testFilterSame3"
"","0","testHasNext2","","Fri Jul 10 00:53:47 UTC 2026","skipped","Fri Jul 10 00:53:47 UTC 2026","","eu.esdihumboldt.util.orient.embedded.BrowseClassIterateTest","eu.esdihumboldt.util.orient.embedded.BrowseClassIterateTest","testHasNext2"
"","3076","testFiltersForMultiType","","Fri Jul 10 00:37:28 UTC 2026","passed","Fri Jul 10 00:37:31 UTC 2026","","eu.esdihumboldt.hale.app.transform.test.ExecuteTest","eu.esdihumboldt.hale.app.transform.test.ExecuteTest","testFiltersForMultiType"
"","377","testGeometryAggregate_32_MultiLineString","","Fri Jul 10 00:46:54 UTC 2026","passed","Fri Jul 10 00:46:54 UTC 2026","","eu.esdihumboldt.hale.io.gml.writer.internal.StreamGmlWriterTest","eu.esdihumboldt.hale.io.gml.writer.internal.StreamGmlWriterTest","testGeometryAggregate_32_MultiLineString"
"","239","mergeJoinsWithJoin_abstract2","","Fri Jul 10 00:38:45 UTC 2026","passed","Fri Jul 10 00:38:45 UTC 2026","","eu.esdihumboldt.hale.common.align.merge.test.impl.JoinMergeTest","eu.esdihumboldt.hale.common.align.merge.test.impl.JoinMergeTest","mergeJoinsWithJoin_abstract2"
"","1","testFootprint3","","Fri Jul 10 00:43:41 UTC 2026","passed","Fri Jul 10 00:43:41 UTC 2026","","eu.esdihumboldt.cst.functions.geometric.test.InteriorPointTest","eu.esdihumboldt.cst.functions.geometric.test.InteriorPointTest","testFootprint3"
"","11613","testAddRemoveMappingMultipleProperties","","Fri Jul 10 00:40:39 UTC 2026","passed","Fri Jul 10 00:40:51 UTC 2026","","eu.esdihumboldt.hale.common.instance.index.MultimapInstanceIndexTest","eu.esdihumboldt.hale.common.instance.index.MultimapInstanceIndexTest","testAddRemoveMappingMultipleProperties"
"","12","testReadVersion4","","Fri Jul 10 00:49:39 UTC 2026","passed","Fri Jul 10 00:49:39 UTC 2026","","eu.esdihumboldt.hale.io.jdbc.spatialite.reader.internal.SpatiaLiteInstanceReaderTest","eu.esdihumboldt.hale.io.jdbc.spatialite.reader.internal.SpatiaLiteInstanceReaderTest","testReadVersion4"
"","105","testMergeAdditionalProp","","Fri Jul 10 00:43:01 UTC 2026","passed","Fri Jul 10 00:43:01 UTC 2026","","eu.esdihumboldt.cst.internal.ConceptualSchemaTransformerTest","eu.esdihumboldt.cst.internal.ConceptualSchemaTransformerTest","testMergeAdditionalProp"
"","3","testNestedKey","","Fri Jul 10 00:52:56 UTC 2026","passed","Fri Jul 10 00:52:56 UTC 2026","","eu.esdihumboldt.util.config.ConfigTest","eu.esdihumboldt.util.config.ConfigTest","testNestedKey"
"","51","testWriteSingleCorrectSchemasWithOneMissingGeom","","Fri Jul 10 00:51:12 UTC 2026","passed","Fri Jul 10 00:51:12 UTC 2026","","eu.esdihumboldt.hale.io.shp.ShapefileInstanceWriterTest","eu.esdihumboldt.hale.io.shp.ShapefileInstanceWriterTest","testWriteSingleCorrectSchemasWithOneMissingGeom"
"","1","testDefault","","Fri Jul 10 00:41:32 UTC 2026","passed","Fri Jul 10 00:41:32 UTC 2026","","eu.esdihumboldt.hale.common.schema.model.constraint.factory.type.PrimaryKeyFactoryTest","eu.esdihumboldt.hale.common.schema.model.constraint.factory.type.PrimaryKeyFactoryTest","testDefault"
"","8","testReadEmptySheet","","Fri Jul 10 00:52:10 UTC 2026","passed","Fri Jul 10 00:52:10 UTC 2026","","eu.esdihumboldt.hale.io.xls.test.reader.XLSReaderTest","eu.esdihumboldt.hale.io.xls.test.reader.XLSReaderTest","testReadEmptySheet"
"","140","testLarge","","Fri Jul 10 00:53:05 UTC 2026","passed","Fri Jul 10 00:53:05 UTC 2026","","eu.esdihumboldt.util.geometry.interpolation.grid.GridInterpolationTest","eu.esdihumboldt.util.geometry.interpolation.grid.GridInterpolationTest","testLarge"
"","134","testImplicitAssign","","Fri Jul 10 00:43:02 UTC 2026","passed","Fri Jul 10 00:43:02 UTC 2026","","eu.esdihumboldt.cst.internal.ConceptualSchemaTransformerTest","eu.esdihumboldt.cst.internal.ConceptualSchemaTransformerTest","testImplicitAssign"
"","11506","testAccessNullProperties","","Fri Jul 10 00:40:23 UTC 2026","passed","Fri Jul 10 00:40:34 UTC 2026","","eu.esdihumboldt.hale.common.instance.groovy.InstanceAccessorTest","eu.esdihumboldt.hale.common.instance.groovy.InstanceAccessorTest","testAccessNullProperties"
"","7","testMultiType","","Fri Jul 10 00:50:01 UTC 2026","passed","Fri Jul 10 00:50:01 UTC 2026","","eu.esdihumboldt.hale.io.json.test.JsonSchemaReaderTest","eu.esdihumboldt.hale.io.json.test.JsonSchemaReaderTest","testMultiType"
"","5","testBefore","","Fri Jul 10 00:39:42 UTC 2026","passed","Fri Jul 10 00:39:42 UTC 2026","","eu.esdihumboldt.hale.common.filter.ECQLFilterTest","eu.esdihumboldt.hale.common.filter.ECQLFilterTest","testBefore"
"","3","testNullSchema","","Fri Jul 10 00:39:42 UTC 2026","passed","Fri Jul 10 00:39:42 UTC 2026","","eu.esdihumboldt.hale.common.filter.ECQLFilterTest","eu.esdihumboldt.hale.common.filter.ECQLFilterTest","testNullSchema"
"","2889","simpleSchemaWriteTest","","Fri Jul 10 00:51:08 UTC 2026","passed","Fri Jul 10 00:51:11 UTC 2026","","eu.esdihumboldt.hale.io.shp.ShapefileInstanceWriterTest","eu.esdihumboldt.hale.io.shp.ShapefileInstanceWriterTest","simpleSchemaWriteTest"
"","1","testRead2","","Fri Jul 10 00:44:42 UTC 2026","passed","Fri Jul 10 00:44:42 UTC 2026","","eu.esdihumboldt.hale.io.csv.CSVSchemaReaderTest","eu.esdihumboldt.hale.io.csv.CSVSchemaReaderTest","testRead2"
"","3","testRefTypes","","Fri Jul 10 00:41:32 UTC 2026","passed","Fri Jul 10 00:41:32 UTC 2026","","eu.esdihumboldt.hale.common.schema.model.constraint.factory.property.ReferenceFactoryTest","eu.esdihumboldt.hale.common.schema.model.constraint.factory.property.ReferenceFactoryTest","testRefTypes"
"","193","testTypeFilter4","","Fri Jul 10 00:38:40 UTC 2026","passed","Fri Jul 10 00:38:40 UTC 2026","","eu.esdihumboldt.hale.common.align.merge.test.impl.DefaultMergeCellMigratorTest","eu.esdihumboldt.hale.common.align.merge.test.impl.DefaultMergeCellMigratorTest","testTypeFilter4"
"","4","testNullList","","Fri Jul 10 00:39:42 UTC 2026","passed","Fri Jul 10 00:39:42 UTC 2026","","eu.esdihumboldt.hale.common.filter.ECQLFilterTest","eu.esdihumboldt.hale.common.filter.ECQLFilterTest","testNullList"
"","710","testExportPropertyJoin","","Fri Jul 10 00:47:39 UTC 2026","passed","Fri Jul 10 00:47:40 UTC 2026","","eu.esdihumboldt.hale.io.html.svg.json.JsonMappingExporterTest","eu.esdihumboldt.hale.io.html.svg.json.JsonMappingExporterTest","testExportPropertyJoin"
"","17","testReadNestedGeometryGeoJson","","Fri Jul 10 00:50:01 UTC 2026","passed","Fri Jul 10 00:50:01 UTC 2026","","eu.esdihumboldt.hale.io.json.test.JsonToInstanceTest","eu.esdihumboldt.hale.io.json.test.JsonToInstanceTest","testReadNestedGeometryGeoJson"
"","11","testReadVersion4","","Fri Jul 10 00:49:39 UTC 2026","passed","Fri Jul 10 00:49:39 UTC 2026","","eu.esdihumboldt.hale.io.jdbc.spatialite.reader.internal.SpatiaLiteSchemaReaderTest","eu.esdihumboldt.hale.io.jdbc.spatialite.reader.internal.SpatiaLiteSchemaReaderTest","testReadVersion4"
"","5","testByPoints1AllGrid","","Fri Jul 10 00:53:05 UTC 2026","passed","Fri Jul 10 00:53:05 UTC 2026","","eu.esdihumboldt.util.geometry.interpolation.grid.GridInterpolationTest","eu.esdihumboldt.util.geometry.interpolation.grid.GridInterpolationTest","testByPoints1AllGrid"
"","181","testValueMapJson","","Fri Jul 10 00:39:24 UTC 2026","passed","Fri Jul 10 00:39:24 UTC 2026","","eu.esdihumboldt.hale.common.core.io.impl.ValueMapTypeTest","eu.esdihumboldt.hale.common.core.io.impl.ValueMapTypeTest","testValueMapJson"
"","0","testIterateEmpty","","Fri Jul 10 00:39:57 UTC 2026","passed","Fri Jul 10 00:39:57 UTC 2026","","eu.esdihumboldt.hale.common.instance.tools.impl.SimplePartitionerTest","eu.esdihumboldt.hale.common.instance.tools.impl.SimplePartitionerTest","testIterateEmpty"
"","6","testStringBetween","","Fri Jul 10 00:39:42 UTC 2026","passed","Fri Jul 10 00:39:42 UTC 2026","","eu.esdihumboldt.hale.common.filter.CQLFilterTest","eu.esdihumboldt.hale.common.filter.CQLFilterTest","testStringBetween"
"","1","testFootprint2","","Fri Jul 10 00:43:41 UTC 2026","passed","Fri Jul 10 00:43:41 UTC 2026","","eu.esdihumboldt.cst.functions.geometric.test.InteriorPointTest","eu.esdihumboldt.cst.functions.geometric.test.InteriorPointTest","testFootprint2"
"","6","testSpecifyTypeGeojson","","Fri Jul 10 00:50:01 UTC 2026","passed","Fri Jul 10 00:50:01 UTC 2026","","eu.esdihumboldt.hale.io.json.test.JsonToInstanceTest","eu.esdihumboldt.hale.io.json.test.JsonToInstanceTest","testSpecifyTypeGeojson"
"","5","test90Deegrees","","Fri Jul 10 00:53:05 UTC 2026","passed","Fri Jul 10 00:53:05 UTC 2026","","eu.esdihumboldt.util.geometry.interpolation.split.SplitInterpolationTest","eu.esdihumboldt.util.geometry.interpolation.split.SplitInterpolationTest","test90Deegrees"
"","7","testLoad","","Fri Jul 10 00:52:30 UTC 2026","passed","Fri Jul 10 00:52:30 UTC 2026","","eu.esdihumboldt.hale.io.xsd.anytype.valuetypes.CustomTypeContentConfigurationTypeTest","eu.esdihumboldt.hale.io.xsd.anytype.valuetypes.CustomTypeContentConfigurationTypeTest","testLoad"
"","16","testEdgeCases","","Fri Jul 10 00:53:23 UTC 2026","passed","Fri Jul 10 00:53:23 UTC 2026","","eu.esdihumboldt.util.groovy.json.JsonStreamBuilderTest","eu.esdihumboldt.util.groovy.json.JsonStreamBuilderTest","testEdgeCases"
"","172","testBaseAlignmentSaveLoad","","Fri Jul 10 00:37:45 UTC 2026","passed","Fri Jul 10 00:37:45 UTC 2026","","eu.esdihumboldt.hale.common.align.io.CastorAlignmentIOTest","eu.esdihumboldt.hale.common.align.io.CastorAlignmentIOTest","testBaseAlignmentSaveLoad"
"","4372","testTransformXmlInline","","Fri Jul 10 00:36:52 UTC 2026","passed","Fri Jul 10 00:36:56 UTC 2026","","eu.esdihumboldt.hale.app.transform.test.ExecuteTest","eu.esdihumboldt.hale.app.transform.test.ExecuteTest","testTransformXmlInline"
"","43","testWriteBigNumbers","","Fri Jul 10 00:51:11 UTC 2026","passed","Fri Jul 10 00:51:11 UTC 2026","","eu.esdihumboldt.hale.io.shp.ShapefileInstanceWriterTest","eu.esdihumboldt.hale.io.shp.ShapefileInstanceWriterTest","testWriteBigNumbers"
"","17","testGeoJsonSimple_2","","Fri Jul 10 00:49:59 UTC 2026","passed","Fri Jul 10 00:49:59 UTC 2026","","eu.esdihumboldt.hale.io.json.test.InstanceToJsonTest","eu.esdihumboldt.hale.io.json.test.InstanceToJsonTest","testGeoJsonSimple_2"
"","160","testNullValue","","Fri Jul 10 00:43:05 UTC 2026","passed","Fri Jul 10 00:43:05 UTC 2026","","eu.esdihumboldt.cst.internal.ConceptualSchemaTransformerTest","eu.esdihumboldt.cst.internal.ConceptualSchemaTransformerTest","testNullValue"
"","7","testSpecifyType","","Fri Jul 10 00:50:01 UTC 2026","passed","Fri Jul 10 00:50:01 UTC 2026","","eu.esdihumboldt.hale.io.json.test.JsonToInstanceTest","eu.esdihumboldt.hale.io.json.test.JsonToInstanceTest","testSpecifyType"
"","9","testPropertyType","","Fri Jul 10 00:52:10 UTC 2026","passed","Fri Jul 10 00:52:10 UTC 2026","","eu.esdihumboldt.hale.io.xls.test.reader.XLSReaderTest","eu.esdihumboldt.hale.io.xls.test.reader.XLSReaderTest","testPropertyType"
"","84","testRTreeSpatialIndexCreation","","Fri Jul 10 00:45:29 UTC 2026","passed","Fri Jul 10 00:45:29 UTC 2026","","eu.esdihumboldt.hale.io.geopackage.GeopackageInstanceWriterTest","eu.esdihumboldt.hale.io.geopackage.GeopackageInstanceWriterTest","testRTreeSpatialIndexCreation"
"","17","testGString","","Fri Jul 10 00:44:02 UTC 2026","passed","Fri Jul 10 00:44:02 UTC 2026","","eu.esdihumboldt.cst.functions.groovy.helpers.util.CollectorTest","eu.esdihumboldt.cst.functions.groovy.helpers.util.CollectorTest","testGString"
"","236","testComplexLookupJson","","Fri Jul 10 00:41:06 UTC 2026","passed","Fri Jul 10 00:41:06 UTC 2026","","eu.esdihumboldt.hale.common.lookup.internal.LookupTableTypeTest","eu.esdihumboldt.hale.common.lookup.internal.LookupTableTypeTest","testComplexLookupJson"
"","1780","testAppInfo","","Fri Jul 10 00:52:30 UTC 2026","passed","Fri Jul 10 00:52:32 UTC 2026","","eu.esdihumboldt.hale.io.xsd.reader.XmlSchemaReaderMoreTest","eu.esdihumboldt.hale.io.xsd.reader.XmlSchemaReaderMoreTest","testAppInfo"
"","2988","testReadXsdInstances","","Fri Jul 10 00:50:50 UTC 2026","passed","Fri Jul 10 00:50:53 UTC 2026","","eu.esdihumboldt.hale.io.shp.ShapeInstanceReaderTest","eu.esdihumboldt.hale.io.shp.ShapeInstanceReaderTest","testReadXsdInstances"
"","16","testGmlReferences","","Fri Jul 10 00:40:17 UTC 2026","passed","Fri Jul 10 00:40:17 UTC 2026","","eu.esdihumboldt.hale.common.instance.graph.test.ReferenceGraphTest","eu.esdihumboldt.hale.common.instance.graph.test.ReferenceGraphTest","testGmlReferences"
"","52","testNamespaceIndexChildContextType","","Fri Jul 10 00:38:14 UTC 2026","passed","Fri Jul 10 00:38:14 UTC 2026","","eu.esdihumboldt.hale.common.align.groovy.accessor.EntityAccessorTest","eu.esdihumboldt.hale.common.align.groovy.accessor.EntityAccessorTest","testNamespaceIndexChildContextType"
"","79","testStructuralRename2","","Fri Jul 10 00:43:05 UTC 2026","passed","Fri Jul 10 00:43:05 UTC 2026","","eu.esdihumboldt.cst.internal.ConceptualSchemaTransformerTest","eu.esdihumboldt.cst.internal.ConceptualSchemaTransformerTest","testStructuralRename2"
"","129","testLoadWVA","","Fri Jul 10 00:45:42 UTC 2026","passed","Fri Jul 10 00:45:42 UTC 2026","","eu.esdihumboldt.hale.io.gml.reader.internal.GmlInstanceCollectionTest","eu.esdihumboldt.hale.io.gml.reader.internal.GmlInstanceCollectionTest","testLoadWVA"
"","3","testTypeBinding","","Fri Jul 10 00:41:32 UTC 2026","passed","Fri Jul 10 00:41:32 UTC 2026","","eu.esdihumboldt.hale.common.schema.model.constraint.factory.type.ElementTypeFactoryTest","eu.esdihumboldt.hale.common.schema.model.constraint.factory.type.ElementTypeFactoryTest","testTypeBinding"
"","11","testUnifyCCWWithHoles","","Fri Jul 10 00:53:04 UTC 2026","passed","Fri Jul 10 00:53:04 UTC 2026","","eu.esdihumboldt.util.geometry.WindingOrderTest","eu.esdihumboldt.util.geometry.WindingOrderTest","testUnifyCCWWithHoles"
"","5","testSimpleSingleStrictFail","","Fri Jul 10 00:38:14 UTC 2026","passed","Fri Jul 10 00:38:14 UTC 2026","","eu.esdihumboldt.hale.common.align.groovy.accessor.EntityAccessorTest","eu.esdihumboldt.hale.common.align.groovy.accessor.EntityAccessorTest","testSimpleSingleStrictFail"
"","59","testReadMultiSheetTypeSettingsNamed","","Fri Jul 10 00:52:10 UTC 2026","passed","Fri Jul 10 00:52:10 UTC 2026","","eu.esdihumboldt.hale.io.xls.test.reader.XLSReaderTest","eu.esdihumboldt.hale.io.xls.test.reader.XLSReaderTest","testReadMultiSheetTypeSettingsNamed"
"","55","testBothWays","","Fri Jul 10 00:52:30 UTC 2026","passed","Fri Jul 10 00:52:30 UTC 2026","","eu.esdihumboldt.hale.io.xsd.anytype.valuetypes.CustomTypeContentConfigurationTypeTest","eu.esdihumboldt.hale.io.xsd.anytype.valuetypes.CustomTypeContentConfigurationTypeTest","testBothWays"
"","4267","testConnection","","Fri Jul 10 00:48:47 UTC 2026","passed","Fri Jul 10 00:48:52 UTC 2026","","eu.esdihumboldt.hale.io.jdbc.postgresql.test.DatabaseIT","eu.esdihumboldt.hale.io.jdbc.postgresql.test.DatabaseIT","testConnection"
"","625","testWriteFeaturesTargetCRS","","Fri Jul 10 00:51:07 UTC 2026","passed","Fri Jul 10 00:51:08 UTC 2026","","eu.esdihumboldt.hale.io.shp.ShapefileInstanceWriterTest","eu.esdihumboldt.hale.io.shp.ShapefileInstanceWriterTest","testWriteFeaturesTargetCRS"
"","9","testHalfCircle","","Fri Jul 10 00:53:05 UTC 2026","passed","Fri Jul 10 00:53:05 UTC 2026","","eu.esdihumboldt.util.geometry.interpolation.split.SplitInterpolationTest","eu.esdihumboldt.util.geometry.interpolation.split.SplitInterpolationTest","testHalfCircle"
"","90","testCMUnion5","","Fri Jul 10 00:43:03 UTC 2026","passed","Fri Jul 10 00:43:03 UTC 2026","","eu.esdihumboldt.cst.internal.ConceptualSchemaTransformerTest","eu.esdihumboldt.cst.internal.ConceptualSchemaTransformerTest","testCMUnion5"
"","8","testReadModeDefault","","Fri Jul 10 00:50:01 UTC 2026","passed","Fri Jul 10 00:50:01 UTC 2026","","eu.esdihumboldt.hale.io.json.test.JsonInstanceReaderTest","eu.esdihumboldt.hale.io.json.test.JsonInstanceReaderTest","testReadModeDefault"
"","30","testSingleGeometry","","Fri Jul 10 00:51:12 UTC 2026","passed","Fri Jul 10 00:51:12 UTC 2026","","eu.esdihumboldt.hale.io.shp.ShapefileInstanceWriterTest","eu.esdihumboldt.hale.io.shp.ShapefileInstanceWriterTest","testSingleGeometry"
"","17","testEnabled","","Fri Jul 10 00:41:32 UTC 2026","passed","Fri Jul 10 00:41:32 UTC 2026","","eu.esdihumboldt.hale.common.schema.model.constraint.factory.property.NillableFlagFactoryTest","eu.esdihumboldt.hale.common.schema.model.constraint.factory.property.NillableFlagFactoryTest","testEnabled"
"","577","testSaveLoad","","Fri Jul 10 00:37:44 UTC 2026","passed","Fri Jul 10 00:37:45 UTC 2026","","eu.esdihumboldt.hale.common.align.io.CastorAlignmentIOTest","eu.esdihumboldt.hale.common.align.io.CastorAlignmentIOTest","testSaveLoad"
"","21","testArcString","","Fri Jul 10 00:53:05 UTC 2026","passed","Fri Jul 10 00:53:05 UTC 2026","","eu.esdihumboldt.util.geometry.interpolation.grid.GridInterpolationTest","eu.esdihumboldt.util.geometry.interpolation.grid.GridInterpolationTest","testArcString"
"","426","testByPointsToCenterAllGrid","","Fri Jul 10 00:53:04 UTC 2026","passed","Fri Jul 10 00:53:04 UTC 2026","","eu.esdihumboldt.util.geometry.interpolation.grid.GridInterpolationTest","eu.esdihumboldt.util.geometry.interpolation.grid.GridInterpolationTest","testByPointsToCenterAllGrid"
"","4","testRange","","Fri Jul 10 00:41:50 UTC 2026","passed","Fri Jul 10 00:41:50 UTC 2026","","eu.esdihumboldt.hale.common.schema.groovy.constraints.EnumerationFactoryTest","eu.esdihumboldt.hale.common.schema.groovy.constraints.EnumerationFactoryTest","testRange"
"","40","testGmlOverflow","","Fri Jul 10 00:40:17 UTC 2026","passed","Fri Jul 10 00:40:17 UTC 2026","","eu.esdihumboldt.hale.common.instance.graph.test.ReferenceGraphTest","eu.esdihumboldt.hale.common.instance.graph.test.ReferenceGraphTest","testGmlOverflow"
"","128","testFilterSame6","","Fri Jul 10 00:38:38 UTC 2026","passed","Fri Jul 10 00:38:39 UTC 2026","","eu.esdihumboldt.hale.common.align.merge.test.impl.DefaultMergeCellMigratorTest","eu.esdihumboldt.hale.common.align.merge.test.impl.DefaultMergeCellMigratorTest","testFilterSame6"
"","10097","testLoadWFS2Capabilities","","Fri Jul 10 00:51:37 UTC 2026","passed","Fri Jul 10 00:51:48 UTC 2026","","eu.esdihumboldt.hale.io.wfs.test.capabilities.CapabilitiesHelperTest","eu.esdihumboldt.hale.io.wfs.test.capabilities.CapabilitiesHelperTest","testLoadWFS2Capabilities"
"","0","testHasNext","","Fri Jul 10 00:53:47 UTC 2026","skipped","Fri Jul 10 00:53:47 UTC 2026","","eu.esdihumboldt.util.orient.embedded.BrowseClassIterateTest","eu.esdihumboldt.util.orient.embedded.BrowseClassIterateTest","testHasNext"
"","1","testDefault","","Fri Jul 10 00:41:32 UTC 2026","passed","Fri Jul 10 00:41:32 UTC 2026","","eu.esdihumboldt.hale.common.schema.model.constraint.factory.type.SkipValidationFactoryTest","eu.esdihumboldt.hale.common.schema.model.constraint.factory.type.SkipValidationFactoryTest","testDefault"
"","0","testCMUnion1","","Fri Jul 10 00:42:52 UTC 2026","skipped","Fri Jul 10 00:42:52 UTC 2026","","eu.esdihumboldt.cst.internal.ConceptualSchemaTransformerTest","eu.esdihumboldt.cst.internal.ConceptualSchemaTransformerTest","testCMUnion1"
"","170","testSqlQuery","","Fri Jul 10 00:53:48 UTC 2026","passed","Fri Jul 10 00:53:48 UTC 2026","","eu.esdihumboldt.util.orient.embedded.LocalDocumentTest","eu.esdihumboldt.util.orient.embedded.LocalDocumentTest","testSqlQuery"
"","121","testPropertyCondition2","","Fri Jul 10 00:43:04 UTC 2026","passed","Fri Jul 10 00:43:04 UTC 2026","","eu.esdihumboldt.cst.internal.ConceptualSchemaTransformerTest","eu.esdihumboldt.cst.internal.ConceptualSchemaTransformerTest","testPropertyCondition2"
"","0","testLookupAndConsume","","Fri Jul 10 00:39:25 UTC 2026","passed","Fri Jul 10 00:39:25 UTC 2026","","eu.esdihumboldt.hale.common.core.io.supplier.LookupStreamResourceTest","eu.esdihumboldt.hale.common.core.io.supplier.LookupStreamResourceTest","testLookupAndConsume"
"","177","testThread","","Fri Jul 10 00:53:47 UTC 2026","passed","Fri Jul 10 00:53:48 UTC 2026","","eu.esdihumboldt.util.orient.embedded.LocalDocumentTest","eu.esdihumboldt.util.orient.embedded.LocalDocumentTest","testThread"
"","0","testHttpAbsoluteOtherHttp","","Fri Jul 10 00:52:30 UTC 2026","passed","Fri Jul 10 00:52:30 UTC 2026","","eu.esdihumboldt.hale.io.xsd.reader.HumboldtURIResolverTest","eu.esdihumboldt.hale.io.xsd.reader.HumboldtURIResolverTest","testHttpAbsoluteOtherHttp"
"","94","testCMMulti2","","Fri Jul 10 00:43:02 UTC 2026","passed","Fri Jul 10 00:43:03 UTC 2026","","eu.esdihumboldt.cst.internal.ConceptualSchemaTransformerTest","eu.esdihumboldt.cst.internal.ConceptualSchemaTransformerTest","testCMMulti2"
"","6","testGeoJson","","Fri Jul 10 00:50:01 UTC 2026","passed","Fri Jul 10 00:50:01 UTC 2026","","eu.esdihumboldt.hale.io.json.test.JsonSchemaReaderTest","eu.esdihumboldt.hale.io.json.test.JsonSchemaReaderTest","testGeoJson"
"","5","testEqualityListNoSchema","","Fri Jul 10 00:39:42 UTC 2026","passed","Fri Jul 10 00:39:42 UTC 2026","","eu.esdihumboldt.hale.common.filter.ECQLFilterTest","eu.esdihumboldt.hale.common.filter.ECQLFilterTest","testEqualityListNoSchema"
"","217","testDuplicateRule","","Fri Jul 10 00:50:15 UTC 2026","passed","Fri Jul 10 00:50:16 UTC 2026","","eu.esdihumboldt.hale.io.schematron.SchematronInstanceValidatorTest","eu.esdihumboldt.hale.io.schematron.SchematronInstanceValidatorTest","testDuplicateRule"
"","2","testFindPoints","","Fri Jul 10 00:43:41 UTC 2026","passed","Fri Jul 10 00:43:41 UTC 2026","","eu.esdihumboldt.cst.functions.geometric.test.GeometryHelperFunctionsTest","eu.esdihumboldt.cst.functions.geometric.test.GeometryHelperFunctionsTest","testFindPoints"
"","1","testMethodCallWithNamedArgumentsTypeSafe","","Fri Jul 10 00:53:23 UTC 2026","passed","Fri Jul 10 00:53:23 UTC 2026","","eu.esdihumboldt.util.groovy.json.JsonStreamBuilderTest","eu.esdihumboldt.util.groovy.json.JsonStreamBuilderTest","testMethodCallWithNamedArgumentsTypeSafe"
"","28","testEmpty","","Fri Jul 10 00:41:32 UTC 2026","passed","Fri Jul 10 00:41:32 UTC 2026","","eu.esdihumboldt.hale.common.schema.model.constraint.factory.type.ValidationConstraintFactoryTest","eu.esdihumboldt.hale.common.schema.model.constraint.factory.type.ValidationConstraintFactoryTest","testEmpty"
"","50","testOffsetBig","","Fri Jul 10 00:53:05 UTC 2026","passed","Fri Jul 10 00:53:05 UTC 2026","","eu.esdihumboldt.util.geometry.interpolation.grid.GridInterpolationTest","eu.esdihumboldt.util.geometry.interpolation.grid.GridInterpolationTest","testOffsetBig"
"","1","testFormatter[9]","","Fri Jul 10 00:53:00 UTC 2026","passed","Fri Jul 10 00:53:00 UTC 2026","","eu.esdihumboldt.util.geometry.DecimalFormatUtilTest","eu.esdihumboldt.util.geometry.DecimalFormatUtilTest","testFormatter[9]"
"","103","testClassification3","","Fri Jul 10 00:43:02 UTC 2026","passed","Fri Jul 10 00:43:02 UTC 2026","","eu.esdihumboldt.cst.internal.ConceptualSchemaTransformerTest","eu.esdihumboldt.cst.internal.ConceptualSchemaTransformerTest","testClassification3"
"","435","testReadInstancesXsdGmlConflict","","Fri Jul 10 00:45:26 UTC 2026","passed","Fri Jul 10 00:45:27 UTC 2026","","eu.esdihumboldt.hale.io.geopackage.GeopackageInstanceReaderTest","eu.esdihumboldt.hale.io.geopackage.GeopackageInstanceReaderTest","testReadInstancesXsdGmlConflict"
"","196","testMergeMultiPropKeyWithComplexAtt","","Fri Jul 10 00:42:51 UTC 2026","passed","Fri Jul 10 00:42:52 UTC 2026","","eu.esdihumboldt.cst.internal.ConceptualSchemaTransformerTest","eu.esdihumboldt.cst.internal.ConceptualSchemaTransformerTest","testMergeMultiPropKeyWithComplexAtt"
"","9","testDoubleObject","","Fri Jul 10 00:53:23 UTC 2026","passed","Fri Jul 10 00:53:23 UTC 2026","","eu.esdihumboldt.util.groovy.json.JsonStreamBuilderTest","eu.esdihumboldt.util.groovy.json.JsonStreamBuilderTest","testDoubleObject"
"","33","testSingleGeometryWithMissingProperties","","Fri Jul 10 00:51:08 UTC 2026","passed","Fri Jul 10 00:51:08 UTC 2026","","eu.esdihumboldt.hale.io.shp.ShapefileInstanceWriterTest","eu.esdihumboldt.hale.io.shp.ShapefileInstanceWriterTest","testSingleGeometryWithMissingProperties"
"","562","testSaveLoad","","Fri Jul 10 00:39:24 UTC 2026","passed","Fri Jul 10 00:39:25 UTC 2026","","eu.esdihumboldt.hale.common.core.io.project.ProjectTest","eu.esdihumboldt.hale.common.core.io.project.ProjectTest","testSaveLoad"
"","9","testReadSimpleWithDate","","Fri Jul 10 00:52:10 UTC 2026","passed","Fri Jul 10 00:52:10 UTC 2026","","eu.esdihumboldt.hale.io.xls.test.reader.XLSReaderTest","eu.esdihumboldt.hale.io.xls.test.reader.XLSReaderTest","testReadSimpleWithDate"
"","1","testFootprint","","Fri Jul 10 00:43:41 UTC 2026","passed","Fri Jul 10 00:43:41 UTC 2026","","eu.esdihumboldt.cst.functions.geometric.test.InteriorPointTest","eu.esdihumboldt.cst.functions.geometric.test.InteriorPointTest","testFootprint"
"","61","testValidators","","Fri Jul 10 00:41:32 UTC 2026","passed","Fri Jul 10 00:41:32 UTC 2026","","eu.esdihumboldt.hale.common.schema.model.constraint.factory.type.ValidationConstraintFactoryTest","eu.esdihumboldt.hale.common.schema.model.constraint.factory.type.ValidationConstraintFactoryTest","testValidators"
"","18","testReadPolygonWithHole","","Fri Jul 10 00:50:01 UTC 2026","passed","Fri Jul 10 00:50:01 UTC 2026","","eu.esdihumboldt.hale.io.json.test.JsonToInstanceTest","eu.esdihumboldt.hale.io.json.test.JsonToInstanceTest","testReadPolygonWithHole"
"","447","testStoreRestoreCustomName","","Fri Jul 10 00:41:31 UTC 2026","passed","Fri Jul 10 00:41:32 UTC 2026","","eu.esdihumboldt.hale.common.schema.model.constraint.factory.DisplayNameFactoryTest","eu.esdihumboldt.hale.common.schema.model.constraint.factory.DisplayNameFactoryTest","testStoreRestoreCustomName"
"","94","testSrs","","Fri Jul 10 00:46:31 UTC 2026","passed","Fri Jul 10 00:46:31 UTC 2026","","eu.esdihumboldt.hale.io.gml.reader.internal.StreamGmlReaderTest","eu.esdihumboldt.hale.io.gml.reader.internal.StreamGmlReaderTest","testSrs"
"","8","testGeoBboxList","","Fri Jul 10 00:39:41 UTC 2026","passed","Fri Jul 10 00:39:41 UTC 2026","","eu.esdihumboldt.hale.common.filter.CQLFilterTest","eu.esdihumboldt.hale.common.filter.CQLFilterTest","testGeoBboxList"
"","188","testMultiResult2","","Fri Jul 10 00:42:54 UTC 2026","passed","Fri Jul 10 00:42:54 UTC 2026","","eu.esdihumboldt.cst.internal.ConceptualSchemaTransformerTest","eu.esdihumboldt.cst.internal.ConceptualSchemaTransformerTest","testMultiResult2"
"","17","testReadVersion3","","Fri Jul 10 00:49:39 UTC 2026","passed","Fri Jul 10 00:49:39 UTC 2026","","eu.esdihumboldt.hale.io.jdbc.spatialite.reader.internal.SpatiaLiteSchemaReaderTest","eu.esdihumboldt.hale.io.jdbc.spatialite.reader.internal.SpatiaLiteSchemaReaderTest","testReadVersion3"
"","14","testReadSimpleChoice","","Fri Jul 10 00:50:01 UTC 2026","passed","Fri Jul 10 00:50:01 UTC 2026","","eu.esdihumboldt.hale.io.json.test.JsonToInstanceTest","eu.esdihumboldt.hale.io.json.test.JsonToInstanceTest","testReadSimpleChoice"
"","13","testSKOSFromRDF5_language_en","","Fri Jul 10 00:44:28 UTC 2026","passed","Fri Jul 10 00:44:28 UTC 2026","","eu.esdihumboldt.hale.io.codelist.skos.test.SkosCodeListTest","eu.esdihumboldt.hale.io.codelist.skos.test.SkosCodeListTest","testSKOSFromRDF5_language_en"
"","1","testStringValueListJson","","Fri Jul 10 00:39:24 UTC 2026","passed","Fri Jul 10 00:39:24 UTC 2026","","eu.esdihumboldt.hale.common.core.io.impl.ValueListTypeTest","eu.esdihumboldt.hale.common.core.io.impl.ValueListTypeTest","testStringValueListJson"
"","377","testGeometryAggregate_32_Point","","Fri Jul 10 00:46:52 UTC 2026","passed","Fri Jul 10 00:46:53 UTC 2026","","eu.esdihumboldt.hale.io.gml.writer.internal.StreamGmlWriterTest","eu.esdihumboldt.hale.io.gml.writer.internal.StreamGmlWriterTest","testGeometryAggregate_32_Point"
"","1","testInstanceReader","","Fri Jul 10 00:47:59 UTC 2026","skipped","Fri Jul 10 00:47:59 UTC 2026","","eu.esdihumboldt.hale.io.jdbc.mssql.test.MsSqlDataReaderTest","eu.esdihumboldt.hale.io.jdbc.mssql.test.MsSqlDataReaderTest","testInstanceReader"
"","0","testCMUnion6","","Fri Jul 10 00:43:03 UTC 2026","skipped","Fri Jul 10 00:43:03 UTC 2026","","eu.esdihumboldt.cst.internal.ConceptualSchemaTransformerTest","eu.esdihumboldt.cst.internal.ConceptualSchemaTransformerTest","testCMUnion6"
"","146","testGroovyWarningRetypeTarget","","Fri Jul 10 00:38:41 UTC 2026","passed","Fri Jul 10 00:38:41 UTC 2026","","eu.esdihumboldt.hale.common.align.merge.test.impl.DefaultMergeCellMigratorTest","eu.esdihumboldt.hale.common.align.merge.test.impl.DefaultMergeCellMigratorTest","testGroovyWarningRetypeTarget"
"","51","testLoadChoice2","","Fri Jul 10 00:45:42 UTC 2026","passed","Fri Jul 10 00:45:42 UTC 2026","","eu.esdihumboldt.hale.io.gml.reader.internal.GmlInstanceCollectionTest","eu.esdihumboldt.hale.io.gml.reader.internal.GmlInstanceCollectionTest","testLoadChoice2"
"","0","testHttpAbsolute1","","Fri Jul 10 00:52:30 UTC 2026","passed","Fri Jul 10 00:52:30 UTC 2026","","eu.esdihumboldt.hale.io.xsd.reader.HumboldtURIResolverTest","eu.esdihumboldt.hale.io.xsd.reader.HumboldtURIResolverTest","testHttpAbsolute1"
"","133","testFilterSame5","","Fri Jul 10 00:38:38 UTC 2026","passed","Fri Jul 10 00:38:38 UTC 2026","","eu.esdihumboldt.hale.common.align.merge.test.impl.DefaultMergeCellMigratorTest","eu.esdihumboldt.hale.common.align.merge.test.impl.DefaultMergeCellMigratorTest","testFilterSame5"
"","3","testMetaClass","","Fri Jul 10 00:41:50 UTC 2026","passed","Fri Jul 10 00:41:50 UTC 2026","","eu.esdihumboldt.hale.common.schema.groovy.DefinitionAccessorTest","eu.esdihumboldt.hale.common.schema.groovy.DefinitionAccessorTest","testMetaClass"
"","5","testByPoints2AllGrid","","Fri Jul 10 00:53:05 UTC 2026","passed","Fri Jul 10 00:53:05 UTC 2026","","eu.esdihumboldt.util.geometry.interpolation.grid.GridInterpolationTest","eu.esdihumboldt.util.geometry.interpolation.grid.GridInterpolationTest","testByPoints2AllGrid"
"","4519","testWriteRead","","Fri Jul 10 00:49:05 UTC 2026","passed","Fri Jul 10 00:49:10 UTC 2026","","eu.esdihumboldt.hale.io.jdbc.postgresql.test.OneDimensionalArraysIT","eu.esdihumboldt.hale.io.jdbc.postgresql.test.OneDimensionalArraysIT","testWriteRead"
"","3","testMixedProperty","","Fri Jul 10 00:50:01 UTC 2026","passed","Fri Jul 10 00:50:01 UTC 2026","","eu.esdihumboldt.hale.io.json.test.JsonSchemaReaderTest","eu.esdihumboldt.hale.io.json.test.JsonSchemaReaderTest","testMixedProperty"
"","3","testCircle2","","Fri Jul 10 00:53:05 UTC 2026","passed","Fri Jul 10 00:53:05 UTC 2026","","eu.esdihumboldt.util.geometry.interpolation.model.impl.ArcByCenterPointImplTest","eu.esdihumboldt.util.geometry.interpolation.model.impl.ArcByCenterPointImplTest","testCircle2"
"","0","testGeometry_2_MultiPolygon","","Fri Jul 10 00:46:54 UTC 2026","skipped","Fri Jul 10 00:46:54 UTC 2026","","eu.esdihumboldt.hale.io.gml.writer.internal.StreamGmlWriterTest","eu.esdihumboldt.hale.io.gml.writer.internal.StreamGmlWriterTest","testGeometry_2_MultiPolygon"
"","58","testBaseNameFromFile","","Fri Jul 10 00:50:50 UTC 2026","passed","Fri Jul 10 00:50:50 UTC 2026","","eu.esdihumboldt.hale.io.shp.ShapeInstanceReaderTest","eu.esdihumboldt.hale.io.shp.ShapeInstanceReaderTest","testBaseNameFromFile"
"","517","testInnerJoinConditions","","Fri Jul 10 00:43:00 UTC 2026","passed","Fri Jul 10 00:43:01 UTC 2026","","eu.esdihumboldt.cst.internal.ConceptualSchemaTransformerTest","eu.esdihumboldt.cst.internal.ConceptualSchemaTransformerTest","testInnerJoinConditions"
"","20","testReadPointGeoJson","","Fri Jul 10 00:50:01 UTC 2026","passed","Fri Jul 10 00:50:01 UTC 2026","","eu.esdihumboldt.hale.io.json.test.JsonToInstanceTest","eu.esdihumboldt.hale.io.json.test.JsonToInstanceTest","testReadPointGeoJson"
"","239","testWriteRead","","Fri Jul 10 00:42:08 UTC 2026","passed","Fri Jul 10 00:42:08 UTC 2026","","eu.esdihumboldt.hale.common.schema.persist.hsd.test.json.HaleSchemaWriterJsonTest","eu.esdihumboldt.hale.common.schema.persist.hsd.test.json.HaleSchemaWriterJsonTest","testWriteRead"
"","17","testGmlUnresolvableReferences","","Fri Jul 10 00:40:17 UTC 2026","passed","Fri Jul 10 00:40:17 UTC 2026","","eu.esdihumboldt.hale.common.instance.graph.test.ReferenceGraphTest","eu.esdihumboldt.hale.common.instance.graph.test.ReferenceGraphTest","testGmlUnresolvableReferences"
"","1","testStoreRestoreDefault","","Fri Jul 10 00:41:32 UTC 2026","passed","Fri Jul 10 00:41:32 UTC 2026","","eu.esdihumboldt.hale.common.schema.model.constraint.factory.DisplayNameFactoryTest","eu.esdihumboldt.hale.common.schema.model.constraint.factory.DisplayNameFactoryTest","testStoreRestoreDefault"
"","57","testSchema","","Fri Jul 10 00:40:36 UTC 2026","passed","Fri Jul 10 00:40:36 UTC 2026","","eu.esdihumboldt.hale.common.instance.groovy.InstanceFamilyAccessorTest","eu.esdihumboldt.hale.common.instance.groovy.InstanceFamilyAccessorTest","testSchema"
"","6","testAfter","","Fri Jul 10 00:39:42 UTC 2026","passed","Fri Jul 10 00:39:42 UTC 2026","","eu.esdihumboldt.hale.common.filter.ECQLFilterTest","eu.esdihumboldt.hale.common.filter.ECQLFilterTest","testAfter"
"","1","testIterateRest","","Fri Jul 10 00:39:57 UTC 2026","passed","Fri Jul 10 00:39:57 UTC 2026","","eu.esdihumboldt.hale.common.instance.tools.impl.SimplePartitionerTest","eu.esdihumboldt.hale.common.instance.tools.impl.SimplePartitionerTest","testIterateRest"
"","2","testMultipleProperties","","Fri Jul 10 00:50:01 UTC 2026","passed","Fri Jul 10 00:50:01 UTC 2026","","eu.esdihumboldt.hale.io.json.test.JsonSchemaReaderTest","eu.esdihumboldt.hale.io.json.test.JsonSchemaReaderTest","testMultipleProperties"
"","129","testArray","","Fri Jul 10 00:50:01 UTC 2026","passed","Fri Jul 10 00:50:01 UTC 2026","","eu.esdihumboldt.hale.io.json.test.JsonSchemaReaderTest","eu.esdihumboldt.hale.io.json.test.JsonSchemaReaderTest","testArray"
"","331","testWriteReadTypeSafeQName","","Fri Jul 10 00:53:23 UTC 2026","passed","Fri Jul 10 00:53:24 UTC 2026","","eu.esdihumboldt.util.groovy.xml.NSDOMBuilderTest","eu.esdihumboldt.util.groovy.xml.NSDOMBuilderTest","testWriteReadTypeSafeQName"
"","49","testReadXsdInstancesTypenameAmbiguousLocalName","","Fri Jul 10 00:51:02 UTC 2026","passed","Fri Jul 10 00:51:02 UTC 2026","","eu.esdihumboldt.hale.io.shp.ShapeInstanceReaderTest","eu.esdihumboldt.hale.io.shp.ShapeInstanceReaderTest","testReadXsdInstancesTypenameAmbiguousLocalName"
"","2","testCW3","","Fri Jul 10 00:53:05 UTC 2026","passed","Fri Jul 10 00:53:05 UTC 2026","","eu.esdihumboldt.util.geometry.interpolation.model.impl.ArcByCenterPointImplTest","eu.esdihumboldt.util.geometry.interpolation.model.impl.ArcByCenterPointImplTest","testCW3"
"","7","testSimpleSingleStrictFail","","Fri Jul 10 00:41:50 UTC 2026","passed","Fri Jul 10 00:41:50 UTC 2026","","eu.esdihumboldt.hale.common.schema.groovy.DefinitionAccessorTest","eu.esdihumboldt.hale.common.schema.groovy.DefinitionAccessorTest","testSimpleSingleStrictFail"
"","1","testInputLookupAndConsume","","Fri Jul 10 00:39:25 UTC 2026","passed","Fri Jul 10 00:39:25 UTC 2026","","eu.esdihumboldt.hale.common.core.io.supplier.LookupStreamResourceTest","eu.esdihumboldt.hale.common.core.io.supplier.LookupStreamResourceTest","testInputLookupAndConsume"
"","1005","testReadWithCommaDecimal","","Fri Jul 10 00:44:40 UTC 2026","passed","Fri Jul 10 00:44:41 UTC 2026","","eu.esdihumboldt.hale.io.csv.CSVInstanceReaderTest","eu.esdihumboldt.hale.io.csv.CSVInstanceReaderTest","testReadWithCommaDecimal"
"","4597","testArrayTypes","","Fri Jul 10 00:48:52 UTC 2026","passed","Fri Jul 10 00:48:56 UTC 2026","","eu.esdihumboldt.hale.io.jdbc.postgresql.test.MultiDimensionalArraysIT","eu.esdihumboldt.hale.io.jdbc.postgresql.test.MultiDimensionalArraysIT","testArrayTypes"
"","1","testDefault","","Fri Jul 10 00:41:32 UTC 2026","passed","Fri Jul 10 00:41:32 UTC 2026","","eu.esdihumboldt.hale.common.schema.model.constraint.factory.type.HasValueFlagFactoryTest","eu.esdihumboldt.hale.common.schema.model.constraint.factory.type.HasValueFlagFactoryTest","testDefault"
"","13","testClass","","Fri Jul 10 00:41:50 UTC 2026","passed","Fri Jul 10 00:41:50 UTC 2026","","eu.esdihumboldt.hale.common.schema.groovy.constraints.BindingFactoryTest","eu.esdihumboldt.hale.common.schema.groovy.constraints.BindingFactoryTest","testClass"
"","3","failTest2","","Fri Jul 10 00:44:42 UTC 2026","passed","Fri Jul 10 00:44:42 UTC 2026","","eu.esdihumboldt.hale.io.csv.CSVSchemaReaderTest","eu.esdihumboldt.hale.io.csv.CSVSchemaReaderTest","failTest2"
"","293","mergeJoinWithRetypeDef","","Fri Jul 10 00:38:41 UTC 2026","passed","Fri Jul 10 00:38:41 UTC 2026","","eu.esdihumboldt.hale.common.align.merge.test.impl.DefaultMergeCellMigratorTest","eu.esdihumboldt.hale.common.align.merge.test.impl.DefaultMergeCellMigratorTest","mergeJoinWithRetypeDef"
"","4529","testReproject","","Fri Jul 10 00:43:42 UTC 2026","passed","Fri Jul 10 00:43:47 UTC 2026","","eu.esdihumboldt.cst.functions.geometric.test.reprojectgeometry.ReprojectGeometryTest","eu.esdihumboldt.cst.functions.geometric.test.reprojectgeometry.ReprojectGeometryTest","testReproject"
"","103","testSimpleAttribute","","Fri Jul 10 00:43:01 UTC 2026","passed","Fri Jul 10 00:43:02 UTC 2026","","eu.esdihumboldt.cst.internal.ConceptualSchemaTransformerTest","eu.esdihumboldt.cst.internal.ConceptualSchemaTransformerTest","testSimpleAttribute"
"","0","testFormatter[1]","","Fri Jul 10 00:53:00 UTC 2026","passed","Fri Jul 10 00:53:00 UTC 2026","","eu.esdihumboldt.util.geometry.DecimalFormatUtilTest","eu.esdihumboldt.util.geometry.DecimalFormatUtilTest","testFormatter[1]"
"","4","testLikeNoSchema","","Fri Jul 10 00:39:42 UTC 2026","passed","Fri Jul 10 00:39:42 UTC 2026","","eu.esdihumboldt.hale.common.filter.ECQLFilterTest","eu.esdihumboldt.hale.common.filter.ECQLFilterTest","testLikeNoSchema"
"","186","testPersonWriteValidate","","Fri Jul 10 00:42:08 UTC 2026","passed","Fri Jul 10 00:42:08 UTC 2026","","eu.esdihumboldt.hale.common.schema.persist.hsd.test.json.HaleSchemaWriterJsonTest","eu.esdihumboldt.hale.common.schema.persist.hsd.test.json.HaleSchemaWriterJsonTest","testPersonWriteValidate"
"","15","testGeoJsonSimple_14","","Fri Jul 10 00:49:59 UTC 2026","passed","Fri Jul 10 00:49:59 UTC 2026","","eu.esdihumboldt.hale.io.json.test.InstanceToJsonTest","eu.esdihumboldt.hale.io.json.test.InstanceToJsonTest","testGeoJsonSimple_14"
"","200","testTypeFilter1","","Fri Jul 10 00:38:39 UTC 2026","passed","Fri Jul 10 00:38:39 UTC 2026","","eu.esdihumboldt.hale.common.align.merge.test.impl.DefaultMergeCellMigratorTest","eu.esdihumboldt.hale.common.align.merge.test.impl.DefaultMergeCellMigratorTest","testTypeFilter1"
"","4","testEqualitySimpleNoSchema","","Fri Jul 10 00:39:42 UTC 2026","passed","Fri Jul 10 00:39:42 UTC 2026","","eu.esdihumboldt.hale.common.filter.ECQLFilterTest","eu.esdihumboldt.hale.common.filter.ECQLFilterTest","testEqualitySimpleNoSchema"
"","1325","testReadXsdInstancesResultPrefix1","","Fri Jul 10 00:51:02 UTC 2026","passed","Fri Jul 10 00:51:03 UTC 2026","","eu.esdihumboldt.hale.io.shp.ShapeInstanceReaderTest","eu.esdihumboldt.hale.io.shp.ShapeInstanceReaderTest","testReadXsdInstancesResultPrefix1"
"","0","testMsAccessSchemaReaderForAccdbTest","","Fri Jul 10 00:47:54 UTC 2026","skipped","Fri Jul 10 00:47:54 UTC 2026","","eu.esdihumboldt.hale.io.jdbc.msaccess.reader.MsAccessSchemaReaderTest","eu.esdihumboldt.hale.io.jdbc.msaccess.reader.MsAccessSchemaReaderTest","testMsAccessSchemaReaderForAccdbTest"
"","0","testString","","Fri Jul 10 00:41:32 UTC 2026","passed","Fri Jul 10 00:41:32 UTC 2026","","eu.esdihumboldt.hale.common.schema.model.constraint.factory.type.BindingFactoryTest","eu.esdihumboldt.hale.common.schema.model.constraint.factory.type.BindingFactoryTest","testString"
"","105","testMergeWithoutAdditionalProp","","Fri Jul 10 00:43:01 UTC 2026","passed","Fri Jul 10 00:43:01 UTC 2026","","eu.esdihumboldt.cst.internal.ConceptualSchemaTransformerTest","eu.esdihumboldt.cst.internal.ConceptualSchemaTransformerTest","testMergeWithoutAdditionalProp"
"","5","testByPoints1","","Fri Jul 10 00:53:05 UTC 2026","passed","Fri Jul 10 00:53:05 UTC 2026","","eu.esdihumboldt.util.geometry.interpolation.grid.GridInterpolationTest","eu.esdihumboldt.util.geometry.interpolation.grid.GridInterpolationTest","testByPoints1"
"","0","testIterateLess","","Fri Jul 10 00:39:57 UTC 2026","passed","Fri Jul 10 00:39:57 UTC 2026","","eu.esdihumboldt.hale.common.instance.tools.impl.SimplePartitionerTest","eu.esdihumboldt.hale.common.instance.tools.impl.SimplePartitionerTest","testIterateLess"
"","3","testNamespaceIndexChildContext","","Fri Jul 10 00:38:14 UTC 2026","passed","Fri Jul 10 00:38:14 UTC 2026","","eu.esdihumboldt.hale.common.align.groovy.accessor.EntityAccessorTest","eu.esdihumboldt.hale.common.align.groovy.accessor.EntityAccessorTest","testNamespaceIndexChildContext"
"","14","testEnabled","","Fri Jul 10 00:41:32 UTC 2026","passed","Fri Jul 10 00:41:32 UTC 2026","","eu.esdihumboldt.hale.common.schema.model.constraint.factory.type.HasValueFlagFactoryTest","eu.esdihumboldt.hale.common.schema.model.constraint.factory.type.HasValueFlagFactoryTest","testEnabled"
"","2253","testReadMultiSheetTypeSettingsNamedNoGeneralSkip","","Fri Jul 10 00:52:07 UTC 2026","passed","Fri Jul 10 00:52:09 UTC 2026","","eu.esdihumboldt.hale.io.xls.test.reader.XLSReaderTest","eu.esdihumboldt.hale.io.xls.test.reader.XLSReaderTest","testReadMultiSheetTypeSettingsNamedNoGeneralSkip"
"","6","testPointGeometry","","Fri Jul 10 00:50:01 UTC 2026","passed","Fri Jul 10 00:50:01 UTC 2026","","eu.esdihumboldt.hale.io.json.test.JsonSchemaReaderTest","eu.esdihumboldt.hale.io.json.test.JsonSchemaReaderTest","testPointGeometry"
"","413","testGeometryPrimitive_32_MultiPolygon_WindingOrder","","Fri Jul 10 00:46:52 UTC 2026","passed","Fri Jul 10 00:46:52 UTC 2026","","eu.esdihumboldt.hale.io.gml.writer.internal.StreamGmlWriterTest","eu.esdihumboldt.hale.io.gml.writer.internal.StreamGmlWriterTest","testGeometryPrimitive_32_MultiPolygon_WindingOrder"
"","0","testNull","","Fri Jul 10 00:40:35 UTC 2026","passed","Fri Jul 10 00:40:35 UTC 2026","","eu.esdihumboldt.hale.common.instance.groovy.InstanceAccessorTest","eu.esdihumboldt.hale.common.instance.groovy.InstanceAccessorTest","testNull"
"","0","testCopyISOTC211","","Fri Jul 10 00:39:25 UTC 2026","skipped","Fri Jul 10 00:39:25 UTC 2026","","eu.esdihumboldt.hale.common.core.io.project.util.XMLPathUpdaterTest","eu.esdihumboldt.hale.common.core.io.project.util.XMLPathUpdaterTest","testCopyISOTC211"
"","1","testPrimitiveArray","","Fri Jul 10 00:41:32 UTC 2026","passed","Fri Jul 10 00:41:32 UTC 2026","","eu.esdihumboldt.hale.common.schema.model.constraint.factory.type.BindingFactoryTest","eu.esdihumboldt.hale.common.schema.model.constraint.factory.type.BindingFactoryTest","testPrimitiveArray"
"","397","testGeometryPrimitive_32_MultiLineString_Curve2","","Fri Jul 10 00:46:50 UTC 2026","passed","Fri Jul 10 00:46:50 UTC 2026","","eu.esdihumboldt.hale.io.gml.writer.internal.StreamGmlWriterTest","eu.esdihumboldt.hale.io.gml.writer.internal.StreamGmlWriterTest","testGeometryPrimitive_32_MultiLineString_Curve2"
"","1","testFormatter[4]","","Fri Jul 10 00:53:00 UTC 2026","passed","Fri Jul 10 00:53:00 UTC 2026","","eu.esdihumboldt.util.geometry.DecimalFormatUtilTest","eu.esdihumboldt.util.geometry.DecimalFormatUtilTest","testFormatter[4]"
"","15","testEnabled","","Fri Jul 10 00:41:32 UTC 2026","passed","Fri Jul 10 00:41:32 UTC 2026","","eu.esdihumboldt.hale.common.schema.model.constraint.factory.type.MappableFlagFactoryTest","eu.esdihumboldt.hale.common.schema.model.constraint.factory.type.MappableFlagFactoryTest","testEnabled"
"","141","testSplitMulti_Singles","","Fri Jul 10 00:43:40 UTC 2026","passed","Fri Jul 10 00:43:41 UTC 2026","","eu.esdihumboldt.cst.functions.geometric.test.GeometryHelperFunctionsTest","eu.esdihumboldt.cst.functions.geometric.test.GeometryHelperFunctionsTest","testSplitMulti_Singles"
"","101","testPropertyFilter","","Fri Jul 10 00:43:04 UTC 2026","passed","Fri Jul 10 00:43:04 UTC 2026","","eu.esdihumboldt.cst.internal.ConceptualSchemaTransformerTest","eu.esdihumboldt.cst.internal.ConceptualSchemaTransformerTest","testPropertyFilter"
"","32","notAllowedClassesDisallowed","","Fri Jul 10 00:53:41 UTC 2026","passed","Fri Jul 10 00:53:41 UTC 2026","","eu.esdihumboldt.util.groovy.sandbox.test.internal.GroovySandboxTest","eu.esdihumboldt.util.groovy.sandbox.test.internal.GroovySandboxTest","notAllowedClassesDisallowed"
"","3","testNullProperties","","Fri Jul 10 00:40:35 UTC 2026","passed","Fri Jul 10 00:40:35 UTC 2026","","eu.esdihumboldt.hale.common.instance.groovy.InstanceAccessorTest","eu.esdihumboldt.hale.common.instance.groovy.InstanceAccessorTest","testNullProperties"
"","621","testGeometryPrimitive_32_CompositeCurve_LineString","","Fri Jul 10 00:46:38 UTC 2026","passed","Fri Jul 10 00:46:38 UTC 2026","","eu.esdihumboldt.hale.io.gml.writer.internal.StreamGmlWriter2Test","eu.esdihumboldt.hale.io.gml.writer.internal.StreamGmlWriter2Test","testGeometryPrimitive_32_CompositeCurve_LineString"
"","4","testEnabled","","Fri Jul 10 00:41:32 UTC 2026","passed","Fri Jul 10 00:41:32 UTC 2026","","eu.esdihumboldt.hale.common.schema.model.constraint.factory.property.UniqueConstraintFactoryTest","eu.esdihumboldt.hale.common.schema.model.constraint.factory.property.UniqueConstraintFactoryTest","testEnabled"
"","10","testReadDefaultType","","Fri Jul 10 00:50:01 UTC 2026","passed","Fri Jul 10 00:50:01 UTC 2026","","eu.esdihumboldt.hale.io.json.test.JsonInstanceReaderTest","eu.esdihumboldt.hale.io.json.test.JsonInstanceReaderTest","testReadDefaultType"
"","35","testCallClosure","","Fri Jul 10 00:47:15 UTC 2026","passed","Fri Jul 10 00:47:15 UTC 2026","","eu.esdihumboldt.hale.io.groovy.snippets.GroovySnippetsTest","eu.esdihumboldt.hale.io.groovy.snippets.GroovySnippetsTest","testCallClosure"
"","5","testGeoCrosses","","Fri Jul 10 00:39:42 UTC 2026","passed","Fri Jul 10 00:39:42 UTC 2026","","eu.esdihumboldt.hale.common.filter.ECQLFilterTest","eu.esdihumboldt.hale.common.filter.ECQLFilterTest","testGeoCrosses"
"","0","testFileRelative2","","Fri Jul 10 00:52:30 UTC 2026","passed","Fri Jul 10 00:52:30 UTC 2026","","eu.esdihumboldt.hale.io.xsd.reader.HumboldtURIResolverTest","eu.esdihumboldt.hale.io.xsd.reader.HumboldtURIResolverTest","testFileRelative2"
"","621","testBadEnvelope","","Fri Jul 10 00:53:06 UTC 2026","passed","Fri Jul 10 00:53:07 UTC 2026","","eu.esdihumboldt.util.geometry.quadtree.QuadtreeTest","eu.esdihumboldt.util.geometry.quadtree.QuadtreeTest","testBadEnvelope"
"","125","testCMMulti1","","Fri Jul 10 00:43:02 UTC 2026","passed","Fri Jul 10 00:43:02 UTC 2026","","eu.esdihumboldt.cst.internal.ConceptualSchemaTransformerTest","eu.esdihumboldt.cst.internal.ConceptualSchemaTransformerTest","testCMMulti1"
"","89","testFormatstring","","Fri Jul 10 00:43:03 UTC 2026","passed","Fri Jul 10 00:43:03 UTC 2026","","eu.esdihumboldt.cst.internal.ConceptualSchemaTransformerTest","eu.esdihumboldt.cst.internal.ConceptualSchemaTransformerTest","testFormatstring"
"","120","testOverwriteFailsWhenFileCannotBeDeleted","","Fri Jul 10 00:45:29 UTC 2026","passed","Fri Jul 10 00:45:29 UTC 2026","","eu.esdihumboldt.hale.io.geopackage.GeopackageInstanceWriterTest","eu.esdihumboldt.hale.io.geopackage.GeopackageInstanceWriterTest","testOverwriteFailsWhenFileCannotBeDeleted"
"","4","testNullNotExistsSchema","","Fri Jul 10 00:39:42 UTC 2026","passed","Fri Jul 10 00:39:42 UTC 2026","","eu.esdihumboldt.hale.common.filter.ECQLFilterTest","eu.esdihumboldt.hale.common.filter.ECQLFilterTest","testNullNotExistsSchema"
"","233","testJoinCondition","","Fri Jul 10 00:38:44 UTC 2026","passed","Fri Jul 10 00:38:44 UTC 2026","","eu.esdihumboldt.hale.common.align.merge.test.impl.JoinFocusRetainConditionTest","eu.esdihumboldt.hale.common.align.merge.test.impl.JoinFocusRetainConditionTest","testJoinCondition"
"","25","testGmlNoId","","Fri Jul 10 00:40:17 UTC 2026","passed","Fri Jul 10 00:40:17 UTC 2026","","eu.esdihumboldt.hale.common.instance.graph.test.ReferenceGraphTest","eu.esdihumboldt.hale.common.instance.graph.test.ReferenceGraphTest","testGmlNoId"
"","0","testInstanceNoValueExistsSchema","","Fri Jul 10 00:39:42 UTC 2026","skipped","Fri Jul 10 00:39:42 UTC 2026","","eu.esdihumboldt.hale.common.filter.ECQLFilterTest","eu.esdihumboldt.hale.common.filter.ECQLFilterTest","testInstanceNoValueExistsSchema"
"","0","testQ1","","Fri Jul 10 00:53:05 UTC 2026","passed","Fri Jul 10 00:53:05 UTC 2026","","eu.esdihumboldt.util.geometry.interpolation.grid.GridUtilTest","eu.esdihumboldt.util.geometry.interpolation.grid.GridUtilTest","testQ1"
"","136","testIDSaveLoad","","Fri Jul 10 00:37:45 UTC 2026","passed","Fri Jul 10 00:37:45 UTC 2026","","eu.esdihumboldt.hale.common.align.io.CastorAlignmentIOTest","eu.esdihumboldt.hale.common.align.io.CastorAlignmentIOTest","testIDSaveLoad"
"","1904","testValid","","Fri Jul 10 00:50:13 UTC 2026","passed","Fri Jul 10 00:50:15 UTC 2026","","eu.esdihumboldt.hale.io.schematron.SchematronInstanceValidatorTest","eu.esdihumboldt.hale.io.schematron.SchematronInstanceValidatorTest","testValid"
"","0","testUnifyHoles","","Fri Jul 10 00:53:04 UTC 2026","passed","Fri Jul 10 00:53:04 UTC 2026","","eu.esdihumboldt.util.geometry.WindingOrderTest","eu.esdihumboldt.util.geometry.WindingOrderTest","testUnifyHoles"
"","15","testReadComplexNested","","Fri Jul 10 00:50:01 UTC 2026","passed","Fri Jul 10 00:50:01 UTC 2026","","eu.esdihumboldt.hale.io.json.test.JsonToInstanceTest","eu.esdihumboldt.hale.io.json.test.JsonToInstanceTest","testReadComplexNested"
"","6","testJsonBuilderPrettyPrint","","Fri Jul 10 00:53:23 UTC 2026","passed","Fri Jul 10 00:53:23 UTC 2026","","eu.esdihumboldt.util.groovy.json.JsonStreamBuilderTest","eu.esdihumboldt.util.groovy.json.JsonStreamBuilderTest","testJsonBuilderPrettyPrint"
"","10","testReadFeatureCollection","","Fri Jul 10 00:50:00 UTC 2026","passed","Fri Jul 10 00:50:00 UTC 2026","","eu.esdihumboldt.hale.io.json.test.JsonInstanceCollectionTest","eu.esdihumboldt.hale.io.json.test.JsonInstanceCollectionTest","testReadFeatureCollection"
"","30","testWriteReadDateTime","","Fri Jul 10 00:51:11 UTC 2026","passed","Fri Jul 10 00:51:11 UTC 2026","","eu.esdihumboldt.hale.io.shp.ShapefileInstanceWriterTest","eu.esdihumboldt.hale.io.shp.ShapefileInstanceWriterTest","testWriteReadDateTime"
"","29","testSinglePolyGeometry","","Fri Jul 10 00:51:11 UTC 2026","passed","Fri Jul 10 00:51:11 UTC 2026","","eu.esdihumboldt.hale.io.shp.ShapefileInstanceWriterTest","eu.esdihumboldt.hale.io.shp.ShapefileInstanceWriterTest","testSinglePolyGeometry"
"","4092","testLoadImgeo_Scheiding","","Fri Jul 10 00:45:38 UTC 2026","passed","Fri Jul 10 00:45:42 UTC 2026","","eu.esdihumboldt.hale.io.gml.reader.internal.GmlInstanceCollectionTest","eu.esdihumboldt.hale.io.gml.reader.internal.GmlInstanceCollectionTest","testLoadImgeo_Scheiding"
"","5","testEqualitySimpleNoSchema","","Fri Jul 10 00:39:42 UTC 2026","passed","Fri Jul 10 00:39:42 UTC 2026","","eu.esdihumboldt.hale.common.filter.CQLFilterTest","eu.esdihumboldt.hale.common.filter.CQLFilterTest","testEqualitySimpleNoSchema"
"","61","testReadMultiSheetTypeSettingsIndex","","Fri Jul 10 00:52:10 UTC 2026","passed","Fri Jul 10 00:52:10 UTC 2026","","eu.esdihumboldt.hale.io.xls.test.reader.XLSReaderTest","eu.esdihumboldt.hale.io.xls.test.reader.XLSReaderTest","testReadMultiSheetTypeSettingsIndex"
"","30","testArcStringAllGrid","","Fri Jul 10 00:53:04 UTC 2026","passed","Fri Jul 10 00:53:05 UTC 2026","","eu.esdihumboldt.util.geometry.interpolation.grid.GridInterpolationTest","eu.esdihumboldt.util.geometry.interpolation.grid.GridInterpolationTest","testArcStringAllGrid"
"","4","testElementHasListOfObjects2","","Fri Jul 10 00:53:23 UTC 2026","passed","Fri Jul 10 00:53:23 UTC 2026","","eu.esdihumboldt.util.groovy.json.JsonStreamBuilderTest","eu.esdihumboldt.util.groovy.json.JsonStreamBuilderTest","testElementHasListOfObjects2"
"","238","mergeJoinGroovyRetype","","Fri Jul 10 00:38:43 UTC 2026","passed","Fri Jul 10 00:38:43 UTC 2026","","eu.esdihumboldt.hale.common.align.merge.test.impl.GroovyRetypeMergeTest","eu.esdihumboldt.hale.common.align.merge.test.impl.GroovyRetypeMergeTest","mergeJoinGroovyRetype"
"","1","testMerge6","","Fri Jul 10 00:39:25 UTC 2026","passed","Fri Jul 10 00:39:25 UTC 2026","","eu.esdihumboldt.hale.common.core.report.util.StatsMergeTest","eu.esdihumboldt.hale.common.core.report.util.StatsMergeTest","testMerge6"
"","8","testInstanceNoValueNullSchema","","Fri Jul 10 00:39:41 UTC 2026","passed","Fri Jul 10 00:39:41 UTC 2026","","eu.esdihumboldt.hale.common.filter.CQLFilterTest","eu.esdihumboldt.hale.common.filter.CQLFilterTest","testInstanceNoValueNullSchema"
"","423","testReadXsdInstancesName","","Fri Jul 10 00:51:01 UTC 2026","passed","Fri Jul 10 00:51:02 UTC 2026","","eu.esdihumboldt.hale.io.shp.ShapeInstanceReaderTest","eu.esdihumboldt.hale.io.shp.ShapeInstanceReaderTest","testReadXsdInstancesName"
"","1","testSuccessSaveConfig","","Fri Jul 10 00:44:59 UTC 2026","skipped","Fri Jul 10 00:44:59 UTC 2026","","eu.esdihumboldt.hale.io.deegree.mapping.MappingWriterTest","eu.esdihumboldt.hale.io.deegree.mapping.MappingWriterTest","testSuccessSaveConfig"
"","1821","testMerge","","Fri Jul 10 00:42:49 UTC 2026","passed","Fri Jul 10 00:42:51 UTC 2026","","eu.esdihumboldt.cst.internal.ConceptualSchemaTransformerTest","eu.esdihumboldt.cst.internal.ConceptualSchemaTransformerTest","testMerge"
"","0","testInnerJoinNasIndexBased","","Fri Jul 10 00:42:52 UTC 2026","skipped","Fri Jul 10 00:42:52 UTC 2026","","eu.esdihumboldt.cst.internal.ConceptualSchemaTransformerTest","eu.esdihumboldt.cst.internal.ConceptualSchemaTransformerTest","testInnerJoinNasIndexBased"
"","121","testClassification1","","Fri Jul 10 00:43:02 UTC 2026","passed","Fri Jul 10 00:43:02 UTC 2026","","eu.esdihumboldt.cst.internal.ConceptualSchemaTransformerTest","eu.esdihumboldt.cst.internal.ConceptualSchemaTransformerTest","testClassification1"
"","340","testWfsPaginationCountWithFeaturesPerRequest","","Fri Jul 10 00:46:33 UTC 2026","passed","Fri Jul 10 00:46:33 UTC 2026","","eu.esdihumboldt.hale.io.gml.reader.internal.StreamGmlReaderTest","eu.esdihumboldt.hale.io.gml.reader.internal.StreamGmlReaderTest","testWfsPaginationCountWithFeaturesPerRequest"
"","6","testInstanceValueNullSchema","","Fri Jul 10 00:39:41 UTC 2026","passed","Fri Jul 10 00:39:41 UTC 2026","","eu.esdihumboldt.hale.common.filter.CQLFilterTest","eu.esdihumboldt.hale.common.filter.CQLFilterTest","testInstanceValueNullSchema"
"","3","testNested","","Fri Jul 10 00:44:03 UTC 2026","passed","Fri Jul 10 00:44:03 UTC 2026","","eu.esdihumboldt.cst.functions.groovy.helpers.util.CollectorTest","eu.esdihumboldt.cst.functions.groovy.helpers.util.CollectorTest","testNested"
"","9","testNestedArrayPrettyPrint","","Fri Jul 10 00:53:23 UTC 2026","passed","Fri Jul 10 00:53:23 UTC 2026","","eu.esdihumboldt.util.groovy.json.JsonStreamBuilderTest","eu.esdihumboldt.util.groovy.json.JsonStreamBuilderTest","testNestedArrayPrettyPrint"
"","1003","testInspireCodespaceNoAutoAdd","","Fri Jul 10 00:46:41 UTC 2026","passed","Fri Jul 10 00:46:42 UTC 2026","","eu.esdihumboldt.hale.io.gml.writer.internal.StreamGmlWriter2Test","eu.esdihumboldt.hale.io.gml.writer.internal.StreamGmlWriter2Test","testInspireCodespaceNoAutoAdd"
"","11622","gstringIntercepted","","Fri Jul 10 00:53:28 UTC 2026","passed","Fri Jul 10 00:53:39 UTC 2026","","eu.esdihumboldt.util.groovy.sandbox.test.internal.GroovySandboxTest","eu.esdihumboldt.util.groovy.sandbox.test.internal.GroovySandboxTest","gstringIntercepted"
"","260","closureStuffDisallowed","","Fri Jul 10 00:53:40 UTC 2026","passed","Fri Jul 10 00:53:41 UTC 2026","","eu.esdihumboldt.util.groovy.sandbox.test.internal.GroovySandboxTest","eu.esdihumboldt.util.groovy.sandbox.test.internal.GroovySandboxTest","closureStuffDisallowed"
"","55","testEqualitySimple","","Fri Jul 10 00:39:42 UTC 2026","passed","Fri Jul 10 00:39:42 UTC 2026","","eu.esdihumboldt.hale.common.filter.ECQLFilterTest","eu.esdihumboldt.hale.common.filter.ECQLFilterTest","testEqualitySimple"
"","173","migrateRenameFormattedString","","Fri Jul 10 00:38:43 UTC 2026","passed","Fri Jul 10 00:38:43 UTC 2026","","eu.esdihumboldt.hale.common.align.merge.test.impl.FormattedStringMergeTest","eu.esdihumboldt.hale.common.align.merge.test.impl.FormattedStringMergeTest","migrateRenameFormattedString"
"","0","testLoadShiporderCQL","","Fri Jul 10 00:39:45 UTC 2026","skipped","Fri Jul 10 00:39:45 UTC 2026","","eu.esdihumboldt.hale.common.filter.FilterTest","eu.esdihumboldt.hale.common.filter.FilterTest","testLoadShiporderCQL"
"","1652","testLoadFile","","Fri Jul 10 00:45:04 UTC 2026","passed","Fri Jul 10 00:45:06 UTC 2026","","eu.esdihumboldt.hale.io.geopackage.GeopackageApiTest","eu.esdihumboldt.hale.io.geopackage.GeopackageApiTest","testLoadFile"
"","5","testSimpleSingleLax","","Fri Jul 10 00:41:50 UTC 2026","passed","Fri Jul 10 00:41:50 UTC 2026","","eu.esdihumboldt.hale.common.schema.groovy.DefinitionAccessorTest","eu.esdihumboldt.hale.common.schema.groovy.DefinitionAccessorTest","testSimpleSingleLax"
"","40","testGeoCrosses","","Fri Jul 10 00:39:41 UTC 2026","passed","Fri Jul 10 00:39:42 UTC 2026","","eu.esdihumboldt.hale.common.filter.CQLFilterTest","eu.esdihumboldt.hale.common.filter.CQLFilterTest","testGeoCrosses"
"","17","testNumberList","","Fri Jul 10 00:39:41 UTC 2026","passed","Fri Jul 10 00:39:41 UTC 2026","","eu.esdihumboldt.hale.common.filter.CQLFilterTest","eu.esdihumboldt.hale.common.filter.CQLFilterTest","testNumberList"
"","407","testGeometryAggregate_32_LineString","","Fri Jul 10 00:46:51 UTC 2026","passed","Fri Jul 10 00:46:52 UTC 2026","","eu.esdihumboldt.hale.io.gml.writer.internal.StreamGmlWriterTest","eu.esdihumboldt.hale.io.gml.writer.internal.StreamGmlWriterTest","testGeometryAggregate_32_LineString"
"","574","testGeometryPrimitive_32_Polygon","","Fri Jul 10 00:46:49 UTC 2026","passed","Fri Jul 10 00:46:50 UTC 2026","","eu.esdihumboldt.hale.io.gml.writer.internal.StreamGmlWriterTest","eu.esdihumboldt.hale.io.gml.writer.internal.StreamGmlWriterTest","testGeometryPrimitive_32_Polygon"
"","28","testLoopArrayPrettyPrint","","Fri Jul 10 00:53:23 UTC 2026","passed","Fri Jul 10 00:53:23 UTC 2026","","eu.esdihumboldt.util.groovy.json.JsonStreamBuilderTest","eu.esdihumboldt.util.groovy.json.JsonStreamBuilderTest","testLoopArrayPrettyPrint"
"","0","testPropertyMerge","","Fri Jul 10 00:43:01 UTC 2026","skipped","Fri Jul 10 00:43:01 UTC 2026","","eu.esdihumboldt.cst.internal.ConceptualSchemaTransformerTest","eu.esdihumboldt.cst.internal.ConceptualSchemaTransformerTest","testPropertyMerge"
"","4222","testGroovyContextFilterExclusionForHydro","","Fri Jul 10 00:36:35 UTC 2026","passed","Fri Jul 10 00:36:39 UTC 2026","","eu.esdihumboldt.hale.app.transform.test.ExecuteTest","eu.esdihumboldt.hale.app.transform.test.ExecuteTest","testGroovyContextFilterExclusionForHydro"
"","6","testReadSameFileDiffSheet","","Fri Jul 10 00:52:10 UTC 2026","passed","Fri Jul 10 00:52:10 UTC 2026","","eu.esdihumboldt.hale.io.xls.test.reader.XLSReaderTest","eu.esdihumboldt.hale.io.xls.test.reader.XLSReaderTest","testReadSameFileDiffSheet"
"","1","testValueListValueListJsonGroovy","","Fri Jul 10 00:39:24 UTC 2026","passed","Fri Jul 10 00:39:24 UTC 2026","","eu.esdihumboldt.hale.common.core.io.impl.ValueListTypeTest","eu.esdihumboldt.hale.common.core.io.impl.ValueListTypeTest","testValueListValueListJsonGroovy"
"","0","testGeometryNormalOnCRS","","Fri Jul 10 00:53:04 UTC 2026","passed","Fri Jul 10 00:53:04 UTC 2026","","eu.esdihumboldt.util.geometry.WindingOrderTest","eu.esdihumboldt.util.geometry.WindingOrderTest","testGeometryNormalOnCRS"
"","1","testRead","","Fri Jul 10 00:44:42 UTC 2026","passed","Fri Jul 10 00:44:42 UTC 2026","","eu.esdihumboldt.hale.io.csv.CSVSchemaReaderTest","eu.esdihumboldt.hale.io.csv.CSVSchemaReaderTest","testRead"
"","339","basicClassesAllowed","","Fri Jul 10 00:53:41 UTC 2026","passed","Fri Jul 10 00:53:41 UTC 2026","","eu.esdihumboldt.util.groovy.sandbox.test.internal.GroovySandboxTest","eu.esdihumboldt.util.groovy.sandbox.test.internal.GroovySandboxTest","basicClassesAllowed"
"","154","testGeometryPrimitive_32_MultiLineString","","Fri Jul 10 00:46:54 UTC 2026","passed","Fri Jul 10 00:46:54 UTC 2026","","eu.esdihumboldt.hale.io.gml.writer.internal.StreamGmlWriterTest","eu.esdihumboldt.hale.io.gml.writer.internal.StreamGmlWriterTest","testGeometryPrimitive_32_MultiLineString"
"","19","testArcString","","Fri Jul 10 00:53:05 UTC 2026","passed","Fri Jul 10 00:53:05 UTC 2026","","eu.esdihumboldt.util.geometry.interpolation.split.SplitInterpolationTest","eu.esdihumboldt.util.geometry.interpolation.split.SplitInterpolationTest","testArcString"
"","841","testNotInspireCodespaceNotAdd","","Fri Jul 10 00:46:40 UTC 2026","passed","Fri Jul 10 00:46:41 UTC 2026","","eu.esdihumboldt.hale.io.gml.writer.internal.StreamGmlWriter2Test","eu.esdihumboldt.hale.io.gml.writer.internal.StreamGmlWriter2Test","testNotInspireCodespaceNotAdd"
"","0","testTimeEqualsList","","Fri Jul 10 00:39:42 UTC 2026","skipped","Fri Jul 10 00:39:42 UTC 2026","","eu.esdihumboldt.hale.common.filter.CQLFilterTest","eu.esdihumboldt.hale.common.filter.CQLFilterTest","testTimeEqualsList"
"","1748","testRequestCache","","Fri Jul 10 00:38:50 UTC 2026","passed","Fri Jul 10 00:38:52 UTC 2026","","eu.esdihumboldt.hale.common.cache.RequestTest","eu.esdihumboldt.hale.common.cache.RequestTest","testRequestCache"
"","7","testReadPoint","","Fri Jul 10 00:50:01 UTC 2026","passed","Fri Jul 10 00:50:01 UTC 2026","","eu.esdihumboldt.hale.io.json.test.JsonToInstanceTest","eu.esdihumboldt.hale.io.json.test.JsonToInstanceTest","testReadPoint"
"","586","testGmlIndependent","","Fri Jul 10 00:40:15 UTC 2026","passed","Fri Jul 10 00:40:16 UTC 2026","","eu.esdihumboldt.hale.common.instance.graph.test.ReferenceGraphTest","eu.esdihumboldt.hale.common.instance.graph.test.ReferenceGraphTest","testGmlIndependent"
"","0","testLimit","","Fri Jul 10 00:39:25 UTC 2026","passed","Fri Jul 10 00:39:25 UTC 2026","","eu.esdihumboldt.hale.common.core.io.supplier.LookupStreamResourceTest","eu.esdihumboldt.hale.common.core.io.supplier.LookupStreamResourceTest","testLimit"
"","25","testOffsetCircle","","Fri Jul 10 00:53:05 UTC 2026","passed","Fri Jul 10 00:53:05 UTC 2026","","eu.esdihumboldt.util.geometry.interpolation.split.SplitInterpolationTest","eu.esdihumboldt.util.geometry.interpolation.split.SplitInterpolationTest","testOffsetCircle"
"","1","testDisabled","","Fri Jul 10 00:41:32 UTC 2026","passed","Fri Jul 10 00:41:32 UTC 2026","","eu.esdihumboldt.hale.common.schema.model.constraint.factory.type.MappableFlagFactoryTest","eu.esdihumboldt.hale.common.schema.model.constraint.factory.type.MappableFlagFactoryTest","testDisabled"
"","1","testSimpleOverride","","Fri Jul 10 00:52:56 UTC 2026","passed","Fri Jul 10 00:52:56 UTC 2026","","eu.esdihumboldt.util.config.ConfigMergerTest","eu.esdihumboldt.util.config.ConfigMergerTest","testSimpleOverride"
"","8","testEqualityList","","Fri Jul 10 00:39:41 UTC 2026","passed","Fri Jul 10 00:39:41 UTC 2026","","eu.esdihumboldt.hale.common.filter.CQLFilterTest","eu.esdihumboldt.hale.common.filter.CQLFilterTest","testEqualityList"
"","17","testComplexInstancesCQL","","Fri Jul 10 00:39:45 UTC 2026","passed","Fri Jul 10 00:39:45 UTC 2026","","eu.esdihumboldt.hale.common.filter.FilterTest","eu.esdihumboldt.hale.common.filter.FilterTest","testComplexInstancesCQL"
"","327","testValueListValueListJson","","Fri Jul 10 00:39:24 UTC 2026","passed","Fri Jul 10 00:39:24 UTC 2026","","eu.esdihumboldt.hale.common.core.io.impl.ValueListTypeTest","eu.esdihumboldt.hale.common.core.io.impl.ValueListTypeTest","testValueListValueListJson"
"","2","testLargeArc","","Fri Jul 10 00:53:05 UTC 2026","passed","Fri Jul 10 00:53:05 UTC 2026","","eu.esdihumboldt.util.geometry.interpolation.model.impl.ArcByPointsImplTest","eu.esdihumboldt.util.geometry.interpolation.model.impl.ArcByPointsImplTest","testLargeArc"
"","2","eu.esdihumboldt.util.blueprints.entities.test.VertexEntityTransformationTest","","Fri Jul 10 00:52:40 UTC 2026","skipped","Fri Jul 10 00:52:40 UTC 2026","","eu.esdihumboldt.util.blueprints.entities.test.VertexEntityTransformationTest","eu.esdihumboldt.util.blueprints.entities.test.VertexEntityTransformationTest","eu.esdihumboldt.util.blueprints.entities.test.VertexEntityTransformationTest"
"","56","groovyStuffDisallowed","","Fri Jul 10 00:53:41 UTC 2026","passed","Fri Jul 10 00:53:41 UTC 2026","","eu.esdihumboldt.util.groovy.sandbox.test.internal.GroovySandboxTest","eu.esdihumboldt.util.groovy.sandbox.test.internal.GroovySandboxTest","groovyStuffDisallowed"
"","9158","testCellDisableSaveLoad","","Fri Jul 10 00:37:45 UTC 2026","passed","Fri Jul 10 00:37:54 UTC 2026","","eu.esdihumboldt.hale.common.align.io.JaxbAlignmentIOTest","eu.esdihumboldt.hale.common.align.io.JaxbAlignmentIOTest","testCellDisableSaveLoad"
"","2","testTrueFalse","","Fri Jul 10 00:41:50 UTC 2026","passed","Fri Jul 10 00:41:50 UTC 2026","","eu.esdihumboldt.hale.common.schema.groovy.constraints.ChoiceFactoryTest","eu.esdihumboldt.hale.common.schema.groovy.constraints.ChoiceFactoryTest","testTrueFalse"
"","0","testOrderClockwise","","Fri Jul 10 00:53:04 UTC 2026","passed","Fri Jul 10 00:53:04 UTC 2026","","eu.esdihumboldt.util.geometry.WindingOrderTest","eu.esdihumboldt.util.geometry.WindingOrderTest","testOrderClockwise"
"","10713","testLists","","Fri Jul 10 00:52:44 UTC 2026","passed","Fri Jul 10 00:52:55 UTC 2026","","eu.esdihumboldt.util.config.ConfigMergerTest","eu.esdihumboldt.util.config.ConfigMergerTest","testLists"
"","8074","testShapefileInstanceFromNginxUrl","","Fri Jul 10 00:50:53 UTC 2026","passed","Fri Jul 10 00:51:01 UTC 2026","","eu.esdihumboldt.hale.io.shp.ShapeInstanceReaderTest","eu.esdihumboldt.hale.io.shp.ShapeInstanceReaderTest","testShapefileInstanceFromNginxUrl"
"","23","testConsumeMap","","Fri Jul 10 00:44:02 UTC 2026","passed","Fri Jul 10 00:44:03 UTC 2026","","eu.esdihumboldt.cst.functions.groovy.helpers.util.CollectorTest","eu.esdihumboldt.cst.functions.groovy.helpers.util.CollectorTest","testConsumeMap"
"","7","testGeoContains","","Fri Jul 10 00:39:42 UTC 2026","passed","Fri Jul 10 00:39:42 UTC 2026","","eu.esdihumboldt.hale.common.filter.CQLFilterTest","eu.esdihumboldt.hale.common.filter.CQLFilterTest","testGeoContains"
"","56","testGmlReferencesMultiPart","","Fri Jul 10 00:40:17 UTC 2026","passed","Fri Jul 10 00:40:17 UTC 2026","","eu.esdihumboldt.hale.common.instance.graph.test.ReferenceGraphTest","eu.esdihumboldt.hale.common.instance.graph.test.ReferenceGraphTest","testGmlReferencesMultiPart"
"","0","testInstanceNoValueExistsSchema","","Fri Jul 10 00:39:41 UTC 2026","skipped","Fri Jul 10 00:39:41 UTC 2026","","eu.esdihumboldt.hale.common.filter.CQLFilterTest","eu.esdihumboldt.hale.common.filter.CQLFilterTest","testInstanceNoValueExistsSchema"
"","3512","testTypedFilterForHydro","","Fri Jul 10 00:37:09 UTC 2026","passed","Fri Jul 10 00:37:13 UTC 2026","","eu.esdihumboldt.hale.app.transform.test.ExecuteTest","eu.esdihumboldt.hale.app.transform.test.ExecuteTest","testTypedFilterForHydro"
"","136","testNativeQuery","","Fri Jul 10 00:53:48 UTC 2026","passed","Fri Jul 10 00:53:48 UTC 2026","","eu.esdihumboldt.util.orient.embedded.LocalDocumentTest","eu.esdihumboldt.util.orient.embedded.LocalDocumentTest","testNativeQuery"
"","14","testDoubleConsume","","Fri Jul 10 00:39:25 UTC 2026","passed","Fri Jul 10 00:39:25 UTC 2026","","eu.esdihumboldt.hale.common.core.io.supplier.LookupStreamResourceTest","eu.esdihumboldt.hale.common.core.io.supplier.LookupStreamResourceTest","testDoubleConsume"
"","1","testDisabled","","Fri Jul 10 00:41:32 UTC 2026","passed","Fri Jul 10 00:41:32 UTC 2026","","eu.esdihumboldt.hale.common.schema.model.constraint.factory.type.HasValueFlagFactoryTest","eu.esdihumboldt.hale.common.schema.model.constraint.factory.type.HasValueFlagFactoryTest","testDisabled"
"","0","testOrderCounterClockwise","","Fri Jul 10 00:53:04 UTC 2026","passed","Fri Jul 10 00:53:04 UTC 2026","","eu.esdihumboldt.util.geometry.WindingOrderTest","eu.esdihumboldt.util.geometry.WindingOrderTest","testOrderCounterClockwise"
"","192","testInnerJoin","","Fri Jul 10 00:42:53 UTC 2026","passed","Fri Jul 10 00:42:53 UTC 2026","","eu.esdihumboldt.cst.internal.ConceptualSchemaTransformerTest","eu.esdihumboldt.cst.internal.ConceptualSchemaTransformerTest","testInnerJoin"
"","127","testWriteFeatures","","Fri Jul 10 00:45:29 UTC 2026","passed","Fri Jul 10 00:45:29 UTC 2026","","eu.esdihumboldt.hale.io.geopackage.GeopackageInstanceWriterTest","eu.esdihumboldt.hale.io.geopackage.GeopackageInstanceWriterTest","testWriteFeatures"
"","0","testGeoIntersect","","Fri Jul 10 00:39:42 UTC 2026","skipped","Fri Jul 10 00:39:42 UTC 2026","","eu.esdihumboldt.hale.common.filter.ECQLFilterTest","eu.esdihumboldt.hale.common.filter.ECQLFilterTest","testGeoIntersect"
"","11","testNestedObjectsPrettyPrint","","Fri Jul 10 00:53:23 UTC 2026","passed","Fri Jul 10 00:53:23 UTC 2026","","eu.esdihumboldt.util.groovy.json.JsonStreamBuilderTest","eu.esdihumboldt.util.groovy.json.JsonStreamBuilderTest","testNestedObjectsPrettyPrint"
"","61","testIDSaveLoad","","Fri Jul 10 00:37:55 UTC 2026","passed","Fri Jul 10 00:37:55 UTC 2026","","eu.esdihumboldt.hale.common.align.io.JaxbAlignmentIOTest","eu.esdihumboldt.hale.common.align.io.JaxbAlignmentIOTest","testIDSaveLoad"
"","871","testWriteFeaturesTargetCRS","","Fri Jul 10 00:45:27 UTC 2026","passed","Fri Jul 10 00:45:28 UTC 2026","","eu.esdihumboldt.hale.io.geopackage.GeopackageInstanceWriterTest","eu.esdihumboldt.hale.io.geopackage.GeopackageInstanceWriterTest","testWriteFeaturesTargetCRS"
"","4","testElementHasListOfObjects","","Fri Jul 10 00:53:23 UTC 2026","passed","Fri Jul 10 00:53:23 UTC 2026","","eu.esdihumboldt.util.groovy.json.JsonStreamBuilderTest","eu.esdihumboldt.util.groovy.json.JsonStreamBuilderTest","testElementHasListOfObjects"
"","0","testLocales2","","Fri Jul 10 00:37:56 UTC 2026","skipped","Fri Jul 10 00:37:56 UTC 2026","","eu.esdihumboldt.hale.common.align.model.impl.mdexpl.MarkdownCellExplanationTest","eu.esdihumboldt.hale.common.align.model.impl.mdexpl.MarkdownCellExplanationTest","testLocales2"
"","8","testTrendsFromTwitter","","Fri Jul 10 00:53:23 UTC 2026","passed","Fri Jul 10 00:53:23 UTC 2026","","eu.esdihumboldt.util.groovy.json.JsonStreamBuilderTest","eu.esdihumboldt.util.groovy.json.JsonStreamBuilderTest","testTrendsFromTwitter"
"","17","testOffsetCircle","","Fri Jul 10 00:53:05 UTC 2026","passed","Fri Jul 10 00:53:05 UTC 2026","","eu.esdihumboldt.util.geometry.interpolation.grid.GridInterpolationTest","eu.esdihumboldt.util.geometry.interpolation.grid.GridInterpolationTest","testOffsetCircle"
"","142","testGroovyWarningMergeTarget","","Fri Jul 10 00:38:41 UTC 2026","passed","Fri Jul 10 00:38:42 UTC 2026","","eu.esdihumboldt.hale.common.align.merge.test.impl.DefaultMergeCellMigratorTest","eu.esdihumboldt.hale.common.align.merge.test.impl.DefaultMergeCellMigratorTest","testGroovyWarningMergeTarget"
"","0","testFileRelative1","","Fri Jul 10 00:52:30 UTC 2026","passed","Fri Jul 10 00:52:30 UTC 2026","","eu.esdihumboldt.hale.io.xsd.reader.HumboldtURIResolverTest","eu.esdihumboldt.hale.io.xsd.reader.HumboldtURIResolverTest","testFileRelative1"
"","211","testNgaSpatialIndexCreation","","Fri Jul 10 00:45:28 UTC 2026","passed","Fri Jul 10 00:45:28 UTC 2026","","eu.esdihumboldt.hale.io.geopackage.GeopackageInstanceWriterTest","eu.esdihumboldt.hale.io.geopackage.GeopackageInstanceWriterTest","testNgaSpatialIndexCreation"
"","6547","testNumbers","","Fri Jul 10 00:46:42 UTC 2026","passed","Fri Jul 10 00:46:49 UTC 2026","","eu.esdihumboldt.hale.io.gml.writer.internal.StreamGmlWriter2Test","eu.esdihumboldt.hale.io.gml.writer.internal.StreamGmlWriter2Test","testNumbers"
"","3","testCW1","","Fri Jul 10 00:53:05 UTC 2026","passed","Fri Jul 10 00:53:05 UTC 2026","","eu.esdihumboldt.util.geometry.interpolation.model.impl.ArcByCenterPointImplTest","eu.esdihumboldt.util.geometry.interpolation.model.impl.ArcByCenterPointImplTest","testCW1"
"","1","testOptional","","Fri Jul 10 00:41:32 UTC 2026","passed","Fri Jul 10 00:41:32 UTC 2026","","eu.esdihumboldt.hale.common.schema.model.constraint.factory.property.CardinalityFactoryTest","eu.esdihumboldt.hale.common.schema.model.constraint.factory.property.CardinalityFactoryTest","testOptional"
"","53","testReadMultiSheetTypeNames","","Fri Jul 10 00:52:10 UTC 2026","passed","Fri Jul 10 00:52:10 UTC 2026","","eu.esdihumboldt.hale.io.xls.test.reader.XLSReaderTest","eu.esdihumboldt.hale.io.xls.test.reader.XLSReaderTest","testReadMultiSheetTypeNames"
"","12","testSchemaLessSafeAPI","","Fri Jul 10 00:40:35 UTC 2026","passed","Fri Jul 10 00:40:35 UTC 2026","","eu.esdihumboldt.hale.common.instance.groovy.InstanceBuilderTest","eu.esdihumboldt.hale.common.instance.groovy.InstanceBuilderTest","testSchemaLessSafeAPI"
"","1","testGetVersion","","Fri Jul 10 00:39:12 UTC 2026","skipped","Fri Jul 10 00:39:12 UTC 2026","","eu.esdihumboldt.hale.common.core.HalePlatformTest","eu.esdihumboldt.hale.common.core.HalePlatformTest","testGetVersion"
"","3","testPath2","","Fri Jul 10 00:41:32 UTC 2026","passed","Fri Jul 10 00:41:32 UTC 2026","","eu.esdihumboldt.hale.common.schema.model.constraint.factory.type.PrimaryKeyFactoryTest","eu.esdihumboldt.hale.common.schema.model.constraint.factory.type.PrimaryKeyFactoryTest","testPath2"
"","157","testGroovyWarningCreateTarget","","Fri Jul 10 00:38:43 UTC 2026","passed","Fri Jul 10 00:38:43 UTC 2026","","eu.esdihumboldt.hale.common.align.merge.test.impl.DefaultMergeCellMigratorTest","eu.esdihumboldt.hale.common.align.merge.test.impl.DefaultMergeCellMigratorTest","testGroovyWarningCreateTarget"
"","2","testName","","Fri Jul 10 00:41:50 UTC 2026","passed","Fri Jul 10 00:41:50 UTC 2026","","eu.esdihumboldt.hale.common.schema.groovy.constraints.DisplayNameFactoryTest","eu.esdihumboldt.hale.common.schema.groovy.constraints.DisplayNameFactoryTest","testName"
"","64","testLikeSchema","","Fri Jul 10 00:39:41 UTC 2026","passed","Fri Jul 10 00:39:41 UTC 2026","","eu.esdihumboldt.hale.common.filter.CQLFilterTest","eu.esdihumboldt.hale.common.filter.CQLFilterTest","testLikeSchema"
"","0","testFormatter[3]","","Fri Jul 10 00:53:00 UTC 2026","passed","Fri Jul 10 00:53:00 UTC 2026","","eu.esdihumboldt.util.geometry.DecimalFormatUtilTest","eu.esdihumboldt.util.geometry.DecimalFormatUtilTest","testFormatter[3]"
"","17","testExampleFromTheGep7Page","","Fri Jul 10 00:53:23 UTC 2026","passed","Fri Jul 10 00:53:23 UTC 2026","","eu.esdihumboldt.util.groovy.json.JsonStreamBuilderTest","eu.esdihumboldt.util.groovy.json.JsonStreamBuilderTest","testExampleFromTheGep7Page"
"","29","testRead_definitive_groups","","Fri Jul 10 00:52:32 UTC 2026","passed","Fri Jul 10 00:52:32 UTC 2026","","eu.esdihumboldt.hale.io.xsd.reader.XmlSchemaReaderTest","eu.esdihumboldt.hale.io.xsd.reader.XmlSchemaReaderTest","testRead_definitive_groups"
"","3","testEmptyObject","","Fri Jul 10 00:53:23 UTC 2026","passed","Fri Jul 10 00:53:23 UTC 2026","","eu.esdihumboldt.util.groovy.json.JsonStreamBuilderTest","eu.esdihumboldt.util.groovy.json.JsonStreamBuilderTest","testEmptyObject"
"","6","testNullNotExistsNoSchema","","Fri Jul 10 00:39:41 UTC 2026","passed","Fri Jul 10 00:39:41 UTC 2026","","eu.esdihumboldt.hale.common.filter.CQLFilterTest","eu.esdihumboldt.hale.common.filter.CQLFilterTest","testNullNotExistsNoSchema"
"","3440","testArgsFileForHydro","","Fri Jul 10 00:37:25 UTC 2026","passed","Fri Jul 10 00:37:28 UTC 2026","","eu.esdihumboldt.hale.app.transform.test.ExecuteTest","eu.esdihumboldt.hale.app.transform.test.ExecuteTest","testArgsFileForHydro"
"","123","testRetypeConditionRenameTypeInherited","","Fri Jul 10 00:38:46 UTC 2026","passed","Fri Jul 10 00:38:46 UTC 2026","","eu.esdihumboldt.hale.common.align.merge.test.impl.JoinRetainConditionsTest","eu.esdihumboldt.hale.common.align.merge.test.impl.JoinRetainConditionsTest","testRetypeConditionRenameTypeInherited"
"","4","testStringProperty","","Fri Jul 10 00:50:01 UTC 2026","passed","Fri Jul 10 00:50:01 UTC 2026","","eu.esdihumboldt.hale.io.json.test.JsonSchemaReaderTest","eu.esdihumboldt.hale.io.json.test.JsonSchemaReaderTest","testStringProperty"
"","7","testByPoints2","","Fri Jul 10 00:53:05 UTC 2026","passed","Fri Jul 10 00:53:05 UTC 2026","","eu.esdihumboldt.util.geometry.interpolation.split.SplitInterpolationTest","eu.esdihumboldt.util.geometry.interpolation.split.SplitInterpolationTest","testByPoints2"
"","164","testMethodCallWithNamedArguments","","Fri Jul 10 00:53:23 UTC 2026","passed","Fri Jul 10 00:53:23 UTC 2026","","eu.esdihumboldt.util.groovy.json.JsonStreamBuilderTest","eu.esdihumboldt.util.groovy.json.JsonStreamBuilderTest","testMethodCallWithNamedArguments"
"","33","testRead_definitive_sequencegroup","","Fri Jul 10 00:52:32 UTC 2026","passed","Fri Jul 10 00:52:32 UTC 2026","","eu.esdihumboldt.hale.io.xsd.reader.XmlSchemaReaderTest","eu.esdihumboldt.hale.io.xsd.reader.XmlSchemaReaderTest","testRead_definitive_sequencegroup"
"","8616","testConvert","","Fri Jul 10 00:38:59 UTC 2026","passed","Fri Jul 10 00:39:08 UTC 2026","","eu.esdihumboldt.hale.common.config.ConfigValueTest","eu.esdihumboldt.hale.common.config.ConfigValueTest","testConvert"
"","0","testSimpleContentAttribute","","Fri Jul 10 00:43:01 UTC 2026","skipped","Fri Jul 10 00:43:01 UTC 2026","","eu.esdihumboldt.cst.internal.ConceptualSchemaTransformerTest","eu.esdihumboldt.cst.internal.ConceptualSchemaTransformerTest","testSimpleContentAttribute"
"","5","testTimeEquals","","Fri Jul 10 00:39:42 UTC 2026","passed","Fri Jul 10 00:39:42 UTC 2026","","eu.esdihumboldt.hale.common.filter.ECQLFilterTest","eu.esdihumboldt.hale.common.filter.ECQLFilterTest","testTimeEquals"
"","4750","checkComplexOrder","","Fri Jul 10 00:48:43 UTC 2026","passed","Fri Jul 10 00:48:47 UTC 2026","","eu.esdihumboldt.hale.io.jdbc.postgresql.test.CheckComplexTypeOrderIT","eu.esdihumboldt.hale.io.jdbc.postgresql.test.CheckComplexTypeOrderIT","checkComplexOrder"
"","46","testLoadShiporder","","Fri Jul 10 00:45:42 UTC 2026","passed","Fri Jul 10 00:45:42 UTC 2026","","eu.esdihumboldt.hale.io.gml.reader.internal.GmlInstanceCollectionTest","eu.esdihumboldt.hale.io.gml.reader.internal.GmlInstanceCollectionTest","testLoadShiporder"
"","28","testReuse","","Fri Jul 10 00:39:13 UTC 2026","passed","Fri Jul 10 00:39:13 UTC 2026","","eu.esdihumboldt.hale.common.core.io.PathUpdateTest","eu.esdihumboldt.hale.common.core.io.PathUpdateTest","testReuse"
"","2507","testFromCode","","Fri Jul 10 00:43:38 UTC 2026","passed","Fri Jul 10 00:43:40 UTC 2026","","eu.esdihumboldt.cst.functions.geometric.test.CRSHelperFunctionsTest","eu.esdihumboldt.cst.functions.geometric.test.CRSHelperFunctionsTest","testFromCode"
"","249","testJoinMultiCond_1","","Fri Jul 10 00:43:05 UTC 2026","passed","Fri Jul 10 00:43:05 UTC 2026","","eu.esdihumboldt.cst.internal.ConceptualSchemaTransformerTest","eu.esdihumboldt.cst.internal.ConceptualSchemaTransformerTest","testJoinMultiCond_1"
"","4315","testStatistics","","Fri Jul 10 00:36:44 UTC 2026","passed","Fri Jul 10 00:36:49 UTC 2026","","eu.esdihumboldt.hale.app.transform.test.ExecuteTest","eu.esdihumboldt.hale.app.transform.test.ExecuteTest","testStatistics"
"","89","testWriteFeaturesPrimaryKey","","Fri Jul 10 00:45:29 UTC 2026","passed","Fri Jul 10 00:45:29 UTC 2026","","eu.esdihumboldt.hale.io.geopackage.GeopackageInstanceWriterTest","eu.esdihumboldt.hale.io.geopackage.GeopackageInstanceWriterTest","testWriteFeaturesPrimaryKey"
"","6","testReadBlankCells","","Fri Jul 10 00:52:10 UTC 2026","passed","Fri Jul 10 00:52:10 UTC 2026","","eu.esdihumboldt.hale.io.xls.test.reader.XLSReaderTest","eu.esdihumboldt.hale.io.xls.test.reader.XLSReaderTest","testReadBlankCells"
"","306","testWfsPaginationBasinFeatures","","Fri Jul 10 00:46:31 UTC 2026","passed","Fri Jul 10 00:46:31 UTC 2026","","eu.esdihumboldt.hale.io.gml.reader.internal.StreamGmlReaderTest","eu.esdihumboldt.hale.io.gml.reader.internal.StreamGmlReaderTest","testWfsPaginationBasinFeatures"
"","10081","testEqualitySimple","","Fri Jul 10 00:39:30 UTC 2026","passed","Fri Jul 10 00:39:40 UTC 2026","","eu.esdihumboldt.hale.common.filter.CQLFilterTest","eu.esdihumboldt.hale.common.filter.CQLFilterTest","testEqualitySimple"
"","157","testPreparedQuery","","Fri Jul 10 00:53:48 UTC 2026","passed","Fri Jul 10 00:53:48 UTC 2026","","eu.esdihumboldt.util.orient.embedded.LocalDocumentTest","eu.esdihumboldt.util.orient.embedded.LocalDocumentTest","testPreparedQuery"
"","8","testNamespace","","Fri Jul 10 00:41:50 UTC 2026","passed","Fri Jul 10 00:41:50 UTC 2026","","eu.esdihumboldt.hale.common.schema.groovy.DefinitionAccessorTest","eu.esdihumboldt.hale.common.schema.groovy.DefinitionAccessorTest","testNamespace"
"","13","testReadNestedGeometry","","Fri Jul 10 00:50:01 UTC 2026","passed","Fri Jul 10 00:50:01 UTC 2026","","eu.esdihumboldt.hale.io.json.test.JsonToInstanceTest","eu.esdihumboldt.hale.io.json.test.JsonToInstanceTest","testReadNestedGeometry"
"","1","testDefault","","Fri Jul 10 00:41:32 UTC 2026","passed","Fri Jul 10 00:41:32 UTC 2026","","eu.esdihumboldt.hale.common.schema.model.constraint.factory.property.UniqueConstraintFactoryTest","eu.esdihumboldt.hale.common.schema.model.constraint.factory.property.UniqueConstraintFactoryTest","testDefault"
"","11684","testNestingAll","","Fri Jul 10 00:41:37 UTC 2026","passed","Fri Jul 10 00:41:49 UTC 2026","","eu.esdihumboldt.hale.common.schema.groovy.DefinitionAccessorTest","eu.esdihumboldt.hale.common.schema.groovy.DefinitionAccessorTest","testNestingAll"
"","1","testDisabled","","Fri Jul 10 00:41:32 UTC 2026","passed","Fri Jul 10 00:41:32 UTC 2026","","eu.esdihumboldt.hale.common.schema.model.constraint.factory.type.AbstractFlagFactoryTest","eu.esdihumboldt.hale.common.schema.model.constraint.factory.type.AbstractFlagFactoryTest","testDisabled"
"","240","testGroovyRetypeCondition","","Fri Jul 10 00:38:44 UTC 2026","passed","Fri Jul 10 00:38:44 UTC 2026","","eu.esdihumboldt.hale.common.align.merge.test.impl.JoinFocusRetainConditionTest","eu.esdihumboldt.hale.common.align.merge.test.impl.JoinFocusRetainConditionTest","testGroovyRetypeCondition"
"","3","testExportNullTargetValue","","Fri Jul 10 00:44:55 UTC 2026","passed","Fri Jul 10 00:44:55 UTC 2026","","eu.esdihumboldt.hale.io.csv.writer.CSVLookupWriterTest","eu.esdihumboldt.hale.io.csv.writer.CSVLookupWriterTest","testExportNullTargetValue"
"","296","testWfsNonPaginated","","Fri Jul 10 00:46:35 UTC 2026","passed","Fri Jul 10 00:46:35 UTC 2026","","eu.esdihumboldt.hale.io.gml.reader.internal.StreamGmlReaderTest","eu.esdihumboldt.hale.io.gml.reader.internal.StreamGmlReaderTest","testWfsNonPaginated"
"","6","testInstanceNoValueNullNoSchema","","Fri Jul 10 00:39:41 UTC 2026","passed","Fri Jul 10 00:39:41 UTC 2026","","eu.esdihumboldt.hale.common.filter.CQLFilterTest","eu.esdihumboldt.hale.common.filter.CQLFilterTest","testInstanceNoValueNullNoSchema"
"","6","testLoopArrayTypeSafe","","Fri Jul 10 00:53:23 UTC 2026","passed","Fri Jul 10 00:53:23 UTC 2026","","eu.esdihumboldt.util.groovy.json.JsonStreamBuilderTest","eu.esdihumboldt.util.groovy.json.JsonStreamBuilderTest","testLoopArrayTypeSafe"
"","1","testQ3","","Fri Jul 10 00:53:05 UTC 2026","passed","Fri Jul 10 00:53:05 UTC 2026","","eu.esdihumboldt.util.geometry.interpolation.grid.GridUtilTest","eu.esdihumboldt.util.geometry.interpolation.grid.GridUtilTest","testQ3"
"","6","testLoopArray","","Fri Jul 10 00:53:23 UTC 2026","passed","Fri Jul 10 00:53:23 UTC 2026","","eu.esdihumboldt.util.groovy.json.JsonStreamBuilderTest","eu.esdihumboldt.util.groovy.json.JsonStreamBuilderTest","testLoopArray"
"","6","testNumberBetween","","Fri Jul 10 00:39:42 UTC 2026","passed","Fri Jul 10 00:39:42 UTC 2026","","eu.esdihumboldt.hale.common.filter.CQLFilterTest","eu.esdihumboldt.hale.common.filter.CQLFilterTest","testNumberBetween"
"","1","testSplitMulti_Mixed","","Fri Jul 10 00:43:41 UTC 2026","passed","Fri Jul 10 00:43:41 UTC 2026","","eu.esdihumboldt.cst.functions.geometric.test.GeometryHelperFunctionsTest","eu.esdihumboldt.cst.functions.geometric.test.GeometryHelperFunctionsTest","testSplitMulti_Mixed"
"","1","testRead3","","Fri Jul 10 00:44:42 UTC 2026","passed","Fri Jul 10 00:44:42 UTC 2026","","eu.esdihumboldt.hale.io.csv.CSVSchemaReaderTest","eu.esdihumboldt.hale.io.csv.CSVSchemaReaderTest","testRead3"
"","85","testSimpleAssign","","Fri Jul 10 00:43:03 UTC 2026","passed","Fri Jul 10 00:43:03 UTC 2026","","eu.esdihumboldt.cst.internal.ConceptualSchemaTransformerTest","eu.esdihumboldt.cst.internal.ConceptualSchemaTransformerTest","testSimpleAssign"
"","374","testGeometryAggregate_32_MultiPoint","","Fri Jul 10 00:46:55 UTC 2026","passed","Fri Jul 10 00:46:55 UTC 2026","","eu.esdihumboldt.hale.io.gml.writer.internal.StreamGmlWriterTest","eu.esdihumboldt.hale.io.gml.writer.internal.StreamGmlWriterTest","testGeometryAggregate_32_MultiPoint"
"","325","testReadXsdInstancesTypenameWithoutNamespace","","Fri Jul 10 00:51:06 UTC 2026","passed","Fri Jul 10 00:51:06 UTC 2026","","eu.esdihumboldt.hale.io.shp.ShapeInstanceReaderTest","eu.esdihumboldt.hale.io.shp.ShapeInstanceReaderTest","testReadXsdInstancesTypenameWithoutNamespace"
"","3","testNullNoSchema","","Fri Jul 10 00:39:42 UTC 2026","passed","Fri Jul 10 00:39:42 UTC 2026","","eu.esdihumboldt.hale.common.filter.ECQLFilterTest","eu.esdihumboldt.hale.common.filter.ECQLFilterTest","testNullNoSchema"
"","123","testSchemaCollection","","Fri Jul 10 00:40:35 UTC 2026","passed","Fri Jul 10 00:40:36 UTC 2026","","eu.esdihumboldt.hale.common.instance.groovy.InstanceBuilderTest","eu.esdihumboldt.hale.common.instance.groovy.InstanceBuilderTest","testSchemaCollection"
"","11","testWriteReadTypeSafe","","Fri Jul 10 00:53:24 UTC 2026","passed","Fri Jul 10 00:53:24 UTC 2026","","eu.esdihumboldt.util.groovy.xml.NSDOMBuilderTest","eu.esdihumboldt.util.groovy.xml.NSDOMBuilderTest","testWriteReadTypeSafe"
"","15082","testFormattingStringInstance","","Fri Jul 10 00:42:34 UTC 2026","passed","Fri Jul 10 00:42:49 UTC 2026","","eu.esdihumboldt.cst.internal.ConceptualSchemaTransformerTest","eu.esdihumboldt.cst.internal.ConceptualSchemaTransformerTest","testFormattingStringInstance"
"","1","testMulti1","","Fri Jul 10 00:43:41 UTC 2026","passed","Fri Jul 10 00:43:41 UTC 2026","","eu.esdihumboldt.cst.functions.geometric.test.InteriorPointTest","eu.esdihumboldt.cst.functions.geometric.test.InteriorPointTest","testMulti1"
"","1276","testShapefileInstanceFromNginxUrlWithoutFixFile","","Fri Jul 10 00:51:03 UTC 2026","passed","Fri Jul 10 00:51:05 UTC 2026","","eu.esdihumboldt.hale.io.shp.ShapeInstanceReaderTest","eu.esdihumboldt.hale.io.shp.ShapeInstanceReaderTest","testShapefileInstanceFromNginxUrlWithoutFixFile"
"","10","testValuesAllowOthers","","Fri Jul 10 00:41:32 UTC 2026","passed","Fri Jul 10 00:41:32 UTC 2026","","eu.esdihumboldt.hale.common.schema.model.constraint.factory.type.EnumerationFactoryTest","eu.esdihumboldt.hale.common.schema.model.constraint.factory.type.EnumerationFactoryTest","testValuesAllowOthers"
"","1","testHalfmoonThin","","Fri Jul 10 00:43:41 UTC 2026","passed","Fri Jul 10 00:43:41 UTC 2026","","eu.esdihumboldt.cst.functions.geometric.test.InteriorPointTest","eu.esdihumboldt.cst.functions.geometric.test.InteriorPointTest","testHalfmoonThin"
"","35","testGeom","","Fri Jul 10 00:41:32 UTC 2026","passed","Fri Jul 10 00:41:32 UTC 2026","","eu.esdihumboldt.hale.common.schema.model.constraint.factory.type.GeometryTypeFactoryTest","eu.esdihumboldt.hale.common.schema.model.constraint.factory.type.GeometryTypeFactoryTest","testGeom"
"","0","testPropertiesUnMix","","Fri Jul 10 00:42:49 UTC 2026","skipped","Fri Jul 10 00:42:49 UTC 2026","","eu.esdihumboldt.cst.internal.ConceptualSchemaTransformerTest","eu.esdihumboldt.cst.internal.ConceptualSchemaTransformerTest","testPropertiesUnMix"
"","150","testFilterSame2","","Fri Jul 10 00:38:38 UTC 2026","passed","Fri Jul 10 00:38:38 UTC 2026","","eu.esdihumboldt.hale.common.align.merge.test.impl.DefaultMergeCellMigratorTest","eu.esdihumboldt.hale.common.align.merge.test.impl.DefaultMergeCellMigratorTest","testFilterSame2"
"","389","testInspireReferenceAppInfo","","Fri Jul 10 00:52:32 UTC 2026","passed","Fri Jul 10 00:52:32 UTC 2026","","eu.esdihumboldt.hale.io.xsd.reader.XmlSchemaReaderMoreTest","eu.esdihumboldt.hale.io.xsd.reader.XmlSchemaReaderMoreTest","testInspireReferenceAppInfo"
"","73","testGeoBbox","","Fri Jul 10 00:39:41 UTC 2026","passed","Fri Jul 10 00:39:41 UTC 2026","","eu.esdihumboldt.hale.common.filter.CQLFilterTest","eu.esdihumboldt.hale.common.filter.CQLFilterTest","testGeoBbox"
"","105","testWriteReadDateTime","","Fri Jul 10 00:45:28 UTC 2026","passed","Fri Jul 10 00:45:29 UTC 2026","","eu.esdihumboldt.hale.io.geopackage.GeopackageInstanceWriterTest","eu.esdihumboldt.hale.io.geopackage.GeopackageInstanceWriterTest","testWriteReadDateTime"
"","3","testReadSimpleWithDate","","Fri Jul 10 00:44:41 UTC 2026","passed","Fri Jul 10 00:44:42 UTC 2026","","eu.esdihumboldt.hale.io.csv.CSVInstanceReaderTest","eu.esdihumboldt.hale.io.csv.CSVInstanceReaderTest","testReadSimpleWithDate"
"","2768","testReadInstances","","Fri Jul 10 00:45:24 UTC 2026","passed","Fri Jul 10 00:45:26 UTC 2026","","eu.esdihumboldt.hale.io.geopackage.GeopackageInstanceReaderTest","eu.esdihumboldt.hale.io.geopackage.GeopackageInstanceReaderTest","testReadInstances"
"","1","testHttpAbsoluteOtherFile","","Fri Jul 10 00:52:30 UTC 2026","passed","Fri Jul 10 00:52:30 UTC 2026","","eu.esdihumboldt.hale.io.xsd.reader.HumboldtURIResolverTest","eu.esdihumboldt.hale.io.xsd.reader.HumboldtURIResolverTest","testHttpAbsoluteOtherFile"
"","4510","testArrayTypes","","Fri Jul 10 00:49:01 UTC 2026","passed","Fri Jul 10 00:49:05 UTC 2026","","eu.esdihumboldt.hale.io.jdbc.postgresql.test.OneDimensionalArraysIT","eu.esdihumboldt.hale.io.jdbc.postgresql.test.OneDimensionalArraysIT","testArrayTypes"
"","44","testReadDouble","","Fri Jul 10 00:50:01 UTC 2026","passed","Fri Jul 10 00:50:01 UTC 2026","","eu.esdihumboldt.hale.io.json.test.JsonToInstanceTest","eu.esdihumboldt.hale.io.json.test.JsonToInstanceTest","testReadDouble"
"","63","testOffsetBig","","Fri Jul 10 00:53:05 UTC 2026","passed","Fri Jul 10 00:53:05 UTC 2026","","eu.esdihumboldt.util.geometry.interpolation.split.SplitInterpolationTest","eu.esdihumboldt.util.geometry.interpolation.split.SplitInterpolationTest","testOffsetBig"
"","10","testNumber","","Fri Jul 10 00:39:42 UTC 2026","passed","Fri Jul 10 00:39:42 UTC 2026","","eu.esdihumboldt.hale.common.filter.CQLFilterTest","eu.esdihumboldt.hale.common.filter.CQLFilterTest","testNumber"
"","114","testMathExpression","","Fri Jul 10 00:43:04 UTC 2026","passed","Fri Jul 10 00:43:04 UTC 2026","","eu.esdihumboldt.cst.internal.ConceptualSchemaTransformerTest","eu.esdihumboldt.cst.internal.ConceptualSchemaTransformerTest","testMathExpression"
"","42","testLoadAllGroup","","Fri Jul 10 00:45:42 UTC 2026","passed","Fri Jul 10 00:45:42 UTC 2026","","eu.esdihumboldt.hale.io.gml.reader.internal.GmlInstanceCollectionTest","eu.esdihumboldt.hale.io.gml.reader.internal.GmlInstanceCollectionTest","testLoadAllGroup"
"","75","testNativeQuery","","Fri Jul 10 00:53:49 UTC 2026","passed","Fri Jul 10 00:53:49 UTC 2026","","eu.esdihumboldt.util.orient.embedded.MemoryDocumentTest","eu.esdihumboldt.util.orient.embedded.MemoryDocumentTest","testNativeQuery"
"","14","testEachCollector","","Fri Jul 10 00:44:03 UTC 2026","passed","Fri Jul 10 00:44:03 UTC 2026","","eu.esdihumboldt.cst.functions.groovy.helpers.util.CollectorTest","eu.esdihumboldt.cst.functions.groovy.helpers.util.CollectorTest","testEachCollector"
"","25","testRead_shiporder_one","","Fri Jul 10 00:52:33 UTC 2026","passed","Fri Jul 10 00:52:33 UTC 2026","","eu.esdihumboldt.hale.io.xsd.reader.XmlSchemaReaderTest","eu.esdihumboldt.hale.io.xsd.reader.XmlSchemaReaderTest","testRead_shiporder_one"
"","2","testStraight","","Fri Jul 10 00:53:05 UTC 2026","passed","Fri Jul 10 00:53:05 UTC 2026","","eu.esdihumboldt.util.geometry.interpolation.model.impl.ArcByPointsImplTest","eu.esdihumboldt.util.geometry.interpolation.model.impl.ArcByPointsImplTest","testStraight"
"","195","testRetypeCondition","","Fri Jul 10 00:38:45 UTC 2026","passed","Fri Jul 10 00:38:45 UTC 2026","","eu.esdihumboldt.hale.common.align.merge.test.impl.JoinRetainConditionsTest","eu.esdihumboldt.hale.common.align.merge.test.impl.JoinRetainConditionsTest","testRetypeCondition"
"","2","testNumberProperty","","Fri Jul 10 00:50:01 UTC 2026","passed","Fri Jul 10 00:50:01 UTC 2026","","eu.esdihumboldt.hale.io.json.test.JsonSchemaReaderTest","eu.esdihumboldt.hale.io.json.test.JsonSchemaReaderTest","testNumberProperty"
"","3705","testGroovyFilterForHydro","","Fri Jul 10 00:37:05 UTC 2026","passed","Fri Jul 10 00:37:09 UTC 2026","","eu.esdihumboldt.hale.app.transform.test.ExecuteTest","eu.esdihumboldt.hale.app.transform.test.ExecuteTest","testGroovyFilterForHydro"
"","5","testNullNoSchema","","Fri Jul 10 00:39:42 UTC 2026","passed","Fri Jul 10 00:39:42 UTC 2026","","eu.esdihumboldt.hale.common.filter.CQLFilterTest","eu.esdihumboldt.hale.common.filter.CQLFilterTest","testNullNoSchema"
"","161","testGroovyWarningMerge","","Fri Jul 10 00:38:39 UTC 2026","passed","Fri Jul 10 00:38:39 UTC 2026","","eu.esdihumboldt.hale.common.align.merge.test.impl.DefaultMergeCellMigratorTest","eu.esdihumboldt.hale.common.align.merge.test.impl.DefaultMergeCellMigratorTest","testGroovyWarningMerge"
"","7","testNumberList","","Fri Jul 10 00:39:42 UTC 2026","passed","Fri Jul 10 00:39:42 UTC 2026","","eu.esdihumboldt.hale.common.filter.ECQLFilterTest","eu.esdihumboldt.hale.common.filter.ECQLFilterTest","testNumberList"
"","692","testInvalidMaxNodes","","Fri Jul 10 00:53:05 UTC 2026","passed","Fri Jul 10 00:53:06 UTC 2026","","eu.esdihumboldt.util.geometry.quadtree.QuadtreeTest","eu.esdihumboldt.util.geometry.quadtree.QuadtreeTest","testInvalidMaxNodes"
"","382","testGeometryPrimitive_32_LineString","","Fri Jul 10 00:46:53 UTC 2026","passed","Fri Jul 10 00:46:54 UTC 2026","","eu.esdihumboldt.hale.io.gml.writer.internal.StreamGmlWriterTest","eu.esdihumboldt.hale.io.gml.writer.internal.StreamGmlWriterTest","testGeometryPrimitive_32_LineString"
"","2","testValuePropertiesListJson","","Fri Jul 10 00:39:24 UTC 2026","passed","Fri Jul 10 00:39:24 UTC 2026","","eu.esdihumboldt.hale.common.core.io.impl.ValuePropertiesTypeTest","eu.esdihumboldt.hale.common.core.io.impl.ValuePropertiesTypeTest","testValuePropertiesListJson"
"","194","testReadMultipleValues","","Fri Jul 10 00:52:09 UTC 2026","passed","Fri Jul 10 00:52:10 UTC 2026","","eu.esdihumboldt.hale.io.xls.test.reader.XLSReaderTest","eu.esdihumboldt.hale.io.xls.test.reader.XLSReaderTest","testReadMultipleValues"
"","1","testHalfmoon","","Fri Jul 10 00:43:41 UTC 2026","passed","Fri Jul 10 00:43:41 UTC 2026","","eu.esdihumboldt.cst.functions.geometric.test.InteriorPointTest","eu.esdihumboldt.cst.functions.geometric.test.InteriorPointTest","testHalfmoon"
"","86","testCMUnion3","","Fri Jul 10 00:43:03 UTC 2026","passed","Fri Jul 10 00:43:03 UTC 2026","","eu.esdihumboldt.cst.internal.ConceptualSchemaTransformerTest","eu.esdihumboldt.cst.internal.ConceptualSchemaTransformerTest","testCMUnion3"
"","0","testFormatter[5]","","Fri Jul 10 00:53:00 UTC 2026","passed","Fri Jul 10 00:53:00 UTC 2026","","eu.esdihumboldt.util.geometry.DecimalFormatUtilTest","eu.esdihumboldt.util.geometry.DecimalFormatUtilTest","testFormatter[5]"
"","7","testValuePropertiesList","","Fri Jul 10 00:39:24 UTC 2026","passed","Fri Jul 10 00:39:24 UTC 2026","","eu.esdihumboldt.hale.common.core.io.impl.ValuePropertiesTypeTest","eu.esdihumboldt.hale.common.core.io.impl.ValuePropertiesTypeTest","testValuePropertiesList"
"","134","testParentMappingGeometry","","Fri Jul 10 00:38:39 UTC 2026","passed","Fri Jul 10 00:38:39 UTC 2026","","eu.esdihumboldt.hale.common.align.merge.test.impl.DefaultMergeCellMigratorTest","eu.esdihumboldt.hale.common.align.merge.test.impl.DefaultMergeCellMigratorTest","testParentMappingGeometry"
"","9","testNumberBetweenList","","Fri Jul 10 00:39:41 UTC 2026","passed","Fri Jul 10 00:39:41 UTC 2026","","eu.esdihumboldt.hale.common.filter.CQLFilterTest","eu.esdihumboldt.hale.common.filter.CQLFilterTest","testNumberBetweenList"
"","59","testCustomClass","","Fri Jul 10 00:47:15 UTC 2026","passed","Fri Jul 10 00:47:15 UTC 2026","","eu.esdihumboldt.hale.io.groovy.snippets.GroovySnippetsTest","eu.esdihumboldt.hale.io.groovy.snippets.GroovySnippetsTest","testCustomClass"
"","42","testGmlOverflow3","","Fri Jul 10 00:40:17 UTC 2026","passed","Fri Jul 10 00:40:17 UTC 2026","","eu.esdihumboldt.hale.common.instance.graph.test.ReferenceGraphTest","eu.esdihumboldt.hale.common.instance.graph.test.ReferenceGraphTest","testGmlOverflow3"
"","3","testMixedKeys","","Fri Jul 10 00:44:03 UTC 2026","passed","Fri Jul 10 00:44:03 UTC 2026","","eu.esdihumboldt.cst.functions.groovy.helpers.util.CollectorTest","eu.esdihumboldt.cst.functions.groovy.helpers.util.CollectorTest","testMixedKeys"
"","3116","testFiltersForMultiType4","","Fri Jul 10 00:37:02 UTC 2026","passed","Fri Jul 10 00:37:05 UTC 2026","","eu.esdihumboldt.hale.app.transform.test.ExecuteTest","eu.esdihumboldt.hale.app.transform.test.ExecuteTest","testFiltersForMultiType4"
"","11018","testBothWays","","Fri Jul 10 00:52:18 UTC 2026","passed","Fri Jul 10 00:52:29 UTC 2026","","eu.esdihumboldt.hale.io.xsd.anytype.valuetypes.CustomTypeContentAssociationTypeTest","eu.esdihumboldt.hale.io.xsd.anytype.valuetypes.CustomTypeContentAssociationTypeTest","testBothWays"
"","0","testDuringList","","Fri Jul 10 00:39:42 UTC 2026","skipped","Fri Jul 10 00:39:42 UTC 2026","","eu.esdihumboldt.hale.common.filter.ECQLFilterTest","eu.esdihumboldt.hale.common.filter.ECQLFilterTest","testDuringList"
"","0","testComplexWrite","","Fri Jul 10 00:53:48 UTC 2026","skipped","Fri Jul 10 00:53:48 UTC 2026","","eu.esdihumboldt.util.orient.embedded.MemoryDocumentTest","eu.esdihumboldt.util.orient.embedded.MemoryDocumentTest","testComplexWrite"
"","1","testPrimitiveArray2","","Fri Jul 10 00:41:32 UTC 2026","passed","Fri Jul 10 00:41:32 UTC 2026","","eu.esdihumboldt.hale.common.schema.model.constraint.factory.type.BindingFactoryTest","eu.esdihumboldt.hale.common.schema.model.constraint.factory.type.BindingFactoryTest","testPrimitiveArray2"
"","99","testCMUnion4","","Fri Jul 10 00:43:03 UTC 2026","passed","Fri Jul 10 00:43:03 UTC 2026","","eu.esdihumboldt.cst.internal.ConceptualSchemaTransformerTest","eu.esdihumboldt.cst.internal.ConceptualSchemaTransformerTest","testCMUnion4"
"","8","testBefore","","Fri Jul 10 00:39:41 UTC 2026","passed","Fri Jul 10 00:39:41 UTC 2026","","eu.esdihumboldt.hale.common.filter.CQLFilterTest","eu.esdihumboldt.hale.common.filter.CQLFilterTest","testBefore"
"","44","testRead_definitive_annotated","","Fri Jul 10 00:52:32 UTC 2026","passed","Fri Jul 10 00:52:32 UTC 2026","","eu.esdihumboldt.hale.io.xsd.reader.XmlSchemaReaderTest","eu.esdihumboldt.hale.io.xsd.reader.XmlSchemaReaderTest","testRead_definitive_annotated"
"","110","testGmlOverflow2","","Fri Jul 10 00:40:17 UTC 2026","passed","Fri Jul 10 00:40:17 UTC 2026","","eu.esdihumboldt.hale.common.instance.graph.test.ReferenceGraphTest","eu.esdihumboldt.hale.common.instance.graph.test.ReferenceGraphTest","testGmlOverflow2"
"","0","testExistsNoSchema","","Fri Jul 10 00:39:42 UTC 2026","skipped","Fri Jul 10 00:39:42 UTC 2026","","eu.esdihumboldt.hale.common.filter.ECQLFilterTest","eu.esdihumboldt.hale.common.filter.ECQLFilterTest","testExistsNoSchema"
"","419","testReadVersion3","","Fri Jul 10 00:49:38 UTC 2026","passed","Fri Jul 10 00:49:38 UTC 2026","","eu.esdihumboldt.hale.io.jdbc.spatialite.reader.internal.SpatiaLiteInstanceReaderTest","eu.esdihumboldt.hale.io.jdbc.spatialite.reader.internal.SpatiaLiteInstanceReaderTest","testReadVersion3"
"","138","testFilterSame4","","Fri Jul 10 00:38:38 UTC 2026","passed","Fri Jul 10 00:38:38 UTC 2026","","eu.esdihumboldt.hale.common.align.merge.test.impl.DefaultMergeCellMigratorTest","eu.esdihumboldt.hale.common.align.merge.test.impl.DefaultMergeCellMigratorTest","testFilterSame4"
"","305","testGeometryPrimitive_31_Polygon","","Fri Jul 10 00:46:54 UTC 2026","passed","Fri Jul 10 00:46:55 UTC 2026","","eu.esdihumboldt.hale.io.gml.writer.internal.StreamGmlWriterTest","eu.esdihumboldt.hale.io.gml.writer.internal.StreamGmlWriterTest","testGeometryPrimitive_31_Polygon"
"","1858","testComplexInstancesECQL","","Fri Jul 10 00:39:42 UTC 2026","passed","Fri Jul 10 00:39:44 UTC 2026","","eu.esdihumboldt.hale.common.filter.FilterTest","eu.esdihumboldt.hale.common.filter.FilterTest","testComplexInstancesECQL"
"","3","testNestedOverride","","Fri Jul 10 00:52:56 UTC 2026","passed","Fri Jul 10 00:52:56 UTC 2026","","eu.esdihumboldt.util.config.ConfigMergerTest","eu.esdihumboldt.util.config.ConfigMergerTest","testNestedOverride"
"","7","testReadSimplePolygon","","Fri Jul 10 00:50:01 UTC 2026","passed","Fri Jul 10 00:50:01 UTC 2026","","eu.esdihumboldt.hale.io.json.test.JsonToInstanceTest","eu.esdihumboldt.hale.io.json.test.JsonToInstanceTest","testReadSimplePolygon"
"","16363","testUnconditionalFilterForHydro","","Fri Jul 10 00:36:08 UTC 2026","passed","Fri Jul 10 00:36:24 UTC 2026","","eu.esdihumboldt.hale.app.transform.test.ExecuteTest","eu.esdihumboldt.hale.app.transform.test.ExecuteTest","testUnconditionalFilterForHydro"
"","10","testStandardBuilderStyle","","Fri Jul 10 00:53:23 UTC 2026","passed","Fri Jul 10 00:53:23 UTC 2026","","eu.esdihumboldt.util.groovy.json.JsonStreamBuilderTest","eu.esdihumboldt.util.groovy.json.JsonStreamBuilderTest","testStandardBuilderStyle"
"","2377","testWriteNotNestedProperties","","Fri Jul 10 00:52:10 UTC 2026","passed","Fri Jul 10 00:52:12 UTC 2026","","eu.esdihumboldt.hale.io.xls.test.writer.XLSInstanceWriterTest","eu.esdihumboldt.hale.io.xls.test.writer.XLSInstanceWriterTest","testWriteNotNestedProperties"
"","3","testNotEqualList","","Fri Jul 10 00:39:42 UTC 2026","passed","Fri Jul 10 00:39:42 UTC 2026","","eu.esdihumboldt.hale.common.filter.ECQLFilterTest","eu.esdihumboldt.hale.common.filter.ECQLFilterTest","testNotEqualList"
"","3","testRootArrayObjectsFail","","Fri Jul 10 00:53:23 UTC 2026","passed","Fri Jul 10 00:53:23 UTC 2026","","eu.esdihumboldt.util.groovy.json.JsonStreamBuilderTest","eu.esdihumboldt.util.groovy.json.JsonStreamBuilderTest","testRootArrayObjectsFail"
"","68","testGenerateUID","","Fri Jul 10 00:43:04 UTC 2026","passed","Fri Jul 10 00:43:04 UTC 2026","","eu.esdihumboldt.cst.internal.ConceptualSchemaTransformerTest","eu.esdihumboldt.cst.internal.ConceptualSchemaTransformerTest","testGenerateUID"
"","22","testRead_definitive_substitution","","Fri Jul 10 00:52:32 UTC 2026","passed","Fri Jul 10 00:52:32 UTC 2026","","eu.esdihumboldt.hale.io.xsd.reader.XmlSchemaReaderTest","eu.esdihumboldt.hale.io.xsd.reader.XmlSchemaReaderTest","testRead_definitive_substitution"
"","76","testTriangle","","Fri Jul 10 00:43:41 UTC 2026","passed","Fri Jul 10 00:43:41 UTC 2026","","eu.esdihumboldt.cst.functions.geometric.test.InteriorPointTest","eu.esdihumboldt.cst.functions.geometric.test.InteriorPointTest","testTriangle"
"","8","testCreateTypeIndex","","Fri Jul 10 00:41:50 UTC 2026","passed","Fri Jul 10 00:41:50 UTC 2026","","eu.esdihumboldt.hale.common.schema.groovy.SchemaBuilderTest","eu.esdihumboldt.hale.common.schema.groovy.SchemaBuilderTest","testCreateTypeIndex"
"","2","testMerge3","","Fri Jul 10 00:39:25 UTC 2026","passed","Fri Jul 10 00:39:25 UTC 2026","","eu.esdihumboldt.hale.common.core.report.util.StatsMergeTest","eu.esdihumboldt.hale.common.core.report.util.StatsMergeTest","testMerge3"
"","1","testDirectFail","","Fri Jul 10 00:46:55 UTC 2026","passed","Fri Jul 10 00:46:55 UTC 2026","","eu.esdihumboldt.hale.io.gml.writer.internal.geometry.writers.PatternTest","eu.esdihumboldt.hale.io.gml.writer.internal.geometry.writers.PatternTest","testDirectFail"
"","4701","writeRead","","Fri Jul 10 00:49:23 UTC 2026","passed","Fri Jul 10 00:49:28 UTC 2026","","eu.esdihumboldt.hale.io.jdbc.postgresql.test.ReadWriteIT","eu.esdihumboldt.hale.io.jdbc.postgresql.test.ReadWriteIT","writeRead"
"","32","testWriteRead","","Fri Jul 10 00:53:24 UTC 2026","passed","Fri Jul 10 00:53:24 UTC 2026","","eu.esdihumboldt.util.groovy.xml.NSDOMBuilderTest","eu.esdihumboldt.util.groovy.xml.NSDOMBuilderTest","testWriteRead"
"","0","testInstanceValueExistsSchema","","Fri Jul 10 00:39:41 UTC 2026","skipped","Fri Jul 10 00:39:41 UTC 2026","","eu.esdihumboldt.hale.common.filter.CQLFilterTest","eu.esdihumboldt.hale.common.filter.CQLFilterTest","testInstanceValueExistsSchema"
"","0","testFormatter[12]","","Fri Jul 10 00:53:00 UTC 2026","passed","Fri Jul 10 00:53:00 UTC 2026","","eu.esdihumboldt.util.geometry.DecimalFormatUtilTest","eu.esdihumboldt.util.geometry.DecimalFormatUtilTest","testFormatter[12]"
"","0","testFootprint2Hole","","Fri Jul 10 00:43:41 UTC 2026","passed","Fri Jul 10 00:43:41 UTC 2026","","eu.esdihumboldt.cst.functions.geometric.test.InteriorPointTest","eu.esdihumboldt.cst.functions.geometric.test.InteriorPointTest","testFootprint2Hole"
"","5045","testDataTypesSql","","Fri Jul 10 00:49:18 UTC 2026","passed","Fri Jul 10 00:49:23 UTC 2026","","eu.esdihumboldt.hale.io.jdbc.postgresql.test.PostDataTypesIT","eu.esdihumboldt.hale.io.jdbc.postgresql.test.PostDataTypesIT","testDataTypesSql"
"","0","testRange","","Fri Jul 10 00:41:50 UTC 2026","passed","Fri Jul 10 00:41:50 UTC 2026","","eu.esdihumboldt.hale.common.schema.groovy.constraints.CardinalityFactoryTest","eu.esdihumboldt.hale.common.schema.groovy.constraints.CardinalityFactoryTest","testRange"
"","93","testSimpleRename","","Fri Jul 10 00:43:03 UTC 2026","passed","Fri Jul 10 00:43:03 UTC 2026","","eu.esdihumboldt.cst.internal.ConceptualSchemaTransformerTest","eu.esdihumboldt.cst.internal.ConceptualSchemaTransformerTest","testSimpleRename"
"","13","testArray","","Fri Jul 10 00:41:32 UTC 2026","passed","Fri Jul 10 00:41:32 UTC 2026","","eu.esdihumboldt.hale.common.schema.model.constraint.factory.type.BindingFactoryTest","eu.esdihumboldt.hale.common.schema.model.constraint.factory.type.BindingFactoryTest","testArray"
"","860","testWfsPaginationWithResolvedepth","","Fri Jul 10 00:46:33 UTC 2026","passed","Fri Jul 10 00:46:34 UTC 2026","","eu.esdihumboldt.hale.io.gml.reader.internal.StreamGmlReaderTest","eu.esdihumboldt.hale.io.gml.reader.internal.StreamGmlReaderTest","testWfsPaginationWithResolvedepth"
"","7","testLoadWFS11Capabilities","","Fri Jul 10 00:51:49 UTC 2026","passed","Fri Jul 10 00:51:49 UTC 2026","","eu.esdihumboldt.hale.io.wfs.test.capabilities.CapabilitiesHelperTest","eu.esdihumboldt.hale.io.wfs.test.capabilities.CapabilitiesHelperTest","testLoadWFS11Capabilities"
"","3106","testFiltersForMultiType3","","Fri Jul 10 00:36:59 UTC 2026","passed","Fri Jul 10 00:37:02 UTC 2026","","eu.esdihumboldt.hale.app.transform.test.ExecuteTest","eu.esdihumboldt.hale.app.transform.test.ExecuteTest","testFiltersForMultiType3"
"","191","mergeJoinsWithJoin_abstract1","","Fri Jul 10 00:38:45 UTC 2026","passed","Fri Jul 10 00:38:45 UTC 2026","","eu.esdihumboldt.hale.common.align.merge.test.impl.JoinMergeTest","eu.esdihumboldt.hale.common.align.merge.test.impl.JoinMergeTest","mergeJoinsWithJoin_abstract1"
"","0","testLocalING4479","","Fri Jul 10 00:37:28 UTC 2026","skipped","Fri Jul 10 00:37:28 UTC 2026","","eu.esdihumboldt.hale.app.transform.test.ExecuteTest","eu.esdihumboldt.hale.app.transform.test.ExecuteTest","testLocalING4479"
"","205","mergeRenameFormattedString","","Fri Jul 10 00:44:22 UTC 2026","passed","Fri Jul 10 00:44:22 UTC 2026","","eu.esdihumboldt.hale.adv.merge.test.AdVMeasurementMergeTest","eu.esdihumboldt.hale.adv.merge.test.AdVMeasurementMergeTest","mergeRenameFormattedString"
"","1","simpleFilterTestECQL","","Fri Jul 10 00:39:45 UTC 2026","passed","Fri Jul 10 00:39:45 UTC 2026","","eu.esdihumboldt.hale.common.filter.FilterTest","eu.esdihumboldt.hale.common.filter.FilterTest","simpleFilterTestECQL"
"","95","testWriteMultiSchemasWithOneMissingGeom","","Fri Jul 10 00:51:08 UTC 2026","passed","Fri Jul 10 00:51:08 UTC 2026","","eu.esdihumboldt.hale.io.shp.ShapefileInstanceWriterTest","eu.esdihumboldt.hale.io.shp.ShapefileInstanceWriterTest","testWriteMultiSchemasWithOneMissingGeom"
"","93","mergeRenameFormattedString","","Fri Jul 10 00:38:43 UTC 2026","passed","Fri Jul 10 00:38:43 UTC 2026","","eu.esdihumboldt.hale.common.align.merge.test.impl.FormattedStringMergeTest","eu.esdihumboldt.hale.common.align.merge.test.impl.FormattedStringMergeTest","mergeRenameFormattedString"
"","1","testSimple","","Fri Jul 10 00:52:30 UTC 2026","passed","Fri Jul 10 00:52:30 UTC 2026","","eu.esdihumboldt.hale.io.xsd.anytype.valuetypes.CustomTypeContentTypeTest","eu.esdihumboldt.hale.io.xsd.anytype.valuetypes.CustomTypeContentTypeTest","testSimple"
"","183","testNotes1","","Fri Jul 10 00:38:42 UTC 2026","passed","Fri Jul 10 00:38:42 UTC 2026","","eu.esdihumboldt.hale.common.align.merge.test.impl.DefaultMergeCellMigratorTest","eu.esdihumboldt.hale.common.align.merge.test.impl.DefaultMergeCellMigratorTest","testNotes1"
"","72","testWriteDocument","","Fri Jul 10 00:53:48 UTC 2026","passed","Fri Jul 10 00:53:49 UTC 2026","","eu.esdihumboldt.util.orient.embedded.MemoryDocumentTest","eu.esdihumboldt.util.orient.embedded.MemoryDocumentTest","testWriteDocument"
"","3","testValues","","Fri Jul 10 00:41:32 UTC 2026","passed","Fri Jul 10 00:41:32 UTC 2026","","eu.esdihumboldt.hale.common.schema.model.constraint.factory.type.EnumerationFactoryTest","eu.esdihumboldt.hale.common.schema.model.constraint.factory.type.EnumerationFactoryTest","testValues"
"","3565","testMsAccessSchemaReaderForMdbTest","","Fri Jul 10 00:47:50 UTC 2026","passed","Fri Jul 10 00:47:54 UTC 2026","","eu.esdihumboldt.hale.io.jdbc.msaccess.reader.MsAccessInstanceReaderTest","eu.esdihumboldt.hale.io.jdbc.msaccess.reader.MsAccessInstanceReaderTest","testMsAccessSchemaReaderForMdbTest"
"","431","testGeometryAggregate_32_MultiPolygon","","Fri Jul 10 00:46:50 UTC 2026","passed","Fri Jul 10 00:46:51 UTC 2026","","eu.esdihumboldt.hale.io.gml.writer.internal.StreamGmlWriterTest","eu.esdihumboldt.hale.io.gml.writer.internal.StreamGmlWriterTest","testGeometryAggregate_32_MultiPolygon"
"","79","testWfsResolvedepthResponseStructure","","Fri Jul 10 00:46:33 UTC 2026","passed","Fri Jul 10 00:46:33 UTC 2026","","eu.esdihumboldt.hale.io.gml.reader.internal.StreamGmlReaderTest","eu.esdihumboldt.hale.io.gml.reader.internal.StreamGmlReaderTest","testWfsResolvedepthResponseStructure"
"","86","testPriority","","Fri Jul 10 00:43:03 UTC 2026","passed","Fri Jul 10 00:43:03 UTC 2026","","eu.esdihumboldt.cst.internal.ConceptualSchemaTransformerTest","eu.esdihumboldt.cst.internal.ConceptualSchemaTransformerTest","testPriority"
"","71","testTemplate","","Fri Jul 10 00:37:56 UTC 2026","passed","Fri Jul 10 00:37:57 UTC 2026","","eu.esdihumboldt.hale.common.align.model.impl.mdexpl.MarkdownCellExplanationTest","eu.esdihumboldt.hale.common.align.model.impl.mdexpl.MarkdownCellExplanationTest","testTemplate"
"","9","testHalfCircle","","Fri Jul 10 00:53:05 UTC 2026","passed","Fri Jul 10 00:53:05 UTC 2026","","eu.esdihumboldt.util.geometry.interpolation.grid.GridInterpolationTest","eu.esdihumboldt.util.geometry.interpolation.grid.GridInterpolationTest","testHalfCircle"
"","100","testSimpleComplex","","Fri Jul 10 00:43:04 UTC 2026","passed","Fri Jul 10 00:43:04 UTC 2026","","eu.esdihumboldt.cst.internal.ConceptualSchemaTransformerTest","eu.esdihumboldt.cst.internal.ConceptualSchemaTransformerTest","testSimpleComplex"
"","43","testSKOSFromRDF2","","Fri Jul 10 00:44:28 UTC 2026","passed","Fri Jul 10 00:44:28 UTC 2026","","eu.esdihumboldt.hale.io.codelist.skos.test.SkosCodeListTest","eu.esdihumboldt.hale.io.codelist.skos.test.SkosCodeListTest","testSKOSFromRDF2"
"","2","testOrigin","","Fri Jul 10 00:53:05 UTC 2026","passed","Fri Jul 10 00:53:05 UTC 2026","","eu.esdihumboldt.util.geometry.interpolation.model.impl.ArcByPointsImplTest","eu.esdihumboldt.util.geometry.interpolation.model.impl.ArcByPointsImplTest","testOrigin"
"","262","testComplexLookup","","Fri Jul 10 00:41:06 UTC 2026","passed","Fri Jul 10 00:41:07 UTC 2026","","eu.esdihumboldt.hale.common.lookup.internal.LookupTableTypeTest","eu.esdihumboldt.hale.common.lookup.internal.LookupTableTypeTest","testComplexLookup"
"","0","testUnifyGeometryCollection","","Fri Jul 10 00:53:04 UTC 2026","passed","Fri Jul 10 00:53:04 UTC 2026","","eu.esdihumboldt.util.geometry.WindingOrderTest","eu.esdihumboldt.util.geometry.WindingOrderTest","testUnifyGeometryCollection"
"","135","testExportMultiFeatureToExcel","","Fri Jul 10 00:52:12 UTC 2026","passed","Fri Jul 10 00:52:13 UTC 2026","","eu.esdihumboldt.hale.io.xls.test.writer.XLSInstanceWriterTest","eu.esdihumboldt.hale.io.xls.test.writer.XLSInstanceWriterTest","testExportMultiFeatureToExcel"
"","0","testGeometry_2_Point","","Fri Jul 10 00:46:55 UTC 2026","skipped","Fri Jul 10 00:46:55 UTC 2026","","eu.esdihumboldt.hale.io.gml.writer.internal.StreamGmlWriterTest","eu.esdihumboldt.hale.io.gml.writer.internal.StreamGmlWriterTest","testGeometry_2_Point"
"","83","testStructuralRename3","","Fri Jul 10 00:43:05 UTC 2026","passed","Fri Jul 10 00:43:05 UTC 2026","","eu.esdihumboldt.cst.internal.ConceptualSchemaTransformerTest","eu.esdihumboldt.cst.internal.ConceptualSchemaTransformerTest","testStructuralRename3"
"","9","testNestedListMap","","Fri Jul 10 00:53:23 UTC 2026","passed","Fri Jul 10 00:53:23 UTC 2026","","eu.esdihumboldt.util.groovy.json.JsonStreamBuilderTest","eu.esdihumboldt.util.groovy.json.JsonStreamBuilderTest","testNestedListMap"
"","11","testNestedListMap2","","Fri Jul 10 00:53:23 UTC 2026","passed","Fri Jul 10 00:53:23 UTC 2026","","eu.esdihumboldt.util.groovy.json.JsonStreamBuilderTest","eu.esdihumboldt.util.groovy.json.JsonStreamBuilderTest","testNestedListMap2"
"","2","testQ2","","Fri Jul 10 00:53:05 UTC 2026","passed","Fri Jul 10 00:53:05 UTC 2026","","eu.esdihumboldt.util.geometry.interpolation.grid.GridUtilTest","eu.esdihumboldt.util.geometry.interpolation.grid.GridUtilTest","testQ2"
"","0","testCMUnion2","","Fri Jul 10 00:42:52 UTC 2026","skipped","Fri Jul 10 00:42:52 UTC 2026","","eu.esdihumboldt.cst.internal.ConceptualSchemaTransformerTest","eu.esdihumboldt.cst.internal.ConceptualSchemaTransformerTest","testCMUnion2"
"","89","testSimpleMerge","","Fri Jul 10 00:43:01 UTC 2026","passed","Fri Jul 10 00:43:01 UTC 2026","","eu.esdihumboldt.cst.internal.ConceptualSchemaTransformerTest","eu.esdihumboldt.cst.internal.ConceptualSchemaTransformerTest","testSimpleMerge"
"","18","testValueListValueList","","Fri Jul 10 00:39:24 UTC 2026","passed","Fri Jul 10 00:39:24 UTC 2026","","eu.esdihumboldt.hale.common.core.io.impl.ValueListTypeTest","eu.esdihumboldt.hale.common.core.io.impl.ValueListTypeTest","testValueListValueList"
"","0","testExistsNoSchema","","Fri Jul 10 00:39:41 UTC 2026","skipped","Fri Jul 10 00:39:41 UTC 2026","","eu.esdihumboldt.hale.common.filter.CQLFilterTest","eu.esdihumboldt.hale.common.filter.CQLFilterTest","testExistsNoSchema"
"","8","testReadModeSingleObject","","Fri Jul 10 00:50:01 UTC 2026","passed","Fri Jul 10 00:50:01 UTC 2026","","eu.esdihumboldt.hale.io.json.test.JsonInstanceReaderTest","eu.esdihumboldt.hale.io.json.test.JsonInstanceReaderTest","testReadModeSingleObject"
"","153","migrateJoinGroovyRetype","","Fri Jul 10 00:38:43 UTC 2026","passed","Fri Jul 10 00:38:43 UTC 2026","","eu.esdihumboldt.hale.common.align.merge.test.impl.GroovyRetypeMergeTest","eu.esdihumboldt.hale.common.align.merge.test.impl.GroovyRetypeMergeTest","migrateJoinGroovyRetype"
"","12","testValuePropertiesJson","","Fri Jul 10 00:39:24 UTC 2026","passed","Fri Jul 10 00:39:24 UTC 2026","","eu.esdihumboldt.hale.common.core.io.impl.ValuePropertiesTypeTest","eu.esdihumboldt.hale.common.core.io.impl.ValuePropertiesTypeTest","testValuePropertiesJson"
"","3","testBackwardCompatibilityRead","","Fri Jul 10 00:44:42 UTC 2026","passed","Fri Jul 10 00:44:42 UTC 2026","","eu.esdihumboldt.hale.io.csv.CSVInstanceReaderTest","eu.esdihumboldt.hale.io.csv.CSVInstanceReaderTest","testBackwardCompatibilityRead"
"","65","testBuilder","","Fri Jul 10 00:53:07 UTC 2026","passed","Fri Jul 10 00:53:07 UTC 2026","","eu.esdihumboldt.util.geometry.quadtree.QuadtreeTest","eu.esdihumboldt.util.geometry.quadtree.QuadtreeTest","testBuilder"
"","0","testSchemaReader","","Fri Jul 10 00:47:59 UTC 2026","skipped","Fri Jul 10 00:47:59 UTC 2026","","eu.esdihumboldt.hale.io.jdbc.mssql.test.MsSqlDataReaderTest","eu.esdihumboldt.hale.io.jdbc.mssql.test.MsSqlDataReaderTest","testSchemaReader"
"","0","testFindPolygons","","Fri Jul 10 00:43:41 UTC 2026","passed","Fri Jul 10 00:43:41 UTC 2026","","eu.esdihumboldt.cst.functions.geometric.test.GeometryHelperFunctionsTest","eu.esdihumboldt.cst.functions.geometric.test.GeometryHelperFunctionsTest","testFindPolygons"
"","2","testDefault","","Fri Jul 10 00:41:32 UTC 2026","passed","Fri Jul 10 00:41:32 UTC 2026","","eu.esdihumboldt.hale.common.schema.model.constraint.factory.type.AugmentedValueFlagFactoryTest","eu.esdihumboldt.hale.common.schema.model.constraint.factory.type.AugmentedValueFlagFactoryTest","testDefault"
"","261","testWfsPaginationWithCountLimit","","Fri Jul 10 00:46:32 UTC 2026","passed","Fri Jul 10 00:46:33 UTC 2026","","eu.esdihumboldt.hale.io.gml.reader.internal.StreamGmlReaderTest","eu.esdihumboldt.hale.io.gml.reader.internal.StreamGmlReaderTest","testWfsPaginationWithCountLimit"
"","66","testAfter","","Fri Jul 10 00:39:41 UTC 2026","passed","Fri Jul 10 00:39:41 UTC 2026","","eu.esdihumboldt.hale.common.filter.CQLFilterTest","eu.esdihumboldt.hale.common.filter.CQLFilterTest","testAfter"
"","8","testCycle","","Fri Jul 10 00:52:36 UTC 2026","passed","Fri Jul 10 00:52:36 UTC 2026","","eu.esdihumboldt.util.DependencyOrderedListTest","eu.esdihumboldt.util.DependencyOrderedListTest","testCycle"
"","111","testCardinalityMerge_2","","Fri Jul 10 00:43:02 UTC 2026","passed","Fri Jul 10 00:43:02 UTC 2026","","eu.esdihumboldt.cst.internal.ConceptualSchemaTransformerTest","eu.esdihumboldt.cst.internal.ConceptualSchemaTransformerTest","testCardinalityMerge_2"
"","3376","testArgsFileForMultiTypesSource","","Fri Jul 10 00:36:25 UTC 2026","passed","Fri Jul 10 00:36:28 UTC 2026","","eu.esdihumboldt.hale.app.transform.test.ExecuteTest","eu.esdihumboldt.hale.app.transform.test.ExecuteTest","testArgsFileForMultiTypesSource"
"","0","testHttpAbsoluteOtherJar","","Fri Jul 10 00:52:30 UTC 2026","passed","Fri Jul 10 00:52:30 UTC 2026","","eu.esdihumboldt.hale.io.xsd.reader.HumboldtURIResolverTest","eu.esdihumboldt.hale.io.xsd.reader.HumboldtURIResolverTest","testHttpAbsoluteOtherJar"
"","120","testMergeMultiPropKey","","Fri Jul 10 00:43:01 UTC 2026","passed","Fri Jul 10 00:43:01 UTC 2026","","eu.esdihumboldt.cst.internal.ConceptualSchemaTransformerTest","eu.esdihumboldt.cst.internal.ConceptualSchemaTransformerTest","testMergeMultiPropKey"
"","51","testWriteMultiSchemas","","Fri Jul 10 00:51:08 UTC 2026","passed","Fri Jul 10 00:51:08 UTC 2026","","eu.esdihumboldt.hale.io.shp.ShapefileInstanceWriterTest","eu.esdihumboldt.hale.io.shp.ShapefileInstanceWriterTest","testWriteMultiSchemas"
"","8","testDefinedTypeReference","","Fri Jul 10 00:41:50 UTC 2026","passed","Fri Jul 10 00:41:50 UTC 2026","","eu.esdihumboldt.hale.common.schema.groovy.SchemaBuilderTest","eu.esdihumboldt.hale.common.schema.groovy.SchemaBuilderTest","testDefinedTypeReference"
"","10302","testToFrom","","Fri Jul 10 00:39:13 UTC 2026","passed","Fri Jul 10 00:39:23 UTC 2026","","eu.esdihumboldt.hale.common.core.io.impl.TextTypeJsonTest","eu.esdihumboldt.hale.common.core.io.impl.TextTypeJsonTest","testToFrom"
"","10","testSKOSFromRDF5_language_nl","","Fri Jul 10 00:44:28 UTC 2026","passed","Fri Jul 10 00:44:28 UTC 2026","","eu.esdihumboldt.hale.io.codelist.skos.test.SkosCodeListTest","eu.esdihumboldt.hale.io.codelist.skos.test.SkosCodeListTest","testSKOSFromRDF5_language_nl"
"","30","testJsonBuilderSameNameFail","","Fri Jul 10 00:53:23 UTC 2026","passed","Fri Jul 10 00:53:23 UTC 2026","","eu.esdihumboldt.util.groovy.json.JsonStreamBuilderTest","eu.esdihumboldt.util.groovy.json.JsonStreamBuilderTest","testJsonBuilderSameNameFail"
"","13","testEnabled","","Fri Jul 10 00:41:32 UTC 2026","passed","Fri Jul 10 00:41:32 UTC 2026","","eu.esdihumboldt.hale.common.schema.model.constraint.factory.type.MappingRelevantFlagFactoryTest","eu.esdihumboldt.hale.common.schema.model.constraint.factory.type.MappingRelevantFlagFactoryTest","testEnabled"
"","0","testExistsSchema","","Fri Jul 10 00:39:42 UTC 2026","skipped","Fri Jul 10 00:39:42 UTC 2026","","eu.esdihumboldt.hale.common.filter.ECQLFilterTest","eu.esdihumboldt.hale.common.filter.ECQLFilterTest","testExistsSchema"
"","303","testReadJsonArray","","Fri Jul 10 00:50:00 UTC 2026","passed","Fri Jul 10 00:50:00 UTC 2026","","eu.esdihumboldt.hale.io.json.test.JsonInstanceCollectionTest","eu.esdihumboldt.hale.io.json.test.JsonInstanceCollectionTest","testReadJsonArray"
"","178","testPropertyJoinIntFloat","","Fri Jul 10 00:42:53 UTC 2026","passed","Fri Jul 10 00:42:53 UTC 2026","","eu.esdihumboldt.cst.internal.ConceptualSchemaTransformerTest","eu.esdihumboldt.cst.internal.ConceptualSchemaTransformerTest","testPropertyJoinIntFloat"
"","190","testRef","","Fri Jul 10 00:41:32 UTC 2026","passed","Fri Jul 10 00:41:32 UTC 2026","","eu.esdihumboldt.hale.common.schema.model.constraint.factory.property.ReferenceFactoryTest","eu.esdihumboldt.hale.common.schema.model.constraint.factory.property.ReferenceFactoryTest","testRef"
"","0","testSubfolder2","","Fri Jul 10 00:39:13 UTC 2026","passed","Fri Jul 10 00:39:13 UTC 2026","","eu.esdihumboldt.hale.common.core.io.PathUpdateTest","eu.esdihumboldt.hale.common.core.io.PathUpdateTest","testSubfolder2"
"","23","testRead","","Fri Jul 10 00:39:24 UTC 2026","passed","Fri Jul 10 00:39:24 UTC 2026","","eu.esdihumboldt.hale.common.core.io.impl.ValueListTypeTest","eu.esdihumboldt.hale.common.core.io.impl.ValueListTypeTest","testRead"
"","97","testWriteComplexSchema","","Fri Jul 10 00:44:55 UTC 2026","passed","Fri Jul 10 00:44:55 UTC 2026","","eu.esdihumboldt.hale.io.csv.writer.CSVInstanceWriterTest","eu.esdihumboldt.hale.io.csv.writer.CSVInstanceWriterTest","testWriteComplexSchema"
"","12948","testWriteSimpleSchemaDelimiter","","Fri Jul 10 00:44:42 UTC 2026","passed","Fri Jul 10 00:44:55 UTC 2026","","eu.esdihumboldt.hale.io.csv.writer.CSVInstanceWriterTest","eu.esdihumboldt.hale.io.csv.writer.CSVInstanceWriterTest","testWriteSimpleSchemaDelimiter"
"","4","testHttpRelative1","","Fri Jul 10 00:52:30 UTC 2026","passed","Fri Jul 10 00:52:30 UTC 2026","","eu.esdihumboldt.hale.io.xsd.reader.HumboldtURIResolverTest","eu.esdihumboldt.hale.io.xsd.reader.HumboldtURIResolverTest","testHttpRelative1"
"","1","testCenter","","Fri Jul 10 00:53:05 UTC 2026","passed","Fri Jul 10 00:53:05 UTC 2026","","eu.esdihumboldt.util.geometry.interpolation.grid.GridUtilTest","eu.esdihumboldt.util.geometry.interpolation.grid.GridUtilTest","testCenter"
"","1","testGeometry_2_MultiPoint","","Fri Jul 10 00:46:53 UTC 2026","skipped","Fri Jul 10 00:46:53 UTC 2026","","eu.esdihumboldt.hale.io.gml.writer.internal.StreamGmlWriterTest","eu.esdihumboldt.hale.io.gml.writer.internal.StreamGmlWriterTest","testGeometry_2_MultiPoint"
"","28","testWriteVersion4","","Fri Jul 10 00:49:39 UTC 2026","passed","Fri Jul 10 00:49:39 UTC 2026","","eu.esdihumboldt.hale.io.jdbc.spatialite.writer.internal.SpatiaLiteInstanceWriterTest","eu.esdihumboldt.hale.io.jdbc.spatialite.writer.internal.SpatiaLiteInstanceWriterTest","testWriteVersion4"
"","0","testGeoIntersect","","Fri Jul 10 00:39:41 UTC 2026","skipped","Fri Jul 10 00:39:41 UTC 2026","","eu.esdihumboldt.hale.common.filter.CQLFilterTest","eu.esdihumboldt.hale.common.filter.CQLFilterTest","testGeoIntersect"
"","123","testRetypeConditionRenameTypeFilteredTranslated","","Fri Jul 10 00:38:46 UTC 2026","passed","Fri Jul 10 00:38:46 UTC 2026","","eu.esdihumboldt.hale.common.align.merge.test.impl.JoinRetainConditionsTest","eu.esdihumboldt.hale.common.align.merge.test.impl.JoinRetainConditionsTest","testRetypeConditionRenameTypeFilteredTranslated"
"","4","testGetReferencesSimple","","Fri Jul 10 00:39:42 UTC 2026","passed","Fri Jul 10 00:39:42 UTC 2026","","eu.esdihumboldt.hale.common.filter.ECQLFilterTest","eu.esdihumboldt.hale.common.filter.ECQLFilterTest","testGetReferencesSimple"
"","34","testSinglePolyGeometryWithLongAlphanumericNamesWithMultipleInstancesWithMissingData","","Fri Jul 10 00:51:11 UTC 2026","passed","Fri Jul 10 00:51:11 UTC 2026","","eu.esdihumboldt.hale.io.shp.ShapefileInstanceWriterTest","eu.esdihumboldt.hale.io.shp.ShapefileInstanceWriterTest","testSinglePolyGeometryWithLongAlphanumericNamesWithMultipleInstancesWithMissingData"
"","4","testLikeList","","Fri Jul 10 00:39:42 UTC 2026","passed","Fri Jul 10 00:39:42 UTC 2026","","eu.esdihumboldt.hale.common.filter.ECQLFilterTest","eu.esdihumboldt.hale.common.filter.ECQLFilterTest","testLikeList"
"","268","mergeJoinsWithJoin_sample_hydro","","Fri Jul 10 00:38:44 UTC 2026","passed","Fri Jul 10 00:38:45 UTC 2026","","eu.esdihumboldt.hale.common.align.merge.test.impl.JoinMergeTest","eu.esdihumboldt.hale.common.align.merge.test.impl.JoinMergeTest","mergeJoinsWithJoin_sample_hydro"
"","14","testInstanceNullSchema","","Fri Jul 10 00:39:41 UTC 2026","passed","Fri Jul 10 00:39:41 UTC 2026","","eu.esdihumboldt.hale.common.filter.CQLFilterTest","eu.esdihumboldt.hale.common.filter.CQLFilterTest","testInstanceNullSchema"
"","3110","testFiltersForMultiType2","","Fri Jul 10 00:36:56 UTC 2026","passed","Fri Jul 10 00:36:59 UTC 2026","","eu.esdihumboldt.hale.app.transform.test.ExecuteTest","eu.esdihumboldt.hale.app.transform.test.ExecuteTest","testFiltersForMultiType2"
"","0","testSimple","","Fri Jul 10 00:39:13 UTC 2026","passed","Fri Jul 10 00:39:13 UTC 2026","","eu.esdihumboldt.hale.common.core.io.PathUpdateTest","eu.esdihumboldt.hale.common.core.io.PathUpdateTest","testSimple"
"","1788","testSKOSFromRDF5_language_de","","Fri Jul 10 00:44:26 UTC 2026","passed","Fri Jul 10 00:44:28 UTC 2026","","eu.esdihumboldt.hale.io.codelist.skos.test.SkosCodeListTest","eu.esdihumboldt.hale.io.codelist.skos.test.SkosCodeListTest","testSKOSFromRDF5_language_de"
"","27","testReadXsdInstancesTypenameAmbiguousLocalNameWithNamespace2","","Fri Jul 10 00:51:03 UTC 2026","passed","Fri Jul 10 00:51:03 UTC 2026","","eu.esdihumboldt.hale.io.shp.ShapeInstanceReaderTest","eu.esdihumboldt.hale.io.shp.ShapeInstanceReaderTest","testReadXsdInstancesTypenameAmbiguousLocalNameWithNamespace2"
"","25","testReadXsdInstancesTypenameAmbiguousLocalNameWithNamespace","","Fri Jul 10 00:51:06 UTC 2026","passed","Fri Jul 10 00:51:06 UTC 2026","","eu.esdihumboldt.hale.io.shp.ShapeInstanceReaderTest","eu.esdihumboldt.hale.io.shp.ShapeInstanceReaderTest","testReadXsdInstancesTypenameAmbiguousLocalNameWithNamespace"
"","4","testJsonBuilderConstructor","","Fri Jul 10 00:53:23 UTC 2026","passed","Fri Jul 10 00:53:23 UTC 2026","","eu.esdihumboldt.util.groovy.json.JsonStreamBuilderTest","eu.esdihumboldt.util.groovy.json.JsonStreamBuilderTest","testJsonBuilderConstructor"
"","1","testCurve2","","Fri Jul 10 00:43:41 UTC 2026","passed","Fri Jul 10 00:43:41 UTC 2026","","eu.esdihumboldt.cst.functions.geometric.test.InteriorPointTest","eu.esdihumboldt.cst.functions.geometric.test.InteriorPointTest","testCurve2"
"","38","testSchemaLess","","Fri Jul 10 00:40:35 UTC 2026","passed","Fri Jul 10 00:40:35 UTC 2026","","eu.esdihumboldt.hale.common.instance.groovy.InstanceAccessorTest","eu.esdihumboldt.hale.common.instance.groovy.InstanceAccessorTest","testSchemaLess"
"","2","testTrueFalse","","Fri Jul 10 00:41:50 UTC 2026","passed","Fri Jul 10 00:41:50 UTC 2026","","eu.esdihumboldt.hale.common.schema.groovy.constraints.AugmentedValueFactoryTest","eu.esdihumboldt.hale.common.schema.groovy.constraints.AugmentedValueFactoryTest","testTrueFalse"
"","4","testProblemCase","","Fri Jul 10 00:43:41 UTC 2026","passed","Fri Jul 10 00:43:41 UTC 2026","","eu.esdihumboldt.cst.functions.geometric.test.InteriorPointTest","eu.esdihumboldt.cst.functions.geometric.test.InteriorPointTest","testProblemCase"
"","0","testGeometry_2_Polygon","","Fri Jul 10 00:46:51 UTC 2026","skipped","Fri Jul 10 00:46:51 UTC 2026","","eu.esdihumboldt.hale.io.gml.writer.internal.StreamGmlWriterTest","eu.esdihumboldt.hale.io.gml.writer.internal.StreamGmlWriterTest","testGeometry_2_Polygon"
"","23","testLoadMixed","","Fri Jul 10 00:45:48 UTC 2026","passed","Fri Jul 10 00:45:48 UTC 2026","","eu.esdihumboldt.hale.io.gml.reader.internal.GmlInstanceCollectionTest","eu.esdihumboldt.hale.io.gml.reader.internal.GmlInstanceCollectionTest","testLoadMixed"
"","4030","testEvaluateSuccess1","","Fri Jul 10 00:37:17 UTC 2026","passed","Fri Jul 10 00:37:21 UTC 2026","","eu.esdihumboldt.hale.app.transform.test.ExecuteTest","eu.esdihumboldt.hale.app.transform.test.ExecuteTest","testEvaluateSuccess1"
"","111","testStructuralRename1","","Fri Jul 10 00:43:04 UTC 2026","passed","Fri Jul 10 00:43:05 UTC 2026","","eu.esdihumboldt.cst.internal.ConceptualSchemaTransformerTest","eu.esdihumboldt.cst.internal.ConceptualSchemaTransformerTest","testStructuralRename1"
"","5","testLikeNoSchema","","Fri Jul 10 00:39:42 UTC 2026","passed","Fri Jul 10 00:39:42 UTC 2026","","eu.esdihumboldt.hale.common.filter.CQLFilterTest","eu.esdihumboldt.hale.common.filter.CQLFilterTest","testLikeNoSchema"
"","0","testGeometryPrimitive_32_CompositeCurve_MultiLineString","","Fri Jul 10 00:46:42 UTC 2026","skipped","Fri Jul 10 00:46:42 UTC 2026","","eu.esdihumboldt.hale.io.gml.writer.internal.StreamGmlWriter2Test","eu.esdihumboldt.hale.io.gml.writer.internal.StreamGmlWriter2Test","testGeometryPrimitive_32_CompositeCurve_MultiLineString"
"","6","testNotEqualList","","Fri Jul 10 00:39:42 UTC 2026","passed","Fri Jul 10 00:39:42 UTC 2026","","eu.esdihumboldt.hale.common.filter.CQLFilterTest","eu.esdihumboldt.hale.common.filter.CQLFilterTest","testNotEqualList"
"","2","testTrueFalse","","Fri Jul 10 00:41:50 UTC 2026","passed","Fri Jul 10 00:41:50 UTC 2026","","eu.esdihumboldt.hale.common.schema.groovy.constraints.NillableFactoryTest","eu.esdihumboldt.hale.common.schema.groovy.constraints.NillableFactoryTest","testTrueFalse"
"","4217","testAdvCrsFactories","","Fri Jul 10 00:41:10 UTC 2026","passed","Fri Jul 10 00:41:14 UTC 2026","","eu.esdihumboldt.hale.common.referencing.factory.CrsAuthorityFactoryTest","eu.esdihumboldt.hale.common.referencing.factory.CrsAuthorityFactoryTest","testAdvCrsFactories"
"","91","testCMMulti4","","Fri Jul 10 00:43:03 UTC 2026","passed","Fri Jul 10 00:43:03 UTC 2026","","eu.esdihumboldt.cst.internal.ConceptualSchemaTransformerTest","eu.esdihumboldt.cst.internal.ConceptualSchemaTransformerTest","testCMMulti4"
"","48","testGeoIntersects","","Fri Jul 10 00:39:41 UTC 2026","passed","Fri Jul 10 00:39:41 UTC 2026","","eu.esdihumboldt.hale.common.filter.CQLFilterTest","eu.esdihumboldt.hale.common.filter.CQLFilterTest","testGeoIntersects"
"","4","testNamespaceIndex","","Fri Jul 10 00:38:14 UTC 2026","passed","Fri Jul 10 00:38:14 UTC 2026","","eu.esdihumboldt.hale.common.align.groovy.accessor.EntityAccessorTest","eu.esdihumboldt.hale.common.align.groovy.accessor.EntityAccessorTest","testNamespaceIndex"
"","185","mergeJoinWithRetype","","Fri Jul 10 00:38:41 UTC 2026","passed","Fri Jul 10 00:38:41 UTC 2026","","eu.esdihumboldt.hale.common.align.merge.test.impl.DefaultMergeCellMigratorTest","eu.esdihumboldt.hale.common.align.merge.test.impl.DefaultMergeCellMigratorTest","mergeJoinWithRetype"
"","173","testTypeFilter2Present","","Fri Jul 10 00:38:41 UTC 2026","passed","Fri Jul 10 00:38:41 UTC 2026","","eu.esdihumboldt.hale.common.align.merge.test.impl.DefaultMergeCellMigratorTest","eu.esdihumboldt.hale.common.align.merge.test.impl.DefaultMergeCellMigratorTest","testTypeFilter2Present"
"","0","testFormatter[8]","","Fri Jul 10 00:53:00 UTC 2026","passed","Fri Jul 10 00:53:00 UTC 2026","","eu.esdihumboldt.util.geometry.DecimalFormatUtilTest","eu.esdihumboldt.util.geometry.DecimalFormatUtilTest","testFormatter[8]"
"","20","testAlias","","Fri Jul 10 00:47:45 UTC 2026","passed","Fri Jul 10 00:47:45 UTC 2026","","eu.esdihumboldt.hale.io.jdbc.test.constraints.factory.GeometryMetadataFactoryTest","eu.esdihumboldt.hale.io.jdbc.test.constraints.factory.GeometryMetadataFactoryTest","testAlias"
"","115","testRegexAnalysis","","Fri Jul 10 00:43:04 UTC 2026","passed","Fri Jul 10 00:43:04 UTC 2026","","eu.esdihumboldt.cst.internal.ConceptualSchemaTransformerTest","eu.esdihumboldt.cst.internal.ConceptualSchemaTransformerTest","testRegexAnalysis"
"","70","testLoadWVAIgnoreNamespace","","Fri Jul 10 00:45:42 UTC 2026","passed","Fri Jul 10 00:45:42 UTC 2026","","eu.esdihumboldt.hale.io.gml.reader.internal.GmlInstanceCollectionTest","eu.esdihumboldt.hale.io.gml.reader.internal.GmlInstanceCollectionTest","testLoadWVAIgnoreNamespace"
"","3","testNoGeom","","Fri Jul 10 00:41:32 UTC 2026","passed","Fri Jul 10 00:41:32 UTC 2026","","eu.esdihumboldt.hale.common.schema.model.constraint.factory.type.GeometryTypeFactoryTest","eu.esdihumboldt.hale.common.schema.model.constraint.factory.type.GeometryTypeFactoryTest","testNoGeom"
"","357","testReadForceDefaultType","","Fri Jul 10 00:50:00 UTC 2026","passed","Fri Jul 10 00:50:01 UTC 2026","","eu.esdihumboldt.hale.io.json.test.JsonInstanceReaderTest","eu.esdihumboldt.hale.io.json.test.JsonInstanceReaderTest","testReadForceDefaultType"
"","73","testReadMultiSheetTypeSkipSettings","","Fri Jul 10 00:52:10 UTC 2026","passed","Fri Jul 10 00:52:10 UTC 2026","","eu.esdihumboldt.hale.io.xls.test.reader.XLSReaderTest","eu.esdihumboldt.hale.io.xls.test.reader.XLSReaderTest","testReadMultiSheetTypeSkipSettings"
"","0","testLimit2","","Fri Jul 10 00:39:25 UTC 2026","passed","Fri Jul 10 00:39:25 UTC 2026","","eu.esdihumboldt.hale.common.core.io.supplier.LookupStreamResourceTest","eu.esdihumboldt.hale.common.core.io.supplier.LookupStreamResourceTest","testLimit2"
"","21","testOverrideBindung","","Fri Jul 10 00:47:15 UTC 2026","passed","Fri Jul 10 00:47:15 UTC 2026","","eu.esdihumboldt.hale.io.groovy.snippets.GroovySnippetsTest","eu.esdihumboldt.hale.io.groovy.snippets.GroovySnippetsTest","testOverrideBindung"
"","50","testNestedObjects","","Fri Jul 10 00:53:23 UTC 2026","passed","Fri Jul 10 00:53:23 UTC 2026","","eu.esdihumboldt.util.groovy.json.JsonStreamBuilderTest","eu.esdihumboldt.util.groovy.json.JsonStreamBuilderTest","testNestedObjects"
"","23","testReadSimple","","Fri Jul 10 00:52:10 UTC 2026","passed","Fri Jul 10 00:52:10 UTC 2026","","eu.esdihumboldt.hale.io.xls.test.reader.XLSReaderTest","eu.esdihumboldt.hale.io.xls.test.reader.XLSReaderTest","testReadSimple"
"","108","testWriteMultiSchemasWithDifferentGeometryTypes","","Fri Jul 10 00:51:11 UTC 2026","passed","Fri Jul 10 00:51:12 UTC 2026","","eu.esdihumboldt.hale.io.shp.ShapefileInstanceWriterTest","eu.esdihumboldt.hale.io.shp.ShapefileInstanceWriterTest","testWriteMultiSchemasWithDifferentGeometryTypes"
"","0","testUnifyWOHoles","","Fri Jul 10 00:53:04 UTC 2026","passed","Fri Jul 10 00:53:04 UTC 2026","","eu.esdihumboldt.util.geometry.WindingOrderTest","eu.esdihumboldt.util.geometry.WindingOrderTest","testUnifyWOHoles"
"","2","testFormatter[6]","","Fri Jul 10 00:53:00 UTC 2026","passed","Fri Jul 10 00:53:00 UTC 2026","","eu.esdihumboldt.util.geometry.DecimalFormatUtilTest","eu.esdihumboldt.util.geometry.DecimalFormatUtilTest","testFormatter[6]"
"","13","testBinding","","Fri Jul 10 00:41:32 UTC 2026","passed","Fri Jul 10 00:41:32 UTC 2026","","eu.esdihumboldt.hale.common.schema.model.constraint.factory.type.ElementTypeFactoryTest","eu.esdihumboldt.hale.common.schema.model.constraint.factory.type.ElementTypeFactoryTest","testBinding"
"","5","testGeoContains","","Fri Jul 10 00:39:42 UTC 2026","passed","Fri Jul 10 00:39:42 UTC 2026","","eu.esdihumboldt.hale.common.filter.ECQLFilterTest","eu.esdihumboldt.hale.common.filter.ECQLFilterTest","testGeoContains"
"","80","testCardinalityMove","","Fri Jul 10 00:43:04 UTC 2026","passed","Fri Jul 10 00:43:04 UTC 2026","","eu.esdihumboldt.cst.internal.ConceptualSchemaTransformerTest","eu.esdihumboldt.cst.internal.ConceptualSchemaTransformerTest","testCardinalityMove"
"","2","testNested","","Fri Jul 10 00:52:56 UTC 2026","passed","Fri Jul 10 00:52:56 UTC 2026","","eu.esdihumboldt.util.config.ConfigMergerTest","eu.esdihumboldt.util.config.ConfigMergerTest","testNested"
"","58","testGetReferencesNested","","Fri Jul 10 00:39:41 UTC 2026","passed","Fri Jul 10 00:39:41 UTC 2026","","eu.esdihumboldt.hale.common.filter.CQLFilterTest","eu.esdihumboldt.hale.common.filter.CQLFilterTest","testGetReferencesNested"
"","5","testNullSchema","","Fri Jul 10 00:39:41 UTC 2026","passed","Fri Jul 10 00:39:41 UTC 2026","","eu.esdihumboldt.hale.common.filter.CQLFilterTest","eu.esdihumboldt.hale.common.filter.CQLFilterTest","testNullSchema"
"","2","testBooleanProperty","","Fri Jul 10 00:50:01 UTC 2026","passed","Fri Jul 10 00:50:01 UTC 2026","","eu.esdihumboldt.hale.io.json.test.JsonSchemaReaderTest","eu.esdihumboldt.hale.io.json.test.JsonSchemaReaderTest","testBooleanProperty"
"","7","testSKOSFromRDF4_language_nl","","Fri Jul 10 00:44:28 UTC 2026","passed","Fri Jul 10 00:44:28 UTC 2026","","eu.esdihumboldt.hale.io.codelist.skos.test.SkosCodeListTest","eu.esdihumboldt.hale.io.codelist.skos.test.SkosCodeListTest","testSKOSFromRDF4_language_nl"
"","399","testGeometryPrimitive_32_MultiLineString_Curve1","","Fri Jul 10 00:46:50 UTC 2026","passed","Fri Jul 10 00:46:50 UTC 2026","","eu.esdihumboldt.hale.io.gml.writer.internal.StreamGmlWriterTest","eu.esdihumboldt.hale.io.gml.writer.internal.StreamGmlWriterTest","testGeometryPrimitive_32_MultiLineString_Curve1"
"","37464","testReferenceWriting","","Fri Jul 10 00:48:05 UTC 2026","passed","Fri Jul 10 00:48:42 UTC 2026","","eu.esdihumboldt.hale.io.jdbc.postgresql.test.AutoGenKeyReferenceIT","eu.esdihumboldt.hale.io.jdbc.postgresql.test.AutoGenKeyReferenceIT","testReferenceWriting"
"","135","testReadMultiSheetDetectType","","Fri Jul 10 00:52:09 UTC 2026","passed","Fri Jul 10 00:52:09 UTC 2026","","eu.esdihumboldt.hale.io.xls.test.reader.XLSReaderTest","eu.esdihumboldt.hale.io.xls.test.reader.XLSReaderTest","testReadMultiSheetDetectType"
"","0","testUnifyCCWSimple","","Fri Jul 10 00:53:04 UTC 2026","passed","Fri Jul 10 00:53:04 UTC 2026","","eu.esdihumboldt.util.geometry.WindingOrderTest","eu.esdihumboldt.util.geometry.WindingOrderTest","testUnifyCCWSimple"
"","133","testClassification2","","Fri Jul 10 00:43:02 UTC 2026","passed","Fri Jul 10 00:43:02 UTC 2026","","eu.esdihumboldt.cst.internal.ConceptualSchemaTransformerTest","eu.esdihumboldt.cst.internal.ConceptualSchemaTransformerTest","testClassification2"
"","49","testWriteSimpleSchemaColOrder","","Fri Jul 10 00:52:13 UTC 2026","passed","Fri Jul 10 00:52:13 UTC 2026","","eu.esdihumboldt.hale.io.xls.test.writer.XLSInstanceWriterTest","eu.esdihumboldt.hale.io.xls.test.writer.XLSInstanceWriterTest","testWriteSimpleSchemaColOrder"
"","0","testJarURI","","Fri Jul 10 00:52:30 UTC 2026","passed","Fri Jul 10 00:52:30 UTC 2026","","eu.esdihumboldt.hale.io.xsd.reader.HumboldtURIResolverTest","eu.esdihumboldt.hale.io.xsd.reader.HumboldtURIResolverTest","testJarURI"
"","3","testStringBetween","","Fri Jul 10 00:39:42 UTC 2026","passed","Fri Jul 10 00:39:42 UTC 2026","","eu.esdihumboldt.hale.common.filter.ECQLFilterTest","eu.esdihumboldt.hale.common.filter.ECQLFilterTest","testStringBetween"
"","0","testGeometry_2_MultiLineString","","Fri Jul 10 00:46:49 UTC 2026","skipped","Fri Jul 10 00:46:49 UTC 2026","","eu.esdihumboldt.hale.io.gml.writer.internal.StreamGmlWriterTest","eu.esdihumboldt.hale.io.gml.writer.internal.StreamGmlWriterTest","testGeometry_2_MultiLineString"
"","1","testDisabled","","Fri Jul 10 00:41:32 UTC 2026","passed","Fri Jul 10 00:41:32 UTC 2026","","eu.esdihumboldt.hale.common.schema.model.constraint.factory.property.NillableFlagFactoryTest","eu.esdihumboldt.hale.common.schema.model.constraint.factory.property.NillableFlagFactoryTest","testDisabled"
"","16","testSimpleSchemaNames","","Fri Jul 10 00:41:50 UTC 2026","passed","Fri Jul 10 00:41:50 UTC 2026","","eu.esdihumboldt.hale.common.schema.groovy.SchemaBuilderTest","eu.esdihumboldt.hale.common.schema.groovy.SchemaBuilderTest","testSimpleSchemaNames"
"","11152","testFromWKT","","Fri Jul 10 00:43:26 UTC 2026","passed","Fri Jul 10 00:43:37 UTC 2026","","eu.esdihumboldt.cst.functions.geometric.test.CRSHelperFunctionsTest","eu.esdihumboldt.cst.functions.geometric.test.CRSHelperFunctionsTest","testFromWKT"
"","727","testInspireCodespaceAutoAdd","","Fri Jul 10 00:46:39 UTC 2026","passed","Fri Jul 10 00:46:40 UTC 2026","","eu.esdihumboldt.hale.io.gml.writer.internal.StreamGmlWriter2Test","eu.esdihumboldt.hale.io.gml.writer.internal.StreamGmlWriter2Test","testInspireCodespaceAutoAdd"
"","81","testWriteSimpleSchemaWithByteArrayOutputStream","","Fri Jul 10 00:44:55 UTC 2026","passed","Fri Jul 10 00:44:55 UTC 2026","","eu.esdihumboldt.hale.io.csv.writer.CSVInstanceWriterTest","eu.esdihumboldt.hale.io.csv.writer.CSVInstanceWriterTest","testWriteSimpleSchemaWithByteArrayOutputStream"
"","44","testWriteBigNumbers","","Fri Jul 10 00:45:29 UTC 2026","passed","Fri Jul 10 00:45:29 UTC 2026","","eu.esdihumboldt.hale.io.geopackage.GeopackageInstanceWriterTest","eu.esdihumboldt.hale.io.geopackage.GeopackageInstanceWriterTest","testWriteBigNumbers"
"","9125","testDimensionRule","","Fri Jul 10 00:50:16 UTC 2026","passed","Fri Jul 10 00:50:25 UTC 2026","","eu.esdihumboldt.hale.io.schematron.SchematronInstanceValidatorTest","eu.esdihumboldt.hale.io.schematron.SchematronInstanceValidatorTest","testDimensionRule"
"","45","testWriteMultipleGeometries","","Fri Jul 10 00:51:11 UTC 2026","passed","Fri Jul 10 00:51:11 UTC 2026","","eu.esdihumboldt.hale.io.shp.ShapefileInstanceWriterTest","eu.esdihumboldt.hale.io.shp.ShapefileInstanceWriterTest","testWriteMultipleGeometries"
"","6","testByPoints3","","Fri Jul 10 00:53:05 UTC 2026","passed","Fri Jul 10 00:53:05 UTC 2026","","eu.esdihumboldt.util.geometry.interpolation.split.SplitInterpolationTest","eu.esdihumboldt.util.geometry.interpolation.split.SplitInterpolationTest","testByPoints3"
"","1","testFormatter[2]","","Fri Jul 10 00:53:00 UTC 2026","passed","Fri Jul 10 00:53:00 UTC 2026","","eu.esdihumboldt.util.geometry.DecimalFormatUtilTest","eu.esdihumboldt.util.geometry.DecimalFormatUtilTest","testFormatter[2]"
"","15836","testTypeFilter2Property","","Fri Jul 10 00:38:20 UTC 2026","passed","Fri Jul 10 00:38:36 UTC 2026","","eu.esdihumboldt.hale.common.align.merge.test.impl.DefaultMergeCellMigratorTest","eu.esdihumboldt.hale.common.align.merge.test.impl.DefaultMergeCellMigratorTest","testTypeFilter2Property"
"","673","testRequestNoCache","","Fri Jul 10 00:38:52 UTC 2026","passed","Fri Jul 10 00:38:53 UTC 2026","","eu.esdihumboldt.hale.common.cache.RequestTest","eu.esdihumboldt.hale.common.cache.RequestTest","testRequestNoCache"
"","0","testAschemaReader","","Fri Jul 10 00:47:59 UTC 2026","skipped","Fri Jul 10 00:47:59 UTC 2026","","eu.esdihumboldt.hale.io.jdbc.mssql.test.MsSQLServer14Test","eu.esdihumboldt.hale.io.jdbc.mssql.test.MsSQLServer14Test","testAschemaReader"
"","162","testNonNullValuesUnaffectedByNullEntry","","Fri Jul 10 00:40:56 UTC 2026","passed","Fri Jul 10 00:40:56 UTC 2026","","eu.esdihumboldt.hale.common.lookup.impl.LookupTableImplTest","eu.esdihumboldt.hale.common.lookup.impl.LookupTableImplTest","testNonNullValuesUnaffectedByNullEntry"
"","0","testInstanceValueExistsSchema","","Fri Jul 10 00:39:42 UTC 2026","skipped","Fri Jul 10 00:39:42 UTC 2026","","eu.esdihumboldt.hale.common.filter.ECQLFilterTest","eu.esdihumboldt.hale.common.filter.ECQLFilterTest","testInstanceValueExistsSchema"
"","278","testGroovy2","","Fri Jul 10 00:42:53 UTC 2026","passed","Fri Jul 10 00:42:53 UTC 2026","","eu.esdihumboldt.cst.internal.ConceptualSchemaTransformerTest","eu.esdihumboldt.cst.internal.ConceptualSchemaTransformerTest","testGroovy2"
"","5","testSchemaLessInstance","","Fri Jul 10 00:40:35 UTC 2026","passed","Fri Jul 10 00:40:35 UTC 2026","","eu.esdihumboldt.hale.common.instance.groovy.InstanceBuilderTest","eu.esdihumboldt.hale.common.instance.groovy.InstanceBuilderTest","testSchemaLessInstance"
"","1","testStreetOuter","","Fri Jul 10 00:43:41 UTC 2026","passed","Fri Jul 10 00:43:41 UTC 2026","","eu.esdihumboldt.cst.functions.geometric.test.InteriorPointTest","eu.esdihumboldt.cst.functions.geometric.test.InteriorPointTest","testStreetOuter"
"","7","testComplexStructureFromTheGuardianTypeSafe","","Fri Jul 10 00:53:23 UTC 2026","passed","Fri Jul 10 00:53:23 UTC 2026","","eu.esdihumboldt.util.groovy.json.JsonStreamBuilderTest","eu.esdihumboldt.util.groovy.json.JsonStreamBuilderTest","testComplexStructureFromTheGuardianTypeSafe"
"","8","testLikeList","","Fri Jul 10 00:39:42 UTC 2026","passed","Fri Jul 10 00:39:42 UTC 2026","","eu.esdihumboldt.hale.common.filter.CQLFilterTest","eu.esdihumboldt.hale.common.filter.CQLFilterTest","testLikeList"
"","1","testDisabled","","Fri Jul 10 00:41:32 UTC 2026","passed","Fri Jul 10 00:41:32 UTC 2026","","eu.esdihumboldt.hale.common.schema.model.constraint.factory.type.MappingRelevantFlagFactoryTest","eu.esdihumboldt.hale.common.schema.model.constraint.factory.type.MappingRelevantFlagFactoryTest","testDisabled"
"","228","testTypeFilter3Present","","Fri Jul 10 00:38:39 UTC 2026","passed","Fri Jul 10 00:38:39 UTC 2026","","eu.esdihumboldt.hale.common.align.merge.test.impl.DefaultMergeCellMigratorTest","eu.esdihumboldt.hale.common.align.merge.test.impl.DefaultMergeCellMigratorTest","testTypeFilter3Present"
"","0","testGroup","","Fri Jul 10 00:42:49 UTC 2026","skipped","Fri Jul 10 00:42:49 UTC 2026","","eu.esdihumboldt.cst.internal.ConceptualSchemaTransformerTest","eu.esdihumboldt.cst.internal.ConceptualSchemaTransformerTest","testGroup"
"","7","testReadSimple","","Fri Jul 10 00:44:41 UTC 2026","passed","Fri Jul 10 00:44:41 UTC 2026","","eu.esdihumboldt.hale.io.csv.CSVInstanceReaderTest","eu.esdihumboldt.hale.io.csv.CSVInstanceReaderTest","testReadSimple"
"","161","testGroovyWarningScript","","Fri Jul 10 00:38:42 UTC 2026","passed","Fri Jul 10 00:38:42 UTC 2026","","eu.esdihumboldt.hale.common.align.merge.test.impl.DefaultMergeCellMigratorTest","eu.esdihumboldt.hale.common.align.merge.test.impl.DefaultMergeCellMigratorTest","testGroovyWarningScript"
"","4","testNumberString","","Fri Jul 10 00:39:42 UTC 2026","passed","Fri Jul 10 00:39:42 UTC 2026","","eu.esdihumboldt.hale.common.filter.ECQLFilterTest","eu.esdihumboldt.hale.common.filter.ECQLFilterTest","testNumberString"
"","438","testGeometryPrimitive_32_MultiPolygon_WindingOrder_CCW","","Fri Jul 10 00:46:53 UTC 2026","passed","Fri Jul 10 00:46:53 UTC 2026","","eu.esdihumboldt.hale.io.gml.writer.internal.StreamGmlWriterTest","eu.esdihumboldt.hale.io.gml.writer.internal.StreamGmlWriterTest","testGeometryPrimitive_32_MultiPolygon_WindingOrder_CCW"
"","2175","testLoadChoice","","Fri Jul 10 00:45:35 UTC 2026","passed","Fri Jul 10 00:45:37 UTC 2026","","eu.esdihumboldt.hale.io.gml.reader.internal.GmlInstanceCollectionTest","eu.esdihumboldt.hale.io.gml.reader.internal.GmlInstanceCollectionTest","testLoadChoice"
"","77","testBaseAlignmentSaveLoad","","Fri Jul 10 00:37:55 UTC 2026","passed","Fri Jul 10 00:37:55 UTC 2026","","eu.esdihumboldt.hale.common.align.io.JaxbAlignmentIOTest","eu.esdihumboldt.hale.common.align.io.JaxbAlignmentIOTest","testBaseAlignmentSaveLoad"
"","260","testTypeFilter5","","Fri Jul 10 00:38:40 UTC 2026","passed","Fri Jul 10 00:38:40 UTC 2026","","eu.esdihumboldt.hale.common.align.merge.test.impl.DefaultMergeCellMigratorTest","eu.esdihumboldt.hale.common.align.merge.test.impl.DefaultMergeCellMigratorTest","testTypeFilter5"
"","1","testFormatter[10]","","Fri Jul 10 00:53:00 UTC 2026","passed","Fri Jul 10 00:53:00 UTC 2026","","eu.esdihumboldt.util.geometry.DecimalFormatUtilTest","eu.esdihumboldt.util.geometry.DecimalFormatUtilTest","testFormatter[10]"
"","0","testBeforeList","","Fri Jul 10 00:39:41 UTC 2026","skipped","Fri Jul 10 00:39:41 UTC 2026","","eu.esdihumboldt.hale.common.filter.CQLFilterTest","eu.esdihumboldt.hale.common.filter.CQLFilterTest","testBeforeList"
"","0","testCRSFlipped","","Fri Jul 10 00:53:04 UTC 2026","passed","Fri Jul 10 00:53:04 UTC 2026","","eu.esdihumboldt.util.geometry.WindingOrderTest","eu.esdihumboldt.util.geometry.WindingOrderTest","testCRSFlipped"
"","0","testTimeEqualsList","","Fri Jul 10 00:39:42 UTC 2026","skipped","Fri Jul 10 00:39:42 UTC 2026","","eu.esdihumboldt.hale.common.filter.ECQLFilterTest","eu.esdihumboldt.hale.common.filter.ECQLFilterTest","testTimeEqualsList"
"","354","testMatchCondition1","","Fri Jul 10 00:38:37 UTC 2026","passed","Fri Jul 10 00:38:37 UTC 2026","","eu.esdihumboldt.hale.common.align.merge.test.impl.DefaultMergeCellMigratorTest","eu.esdihumboldt.hale.common.align.merge.test.impl.DefaultMergeCellMigratorTest","testMatchCondition1"
"","5","testByPoints2","","Fri Jul 10 00:53:05 UTC 2026","passed","Fri Jul 10 00:53:05 UTC 2026","","eu.esdihumboldt.util.geometry.interpolation.grid.GridInterpolationTest","eu.esdihumboldt.util.geometry.interpolation.grid.GridInterpolationTest","testByPoints2"
"","3","testCircle1","","Fri Jul 10 00:53:05 UTC 2026","passed","Fri Jul 10 00:53:05 UTC 2026","","eu.esdihumboldt.util.geometry.interpolation.model.impl.ArcByCenterPointImplTest","eu.esdihumboldt.util.geometry.interpolation.model.impl.ArcByCenterPointImplTest","testCircle1"
"","11","testGeoJsonSimpleMoreThan_14","","Fri Jul 10 00:49:59 UTC 2026","passed","Fri Jul 10 00:49:59 UTC 2026","","eu.esdihumboldt.hale.io.json.test.InstanceToJsonTest","eu.esdihumboldt.hale.io.json.test.InstanceToJsonTest","testGeoJsonSimpleMoreThan_14"
"","27","testRead_shiporder_unqualified","","Fri Jul 10 00:52:32 UTC 2026","passed","Fri Jul 10 00:52:32 UTC 2026","","eu.esdihumboldt.hale.io.xsd.reader.XmlSchemaReaderTest","eu.esdihumboldt.hale.io.xsd.reader.XmlSchemaReaderTest","testRead_shiporder_unqualified"
"","43","testRead_shiporder_types_reverse","","Fri Jul 10 00:52:32 UTC 2026","passed","Fri Jul 10 00:52:32 UTC 2026","","eu.esdihumboldt.hale.io.xsd.reader.XmlSchemaReaderTest","eu.esdihumboldt.hale.io.xsd.reader.XmlSchemaReaderTest","testRead_shiporder_types_reverse"
"","213","testTypeFilter2","","Fri Jul 10 00:38:39 UTC 2026","passed","Fri Jul 10 00:38:40 UTC 2026","","eu.esdihumboldt.hale.common.align.merge.test.impl.DefaultMergeCellMigratorTest","eu.esdihumboldt.hale.common.align.merge.test.impl.DefaultMergeCellMigratorTest","testTypeFilter2"
"","0","testBeforeList","","Fri Jul 10 00:39:42 UTC 2026","skipped","Fri Jul 10 00:39:42 UTC 2026","","eu.esdihumboldt.hale.common.filter.ECQLFilterTest","eu.esdihumboldt.hale.common.filter.ECQLFilterTest","testBeforeList"
"","24","testBackwardCompatibilityRead","","Fri Jul 10 00:52:10 UTC 2026","passed","Fri Jul 10 00:52:10 UTC 2026","","eu.esdihumboldt.hale.io.xls.test.reader.XLSReaderTest","eu.esdihumboldt.hale.io.xls.test.reader.XLSReaderTest","testBackwardCompatibilityRead"
"","1","testReverseSkipsNullValues","","Fri Jul 10 00:40:57 UTC 2026","passed","Fri Jul 10 00:40:57 UTC 2026","","eu.esdihumboldt.hale.common.lookup.impl.LookupTableImplTest","eu.esdihumboldt.hale.common.lookup.impl.LookupTableImplTest","testReverseSkipsNullValues"
"","0","testSample1","","Fri Jul 10 00:53:05 UTC 2026","passed","Fri Jul 10 00:53:05 UTC 2026","","eu.esdihumboldt.util.geometry.interpolation.grid.GridUtilTest","eu.esdihumboldt.util.geometry.interpolation.grid.GridUtilTest","testSample1"
"","165","testNotes2","","Fri Jul 10 00:38:42 UTC 2026","passed","Fri Jul 10 00:38:42 UTC 2026","","eu.esdihumboldt.hale.common.align.merge.test.impl.DefaultMergeCellMigratorTest","eu.esdihumboldt.hale.common.align.merge.test.impl.DefaultMergeCellMigratorTest","testNotes2"
"","2","testFixed","","Fri Jul 10 00:41:50 UTC 2026","passed","Fri Jul 10 00:41:50 UTC 2026","","eu.esdihumboldt.hale.common.schema.groovy.constraints.CardinalityFactoryTest","eu.esdihumboldt.hale.common.schema.groovy.constraints.CardinalityFactoryTest","testFixed"
"","9","testTimeEquals","","Fri Jul 10 00:39:41 UTC 2026","passed","Fri Jul 10 00:39:41 UTC 2026","","eu.esdihumboldt.hale.common.filter.CQLFilterTest","eu.esdihumboldt.hale.common.filter.CQLFilterTest","testTimeEquals"
"","1","testMerge5","","Fri Jul 10 00:39:25 UTC 2026","passed","Fri Jul 10 00:39:25 UTC 2026","","eu.esdihumboldt.hale.common.core.report.util.StatsMergeTest","eu.esdihumboldt.hale.common.core.report.util.StatsMergeTest","testMerge5"
"","95","simpleSchemaTestECQL","","Fri Jul 10 00:39:45 UTC 2026","passed","Fri Jul 10 00:39:45 UTC 2026","","eu.esdihumboldt.hale.common.filter.FilterTest","eu.esdihumboldt.hale.common.filter.FilterTest","simpleSchemaTestECQL"
"","5","testByPoints3","","Fri Jul 10 00:53:05 UTC 2026","passed","Fri Jul 10 00:53:05 UTC 2026","","eu.esdihumboldt.util.geometry.interpolation.grid.GridInterpolationTest","eu.esdihumboldt.util.geometry.interpolation.grid.GridInterpolationTest","testByPoints3"
"","2","testListAndValue","","Fri Jul 10 00:52:56 UTC 2026","passed","Fri Jul 10 00:52:56 UTC 2026","","eu.esdihumboldt.util.config.ConfigMergerTest","eu.esdihumboldt.util.config.ConfigMergerTest","testListAndValue"
"","8235","testDataTypes","","Fri Jul 10 00:49:10 UTC 2026","passed","Fri Jul 10 00:49:18 UTC 2026","","eu.esdihumboldt.hale.io.jdbc.postgresql.test.PostDataTypesIT","eu.esdihumboldt.hale.io.jdbc.postgresql.test.PostDataTypesIT","testDataTypes"
"","1621","testConvertJson2PB","","Fri Jul 10 00:50:05 UTC 2026","passed","Fri Jul 10 00:50:07 UTC 2026","","eu.esdihumboldt.hale.io.pb.test.ProtocolBufferInstanceWriterTest","eu.esdihumboldt.hale.io.pb.test.ProtocolBufferInstanceWriterTest","testConvertJson2PB"
"","418","testGeometryPrimitive_32_Curve_LineString","","Fri Jul 10 00:46:42 UTC 2026","passed","Fri Jul 10 00:46:42 UTC 2026","","eu.esdihumboldt.hale.io.gml.writer.internal.StreamGmlWriter2Test","eu.esdihumboldt.hale.io.gml.writer.internal.StreamGmlWriter2Test","testGeometryPrimitive_32_Curve_LineString"
"","1","testStreetHole","","Fri Jul 10 00:43:41 UTC 2026","passed","Fri Jul 10 00:43:41 UTC 2026","","eu.esdihumboldt.cst.functions.geometric.test.InteriorPointTest","eu.esdihumboldt.cst.functions.geometric.test.InteriorPointTest","testStreetHole"
"","18153","testReadShapeInstances","","Fri Jul 10 00:50:32 UTC 2026","passed","Fri Jul 10 00:50:50 UTC 2026","","eu.esdihumboldt.hale.io.shp.ShapeInstanceReaderTest","eu.esdihumboldt.hale.io.shp.ShapeInstanceReaderTest","testReadShapeInstances"
"","362","testSchema","","Fri Jul 10 00:40:35 UTC 2026","passed","Fri Jul 10 00:40:35 UTC 2026","","eu.esdihumboldt.hale.common.instance.groovy.InstanceAccessorTest","eu.esdihumboldt.hale.common.instance.groovy.InstanceAccessorTest","testSchema"
"","2","testCircle","","Fri Jul 10 00:53:05 UTC 2026","passed","Fri Jul 10 00:53:05 UTC 2026","","eu.esdihumboldt.util.geometry.interpolation.model.impl.ArcByPointsImplTest","eu.esdihumboldt.util.geometry.interpolation.model.impl.ArcByPointsImplTest","testCircle"
"","661","testWfsPaginationInstanceContent","","Fri Jul 10 00:46:31 UTC 2026","passed","Fri Jul 10 00:46:32 UTC 2026","","eu.esdihumboldt.hale.io.gml.reader.internal.StreamGmlReaderTest","eu.esdihumboldt.hale.io.gml.reader.internal.StreamGmlReaderTest","testWfsPaginationInstanceContent"
"","955","testReadXsdInstancesTypenameWithNamespace","","Fri Jul 10 00:51:05 UTC 2026","passed","Fri Jul 10 00:51:06 UTC 2026","","eu.esdihumboldt.hale.io.shp.ShapeInstanceReaderTest","eu.esdihumboldt.hale.io.shp.ShapeInstanceReaderTest","testReadXsdInstancesTypenameWithNamespace"
"","573","testJoin","","Fri Jul 10 00:42:51 UTC 2026","passed","Fri Jul 10 00:42:51 UTC 2026","","eu.esdihumboldt.cst.internal.ConceptualSchemaTransformerTest","eu.esdihumboldt.cst.internal.ConceptualSchemaTransformerTest","testJoin"
"","7","testReadSingleObject","","Fri Jul 10 00:50:00 UTC 2026","passed","Fri Jul 10 00:50:00 UTC 2026","","eu.esdihumboldt.hale.io.json.test.JsonInstanceCollectionTest","eu.esdihumboldt.hale.io.json.test.JsonInstanceCollectionTest","testReadSingleObject"
"","2411","testInspireCodespaceAutoAddDefault","","Fri Jul 10 00:46:35 UTC 2026","passed","Fri Jul 10 00:46:38 UTC 2026","","eu.esdihumboldt.hale.io.gml.writer.internal.StreamGmlWriter2Test","eu.esdihumboldt.hale.io.gml.writer.internal.StreamGmlWriter2Test","testInspireCodespaceAutoAddDefault"
"","1","testFormatter[7]","","Fri Jul 10 00:53:00 UTC 2026","passed","Fri Jul 10 00:53:00 UTC 2026","","eu.esdihumboldt.util.geometry.DecimalFormatUtilTest","eu.esdihumboldt.util.geometry.DecimalFormatUtilTest","testFormatter[7]"
"","2443","testCellDisableSaveLoad","","Fri Jul 10 00:37:41 UTC 2026","passed","Fri Jul 10 00:37:44 UTC 2026","","eu.esdihumboldt.hale.common.align.io.CastorAlignmentIOTest","eu.esdihumboldt.hale.common.align.io.CastorAlignmentIOTest","testCellDisableSaveLoad"
"","0","testGeoCross","","Fri Jul 10 00:39:42 UTC 2026","skipped","Fri Jul 10 00:39:42 UTC 2026","","eu.esdihumboldt.hale.common.filter.ECQLFilterTest","eu.esdihumboldt.hale.common.filter.ECQLFilterTest","testGeoCross"
"","1","testDefault","","Fri Jul 10 00:41:32 UTC 2026","passed","Fri Jul 10 00:41:32 UTC 2026","","eu.esdihumboldt.hale.common.schema.model.constraint.factory.type.MappableFlagFactoryTest","eu.esdihumboldt.hale.common.schema.model.constraint.factory.type.MappableFlagFactoryTest","testDefault"
"","9","testDuring","","Fri Jul 10 00:39:42 UTC 2026","passed","Fri Jul 10 00:39:42 UTC 2026","","eu.esdihumboldt.hale.common.filter.CQLFilterTest","eu.esdihumboldt.hale.common.filter.CQLFilterTest","testDuring"
"","447","testToFrom","","Fri Jul 10 00:37:55 UTC 2026","passed","Fri Jul 10 00:37:55 UTC 2026","","eu.esdihumboldt.hale.common.align.model.functions.join.JoinParameterTest","eu.esdihumboldt.hale.common.align.model.functions.join.JoinParameterTest","testToFrom"
"","9","testComplexStructureFromTheGuardian","","Fri Jul 10 00:53:23 UTC 2026","passed","Fri Jul 10 00:53:23 UTC 2026","","eu.esdihumboldt.util.groovy.json.JsonStreamBuilderTest","eu.esdihumboldt.util.groovy.json.JsonStreamBuilderTest","testComplexStructureFromTheGuardian"
"","7","testReadInteger","","Fri Jul 10 00:50:01 UTC 2026","passed","Fri Jul 10 00:50:01 UTC 2026","","eu.esdihumboldt.hale.io.json.test.JsonToInstanceTest","eu.esdihumboldt.hale.io.json.test.JsonToInstanceTest","testReadInteger"
"","5","testDuring","","Fri Jul 10 00:39:42 UTC 2026","passed","Fri Jul 10 00:39:42 UTC 2026","","eu.esdihumboldt.hale.common.filter.ECQLFilterTest","eu.esdihumboldt.hale.common.filter.ECQLFilterTest","testDuring"
"","1843","testCount","","Fri Jul 10 00:53:45 UTC 2026","passed","Fri Jul 10 00:53:47 UTC 2026","","eu.esdihumboldt.util.orient.embedded.BrowseClassIterateTest","eu.esdihumboldt.util.orient.embedded.BrowseClassIterateTest","testCount"
"","31","testEnabled","","Fri Jul 10 00:41:32 UTC 2026","passed","Fri Jul 10 00:41:32 UTC 2026","","eu.esdihumboldt.hale.common.schema.model.constraint.factory.property.ChoiceFlagFactoryTest","eu.esdihumboldt.hale.common.schema.model.constraint.factory.property.ChoiceFlagFactoryTest","testEnabled"
"","12","testGeoJsonSimple_7_andLess","","Fri Jul 10 00:49:59 UTC 2026","passed","Fri Jul 10 00:49:59 UTC 2026","","eu.esdihumboldt.hale.io.json.test.InstanceToJsonTest","eu.esdihumboldt.hale.io.json.test.InstanceToJsonTest","testGeoJsonSimple_7_andLess"
"","24","testCallBindung","","Fri Jul 10 00:47:15 UTC 2026","passed","Fri Jul 10 00:47:15 UTC 2026","","eu.esdihumboldt.hale.io.groovy.snippets.GroovySnippetsTest","eu.esdihumboldt.hale.io.groovy.snippets.GroovySnippetsTest","testCallBindung"
"","9540","testWriteRead","","Fri Jul 10 00:43:11 UTC 2026","passed","Fri Jul 10 00:43:21 UTC 2026","","eu.esdihumboldt.cst.functions.custom.test.internal.DefaultCustomPropertyFunctionTypeTest","eu.esdihumboldt.cst.functions.custom.test.internal.DefaultCustomPropertyFunctionTypeTest","testWriteRead"
"","1","simpleFilterTestCQL","","Fri Jul 10 00:39:44 UTC 2026","passed","Fri Jul 10 00:39:44 UTC 2026","","eu.esdihumboldt.hale.common.filter.FilterTest","eu.esdihumboldt.hale.common.filter.FilterTest","simpleFilterTestCQL"
"","132","testWriteDocument","","Fri Jul 10 00:53:48 UTC 2026","passed","Fri Jul 10 00:53:48 UTC 2026","","eu.esdihumboldt.util.orient.embedded.LocalDocumentTest","eu.esdihumboldt.util.orient.embedded.LocalDocumentTest","testWriteDocument"
"","9","testDoubleObject2","","Fri Jul 10 00:53:23 UTC 2026","passed","Fri Jul 10 00:53:23 UTC 2026","","eu.esdihumboldt.util.groovy.json.JsonStreamBuilderTest","eu.esdihumboldt.util.groovy.json.JsonStreamBuilderTest","testDoubleObject2"
"","12","testRootArrayObjectNested","","Fri Jul 10 00:53:23 UTC 2026","passed","Fri Jul 10 00:53:23 UTC 2026","","eu.esdihumboldt.util.groovy.json.JsonStreamBuilderTest","eu.esdihumboldt.util.groovy.json.JsonStreamBuilderTest","testRootArrayObjectNested"
"","10","testRootArrayObjectNestedPrettyPrint","","Fri Jul 10 00:53:23 UTC 2026","passed","Fri Jul 10 00:53:23 UTC 2026","","eu.esdihumboldt.util.groovy.json.JsonStreamBuilderTest","eu.esdihumboldt.util.groovy.json.JsonStreamBuilderTest","testRootArrayObjectNestedPrettyPrint"
"","230","testLarge","","Fri Jul 10 00:53:05 UTC 2026","passed","Fri Jul 10 00:53:05 UTC 2026","","eu.esdihumboldt.util.geometry.interpolation.split.SplitInterpolationTest","eu.esdihumboldt.util.geometry.interpolation.split.SplitInterpolationTest","testLarge"
"","8","testGetReferencesSimple","","Fri Jul 10 00:39:41 UTC 2026","passed","Fri Jul 10 00:39:41 UTC 2026","","eu.esdihumboldt.hale.common.filter.CQLFilterTest","eu.esdihumboldt.hale.common.filter.CQLFilterTest","testGetReferencesSimple"
"","4","testStringLookupJson","","Fri Jul 10 00:41:07 UTC 2026","passed","Fri Jul 10 00:41:07 UTC 2026","","eu.esdihumboldt.hale.common.lookup.internal.LookupTableTypeTest","eu.esdihumboldt.hale.common.lookup.internal.LookupTableTypeTest","testStringLookupJson"
"","4","testNumberBetween","","Fri Jul 10 00:39:42 UTC 2026","passed","Fri Jul 10 00:39:42 UTC 2026","","eu.esdihumboldt.hale.common.filter.ECQLFilterTest","eu.esdihumboldt.hale.common.filter.ECQLFilterTest","testNumberBetween"
"","3","testStringCompare","","Fri Jul 10 00:39:42 UTC 2026","passed","Fri Jul 10 00:39:42 UTC 2026","","eu.esdihumboldt.hale.common.filter.ECQLFilterTest","eu.esdihumboldt.hale.common.filter.ECQLFilterTest","testStringCompare"
"","105","testPropertyCondition1","","Fri Jul 10 00:43:04 UTC 2026","passed","Fri Jul 10 00:43:04 UTC 2026","","eu.esdihumboldt.cst.internal.ConceptualSchemaTransformerTest","eu.esdihumboldt.cst.internal.ConceptualSchemaTransformerTest","testPropertyCondition1"
"","179","testTypeFilter6Present","","Fri Jul 10 00:38:40 UTC 2026","passed","Fri Jul 10 00:38:41 UTC 2026","","eu.esdihumboldt.hale.common.align.merge.test.impl.DefaultMergeCellMigratorTest","eu.esdihumboldt.hale.common.align.merge.test.impl.DefaultMergeCellMigratorTest","testTypeFilter6Present"
"","1","testSubfolder","","Fri Jul 10 00:39:13 UTC 2026","passed","Fri Jul 10 00:39:13 UTC 2026","","eu.esdihumboldt.hale.common.core.io.PathUpdateTest","eu.esdihumboldt.hale.common.core.io.PathUpdateTest","testSubfolder"
"","14762","testWriteTopoJson","","Fri Jul 10 00:51:17 UTC 2026","passed","Fri Jul 10 00:51:32 UTC 2026","","eu.esdihumboldt.hale.io.topojson.test.TopoJsonInstanceWriterTest","eu.esdihumboldt.hale.io.topojson.test.TopoJsonInstanceWriterTest","testWriteTopoJson"
"","4113","testExcludeTypeForHydro","","Fri Jul 10 00:37:13 UTC 2026","passed","Fri Jul 10 00:37:17 UTC 2026","","eu.esdihumboldt.hale.app.transform.test.ExecuteTest","eu.esdihumboldt.hale.app.transform.test.ExecuteTest","testExcludeTypeForHydro"
"","4","testJsonBuilderRawJson","","Fri Jul 10 00:53:23 UTC 2026","passed","Fri Jul 10 00:53:23 UTC 2026","","eu.esdihumboldt.util.groovy.json.JsonStreamBuilderTest","eu.esdihumboldt.util.groovy.json.JsonStreamBuilderTest","testJsonBuilderRawJson"
"","9","testReadLineString","","Fri Jul 10 00:50:01 UTC 2026","passed","Fri Jul 10 00:50:01 UTC 2026","","eu.esdihumboldt.hale.io.json.test.JsonToInstanceTest","eu.esdihumboldt.hale.io.json.test.JsonToInstanceTest","testReadLineString"
"","13","testGeoBbox","","Fri Jul 10 00:39:42 UTC 2026","passed","Fri Jul 10 00:39:42 UTC 2026","","eu.esdihumboldt.hale.common.filter.ECQLFilterTest","eu.esdihumboldt.hale.common.filter.ECQLFilterTest","testGeoBbox"
"","4","testNumber","","Fri Jul 10 00:39:42 UTC 2026","passed","Fri Jul 10 00:39:42 UTC 2026","","eu.esdihumboldt.hale.common.filter.ECQLFilterTest","eu.esdihumboldt.hale.common.filter.ECQLFilterTest","testNumber"
"","82","testDupeAssign","","Fri Jul 10 00:43:03 UTC 2026","passed","Fri Jul 10 00:43:03 UTC 2026","","eu.esdihumboldt.cst.internal.ConceptualSchemaTransformerTest","eu.esdihumboldt.cst.internal.ConceptualSchemaTransformerTest","testDupeAssign"
"","40","testSKOSFromRDF4_language_de","","Fri Jul 10 00:44:28 UTC 2026","passed","Fri Jul 10 00:44:28 UTC 2026","","eu.esdihumboldt.hale.io.codelist.skos.test.SkosCodeListTest","eu.esdihumboldt.hale.io.codelist.skos.test.SkosCodeListTest","testSKOSFromRDF4_language_de"
"","87","testWriteReadBoolean","","Fri Jul 10 00:45:28 UTC 2026","passed","Fri Jul 10 00:45:28 UTC 2026","","eu.esdihumboldt.hale.io.geopackage.GeopackageInstanceWriterTest","eu.esdihumboldt.hale.io.geopackage.GeopackageInstanceWriterTest","testWriteReadBoolean"
"","189","testMultiResult1","","Fri Jul 10 00:42:53 UTC 2026","passed","Fri Jul 10 00:42:54 UTC 2026","","eu.esdihumboldt.cst.internal.ConceptualSchemaTransformerTest","eu.esdihumboldt.cst.internal.ConceptualSchemaTransformerTest","testMultiResult1"
"","3","testCCW1","","Fri Jul 10 00:53:05 UTC 2026","passed","Fri Jul 10 00:53:05 UTC 2026","","eu.esdihumboldt.util.geometry.interpolation.model.impl.ArcByCenterPointImplTest","eu.esdihumboldt.util.geometry.interpolation.model.impl.ArcByCenterPointImplTest","testCCW1"
"","4","testDoesNotExistSchema","","Fri Jul 10 00:39:42 UTC 2026","passed","Fri Jul 10 00:39:42 UTC 2026","","eu.esdihumboldt.hale.common.filter.ECQLFilterTest","eu.esdihumboldt.hale.common.filter.ECQLFilterTest","testDoesNotExistSchema"
"","21","testReadSchema","","Fri Jul 10 00:45:29 UTC 2026","passed","Fri Jul 10 00:45:29 UTC 2026","","eu.esdihumboldt.hale.io.geopackage.GeopackageSchemaReaderTest","eu.esdihumboldt.hale.io.geopackage.GeopackageSchemaReaderTest","testReadSchema"
"","5","testReadString","","Fri Jul 10 00:50:01 UTC 2026","passed","Fri Jul 10 00:50:01 UTC 2026","","eu.esdihumboldt.hale.io.json.test.JsonToInstanceTest","eu.esdihumboldt.hale.io.json.test.JsonToInstanceTest","testReadString"
"","1343","testLoadShiporderWrapped","","Fri Jul 10 00:39:55 UTC 2026","passed","Fri Jul 10 00:39:57 UTC 2026","","eu.esdihumboldt.hale.common.instance.helper.PropertyResolverTest","eu.esdihumboldt.hale.common.instance.helper.PropertyResolverTest","testLoadShiporderWrapped"
"","4","testNested","","Fri Jul 10 00:50:01 UTC 2026","passed","Fri Jul 10 00:50:01 UTC 2026","","eu.esdihumboldt.hale.io.json.test.JsonSchemaReaderTest","eu.esdihumboldt.hale.io.json.test.JsonSchemaReaderTest","testNested"
"","75","testWriteSimpleSchemaColOrder","","Fri Jul 10 00:44:55 UTC 2026","passed","Fri Jul 10 00:44:55 UTC 2026","","eu.esdihumboldt.hale.io.csv.writer.CSVInstanceWriterTest","eu.esdihumboldt.hale.io.csv.writer.CSVInstanceWriterTest","testWriteSimpleSchemaColOrder"
"","36","testGroup","","Fri Jul 10 00:41:50 UTC 2026","passed","Fri Jul 10 00:41:50 UTC 2026","","eu.esdihumboldt.hale.common.schema.groovy.SchemaBuilderTest","eu.esdihumboldt.hale.common.schema.groovy.SchemaBuilderTest","testGroup"
"","0","testText","","Fri Jul 10 00:41:50 UTC 2026","passed","Fri Jul 10 00:41:50 UTC 2026","","eu.esdihumboldt.hale.common.schema.groovy.constraints.CardinalityFactoryTest","eu.esdihumboldt.hale.common.schema.groovy.constraints.CardinalityFactoryTest","testText"
"","45","testWriteVersion3","","Fri Jul 10 00:49:39 UTC 2026","passed","Fri Jul 10 00:49:39 UTC 2026","","eu.esdihumboldt.hale.io.jdbc.spatialite.writer.internal.SpatiaLiteInstanceWriterTest","eu.esdihumboldt.hale.io.jdbc.spatialite.writer.internal.SpatiaLiteInstanceWriterTest","testWriteVersion3"
"","4","test90Deegrees","","Fri Jul 10 00:53:05 UTC 2026","passed","Fri Jul 10 00:53:05 UTC 2026","","eu.esdihumboldt.util.geometry.interpolation.grid.GridInterpolationTest","eu.esdihumboldt.util.geometry.interpolation.grid.GridInterpolationTest","test90Deegrees"
"","7","testMerge4","","Fri Jul 10 00:39:25 UTC 2026","passed","Fri Jul 10 00:39:25 UTC 2026","","eu.esdihumboldt.hale.common.core.report.util.StatsMergeTest","eu.esdihumboldt.hale.common.core.report.util.StatsMergeTest","testMerge4"
"","2","testUnifyMultiPolygon","","Fri Jul 10 00:53:04 UTC 2026","passed","Fri Jul 10 00:53:04 UTC 2026","","eu.esdihumboldt.util.geometry.WindingOrderTest","eu.esdihumboldt.util.geometry.WindingOrderTest","testUnifyMultiPolygon"
"","845","testWfsPaginationPageSizeEqualsTotal","","Fri Jul 10 00:46:30 UTC 2026","passed","Fri Jul 10 00:46:31 UTC 2026","","eu.esdihumboldt.hale.io.gml.reader.internal.StreamGmlReaderTest","eu.esdihumboldt.hale.io.gml.reader.internal.StreamGmlReaderTest","testWfsPaginationPageSizeEqualsTotal"
"","5","testNumberString","","Fri Jul 10 00:39:42 UTC 2026","passed","Fri Jul 10 00:39:42 UTC 2026","","eu.esdihumboldt.hale.common.filter.CQLFilterTest","eu.esdihumboldt.hale.common.filter.CQLFilterTest","testNumberString"
"","108","testCardinalityMerge_1","","Fri Jul 10 00:43:02 UTC 2026","passed","Fri Jul 10 00:43:02 UTC 2026","","eu.esdihumboldt.cst.internal.ConceptualSchemaTransformerTest","eu.esdihumboldt.cst.internal.ConceptualSchemaTransformerTest","testCardinalityMerge_1"
"","1","testDefault","","Fri Jul 10 00:41:32 UTC 2026","passed","Fri Jul 10 00:41:32 UTC 2026","","eu.esdihumboldt.hale.common.schema.model.constraint.factory.type.AbstractFlagFactoryTest","eu.esdihumboldt.hale.common.schema.model.constraint.factory.type.AbstractFlagFactoryTest","testDefault"
"","5","testDescriptions","","Fri Jul 10 00:41:50 UTC 2026","passed","Fri Jul 10 00:41:50 UTC 2026","","eu.esdihumboldt.hale.common.schema.groovy.SchemaBuilderTest","eu.esdihumboldt.hale.common.schema.groovy.SchemaBuilderTest","testDescriptions"
"","20","testInvalidKey1","","Fri Jul 10 00:52:56 UTC 2026","passed","Fri Jul 10 00:52:56 UTC 2026","","eu.esdihumboldt.util.config.ConfigTest","eu.esdihumboldt.util.config.ConfigTest","testInvalidKey1"
"","1","testSimple","","Fri Jul 10 00:52:56 UTC 2026","passed","Fri Jul 10 00:52:56 UTC 2026","","eu.esdihumboldt.util.config.ConfigMergerTest","eu.esdihumboldt.util.config.ConfigMergerTest","testSimple"
"","23","testRead_shiporder_types","","Fri Jul 10 00:52:32 UTC 2026","passed","Fri Jul 10 00:52:32 UTC 2026","","eu.esdihumboldt.hale.io.xsd.reader.XmlSchemaReaderTest","eu.esdihumboldt.hale.io.xsd.reader.XmlSchemaReaderTest","testRead_shiporder_types"
"","66","testWriteMultiSchemasWithMultiGeom","","Fri Jul 10 00:51:12 UTC 2026","passed","Fri Jul 10 00:51:12 UTC 2026","","eu.esdihumboldt.hale.io.shp.ShapefileInstanceWriterTest","eu.esdihumboldt.hale.io.shp.ShapefileInstanceWriterTest","testWriteMultiSchemasWithMultiGeom"
"","67","testConsumeList","","Fri Jul 10 00:44:02 UTC 2026","passed","Fri Jul 10 00:44:02 UTC 2026","","eu.esdihumboldt.cst.functions.groovy.helpers.util.CollectorTest","eu.esdihumboldt.cst.functions.groovy.helpers.util.CollectorTest","testConsumeList"
"","5","testInstanceNullSchema","","Fri Jul 10 00:39:42 UTC 2026","passed","Fri Jul 10 00:39:42 UTC 2026","","eu.esdihumboldt.hale.common.filter.ECQLFilterTest","eu.esdihumboldt.hale.common.filter.ECQLFilterTest","testInstanceNullSchema"
"","7","testSize","","Fri Jul 10 00:39:57 UTC 2026","passed","Fri Jul 10 00:39:57 UTC 2026","","eu.esdihumboldt.hale.common.instance.tools.impl.SimplePartitionerTest","eu.esdihumboldt.hale.common.instance.tools.impl.SimplePartitionerTest","testSize"
"","94","testPreparedQuery","","Fri Jul 10 00:53:48 UTC 2026","passed","Fri Jul 10 00:53:48 UTC 2026","","eu.esdihumboldt.util.orient.embedded.MemoryDocumentTest","eu.esdihumboldt.util.orient.embedded.MemoryDocumentTest","testPreparedQuery"
"","12301","test1","","Fri Jul 10 00:42:14 UTC 2026","passed","Fri Jul 10 00:42:27 UTC 2026","","eu.esdihumboldt.hale.common.service.helper.test.PopulationCountTest","eu.esdihumboldt.hale.common.service.helper.test.PopulationCountTest","test1"
"","66","testNoSpatialIndexCreation","","Fri Jul 10 00:45:29 UTC 2026","passed","Fri Jul 10 00:45:29 UTC 2026","","eu.esdihumboldt.hale.io.geopackage.GeopackageInstanceWriterTest","eu.esdihumboldt.hale.io.geopackage.GeopackageInstanceWriterTest","testNoSpatialIndexCreation"
"","7","testStringLookup","","Fri Jul 10 00:41:07 UTC 2026","passed","Fri Jul 10 00:41:07 UTC 2026","","eu.esdihumboldt.hale.common.lookup.internal.LookupTableTypeTest","eu.esdihumboldt.hale.common.lookup.internal.LookupTableTypeTest","testStringLookup"
"","0","testSame","","Fri Jul 10 00:39:13 UTC 2026","passed","Fri Jul 10 00:39:13 UTC 2026","","eu.esdihumboldt.hale.common.core.io.PathUpdateTest","eu.esdihumboldt.hale.common.core.io.PathUpdateTest","testSame"
"","5469","testLoadFilterNoDuplicates","","Fri Jul 10 00:45:42 UTC 2026","passed","Fri Jul 10 00:45:48 UTC 2026","","eu.esdihumboldt.hale.io.gml.reader.internal.GmlInstanceCollectionTest","eu.esdihumboldt.hale.io.gml.reader.internal.GmlInstanceCollectionTest","testLoadFilterNoDuplicates"
"","111","testCardinalityRename","","Fri Jul 10 00:43:05 UTC 2026","passed","Fri Jul 10 00:43:05 UTC 2026","","eu.esdihumboldt.cst.internal.ConceptualSchemaTransformerTest","eu.esdihumboldt.cst.internal.ConceptualSchemaTransformerTest","testCardinalityRename"
"","46","testDefaultSrs","","Fri Jul 10 00:46:33 UTC 2026","passed","Fri Jul 10 00:46:33 UTC 2026","","eu.esdihumboldt.hale.io.gml.reader.internal.StreamGmlReaderTest","eu.esdihumboldt.hale.io.gml.reader.internal.StreamGmlReaderTest","testDefaultSrs"
"","3099","testArgsFileWOFilterForMultiTypesSource","","Fri Jul 10 00:36:49 UTC 2026","passed","Fri Jul 10 00:36:52 UTC 2026","","eu.esdihumboldt.hale.app.transform.test.ExecuteTest","eu.esdihumboldt.hale.app.transform.test.ExecuteTest","testArgsFileWOFilterForMultiTypesSource"
"","0","testDirect","","Fri Jul 10 00:46:55 UTC 2026","skipped","Fri Jul 10 00:46:55 UTC 2026","","eu.esdihumboldt.hale.io.gml.writer.internal.geometry.writers.PatternTest","eu.esdihumboldt.hale.io.gml.writer.internal.geometry.writers.PatternTest","testDirect"
"","56","checkCyclicTypes","","Fri Jul 10 00:48:47 UTC 2026","passed","Fri Jul 10 00:48:47 UTC 2026","","eu.esdihumboldt.hale.io.jdbc.postgresql.test.CheckSortingForCyclicTypesTest","eu.esdihumboldt.hale.io.jdbc.postgresql.test.CheckSortingForCyclicTypesTest","checkCyclicTypes"
"","14754","testGeoJsonSimpleMixed_7_and_14","","Fri Jul 10 00:49:43 UTC 2026","passed","Fri Jul 10 00:49:58 UTC 2026","","eu.esdihumboldt.hale.io.json.test.InstanceToJsonTest","eu.esdihumboldt.hale.io.json.test.InstanceToJsonTest","testGeoJsonSimpleMixed_7_and_14"
"","0","testOrderHolesCCW","","Fri Jul 10 00:53:04 UTC 2026","passed","Fri Jul 10 00:53:04 UTC 2026","","eu.esdihumboldt.util.geometry.WindingOrderTest","eu.esdihumboldt.util.geometry.WindingOrderTest","testOrderHolesCCW"
"","1205","testReadNoNames","","Fri Jul 10 00:44:32 UTC 2026","passed","Fri Jul 10 00:44:33 UTC 2026","","eu.esdihumboldt.hale.io.codelist.xml.reader.XmlCodeListTest","eu.esdihumboldt.hale.io.codelist.xml.reader.XmlCodeListTest","testReadNoNames"
"","22","testRead_definitive_attributegroup","","Fri Jul 10 00:52:32 UTC 2026","passed","Fri Jul 10 00:52:32 UTC 2026","","eu.esdihumboldt.hale.io.xsd.reader.XmlSchemaReaderTest","eu.esdihumboldt.hale.io.xsd.reader.XmlSchemaReaderTest","testRead_definitive_attributegroup"
"","35","testConflict","","Fri Jul 10 00:52:56 UTC 2026","passed","Fri Jul 10 00:52:56 UTC 2026","","eu.esdihumboldt.util.config.ConfigTest","eu.esdihumboldt.util.config.ConfigTest","testConflict"
"","0","testGeometryPrimitive_3_Polygon","","Fri Jul 10 00:46:54 UTC 2026","skipped","Fri Jul 10 00:46:54 UTC 2026","","eu.esdihumboldt.hale.io.gml.writer.internal.StreamGmlWriterTest","eu.esdihumboldt.hale.io.gml.writer.internal.StreamGmlWriterTest","testGeometryPrimitive_3_Polygon"
"","415","testGeometryPrimitive_32_MultiPolygon","","Fri Jul 10 00:46:55 UTC 2026","passed","Fri Jul 10 00:46:55 UTC 2026","","eu.esdihumboldt.hale.io.gml.writer.internal.StreamGmlWriterTest","eu.esdihumboldt.hale.io.gml.writer.internal.StreamGmlWriterTest","testGeometryPrimitive_32_MultiPolygon"
"","0","testGeometryFlippedOnNULLCRS","","Fri Jul 10 00:53:04 UTC 2026","passed","Fri Jul 10 00:53:04 UTC 2026","","eu.esdihumboldt.util.geometry.WindingOrderTest","eu.esdihumboldt.util.geometry.WindingOrderTest","testGeometryFlippedOnNULLCRS"
"","31","testCallMethod","","Fri Jul 10 00:47:15 UTC 2026","passed","Fri Jul 10 00:47:15 UTC 2026","","eu.esdihumboldt.hale.io.groovy.snippets.GroovySnippetsTest","eu.esdihumboldt.hale.io.groovy.snippets.GroovySnippetsTest","testCallMethod"
"","276","testMsAccessSchemaReaderForMdbTest","","Fri Jul 10 00:47:54 UTC 2026","passed","Fri Jul 10 00:47:55 UTC 2026","","eu.esdihumboldt.hale.io.jdbc.msaccess.reader.MsAccessSchemaReaderTest","eu.esdihumboldt.hale.io.jdbc.msaccess.reader.MsAccessSchemaReaderTest","testMsAccessSchemaReaderForMdbTest"
"","4","testUsage","","Fri Jul 10 00:36:28 UTC 2026","passed","Fri Jul 10 00:36:28 UTC 2026","","eu.esdihumboldt.hale.app.transform.test.ExecuteTest","eu.esdihumboldt.hale.app.transform.test.ExecuteTest","testUsage"
"","6","testBasicObject","","Fri Jul 10 00:53:23 UTC 2026","passed","Fri Jul 10 00:53:23 UTC 2026","","eu.esdihumboldt.util.groovy.json.JsonStreamBuilderTest","eu.esdihumboldt.util.groovy.json.JsonStreamBuilderTest","testBasicObject"
"","0","testFormatter[11]","","Fri Jul 10 00:53:00 UTC 2026","passed","Fri Jul 10 00:53:00 UTC 2026","","eu.esdihumboldt.util.geometry.DecimalFormatUtilTest","eu.esdihumboldt.util.geometry.DecimalFormatUtilTest","testFormatter[11]"
"","4733","testTransformXml","","Fri Jul 10 00:36:39 UTC 2026","passed","Fri Jul 10 00:36:44 UTC 2026","","eu.esdihumboldt.hale.app.transform.test.ExecuteTest","eu.esdihumboldt.hale.app.transform.test.ExecuteTest","testTransformXml"
"","0","testPropertiesMix","","Fri Jul 10 00:42:54 UTC 2026","skipped","Fri Jul 10 00:42:54 UTC 2026","","eu.esdihumboldt.cst.internal.ConceptualSchemaTransformerTest","eu.esdihumboldt.cst.internal.ConceptualSchemaTransformerTest","testPropertiesMix"
"","15872","testReadInstancesXSDQualified","","Fri Jul 10 00:45:08 UTC 2026","passed","Fri Jul 10 00:45:24 UTC 2026","","eu.esdihumboldt.hale.io.geopackage.GeopackageInstanceReaderTest","eu.esdihumboldt.hale.io.geopackage.GeopackageInstanceReaderTest","testReadInstancesXSDQualified"
"","13","testReadArrayNested","","Fri Jul 10 00:50:01 UTC 2026","passed","Fri Jul 10 00:50:01 UTC 2026","","eu.esdihumboldt.hale.io.json.test.JsonToInstanceTest","eu.esdihumboldt.hale.io.json.test.JsonToInstanceTest","testReadArrayNested"
"","14","testJsonBuilderTypeSafe","","Fri Jul 10 00:53:23 UTC 2026","passed","Fri Jul 10 00:53:23 UTC 2026","","eu.esdihumboldt.util.groovy.json.JsonStreamBuilderTest","eu.esdihumboldt.util.groovy.json.JsonStreamBuilderTest","testJsonBuilderTypeSafe"
"","11182","testSerialize","","Fri Jul 10 00:53:11 UTC 2026","passed","Fri Jul 10 00:53:22 UTC 2026","","eu.esdihumboldt.util.groovy.collector.StatsCollectorTest","eu.esdihumboldt.util.groovy.collector.StatsCollectorTest","testSerialize"
"","994","simpleSchemaTestCQL","","Fri Jul 10 00:39:44 UTC 2026","passed","Fri Jul 10 00:39:45 UTC 2026","","eu.esdihumboldt.hale.common.filter.FilterTest","eu.esdihumboldt.hale.common.filter.FilterTest","simpleSchemaTestCQL"
"","1","testValueProperties","","Fri Jul 10 00:39:24 UTC 2026","passed","Fri Jul 10 00:39:24 UTC 2026","","eu.esdihumboldt.hale.common.core.io.impl.ValuePropertiesTypeTest","eu.esdihumboldt.hale.common.core.io.impl.ValuePropertiesTypeTest","testValueProperties"
"","11008","testFindPropertyIgnoreNamespace","","Fri Jul 10 00:41:19 UTC 2026","passed","Fri Jul 10 00:41:30 UTC 2026","","eu.esdihumboldt.hale.common.schema.helper.DefinitionResolverTest","eu.esdihumboldt.hale.common.schema.helper.DefinitionResolverTest","testFindPropertyIgnoreNamespace"
"","1","testSuccessSaveDDL","","Fri Jul 10 00:45:00 UTC 2026","skipped","Fri Jul 10 00:45:00 UTC 2026","","eu.esdihumboldt.hale.io.deegree.mapping.MappingWriterTest","eu.esdihumboldt.hale.io.deegree.mapping.MappingWriterTest","testSuccessSaveDDL"
"","105","testGmlReferencesMultiPartFill","","Fri Jul 10 00:40:17 UTC 2026","passed","Fri Jul 10 00:40:17 UTC 2026","","eu.esdihumboldt.hale.common.instance.graph.test.ReferenceGraphTest","eu.esdihumboldt.hale.common.instance.graph.test.ReferenceGraphTest","testGmlReferencesMultiPartFill"
"","0","testDuringList","","Fri Jul 10 00:39:41 UTC 2026","skipped","Fri Jul 10 00:39:41 UTC 2026","","eu.esdihumboldt.hale.common.filter.CQLFilterTest","eu.esdihumboldt.hale.common.filter.CQLFilterTest","testDuringList"
"","8","testReadFirstArray","","Fri Jul 10 00:50:00 UTC 2026","passed","Fri Jul 10 00:50:00 UTC 2026","","eu.esdihumboldt.hale.io.json.test.JsonInstanceCollectionTest","eu.esdihumboldt.hale.io.json.test.JsonInstanceCollectionTest","testReadFirstArray"
"","5","testGeoBboxList","","Fri Jul 10 00:39:42 UTC 2026","passed","Fri Jul 10 00:39:42 UTC 2026","","eu.esdihumboldt.hale.common.filter.ECQLFilterTest","eu.esdihumboldt.hale.common.filter.ECQLFilterTest","testGeoBboxList"
"","1","testFindLines","","Fri Jul 10 00:43:41 UTC 2026","passed","Fri Jul 10 00:43:41 UTC 2026","","eu.esdihumboldt.cst.functions.geometric.test.GeometryHelperFunctionsTest","eu.esdihumboldt.cst.functions.geometric.test.GeometryHelperFunctionsTest","testFindLines"
"","104","testRun","","Fri Jul 10 00:47:15 UTC 2026","passed","Fri Jul 10 00:47:15 UTC 2026","","eu.esdihumboldt.hale.io.groovy.snippets.GroovySnippetsTest","eu.esdihumboldt.hale.io.groovy.snippets.GroovySnippetsTest","testRun"
"","3428","testEpsgCrsAxisOrder","","Fri Jul 10 00:39:50 UTC 2026","passed","Fri Jul 10 00:39:53 UTC 2026","","eu.esdihumboldt.hale.common.instance.geometry.CRSDefinitionUtilTest","eu.esdihumboldt.hale.common.instance.geometry.CRSDefinitionUtilTest","testEpsgCrsAxisOrder"
"","3","testRootArrayEmpty","","Fri Jul 10 00:53:23 UTC 2026","passed","Fri Jul 10 00:53:23 UTC 2026","","eu.esdihumboldt.util.groovy.json.JsonStreamBuilderTest","eu.esdihumboldt.util.groovy.json.JsonStreamBuilderTest","testRootArrayEmpty"
"","0","testGeometryFlippedOnCRS","","Fri Jul 10 00:53:04 UTC 2026","passed","Fri Jul 10 00:53:04 UTC 2026","","eu.esdihumboldt.util.geometry.WindingOrderTest","eu.esdihumboldt.util.geometry.WindingOrderTest","testGeometryFlippedOnCRS"
"","86","testStructuralRetype1","","Fri Jul 10 00:43:05 UTC 2026","passed","Fri Jul 10 00:43:05 UTC 2026","","eu.esdihumboldt.cst.internal.ConceptualSchemaTransformerTest","eu.esdihumboldt.cst.internal.ConceptualSchemaTransformerTest","testStructuralRetype1"
"","2","testTrueFalse","","Fri Jul 10 00:41:50 UTC 2026","passed","Fri Jul 10 00:41:50 UTC 2026","","eu.esdihumboldt.hale.common.schema.groovy.constraints.TypeAbstractFactoryTest","eu.esdihumboldt.hale.common.schema.groovy.constraints.TypeAbstractFactoryTest","testTrueFalse"
"","10","testStringCompare","","Fri Jul 10 00:39:41 UTC 2026","passed","Fri Jul 10 00:39:41 UTC 2026","","eu.esdihumboldt.hale.common.filter.CQLFilterTest","eu.esdihumboldt.hale.common.filter.CQLFilterTest","testStringCompare"
"","2","testCCW","","Fri Jul 10 00:53:05 UTC 2026","passed","Fri Jul 10 00:53:05 UTC 2026","","eu.esdihumboldt.util.geometry.interpolation.model.impl.ArcByPointsImplTest","eu.esdihumboldt.util.geometry.interpolation.model.impl.ArcByPointsImplTest","testCCW"
"","81","testWriteComplexSchema","","Fri Jul 10 00:52:12 UTC 2026","passed","Fri Jul 10 00:52:12 UTC 2026","","eu.esdihumboldt.hale.io.xls.test.writer.XLSInstanceWriterTest","eu.esdihumboldt.hale.io.xls.test.writer.XLSInstanceWriterTest","testWriteComplexSchema"
"","5","testByPoints3AllGrid","","Fri Jul 10 00:53:05 UTC 2026","passed","Fri Jul 10 00:53:05 UTC 2026","","eu.esdihumboldt.util.geometry.interpolation.grid.GridInterpolationTest","eu.esdihumboldt.util.geometry.interpolation.grid.GridInterpolationTest","testByPoints3AllGrid"
"","372","testReadInstancesXSD","","Fri Jul 10 00:45:27 UTC 2026","passed","Fri Jul 10 00:45:27 UTC 2026","","eu.esdihumboldt.hale.io.geopackage.GeopackageInstanceReaderTest","eu.esdihumboldt.hale.io.geopackage.GeopackageInstanceReaderTest","testReadInstancesXSD"
"","86","testTypeFilter","","Fri Jul 10 00:43:05 UTC 2026","passed","Fri Jul 10 00:43:05 UTC 2026","","eu.esdihumboldt.cst.internal.ConceptualSchemaTransformerTest","eu.esdihumboldt.cst.internal.ConceptualSchemaTransformerTest","testTypeFilter"
"","7","testList","","Fri Jul 10 00:44:02 UTC 2026","passed","Fri Jul 10 00:44:02 UTC 2026","","eu.esdihumboldt.cst.functions.groovy.helpers.util.CollectorTest","eu.esdihumboldt.cst.functions.groovy.helpers.util.CollectorTest","testList"
"","13","testEnabled","","Fri Jul 10 00:41:32 UTC 2026","passed","Fri Jul 10 00:41:32 UTC 2026","","eu.esdihumboldt.hale.common.schema.model.constraint.factory.type.AugmentedValueFlagFactoryTest","eu.esdihumboldt.hale.common.schema.model.constraint.factory.type.AugmentedValueFlagFactoryTest","testEnabled"
"","9","testNullList","","Fri Jul 10 00:39:41 UTC 2026","passed","Fri Jul 10 00:39:41 UTC 2026","","eu.esdihumboldt.hale.common.filter.CQLFilterTest","eu.esdihumboldt.hale.common.filter.CQLFilterTest","testNullList"
"","3","testReadWithPointDecimal","","Fri Jul 10 00:44:42 UTC 2026","passed","Fri Jul 10 00:44:42 UTC 2026","","eu.esdihumboldt.hale.io.csv.CSVInstanceReaderTest","eu.esdihumboldt.hale.io.csv.CSVInstanceReaderTest","testReadWithPointDecimal"
"","96","testSinglePolyGeometryWithLongAttributeNamesWithSingleInstance","","Fri Jul 10 00:51:08 UTC 2026","passed","Fri Jul 10 00:51:08 UTC 2026","","eu.esdihumboldt.hale.io.shp.ShapefileInstanceWriterTest","eu.esdihumboldt.hale.io.shp.ShapefileInstanceWriterTest","testSinglePolyGeometryWithLongAttributeNamesWithSingleInstance"
"","128","testRetypeConditionRenameTypeFiltered","","Fri Jul 10 00:38:46 UTC 2026","passed","Fri Jul 10 00:38:46 UTC 2026","","eu.esdihumboldt.hale.common.align.merge.test.impl.JoinRetainConditionsTest","eu.esdihumboldt.hale.common.align.merge.test.impl.JoinRetainConditionsTest","testRetypeConditionRenameTypeFiltered"
"","223","testJoinCondition","","Fri Jul 10 00:38:45 UTC 2026","passed","Fri Jul 10 00:38:46 UTC 2026","","eu.esdihumboldt.hale.common.align.merge.test.impl.JoinRetainConditionsTest","eu.esdihumboldt.hale.common.align.merge.test.impl.JoinRetainConditionsTest","testJoinCondition"
"","1","testDefault","","Fri Jul 10 00:41:32 UTC 2026","passed","Fri Jul 10 00:41:32 UTC 2026","","eu.esdihumboldt.hale.common.schema.model.constraint.factory.property.NillableFlagFactoryTest","eu.esdihumboldt.hale.common.schema.model.constraint.factory.property.NillableFlagFactoryTest","testDefault"
"","765","testGroovy1","","Fri Jul 10 00:42:52 UTC 2026","passed","Fri Jul 10 00:42:53 UTC 2026","","eu.esdihumboldt.cst.internal.ConceptualSchemaTransformerTest","eu.esdihumboldt.cst.internal.ConceptualSchemaTransformerTest","testGroovy1"
"","0","testOrigin","","Fri Jul 10 00:53:05 UTC 2026","passed","Fri Jul 10 00:53:05 UTC 2026","","eu.esdihumboldt.util.geometry.interpolation.grid.GridUtilTest","eu.esdihumboldt.util.geometry.interpolation.grid.GridUtilTest","testOrigin"
"","8","testReadBoolean","","Fri Jul 10 00:50:01 UTC 2026","passed","Fri Jul 10 00:50:01 UTC 2026","","eu.esdihumboldt.hale.io.json.test.JsonToInstanceTest","eu.esdihumboldt.hale.io.json.test.JsonToInstanceTest","testReadBoolean"
"","1245","testToFrom","","Fri Jul 10 00:43:41 UTC 2026","passed","Fri Jul 10 00:43:42 UTC 2026","","eu.esdihumboldt.cst.functions.geometric.test.join.SpatialJoinParameterTest","eu.esdihumboldt.cst.functions.geometric.test.join.SpatialJoinParameterTest","testToFrom"
"","0","testInstanceExistsSchema","","Fri Jul 10 00:39:42 UTC 2026","skipped","Fri Jul 10 00:39:42 UTC 2026","","eu.esdihumboldt.hale.common.filter.ECQLFilterTest","eu.esdihumboldt.hale.common.filter.ECQLFilterTest","testInstanceExistsSchema"
"","1","testDefault","","Fri Jul 10 00:41:32 UTC 2026","passed","Fri Jul 10 00:41:32 UTC 2026","","eu.esdihumboldt.hale.common.schema.model.constraint.factory.type.MappingRelevantFlagFactoryTest","eu.esdihumboldt.hale.common.schema.model.constraint.factory.type.MappingRelevantFlagFactoryTest","testDefault"
"","31","testSinglePolyGeometryWithLongAlphanumericNamesWithMultipleInstances","","Fri Jul 10 00:51:11 UTC 2026","passed","Fri Jul 10 00:51:11 UTC 2026","","eu.esdihumboldt.hale.io.shp.ShapefileInstanceWriterTest","eu.esdihumboldt.hale.io.shp.ShapefileInstanceWriterTest","testSinglePolyGeometryWithLongAlphanumericNamesWithMultipleInstances"
"","57","testLoadShiporder","","Fri Jul 10 00:39:57 UTC 2026","passed","Fri Jul 10 00:39:57 UTC 2026","","eu.esdihumboldt.hale.common.instance.helper.PropertyResolverTest","eu.esdihumboldt.hale.common.instance.helper.PropertyResolverTest","testLoadShiporder"
"","339","testWfsPaginationPageSizeLargerThanTotal","","Fri Jul 10 00:46:34 UTC 2026","passed","Fri Jul 10 00:46:35 UTC 2026","","eu.esdihumboldt.hale.io.gml.reader.internal.StreamGmlReaderTest","eu.esdihumboldt.hale.io.gml.reader.internal.StreamGmlReaderTest","testWfsPaginationPageSizeLargerThanTotal"
"","319","testDoesNotExistSchema","","Fri Jul 10 00:39:41 UTC 2026","passed","Fri Jul 10 00:39:41 UTC 2026","","eu.esdihumboldt.hale.common.filter.CQLFilterTest","eu.esdihumboldt.hale.common.filter.CQLFilterTest","testDoesNotExistSchema"
"","5","testUnbounded","","Fri Jul 10 00:41:32 UTC 2026","passed","Fri Jul 10 00:41:32 UTC 2026","","eu.esdihumboldt.hale.common.schema.model.constraint.factory.property.CardinalityFactoryTest","eu.esdihumboldt.hale.common.schema.model.constraint.factory.property.CardinalityFactoryTest","testUnbounded"
"","0","testUnifyEmpty","","Fri Jul 10 00:53:04 UTC 2026","passed","Fri Jul 10 00:53:04 UTC 2026","","eu.esdihumboldt.util.geometry.WindingOrderTest","eu.esdihumboldt.util.geometry.WindingOrderTest","testUnifyEmpty"
"","41","testRead_definitive_chapter03","","Fri Jul 10 00:52:32 UTC 2026","passed","Fri Jul 10 00:52:32 UTC 2026","","eu.esdihumboldt.hale.io.xsd.reader.XmlSchemaReaderTest","eu.esdihumboldt.hale.io.xsd.reader.XmlSchemaReaderTest","testRead_definitive_chapter03"
"","16","testConstraints","","Fri Jul 10 00:41:50 UTC 2026","passed","Fri Jul 10 00:41:50 UTC 2026","","eu.esdihumboldt.hale.common.schema.groovy.SchemaBuilderTest","eu.esdihumboldt.hale.common.schema.groovy.SchemaBuilderTest","testConstraints"
"","1023","testInspireCodespaceAutoAddNoOverride","","Fri Jul 10 00:46:38 UTC 2026","passed","Fri Jul 10 00:46:39 UTC 2026","","eu.esdihumboldt.hale.io.gml.writer.internal.StreamGmlWriter2Test","eu.esdihumboldt.hale.io.gml.writer.internal.StreamGmlWriter2Test","testInspireCodespaceAutoAddNoOverride"
"","366","testGeometryPrimitive_32_Point","","Fri Jul 10 00:46:53 UTC 2026","passed","Fri Jul 10 00:46:53 UTC 2026","","eu.esdihumboldt.hale.io.gml.writer.internal.StreamGmlWriterTest","eu.esdihumboldt.hale.io.gml.writer.internal.StreamGmlWriterTest","testGeometryPrimitive_32_Point"
