"DESCRIPTION","DURATION IN MS","NAME","PARENT SUITE","START TIME","STATUS","STOP TIME","SUB SUITE","SUITE","TEST CLASS","TEST METHOD"
"","2","testCCW","","Wed Jul 08 12:58:04 UTC 2026","passed","Wed Jul 08 12:58:04 UTC 2026","","eu.esdihumboldt.util.geometry.interpolation.model.impl.ArcByPointsImplTest","eu.esdihumboldt.util.geometry.interpolation.model.impl.ArcByPointsImplTest","testCCW"
"","25","testRead_definitive_sequencegroup","","Wed Jul 08 12:57:34 UTC 2026","passed","Wed Jul 08 12:57:34 UTC 2026","","eu.esdihumboldt.hale.io.xsd.reader.XmlSchemaReaderTest","eu.esdihumboldt.hale.io.xsd.reader.XmlSchemaReaderTest","testRead_definitive_sequencegroup"
"","42","testReadXsdInstancesTypenameAmbiguousLocalName","","Wed Jul 08 12:56:07 UTC 2026","passed","Wed Jul 08 12:56:07 UTC 2026","","eu.esdihumboldt.hale.io.shp.ShapeInstanceReaderTest","eu.esdihumboldt.hale.io.shp.ShapeInstanceReaderTest","testReadXsdInstancesTypenameAmbiguousLocalName"
"","17","testNumberList","","Wed Jul 08 12:45:15 UTC 2026","passed","Wed Jul 08 12:45:15 UTC 2026","","eu.esdihumboldt.hale.common.filter.CQLFilterTest","eu.esdihumboldt.hale.common.filter.CQLFilterTest","testNumberList"
"","117","testRegexAnalysis","","Wed Jul 08 12:48:32 UTC 2026","passed","Wed Jul 08 12:48:32 UTC 2026","","eu.esdihumboldt.cst.internal.ConceptualSchemaTransformerTest","eu.esdihumboldt.cst.internal.ConceptualSchemaTransformerTest","testRegexAnalysis"
"","1","testDisabled","","Wed Jul 08 12:47:00 UTC 2026","passed","Wed Jul 08 12:47:00 UTC 2026","","eu.esdihumboldt.hale.common.schema.model.constraint.factory.type.MappingRelevantFlagFactoryTest","eu.esdihumboldt.hale.common.schema.model.constraint.factory.type.MappingRelevantFlagFactoryTest","testDisabled"
"","3","testMixedKeys","","Wed Jul 08 12:49:32 UTC 2026","passed","Wed Jul 08 12:49:32 UTC 2026","","eu.esdihumboldt.cst.functions.groovy.helpers.util.CollectorTest","eu.esdihumboldt.cst.functions.groovy.helpers.util.CollectorTest","testMixedKeys"
"","19745","testReadShapeInstances","","Wed Jul 08 12:55:38 UTC 2026","passed","Wed Jul 08 12:55:57 UTC 2026","","eu.esdihumboldt.hale.io.shp.ShapeInstanceReaderTest","eu.esdihumboldt.hale.io.shp.ShapeInstanceReaderTest","testReadShapeInstances"
"","6","testMerge2","","Wed Jul 08 12:44:58 UTC 2026","passed","Wed Jul 08 12:44:58 UTC 2026","","eu.esdihumboldt.hale.common.core.report.util.StatsMergeTest","eu.esdihumboldt.hale.common.core.report.util.StatsMergeTest","testMerge2"
"","4","testMetaClass","","Wed Jul 08 12:47:18 UTC 2026","passed","Wed Jul 08 12:47:18 UTC 2026","","eu.esdihumboldt.hale.common.schema.groovy.DefinitionAccessorTest","eu.esdihumboldt.hale.common.schema.groovy.DefinitionAccessorTest","testMetaClass"
"","0","testInstanceReader","","Wed Jul 08 12:53:15 UTC 2026","skipped","Wed Jul 08 12:53:15 UTC 2026","","eu.esdihumboldt.hale.io.jdbc.mssql.test.MsSqlDataReaderTest","eu.esdihumboldt.hale.io.jdbc.mssql.test.MsSqlDataReaderTest","testInstanceReader"
"","40","testLoadAllGroup","","Wed Jul 08 12:51:12 UTC 2026","passed","Wed Jul 08 12:51:12 UTC 2026","","eu.esdihumboldt.hale.io.gml.reader.internal.GmlInstanceCollectionTest","eu.esdihumboldt.hale.io.gml.reader.internal.GmlInstanceCollectionTest","testLoadAllGroup"
"","43","testWriteBigNumbers","","Wed Jul 08 12:50:59 UTC 2026","passed","Wed Jul 08 12:50:59 UTC 2026","","eu.esdihumboldt.hale.io.geopackage.GeopackageInstanceWriterTest","eu.esdihumboldt.hale.io.geopackage.GeopackageInstanceWriterTest","testWriteBigNumbers"
"","3989","testLoadImgeo_Scheiding","","Wed Jul 08 12:51:08 UTC 2026","passed","Wed Jul 08 12:51:12 UTC 2026","","eu.esdihumboldt.hale.io.gml.reader.internal.GmlInstanceCollectionTest","eu.esdihumboldt.hale.io.gml.reader.internal.GmlInstanceCollectionTest","testLoadImgeo_Scheiding"
"","12622","gstringIntercepted","","Wed Jul 08 12:58:23 UTC 2026","passed","Wed Jul 08 12:58:36 UTC 2026","","eu.esdihumboldt.util.groovy.sandbox.test.internal.GroovySandboxTest","eu.esdihumboldt.util.groovy.sandbox.test.internal.GroovySandboxTest","gstringIntercepted"
"","11","testReadNestedGeometry","","Wed Jul 08 12:55:09 UTC 2026","passed","Wed Jul 08 12:55:09 UTC 2026","","eu.esdihumboldt.hale.io.json.test.JsonToInstanceTest","eu.esdihumboldt.hale.io.json.test.JsonToInstanceTest","testReadNestedGeometry"
"","115","testWriteDocument","","Wed Jul 08 12:58:44 UTC 2026","passed","Wed Jul 08 12:58:44 UTC 2026","","eu.esdihumboldt.util.orient.embedded.LocalDocumentTest","eu.esdihumboldt.util.orient.embedded.LocalDocumentTest","testWriteDocument"
"","0","testHttpAbsoluteOtherJar","","Wed Jul 08 12:57:32 UTC 2026","passed","Wed Jul 08 12:57:32 UTC 2026","","eu.esdihumboldt.hale.io.xsd.reader.HumboldtURIResolverTest","eu.esdihumboldt.hale.io.xsd.reader.HumboldtURIResolverTest","testHttpAbsoluteOtherJar"
"","1567","testAppInfo","","Wed Jul 08 12:57:32 UTC 2026","passed","Wed Jul 08 12:57:34 UTC 2026","","eu.esdihumboldt.hale.io.xsd.reader.XmlSchemaReaderMoreTest","eu.esdihumboldt.hale.io.xsd.reader.XmlSchemaReaderMoreTest","testAppInfo"
"","1","testChoice","","Wed Jul 08 12:48:32 UTC 2026","skipped","Wed Jul 08 12:48:32 UTC 2026","","eu.esdihumboldt.cst.internal.ConceptualSchemaTransformerTest","eu.esdihumboldt.cst.internal.ConceptualSchemaTransformerTest","testChoice"
"","4","testRefTypes","","Wed Jul 08 12:46:59 UTC 2026","passed","Wed Jul 08 12:46:59 UTC 2026","","eu.esdihumboldt.hale.common.schema.model.constraint.factory.property.ReferenceFactoryTest","eu.esdihumboldt.hale.common.schema.model.constraint.factory.property.ReferenceFactoryTest","testRefTypes"
"","172","testGroovyWarningMerge","","Wed Jul 08 12:44:12 UTC 2026","passed","Wed Jul 08 12:44:12 UTC 2026","","eu.esdihumboldt.hale.common.align.merge.test.impl.DefaultMergeCellMigratorTest","eu.esdihumboldt.hale.common.align.merge.test.impl.DefaultMergeCellMigratorTest","testGroovyWarningMerge"
"","0","testStreetOuter","","Wed Jul 08 12:49:09 UTC 2026","passed","Wed Jul 08 12:49:09 UTC 2026","","eu.esdihumboldt.cst.functions.geometric.test.InteriorPointTest","eu.esdihumboldt.cst.functions.geometric.test.InteriorPointTest","testStreetOuter"
"","5","testNumberString","","Wed Jul 08 12:45:16 UTC 2026","passed","Wed Jul 08 12:45:16 UTC 2026","","eu.esdihumboldt.hale.common.filter.CQLFilterTest","eu.esdihumboldt.hale.common.filter.CQLFilterTest","testNumberString"
"","112","testWriteMultiSchemasWithOneMissingGeom","","Wed Jul 08 12:56:14 UTC 2026","passed","Wed Jul 08 12:56:15 UTC 2026","","eu.esdihumboldt.hale.io.shp.ShapefileInstanceWriterTest","eu.esdihumboldt.hale.io.shp.ShapefileInstanceWriterTest","testWriteMultiSchemasWithOneMissingGeom"
"","180","testReadMultipleValues","","Wed Jul 08 12:57:14 UTC 2026","passed","Wed Jul 08 12:57:14 UTC 2026","","eu.esdihumboldt.hale.io.xls.test.reader.XLSReaderTest","eu.esdihumboldt.hale.io.xls.test.reader.XLSReaderTest","testReadMultipleValues"
"","0","testInstanceNoValueExistsSchema","","Wed Jul 08 12:45:16 UTC 2026","skipped","Wed Jul 08 12:45:16 UTC 2026","","eu.esdihumboldt.hale.common.filter.ECQLFilterTest","eu.esdihumboldt.hale.common.filter.ECQLFilterTest","testInstanceNoValueExistsSchema"
"","0","testCMUnion2","","Wed Jul 08 12:48:20 UTC 2026","skipped","Wed Jul 08 12:48:20 UTC 2026","","eu.esdihumboldt.cst.internal.ConceptualSchemaTransformerTest","eu.esdihumboldt.cst.internal.ConceptualSchemaTransformerTest","testCMUnion2"
"","1488","testConvertJson2PB","","Wed Jul 08 12:55:13 UTC 2026","passed","Wed Jul 08 12:55:15 UTC 2026","","eu.esdihumboldt.hale.io.pb.test.ProtocolBufferInstanceWriterTest","eu.esdihumboldt.hale.io.pb.test.ProtocolBufferInstanceWriterTest","testConvertJson2PB"
"","23","testReadXsdInstancesTypenameAmbiguousLocalNameWithNamespace","","Wed Jul 08 12:56:11 UTC 2026","passed","Wed Jul 08 12:56:11 UTC 2026","","eu.esdihumboldt.hale.io.shp.ShapeInstanceReaderTest","eu.esdihumboldt.hale.io.shp.ShapeInstanceReaderTest","testReadXsdInstancesTypenameAmbiguousLocalNameWithNamespace"
"","24","testRead_shiporder_divided","","Wed Jul 08 12:57:34 UTC 2026","passed","Wed Jul 08 12:57:34 UTC 2026","","eu.esdihumboldt.hale.io.xsd.reader.XmlSchemaReaderTest","eu.esdihumboldt.hale.io.xsd.reader.XmlSchemaReaderTest","testRead_shiporder_divided"
"","202","testInnerJoin","","Wed Jul 08 12:48:21 UTC 2026","passed","Wed Jul 08 12:48:22 UTC 2026","","eu.esdihumboldt.cst.internal.ConceptualSchemaTransformerTest","eu.esdihumboldt.cst.internal.ConceptualSchemaTransformerTest","testInnerJoin"
"","2","simpleFilterTestCQL","","Wed Jul 08 12:45:18 UTC 2026","passed","Wed Jul 08 12:45:18 UTC 2026","","eu.esdihumboldt.hale.common.filter.FilterTest","eu.esdihumboldt.hale.common.filter.FilterTest","simpleFilterTestCQL"
"","1","testPrimitiveArray2","","Wed Jul 08 12:46:59 UTC 2026","passed","Wed Jul 08 12:46:59 UTC 2026","","eu.esdihumboldt.hale.common.schema.model.constraint.factory.type.BindingFactoryTest","eu.esdihumboldt.hale.common.schema.model.constraint.factory.type.BindingFactoryTest","testPrimitiveArray2"
"","409","testReadXsdInstancesName","","Wed Jul 08 12:56:07 UTC 2026","passed","Wed Jul 08 12:56:07 UTC 2026","","eu.esdihumboldt.hale.io.shp.ShapeInstanceReaderTest","eu.esdihumboldt.hale.io.shp.ShapeInstanceReaderTest","testReadXsdInstancesName"
"","10","testReadMultiPoint","","Wed Jul 08 12:55:09 UTC 2026","passed","Wed Jul 08 12:55:09 UTC 2026","","eu.esdihumboldt.hale.io.json.test.JsonToInstanceTest","eu.esdihumboldt.hale.io.json.test.JsonToInstanceTest","testReadMultiPoint"
"","9","testSchemaLessSafeAPI","","Wed Jul 08 12:46:03 UTC 2026","passed","Wed Jul 08 12:46:03 UTC 2026","","eu.esdihumboldt.hale.common.instance.groovy.InstanceBuilderTest","eu.esdihumboldt.hale.common.instance.groovy.InstanceBuilderTest","testSchemaLessSafeAPI"
"","3109","testFiltersForMultiType2","","Wed Jul 08 12:42:23 UTC 2026","passed","Wed Jul 08 12:42:26 UTC 2026","","eu.esdihumboldt.hale.app.transform.test.ExecuteTest","eu.esdihumboldt.hale.app.transform.test.ExecuteTest","testFiltersForMultiType2"
"","99","testWriteFeatures","","Wed Jul 08 12:51:00 UTC 2026","passed","Wed Jul 08 12:51:00 UTC 2026","","eu.esdihumboldt.hale.io.geopackage.GeopackageInstanceWriterTest","eu.esdihumboldt.hale.io.geopackage.GeopackageInstanceWriterTest","testWriteFeatures"
"","774","testGroovy1","","Wed Jul 08 12:48:20 UTC 2026","passed","Wed Jul 08 12:48:21 UTC 2026","","eu.esdihumboldt.cst.internal.ConceptualSchemaTransformerTest","eu.esdihumboldt.cst.internal.ConceptualSchemaTransformerTest","testGroovy1"
"","723","testWfsPaginationWithResolvedepth","","Wed Jul 08 12:51:56 UTC 2026","passed","Wed Jul 08 12:51:56 UTC 2026","","eu.esdihumboldt.hale.io.gml.reader.internal.StreamGmlReaderTest","eu.esdihumboldt.hale.io.gml.reader.internal.StreamGmlReaderTest","testWfsPaginationWithResolvedepth"
"","82","testMathExpression","","Wed Jul 08 12:48:32 UTC 2026","passed","Wed Jul 08 12:48:32 UTC 2026","","eu.esdihumboldt.cst.internal.ConceptualSchemaTransformerTest","eu.esdihumboldt.cst.internal.ConceptualSchemaTransformerTest","testMathExpression"
"","3","testByPoints3AllGrid","","Wed Jul 08 12:58:04 UTC 2026","passed","Wed Jul 08 12:58:04 UTC 2026","","eu.esdihumboldt.util.geometry.interpolation.grid.GridInterpolationTest","eu.esdihumboldt.util.geometry.interpolation.grid.GridInterpolationTest","testByPoints3AllGrid"
"","3","testVirtualRootPrettyPrint","","Wed Jul 08 12:58:20 UTC 2026","passed","Wed Jul 08 12:58:20 UTC 2026","","eu.esdihumboldt.util.groovy.json.JsonStreamBuilderTest","eu.esdihumboldt.util.groovy.json.JsonStreamBuilderTest","testVirtualRootPrettyPrint"
"","2","testMerge3","","Wed Jul 08 12:44:58 UTC 2026","passed","Wed Jul 08 12:44:58 UTC 2026","","eu.esdihumboldt.hale.common.core.report.util.StatsMergeTest","eu.esdihumboldt.hale.common.core.report.util.StatsMergeTest","testMerge3"
"","0","testFormatter[7]","","Wed Jul 08 12:58:00 UTC 2026","passed","Wed Jul 08 12:58:00 UTC 2026","","eu.esdihumboldt.util.geometry.DecimalFormatUtilTest","eu.esdihumboldt.util.geometry.DecimalFormatUtilTest","testFormatter[7]"
"","8","testReadComplex","","Wed Jul 08 12:55:09 UTC 2026","passed","Wed Jul 08 12:55:09 UTC 2026","","eu.esdihumboldt.hale.io.json.test.JsonToInstanceTest","eu.esdihumboldt.hale.io.json.test.JsonToInstanceTest","testReadComplex"
"","0","testGeoCross","","Wed Jul 08 12:45:15 UTC 2026","skipped","Wed Jul 08 12:45:15 UTC 2026","","eu.esdihumboldt.hale.common.filter.CQLFilterTest","eu.esdihumboldt.hale.common.filter.CQLFilterTest","testGeoCross"
"","6","testLoad","","Wed Jul 08 12:57:32 UTC 2026","passed","Wed Jul 08 12:57:32 UTC 2026","","eu.esdihumboldt.hale.io.xsd.anytype.valuetypes.CustomTypeContentConfigurationTypeTest","eu.esdihumboldt.hale.io.xsd.anytype.valuetypes.CustomTypeContentConfigurationTypeTest","testLoad"
"","94","testCMMulti3","","Wed Jul 08 12:48:31 UTC 2026","passed","Wed Jul 08 12:48:31 UTC 2026","","eu.esdihumboldt.cst.internal.ConceptualSchemaTransformerTest","eu.esdihumboldt.cst.internal.ConceptualSchemaTransformerTest","testCMMulti3"
"","6","testReadDefaultType","","Wed Jul 08 12:55:09 UTC 2026","passed","Wed Jul 08 12:55:09 UTC 2026","","eu.esdihumboldt.hale.io.json.test.JsonInstanceReaderTest","eu.esdihumboldt.hale.io.json.test.JsonInstanceReaderTest","testReadDefaultType"
"","885","testInspireCodespaceAutoAddNoOverride","","Wed Jul 08 12:52:00 UTC 2026","passed","Wed Jul 08 12:52:01 UTC 2026","","eu.esdihumboldt.hale.io.gml.writer.internal.StreamGmlWriter2Test","eu.esdihumboldt.hale.io.gml.writer.internal.StreamGmlWriter2Test","testInspireCodespaceAutoAddNoOverride"
"","325","testWfsPaginationPageSizeLargerThanTotal","","Wed Jul 08 12:51:56 UTC 2026","passed","Wed Jul 08 12:51:57 UTC 2026","","eu.esdihumboldt.hale.io.gml.reader.internal.StreamGmlReaderTest","eu.esdihumboldt.hale.io.gml.reader.internal.StreamGmlReaderTest","testWfsPaginationPageSizeLargerThanTotal"
"","3440","testMsAccessSchemaReaderForMdbTest","","Wed Jul 08 12:53:07 UTC 2026","passed","Wed Jul 08 12:53:10 UTC 2026","","eu.esdihumboldt.hale.io.jdbc.msaccess.reader.MsAccessInstanceReaderTest","eu.esdihumboldt.hale.io.jdbc.msaccess.reader.MsAccessInstanceReaderTest","testMsAccessSchemaReaderForMdbTest"
"","22","testGmlNoId","","Wed Jul 08 12:45:48 UTC 2026","passed","Wed Jul 08 12:45:48 UTC 2026","","eu.esdihumboldt.hale.common.instance.graph.test.ReferenceGraphTest","eu.esdihumboldt.hale.common.instance.graph.test.ReferenceGraphTest","testGmlNoId"
"","160","testGeometryPrimitive_32_MultiLineString","","Wed Jul 08 12:52:14 UTC 2026","passed","Wed Jul 08 12:52:15 UTC 2026","","eu.esdihumboldt.hale.io.gml.writer.internal.StreamGmlWriterTest","eu.esdihumboldt.hale.io.gml.writer.internal.StreamGmlWriterTest","testGeometryPrimitive_32_MultiLineString"
"","9","testDuring","","Wed Jul 08 12:45:16 UTC 2026","passed","Wed Jul 08 12:45:16 UTC 2026","","eu.esdihumboldt.hale.common.filter.CQLFilterTest","eu.esdihumboldt.hale.common.filter.CQLFilterTest","testDuring"
"","148","testSqlQuery","","Wed Jul 08 12:58:44 UTC 2026","passed","Wed Jul 08 12:58:44 UTC 2026","","eu.esdihumboldt.util.orient.embedded.LocalDocumentTest","eu.esdihumboldt.util.orient.embedded.LocalDocumentTest","testSqlQuery"
"","0","testSplitMulti_Mixed","","Wed Jul 08 12:49:08 UTC 2026","passed","Wed Jul 08 12:49:08 UTC 2026","","eu.esdihumboldt.cst.functions.geometric.test.GeometryHelperFunctionsTest","eu.esdihumboldt.cst.functions.geometric.test.GeometryHelperFunctionsTest","testSplitMulti_Mixed"
"","11107","testAddRemoveMappingMultipleProperties","","Wed Jul 08 12:46:07 UTC 2026","passed","Wed Jul 08 12:46:18 UTC 2026","","eu.esdihumboldt.hale.common.instance.index.MultimapInstanceIndexTest","eu.esdihumboldt.hale.common.instance.index.MultimapInstanceIndexTest","testAddRemoveMappingMultipleProperties"
"","592","testSaveLoad","","Wed Jul 08 12:43:12 UTC 2026","passed","Wed Jul 08 12:43:13 UTC 2026","","eu.esdihumboldt.hale.common.align.io.CastorAlignmentIOTest","eu.esdihumboldt.hale.common.align.io.CastorAlignmentIOTest","testSaveLoad"
"","72","testLoadChoice2","","Wed Jul 08 12:51:12 UTC 2026","passed","Wed Jul 08 12:51:12 UTC 2026","","eu.esdihumboldt.hale.io.gml.reader.internal.GmlInstanceCollectionTest","eu.esdihumboldt.hale.io.gml.reader.internal.GmlInstanceCollectionTest","testLoadChoice2"
"","7","test90Deegrees","","Wed Jul 08 12:58:05 UTC 2026","passed","Wed Jul 08 12:58:05 UTC 2026","","eu.esdihumboldt.util.geometry.interpolation.split.SplitInterpolationTest","eu.esdihumboldt.util.geometry.interpolation.split.SplitInterpolationTest","test90Deegrees"
"","0","testHttpAbsolute1","","Wed Jul 08 12:57:32 UTC 2026","passed","Wed Jul 08 12:57:32 UTC 2026","","eu.esdihumboldt.hale.io.xsd.reader.HumboldtURIResolverTest","eu.esdihumboldt.hale.io.xsd.reader.HumboldtURIResolverTest","testHttpAbsolute1"
"","0","testFormatter[9]","","Wed Jul 08 12:58:00 UTC 2026","passed","Wed Jul 08 12:58:00 UTC 2026","","eu.esdihumboldt.util.geometry.DecimalFormatUtilTest","eu.esdihumboldt.util.geometry.DecimalFormatUtilTest","testFormatter[9]"
"","26","testWriteReadDateTime","","Wed Jul 08 12:56:17 UTC 2026","passed","Wed Jul 08 12:56:17 UTC 2026","","eu.esdihumboldt.hale.io.shp.ShapefileInstanceWriterTest","eu.esdihumboldt.hale.io.shp.ShapefileInstanceWriterTest","testWriteReadDateTime"
"","13","testReadFeatureCollection","","Wed Jul 08 12:55:08 UTC 2026","passed","Wed Jul 08 12:55:08 UTC 2026","","eu.esdihumboldt.hale.io.json.test.JsonInstanceCollectionTest","eu.esdihumboldt.hale.io.json.test.JsonInstanceCollectionTest","testReadFeatureCollection"
"","349","testWfsPaginationWithCountLimit","","Wed Jul 08 12:51:54 UTC 2026","passed","Wed Jul 08 12:51:55 UTC 2026","","eu.esdihumboldt.hale.io.gml.reader.internal.StreamGmlReaderTest","eu.esdihumboldt.hale.io.gml.reader.internal.StreamGmlReaderTest","testWfsPaginationWithCountLimit"
"","369","testInspireReferenceAppInfo","","Wed Jul 08 12:57:34 UTC 2026","passed","Wed Jul 08 12:57:34 UTC 2026","","eu.esdihumboldt.hale.io.xsd.reader.XmlSchemaReaderMoreTest","eu.esdihumboldt.hale.io.xsd.reader.XmlSchemaReaderMoreTest","testInspireReferenceAppInfo"
"","4077","testArrayTypes","","Wed Jul 08 12:54:04 UTC 2026","passed","Wed Jul 08 12:54:08 UTC 2026","","eu.esdihumboldt.hale.io.jdbc.postgresql.test.MultiDimensionalArraysIT","eu.esdihumboldt.hale.io.jdbc.postgresql.test.MultiDimensionalArraysIT","testArrayTypes"
"","178","testTypeFilter2","","Wed Jul 08 12:44:12 UTC 2026","passed","Wed Jul 08 12:44:13 UTC 2026","","eu.esdihumboldt.hale.common.align.merge.test.impl.DefaultMergeCellMigratorTest","eu.esdihumboldt.hale.common.align.merge.test.impl.DefaultMergeCellMigratorTest","testTypeFilter2"
"","0","testGeoCross","","Wed Jul 08 12:45:16 UTC 2026","skipped","Wed Jul 08 12:45:16 UTC 2026","","eu.esdihumboldt.hale.common.filter.ECQLFilterTest","eu.esdihumboldt.hale.common.filter.ECQLFilterTest","testGeoCross"
"","7","testCreateTypeIndex","","Wed Jul 08 12:47:18 UTC 2026","passed","Wed Jul 08 12:47:18 UTC 2026","","eu.esdihumboldt.hale.common.schema.groovy.SchemaBuilderTest","eu.esdihumboldt.hale.common.schema.groovy.SchemaBuilderTest","testCreateTypeIndex"
"","211","testComplexLookup","","Wed Jul 08 12:46:34 UTC 2026","passed","Wed Jul 08 12:46:34 UTC 2026","","eu.esdihumboldt.hale.common.lookup.internal.LookupTableTypeTest","eu.esdihumboldt.hale.common.lookup.internal.LookupTableTypeTest","testComplexLookup"
"","0","testHttpAbsoluteOtherHttp","","Wed Jul 08 12:57:32 UTC 2026","passed","Wed Jul 08 12:57:32 UTC 2026","","eu.esdihumboldt.hale.io.xsd.reader.HumboldtURIResolverTest","eu.esdihumboldt.hale.io.xsd.reader.HumboldtURIResolverTest","testHttpAbsoluteOtherHttp"
"","6","testGeoBboxList","","Wed Jul 08 12:45:16 UTC 2026","passed","Wed Jul 08 12:45:16 UTC 2026","","eu.esdihumboldt.hale.common.filter.CQLFilterTest","eu.esdihumboldt.hale.common.filter.CQLFilterTest","testGeoBboxList"
"","9537","testWriteRead","","Wed Jul 08 12:48:38 UTC 2026","passed","Wed Jul 08 12:48:47 UTC 2026","","eu.esdihumboldt.cst.functions.custom.test.internal.DefaultCustomPropertyFunctionTypeTest","eu.esdihumboldt.cst.functions.custom.test.internal.DefaultCustomPropertyFunctionTypeTest","testWriteRead"
"","203","testDuplicateRule","","Wed Jul 08 12:55:23 UTC 2026","passed","Wed Jul 08 12:55:23 UTC 2026","","eu.esdihumboldt.hale.io.schematron.SchematronInstanceValidatorTest","eu.esdihumboldt.hale.io.schematron.SchematronInstanceValidatorTest","testDuplicateRule"
"","6","testInstanceValueNullSchema","","Wed Jul 08 12:45:15 UTC 2026","passed","Wed Jul 08 12:45:15 UTC 2026","","eu.esdihumboldt.hale.common.filter.CQLFilterTest","eu.esdihumboldt.hale.common.filter.CQLFilterTest","testInstanceValueNullSchema"
"","1","testFixed","","Wed Jul 08 12:47:18 UTC 2026","passed","Wed Jul 08 12:47:18 UTC 2026","","eu.esdihumboldt.hale.common.schema.groovy.constraints.CardinalityFactoryTest","eu.esdihumboldt.hale.common.schema.groovy.constraints.CardinalityFactoryTest","testFixed"
"","884","testWriteFeaturesTargetCRS","","Wed Jul 08 12:50:58 UTC 2026","passed","Wed Jul 08 12:50:59 UTC 2026","","eu.esdihumboldt.hale.io.geopackage.GeopackageInstanceWriterTest","eu.esdihumboldt.hale.io.geopackage.GeopackageInstanceWriterTest","testWriteFeaturesTargetCRS"
"","0","testInstanceExistsSchema","","Wed Jul 08 12:45:16 UTC 2026","skipped","Wed Jul 08 12:45:16 UTC 2026","","eu.esdihumboldt.hale.common.filter.CQLFilterTest","eu.esdihumboldt.hale.common.filter.CQLFilterTest","testInstanceExistsSchema"
"","8","testGeoContains","","Wed Jul 08 12:45:16 UTC 2026","passed","Wed Jul 08 12:45:16 UTC 2026","","eu.esdihumboldt.hale.common.filter.CQLFilterTest","eu.esdihumboldt.hale.common.filter.CQLFilterTest","testGeoContains"
"","5","testExampleFromTheGep7Page","","Wed Jul 08 12:58:19 UTC 2026","passed","Wed Jul 08 12:58:19 UTC 2026","","eu.esdihumboldt.util.groovy.json.JsonStreamBuilderTest","eu.esdihumboldt.util.groovy.json.JsonStreamBuilderTest","testExampleFromTheGep7Page"
"","29","testNullMixed","","Wed Jul 08 12:46:02 UTC 2026","passed","Wed Jul 08 12:46:02 UTC 2026","","eu.esdihumboldt.hale.common.instance.groovy.InstanceAccessorTest","eu.esdihumboldt.hale.common.instance.groovy.InstanceAccessorTest","testNullMixed"
"","0","testGeometry_2_MultiLineString","","Wed Jul 08 12:52:10 UTC 2026","skipped","Wed Jul 08 12:52:10 UTC 2026","","eu.esdihumboldt.hale.io.gml.writer.internal.StreamGmlWriterTest","eu.esdihumboldt.hale.io.gml.writer.internal.StreamGmlWriterTest","testGeometry_2_MultiLineString"
"","0","testSubfolder3","","Wed Jul 08 12:44:45 UTC 2026","passed","Wed Jul 08 12:44:45 UTC 2026","","eu.esdihumboldt.hale.common.core.io.PathUpdateTest","eu.esdihumboldt.hale.common.core.io.PathUpdateTest","testSubfolder3"
"","444","testRequestNoCache","","Wed Jul 08 12:44:24 UTC 2026","passed","Wed Jul 08 12:44:25 UTC 2026","","eu.esdihumboldt.hale.common.cache.RequestTest","eu.esdihumboldt.hale.common.cache.RequestTest","testRequestNoCache"
"","34186","testReferenceWriting","","Wed Jul 08 12:53:22 UTC 2026","passed","Wed Jul 08 12:53:56 UTC 2026","","eu.esdihumboldt.hale.io.jdbc.postgresql.test.AutoGenKeyReferenceIT","eu.esdihumboldt.hale.io.jdbc.postgresql.test.AutoGenKeyReferenceIT","testReferenceWriting"
"","10","testJsonSimple","","Wed Jul 08 12:55:06 UTC 2026","passed","Wed Jul 08 12:55:06 UTC 2026","","eu.esdihumboldt.hale.io.json.test.InstanceToJsonTest","eu.esdihumboldt.hale.io.json.test.InstanceToJsonTest","testJsonSimple"
"","193","testGroovyWarningRetype","","Wed Jul 08 12:44:15 UTC 2026","passed","Wed Jul 08 12:44:15 UTC 2026","","eu.esdihumboldt.hale.common.align.merge.test.impl.DefaultMergeCellMigratorTest","eu.esdihumboldt.hale.common.align.merge.test.impl.DefaultMergeCellMigratorTest","testGroovyWarningRetype"
"","11","testInstanceReader","","Wed Jul 08 12:53:15 UTC 2026","skipped","Wed Jul 08 12:53:15 UTC 2026","","eu.esdihumboldt.hale.io.jdbc.mssql.test.MsSQLServer14Test","eu.esdihumboldt.hale.io.jdbc.mssql.test.MsSQLServer14Test","testInstanceReader"
"","99","testRetypeConditionRenameTypeFiltered","","Wed Jul 08 12:44:18 UTC 2026","passed","Wed Jul 08 12:44:19 UTC 2026","","eu.esdihumboldt.hale.common.align.merge.test.impl.JoinRetainConditionsTest","eu.esdihumboldt.hale.common.align.merge.test.impl.JoinRetainConditionsTest","testRetypeConditionRenameTypeFiltered"
"","3","testHttpRelative1","","Wed Jul 08 12:57:32 UTC 2026","passed","Wed Jul 08 12:57:32 UTC 2026","","eu.esdihumboldt.hale.io.xsd.reader.HumboldtURIResolverTest","eu.esdihumboldt.hale.io.xsd.reader.HumboldtURIResolverTest","testHttpRelative1"
"","1","testLargeArc","","Wed Jul 08 12:58:04 UTC 2026","passed","Wed Jul 08 12:58:04 UTC 2026","","eu.esdihumboldt.util.geometry.interpolation.model.impl.ArcByPointsImplTest","eu.esdihumboldt.util.geometry.interpolation.model.impl.ArcByPointsImplTest","testLargeArc"
"","3099","testFiltersForMultiType3","","Wed Jul 08 12:42:26 UTC 2026","passed","Wed Jul 08 12:42:29 UTC 2026","","eu.esdihumboldt.hale.app.transform.test.ExecuteTest","eu.esdihumboldt.hale.app.transform.test.ExecuteTest","testFiltersForMultiType3"
"","15","testNullList","","Wed Jul 08 12:45:15 UTC 2026","passed","Wed Jul 08 12:45:15 UTC 2026","","eu.esdihumboldt.hale.common.filter.CQLFilterTest","eu.esdihumboldt.hale.common.filter.CQLFilterTest","testNullList"
"","2","testNested","","Wed Jul 08 12:57:56 UTC 2026","passed","Wed Jul 08 12:57:56 UTC 2026","","eu.esdihumboldt.util.config.ConfigMergerTest","eu.esdihumboldt.util.config.ConfigMergerTest","testNested"
"","3073","testFiltersForMultiType","","Wed Jul 08 12:42:55 UTC 2026","passed","Wed Jul 08 12:42:59 UTC 2026","","eu.esdihumboldt.hale.app.transform.test.ExecuteTest","eu.esdihumboldt.hale.app.transform.test.ExecuteTest","testFiltersForMultiType"
"","0","testExistsNoSchema","","Wed Jul 08 12:45:16 UTC 2026","skipped","Wed Jul 08 12:45:16 UTC 2026","","eu.esdihumboldt.hale.common.filter.CQLFilterTest","eu.esdihumboldt.hale.common.filter.CQLFilterTest","testExistsNoSchema"
"","1694","testMerge","","Wed Jul 08 12:48:17 UTC 2026","passed","Wed Jul 08 12:48:19 UTC 2026","","eu.esdihumboldt.cst.internal.ConceptualSchemaTransformerTest","eu.esdihumboldt.cst.internal.ConceptualSchemaTransformerTest","testMerge"
"","0","testCRSFlipped","","Wed Jul 08 12:58:04 UTC 2026","passed","Wed Jul 08 12:58:04 UTC 2026","","eu.esdihumboldt.util.geometry.WindingOrderTest","eu.esdihumboldt.util.geometry.WindingOrderTest","testCRSFlipped"
"","4","testLikeNoSchema","","Wed Jul 08 12:45:16 UTC 2026","passed","Wed Jul 08 12:45:16 UTC 2026","","eu.esdihumboldt.hale.common.filter.CQLFilterTest","eu.esdihumboldt.hale.common.filter.CQLFilterTest","testLikeNoSchema"
"","3107","testFiltersForMultiType4","","Wed Jul 08 12:42:29 UTC 2026","passed","Wed Jul 08 12:42:32 UTC 2026","","eu.esdihumboldt.hale.app.transform.test.ExecuteTest","eu.esdihumboldt.hale.app.transform.test.ExecuteTest","testFiltersForMultiType4"
"","141","testGroovyWarningMergeTarget","","Wed Jul 08 12:44:14 UTC 2026","passed","Wed Jul 08 12:44:14 UTC 2026","","eu.esdihumboldt.hale.common.align.merge.test.impl.DefaultMergeCellMigratorTest","eu.esdihumboldt.hale.common.align.merge.test.impl.DefaultMergeCellMigratorTest","testGroovyWarningMergeTarget"
"","629","testInspireCodespaceNoAutoAdd","","Wed Jul 08 12:52:02 UTC 2026","passed","Wed Jul 08 12:52:03 UTC 2026","","eu.esdihumboldt.hale.io.gml.writer.internal.StreamGmlWriter2Test","eu.esdihumboldt.hale.io.gml.writer.internal.StreamGmlWriter2Test","testInspireCodespaceNoAutoAdd"
"","1","testIterateLess","","Wed Jul 08 12:45:30 UTC 2026","passed","Wed Jul 08 12:45:30 UTC 2026","","eu.esdihumboldt.hale.common.instance.tools.impl.SimplePartitionerTest","eu.esdihumboldt.hale.common.instance.tools.impl.SimplePartitionerTest","testIterateLess"
"","281","testGroovy2","","Wed Jul 08 12:48:21 UTC 2026","passed","Wed Jul 08 12:48:21 UTC 2026","","eu.esdihumboldt.cst.internal.ConceptualSchemaTransformerTest","eu.esdihumboldt.cst.internal.ConceptualSchemaTransformerTest","testGroovy2"
"","102","testReadFromFolder","","Wed Jul 08 12:56:12 UTC 2026","passed","Wed Jul 08 12:56:12 UTC 2026","","eu.esdihumboldt.hale.io.shp.ShapeInstanceReaderTest","eu.esdihumboldt.hale.io.shp.ShapeInstanceReaderTest","testReadFromFolder"
"","0","testInstanceExistsSchema","","Wed Jul 08 12:45:16 UTC 2026","skipped","Wed Jul 08 12:45:16 UTC 2026","","eu.esdihumboldt.hale.common.filter.ECQLFilterTest","eu.esdihumboldt.hale.common.filter.ECQLFilterTest","testInstanceExistsSchema"
"","1","simpleFilterTestECQL","","Wed Jul 08 12:45:19 UTC 2026","passed","Wed Jul 08 12:45:19 UTC 2026","","eu.esdihumboldt.hale.common.filter.FilterTest","eu.esdihumboldt.hale.common.filter.FilterTest","simpleFilterTestECQL"
"","6","testLoopArray","","Wed Jul 08 12:58:20 UTC 2026","passed","Wed Jul 08 12:58:20 UTC 2026","","eu.esdihumboldt.util.groovy.json.JsonStreamBuilderTest","eu.esdihumboldt.util.groovy.json.JsonStreamBuilderTest","testLoopArray"
"","4","testTimeEquals","","Wed Jul 08 12:45:16 UTC 2026","passed","Wed Jul 08 12:45:16 UTC 2026","","eu.esdihumboldt.hale.common.filter.ECQLFilterTest","eu.esdihumboldt.hale.common.filter.ECQLFilterTest","testTimeEquals"
"","11","testReadFirstArray","","Wed Jul 08 12:55:08 UTC 2026","passed","Wed Jul 08 12:55:08 UTC 2026","","eu.esdihumboldt.hale.io.json.test.JsonInstanceCollectionTest","eu.esdihumboldt.hale.io.json.test.JsonInstanceCollectionTest","testReadFirstArray"
"","25","testReadPointGeoJson","","Wed Jul 08 12:55:09 UTC 2026","passed","Wed Jul 08 12:55:09 UTC 2026","","eu.esdihumboldt.hale.io.json.test.JsonToInstanceTest","eu.esdihumboldt.hale.io.json.test.JsonToInstanceTest","testReadPointGeoJson"
"","125","mergeRenameFormattedString","","Wed Jul 08 12:44:16 UTC 2026","passed","Wed Jul 08 12:44:16 UTC 2026","","eu.esdihumboldt.hale.common.align.merge.test.impl.FormattedStringMergeTest","eu.esdihumboldt.hale.common.align.merge.test.impl.FormattedStringMergeTest","mergeRenameFormattedString"
"","2","testTrueFalse","","Wed Jul 08 12:47:18 UTC 2026","passed","Wed Jul 08 12:47:18 UTC 2026","","eu.esdihumboldt.hale.common.schema.groovy.constraints.AugmentedValueFactoryTest","eu.esdihumboldt.hale.common.schema.groovy.constraints.AugmentedValueFactoryTest","testTrueFalse"
"","36","testWriteBigNumbers","","Wed Jul 08 12:56:17 UTC 2026","passed","Wed Jul 08 12:56:17 UTC 2026","","eu.esdihumboldt.hale.io.shp.ShapefileInstanceWriterTest","eu.esdihumboldt.hale.io.shp.ShapefileInstanceWriterTest","testWriteBigNumbers"
"","2","testCCW1","","Wed Jul 08 12:58:04 UTC 2026","passed","Wed Jul 08 12:58:04 UTC 2026","","eu.esdihumboldt.util.geometry.interpolation.model.impl.ArcByCenterPointImplTest","eu.esdihumboldt.util.geometry.interpolation.model.impl.ArcByCenterPointImplTest","testCCW1"
"","1","testDefault","","Wed Jul 08 12:46:59 UTC 2026","passed","Wed Jul 08 12:46:59 UTC 2026","","eu.esdihumboldt.hale.common.schema.model.constraint.factory.property.UniqueConstraintFactoryTest","eu.esdihumboldt.hale.common.schema.model.constraint.factory.property.UniqueConstraintFactoryTest","testDefault"
"","9106","testConvert","","Wed Jul 08 12:44:30 UTC 2026","passed","Wed Jul 08 12:44:40 UTC 2026","","eu.esdihumboldt.hale.common.config.ConfigValueTest","eu.esdihumboldt.hale.common.config.ConfigValueTest","testConvert"
"","1","testFootprint","","Wed Jul 08 12:49:09 UTC 2026","passed","Wed Jul 08 12:49:09 UTC 2026","","eu.esdihumboldt.cst.functions.geometric.test.InteriorPointTest","eu.esdihumboldt.cst.functions.geometric.test.InteriorPointTest","testFootprint"
"","2","testReadSimpleWithDate","","Wed Jul 08 12:50:10 UTC 2026","passed","Wed Jul 08 12:50:10 UTC 2026","","eu.esdihumboldt.hale.io.csv.CSVInstanceReaderTest","eu.esdihumboldt.hale.io.csv.CSVInstanceReaderTest","testReadSimpleWithDate"
"","232","testTypeFilter3","","Wed Jul 08 12:44:13 UTC 2026","passed","Wed Jul 08 12:44:13 UTC 2026","","eu.esdihumboldt.hale.common.align.merge.test.impl.DefaultMergeCellMigratorTest","eu.esdihumboldt.hale.common.align.merge.test.impl.DefaultMergeCellMigratorTest","testTypeFilter3"
"","1","testFindPoints","","Wed Jul 08 12:49:08 UTC 2026","passed","Wed Jul 08 12:49:08 UTC 2026","","eu.esdihumboldt.cst.functions.geometric.test.GeometryHelperFunctionsTest","eu.esdihumboldt.cst.functions.geometric.test.GeometryHelperFunctionsTest","testFindPoints"
"","1","testRead3","","Wed Jul 08 12:50:10 UTC 2026","passed","Wed Jul 08 12:50:10 UTC 2026","","eu.esdihumboldt.hale.io.csv.CSVSchemaReaderTest","eu.esdihumboldt.hale.io.csv.CSVSchemaReaderTest","testRead3"
"","14441","testGeoJsonSimpleMixed_7_and_14","","Wed Jul 08 12:54:51 UTC 2026","passed","Wed Jul 08 12:55:06 UTC 2026","","eu.esdihumboldt.hale.io.json.test.InstanceToJsonTest","eu.esdihumboldt.hale.io.json.test.InstanceToJsonTest","testGeoJsonSimpleMixed_7_and_14"
"","2","testElementHasListOfObjects","","Wed Jul 08 12:58:20 UTC 2026","passed","Wed Jul 08 12:58:20 UTC 2026","","eu.esdihumboldt.util.groovy.json.JsonStreamBuilderTest","eu.esdihumboldt.util.groovy.json.JsonStreamBuilderTest","testElementHasListOfObjects"
"","45","testReadMultiSheetTypeSkipSettings","","Wed Jul 08 12:57:14 UTC 2026","passed","Wed Jul 08 12:57:14 UTC 2026","","eu.esdihumboldt.hale.io.xls.test.reader.XLSReaderTest","eu.esdihumboldt.hale.io.xls.test.reader.XLSReaderTest","testReadMultiSheetTypeSkipSettings"
"","155","testFilterSame5","","Wed Jul 08 12:44:11 UTC 2026","passed","Wed Jul 08 12:44:11 UTC 2026","","eu.esdihumboldt.hale.common.align.merge.test.impl.DefaultMergeCellMigratorTest","eu.esdihumboldt.hale.common.align.merge.test.impl.DefaultMergeCellMigratorTest","testFilterSame5"
"","3","testReadWithPointDecimal","","Wed Jul 08 12:50:10 UTC 2026","passed","Wed Jul 08 12:50:10 UTC 2026","","eu.esdihumboldt.hale.io.csv.CSVInstanceReaderTest","eu.esdihumboldt.hale.io.csv.CSVInstanceReaderTest","testReadWithPointDecimal"
"","1","testGeometry_2_MultiPoint","","Wed Jul 08 12:52:14 UTC 2026","skipped","Wed Jul 08 12:52:14 UTC 2026","","eu.esdihumboldt.hale.io.gml.writer.internal.StreamGmlWriterTest","eu.esdihumboldt.hale.io.gml.writer.internal.StreamGmlWriterTest","testGeometry_2_MultiPoint"
"","1","testDisabled","","Wed Jul 08 12:46:59 UTC 2026","passed","Wed Jul 08 12:46:59 UTC 2026","","eu.esdihumboldt.hale.common.schema.model.constraint.factory.type.AbstractFlagFactoryTest","eu.esdihumboldt.hale.common.schema.model.constraint.factory.type.AbstractFlagFactoryTest","testDisabled"
"","2","testNestedKey","","Wed Jul 08 12:57:56 UTC 2026","passed","Wed Jul 08 12:57:56 UTC 2026","","eu.esdihumboldt.util.config.ConfigTest","eu.esdihumboldt.util.config.ConfigTest","testNestedKey"
"","1","testRange","","Wed Jul 08 12:47:18 UTC 2026","passed","Wed Jul 08 12:47:18 UTC 2026","","eu.esdihumboldt.hale.common.schema.groovy.constraints.CardinalityFactoryTest","eu.esdihumboldt.hale.common.schema.groovy.constraints.CardinalityFactoryTest","testRange"
"","48","testNestedObjects","","Wed Jul 08 12:58:19 UTC 2026","passed","Wed Jul 08 12:58:19 UTC 2026","","eu.esdihumboldt.util.groovy.json.JsonStreamBuilderTest","eu.esdihumboldt.util.groovy.json.JsonStreamBuilderTest","testNestedObjects"
"","28","testRead_shiporder_one","","Wed Jul 08 12:57:34 UTC 2026","passed","Wed Jul 08 12:57:34 UTC 2026","","eu.esdihumboldt.hale.io.xsd.reader.XmlSchemaReaderTest","eu.esdihumboldt.hale.io.xsd.reader.XmlSchemaReaderTest","testRead_shiporder_one"
"","419","testWfsPaginationCountWithFeaturesPerRequest","","Wed Jul 08 12:51:55 UTC 2026","passed","Wed Jul 08 12:51:56 UTC 2026","","eu.esdihumboldt.hale.io.gml.reader.internal.StreamGmlReaderTest","eu.esdihumboldt.hale.io.gml.reader.internal.StreamGmlReaderTest","testWfsPaginationCountWithFeaturesPerRequest"
"","23","testValueListValueList","","Wed Jul 08 12:44:57 UTC 2026","passed","Wed Jul 08 12:44:57 UTC 2026","","eu.esdihumboldt.hale.common.core.io.impl.ValueListTypeTest","eu.esdihumboldt.hale.common.core.io.impl.ValueListTypeTest","testValueListValueList"
"","7","testPropertyType","","Wed Jul 08 12:57:14 UTC 2026","passed","Wed Jul 08 12:57:14 UTC 2026","","eu.esdihumboldt.hale.io.xls.test.reader.XLSReaderTest","eu.esdihumboldt.hale.io.xls.test.reader.XLSReaderTest","testPropertyType"
"","1","testCircle","","Wed Jul 08 12:58:04 UTC 2026","passed","Wed Jul 08 12:58:04 UTC 2026","","eu.esdihumboldt.util.geometry.interpolation.model.impl.ArcByPointsImplTest","eu.esdihumboldt.util.geometry.interpolation.model.impl.ArcByPointsImplTest","testCircle"
"","224","testNgaSpatialIndexCreation","","Wed Jul 08 12:50:59 UTC 2026","passed","Wed Jul 08 12:50:59 UTC 2026","","eu.esdihumboldt.hale.io.geopackage.GeopackageInstanceWriterTest","eu.esdihumboldt.hale.io.geopackage.GeopackageInstanceWriterTest","testNgaSpatialIndexCreation"
"","301","testGeometryPrimitive_32_Point","","Wed Jul 08 12:52:13 UTC 2026","passed","Wed Jul 08 12:52:13 UTC 2026","","eu.esdihumboldt.hale.io.gml.writer.internal.StreamGmlWriterTest","eu.esdihumboldt.hale.io.gml.writer.internal.StreamGmlWriterTest","testGeometryPrimitive_32_Point"
"","3939","testAdvCrsFactories","","Wed Jul 08 12:46:38 UTC 2026","passed","Wed Jul 08 12:46:42 UTC 2026","","eu.esdihumboldt.hale.common.referencing.factory.CrsAuthorityFactoryTest","eu.esdihumboldt.hale.common.referencing.factory.CrsAuthorityFactoryTest","testAdvCrsFactories"
"","20","testConstraints","","Wed Jul 08 12:47:18 UTC 2026","passed","Wed Jul 08 12:47:18 UTC 2026","","eu.esdihumboldt.hale.common.schema.groovy.SchemaBuilderTest","eu.esdihumboldt.hale.common.schema.groovy.SchemaBuilderTest","testConstraints"
"","21","testRead_shiporder_types","","Wed Jul 08 12:57:34 UTC 2026","passed","Wed Jul 08 12:57:34 UTC 2026","","eu.esdihumboldt.hale.io.xsd.reader.XmlSchemaReaderTest","eu.esdihumboldt.hale.io.xsd.reader.XmlSchemaReaderTest","testRead_shiporder_types"
"","0","testOrderClockwise","","Wed Jul 08 12:58:04 UTC 2026","passed","Wed Jul 08 12:58:04 UTC 2026","","eu.esdihumboldt.util.geometry.WindingOrderTest","eu.esdihumboldt.util.geometry.WindingOrderTest","testOrderClockwise"
"","320","testWriteReadTypeSafeQName","","Wed Jul 08 12:58:20 UTC 2026","passed","Wed Jul 08 12:58:20 UTC 2026","","eu.esdihumboldt.util.groovy.xml.NSDOMBuilderTest","eu.esdihumboldt.util.groovy.xml.NSDOMBuilderTest","testWriteReadTypeSafeQName"
"","6","testLikeList","","Wed Jul 08 12:45:16 UTC 2026","passed","Wed Jul 08 12:45:16 UTC 2026","","eu.esdihumboldt.hale.common.filter.CQLFilterTest","eu.esdihumboldt.hale.common.filter.CQLFilterTest","testLikeList"
"","351","testWfsPagination","","Wed Jul 08 12:51:55 UTC 2026","passed","Wed Jul 08 12:51:55 UTC 2026","","eu.esdihumboldt.hale.io.gml.reader.internal.StreamGmlReaderTest","eu.esdihumboldt.hale.io.gml.reader.internal.StreamGmlReaderTest","testWfsPagination"
"","53","groovyStuffDisallowed","","Wed Jul 08 12:58:37 UTC 2026","passed","Wed Jul 08 12:58:37 UTC 2026","","eu.esdihumboldt.util.groovy.sandbox.test.internal.GroovySandboxTest","eu.esdihumboldt.util.groovy.sandbox.test.internal.GroovySandboxTest","groovyStuffDisallowed"
"","10","testReadPoint","","Wed Jul 08 12:55:09 UTC 2026","passed","Wed Jul 08 12:55:09 UTC 2026","","eu.esdihumboldt.hale.io.json.test.JsonToInstanceTest","eu.esdihumboldt.hale.io.json.test.JsonToInstanceTest","testReadPoint"
"","438","testDoesNotExistSchema","","Wed Jul 08 12:45:15 UTC 2026","passed","Wed Jul 08 12:45:16 UTC 2026","","eu.esdihumboldt.hale.common.filter.CQLFilterTest","eu.esdihumboldt.hale.common.filter.CQLFilterTest","testDoesNotExistSchema"
"","3","testRootArrayObjectsFail","","Wed Jul 08 12:58:19 UTC 2026","passed","Wed Jul 08 12:58:19 UTC 2026","","eu.esdihumboldt.util.groovy.json.JsonStreamBuilderTest","eu.esdihumboldt.util.groovy.json.JsonStreamBuilderTest","testRootArrayObjectsFail"
"","2109","testFromCode","","Wed Jul 08 12:49:06 UTC 2026","passed","Wed Jul 08 12:49:08 UTC 2026","","eu.esdihumboldt.cst.functions.geometric.test.CRSHelperFunctionsTest","eu.esdihumboldt.cst.functions.geometric.test.CRSHelperFunctionsTest","testFromCode"
"","0","testText","","Wed Jul 08 12:47:18 UTC 2026","passed","Wed Jul 08 12:47:18 UTC 2026","","eu.esdihumboldt.hale.common.schema.groovy.constraints.CardinalityFactoryTest","eu.esdihumboldt.hale.common.schema.groovy.constraints.CardinalityFactoryTest","testText"
"","2241","testInspireCodespaceAutoAddDefault","","Wed Jul 08 12:51:57 UTC 2026","passed","Wed Jul 08 12:52:00 UTC 2026","","eu.esdihumboldt.hale.io.gml.writer.internal.StreamGmlWriter2Test","eu.esdihumboldt.hale.io.gml.writer.internal.StreamGmlWriter2Test","testInspireCodespaceAutoAddDefault"
"","41","testSKOSFromRDF2","","Wed Jul 08 12:49:58 UTC 2026","passed","Wed Jul 08 12:49:58 UTC 2026","","eu.esdihumboldt.hale.io.codelist.skos.test.SkosCodeListTest","eu.esdihumboldt.hale.io.codelist.skos.test.SkosCodeListTest","testSKOSFromRDF2"
"","3","testFormatter[12]","","Wed Jul 08 12:58:00 UTC 2026","passed","Wed Jul 08 12:58:00 UTC 2026","","eu.esdihumboldt.util.geometry.DecimalFormatUtilTest","eu.esdihumboldt.util.geometry.DecimalFormatUtilTest","testFormatter[12]"
"","1","testRead2","","Wed Jul 08 12:50:10 UTC 2026","passed","Wed Jul 08 12:50:10 UTC 2026","","eu.esdihumboldt.hale.io.csv.CSVSchemaReaderTest","eu.esdihumboldt.hale.io.csv.CSVSchemaReaderTest","testRead2"
"","50","testMerge","","Wed Jul 08 12:44:58 UTC 2026","passed","Wed Jul 08 12:44:58 UTC 2026","","eu.esdihumboldt.hale.common.core.report.util.StatsMergeTest","eu.esdihumboldt.hale.common.core.report.util.StatsMergeTest","testMerge"
"","79","testCMUnion5","","Wed Jul 08 12:48:31 UTC 2026","passed","Wed Jul 08 12:48:31 UTC 2026","","eu.esdihumboldt.cst.internal.ConceptualSchemaTransformerTest","eu.esdihumboldt.cst.internal.ConceptualSchemaTransformerTest","testCMUnion5"
"","160","testTypeFilter2PropertyPresent","","Wed Jul 08 12:44:14 UTC 2026","passed","Wed Jul 08 12:44:15 UTC 2026","","eu.esdihumboldt.hale.common.align.merge.test.impl.DefaultMergeCellMigratorTest","eu.esdihumboldt.hale.common.align.merge.test.impl.DefaultMergeCellMigratorTest","testTypeFilter2PropertyPresent"
"","14","testReadVersion4","","Wed Jul 08 12:54:47 UTC 2026","passed","Wed Jul 08 12:54:47 UTC 2026","","eu.esdihumboldt.hale.io.jdbc.spatialite.reader.internal.SpatiaLiteInstanceReaderTest","eu.esdihumboldt.hale.io.jdbc.spatialite.reader.internal.SpatiaLiteInstanceReaderTest","testReadVersion4"
"","653","testWriteFeaturesTargetCRS","","Wed Jul 08 12:56:14 UTC 2026","passed","Wed Jul 08 12:56:14 UTC 2026","","eu.esdihumboldt.hale.io.shp.ShapefileInstanceWriterTest","eu.esdihumboldt.hale.io.shp.ShapefileInstanceWriterTest","testWriteFeaturesTargetCRS"
"","0","testInstanceNoValueExistsSchema","","Wed Jul 08 12:45:15 UTC 2026","skipped","Wed Jul 08 12:45:15 UTC 2026","","eu.esdihumboldt.hale.common.filter.CQLFilterTest","eu.esdihumboldt.hale.common.filter.CQLFilterTest","testInstanceNoValueExistsSchema"
"","10","testStringCompare","","Wed Jul 08 12:45:15 UTC 2026","passed","Wed Jul 08 12:45:15 UTC 2026","","eu.esdihumboldt.hale.common.filter.CQLFilterTest","eu.esdihumboldt.hale.common.filter.CQLFilterTest","testStringCompare"
"","322","testGeometryAggregate_32_Point","","Wed Jul 08 12:52:13 UTC 2026","passed","Wed Jul 08 12:52:13 UTC 2026","","eu.esdihumboldt.hale.io.gml.writer.internal.StreamGmlWriterTest","eu.esdihumboldt.hale.io.gml.writer.internal.StreamGmlWriterTest","testGeometryAggregate_32_Point"
"","1795","testValid","","Wed Jul 08 12:55:20 UTC 2026","passed","Wed Jul 08 12:55:22 UTC 2026","","eu.esdihumboldt.hale.io.schematron.SchematronInstanceValidatorTest","eu.esdihumboldt.hale.io.schematron.SchematronInstanceValidatorTest","testValid"
"","358","testGeometryPrimitive_32_MultiLineString_Curve1","","Wed Jul 08 12:52:11 UTC 2026","passed","Wed Jul 08 12:52:11 UTC 2026","","eu.esdihumboldt.hale.io.gml.writer.internal.StreamGmlWriterTest","eu.esdihumboldt.hale.io.gml.writer.internal.StreamGmlWriterTest","testGeometryPrimitive_32_MultiLineString_Curve1"
"","0","testBox","","Wed Jul 08 12:52:15 UTC 2026","passed","Wed Jul 08 12:52:15 UTC 2026","","eu.esdihumboldt.hale.io.gml.writer.internal.geometry.converters.PolygonToLineStringTest","eu.esdihumboldt.hale.io.gml.writer.internal.geometry.converters.PolygonToLineStringTest","testBox"
"","0","testLookupAndConsume","","Wed Jul 08 12:44:58 UTC 2026","passed","Wed Jul 08 12:44:58 UTC 2026","","eu.esdihumboldt.hale.common.core.io.supplier.LookupStreamResourceTest","eu.esdihumboldt.hale.common.core.io.supplier.LookupStreamResourceTest","testLookupAndConsume"
"","2","testCW2","","Wed Jul 08 12:58:04 UTC 2026","passed","Wed Jul 08 12:58:04 UTC 2026","","eu.esdihumboldt.util.geometry.interpolation.model.impl.ArcByCenterPointImplTest","eu.esdihumboldt.util.geometry.interpolation.model.impl.ArcByCenterPointImplTest","testCW2"
"","30","testComplexInstancesCQL","","Wed Jul 08 12:45:19 UTC 2026","passed","Wed Jul 08 12:45:19 UTC 2026","","eu.esdihumboldt.hale.common.filter.FilterTest","eu.esdihumboldt.hale.common.filter.FilterTest","testComplexInstancesCQL"
"","4","testRange","","Wed Jul 08 12:47:18 UTC 2026","passed","Wed Jul 08 12:47:18 UTC 2026","","eu.esdihumboldt.hale.common.schema.groovy.constraints.EnumerationFactoryTest","eu.esdihumboldt.hale.common.schema.groovy.constraints.EnumerationFactoryTest","testRange"
"","10876","testSimpleAll","","Wed Jul 08 12:43:31 UTC 2026","passed","Wed Jul 08 12:43:42 UTC 2026","","eu.esdihumboldt.hale.common.align.groovy.accessor.EntityAccessorTest","eu.esdihumboldt.hale.common.align.groovy.accessor.EntityAccessorTest","testSimpleAll"
"","9","testCycle","","Wed Jul 08 12:57:38 UTC 2026","passed","Wed Jul 08 12:57:38 UTC 2026","","eu.esdihumboldt.util.DependencyOrderedListTest","eu.esdihumboldt.util.DependencyOrderedListTest","testCycle"
"","7","testHalfCircle","","Wed Jul 08 12:58:04 UTC 2026","passed","Wed Jul 08 12:58:04 UTC 2026","","eu.esdihumboldt.util.geometry.interpolation.grid.GridInterpolationTest","eu.esdihumboldt.util.geometry.interpolation.grid.GridInterpolationTest","testHalfCircle"
"","14245","testFormattingStringInstance","","Wed Jul 08 12:48:03 UTC 2026","passed","Wed Jul 08 12:48:17 UTC 2026","","eu.esdihumboldt.cst.internal.ConceptualSchemaTransformerTest","eu.esdihumboldt.cst.internal.ConceptualSchemaTransformerTest","testFormattingStringInstance"
"","19","testInvalidKey1","","Wed Jul 08 12:57:56 UTC 2026","passed","Wed Jul 08 12:57:56 UTC 2026","","eu.esdihumboldt.util.config.ConfigTest","eu.esdihumboldt.util.config.ConfigTest","testInvalidKey1"
"","9840","testLoadWFS2Capabilities","","Wed Jul 08 12:56:43 UTC 2026","passed","Wed Jul 08 12:56:53 UTC 2026","","eu.esdihumboldt.hale.io.wfs.test.capabilities.CapabilitiesHelperTest","eu.esdihumboldt.hale.io.wfs.test.capabilities.CapabilitiesHelperTest","testLoadWFS2Capabilities"
"","5","testValuePropertiesList","","Wed Jul 08 12:44:57 UTC 2026","passed","Wed Jul 08 12:44:57 UTC 2026","","eu.esdihumboldt.hale.common.core.io.impl.ValuePropertiesTypeTest","eu.esdihumboldt.hale.common.core.io.impl.ValuePropertiesTypeTest","testValuePropertiesList"
"","126","testPropertyCondition2","","Wed Jul 08 12:48:32 UTC 2026","passed","Wed Jul 08 12:48:32 UTC 2026","","eu.esdihumboldt.cst.internal.ConceptualSchemaTransformerTest","eu.esdihumboldt.cst.internal.ConceptualSchemaTransformerTest","testPropertyCondition2"
"","92","testRetypeConditionRenameTypeInherited","","Wed Jul 08 12:44:18 UTC 2026","passed","Wed Jul 08 12:44:18 UTC 2026","","eu.esdihumboldt.hale.common.align.merge.test.impl.JoinRetainConditionsTest","eu.esdihumboldt.hale.common.align.merge.test.impl.JoinRetainConditionsTest","testRetypeConditionRenameTypeInherited"
"","2244","testWriteNotNestedProperties","","Wed Jul 08 12:57:14 UTC 2026","passed","Wed Jul 08 12:57:16 UTC 2026","","eu.esdihumboldt.hale.io.xls.test.writer.XLSInstanceWriterTest","eu.esdihumboldt.hale.io.xls.test.writer.XLSInstanceWriterTest","testWriteNotNestedProperties"
"","4","testByPoints1","","Wed Jul 08 12:58:04 UTC 2026","passed","Wed Jul 08 12:58:04 UTC 2026","","eu.esdihumboldt.util.geometry.interpolation.grid.GridInterpolationTest","eu.esdihumboldt.util.geometry.interpolation.grid.GridInterpolationTest","testByPoints1"
"","8","testDoubleObject2","","Wed Jul 08 12:58:19 UTC 2026","passed","Wed Jul 08 12:58:19 UTC 2026","","eu.esdihumboldt.util.groovy.json.JsonStreamBuilderTest","eu.esdihumboldt.util.groovy.json.JsonStreamBuilderTest","testDoubleObject2"
"","288","testReadXsdInstancesTypenameWithNamespace","","Wed Jul 08 12:56:11 UTC 2026","passed","Wed Jul 08 12:56:11 UTC 2026","","eu.esdihumboldt.hale.io.shp.ShapeInstanceReaderTest","eu.esdihumboldt.hale.io.shp.ShapeInstanceReaderTest","testReadXsdInstancesTypenameWithNamespace"
"","188","testValueMapJson","","Wed Jul 08 12:44:57 UTC 2026","passed","Wed Jul 08 12:44:57 UTC 2026","","eu.esdihumboldt.hale.common.core.io.impl.ValueMapTypeTest","eu.esdihumboldt.hale.common.core.io.impl.ValueMapTypeTest","testValueMapJson"
"","2","testCW3","","Wed Jul 08 12:58:04 UTC 2026","passed","Wed Jul 08 12:58:04 UTC 2026","","eu.esdihumboldt.util.geometry.interpolation.model.impl.ArcByCenterPointImplTest","eu.esdihumboldt.util.geometry.interpolation.model.impl.ArcByCenterPointImplTest","testCW3"
"","292","testSaveLoad","","Wed Jul 08 12:43:24 UTC 2026","passed","Wed Jul 08 12:43:24 UTC 2026","","eu.esdihumboldt.hale.common.align.io.JaxbAlignmentIOTest","eu.esdihumboldt.hale.common.align.io.JaxbAlignmentIOTest","testSaveLoad"
"","321","testGeometryPrimitive_32_MultiPolygon","","Wed Jul 08 12:52:15 UTC 2026","passed","Wed Jul 08 12:52:15 UTC 2026","","eu.esdihumboldt.hale.io.gml.writer.internal.StreamGmlWriterTest","eu.esdihumboldt.hale.io.gml.writer.internal.StreamGmlWriterTest","testGeometryPrimitive_32_MultiPolygon"
"","1","testMerge5","","Wed Jul 08 12:44:58 UTC 2026","passed","Wed Jul 08 12:44:58 UTC 2026","","eu.esdihumboldt.hale.common.core.report.util.StatsMergeTest","eu.esdihumboldt.hale.common.core.report.util.StatsMergeTest","testMerge5"
"","32","testEnabled","","Wed Jul 08 12:46:59 UTC 2026","passed","Wed Jul 08 12:46:59 UTC 2026","","eu.esdihumboldt.hale.common.schema.model.constraint.factory.property.ChoiceFlagFactoryTest","eu.esdihumboldt.hale.common.schema.model.constraint.factory.property.ChoiceFlagFactoryTest","testEnabled"
"","75","testStructuralRename2","","Wed Jul 08 12:48:32 UTC 2026","passed","Wed Jul 08 12:48:33 UTC 2026","","eu.esdihumboldt.cst.internal.ConceptualSchemaTransformerTest","eu.esdihumboldt.cst.internal.ConceptualSchemaTransformerTest","testStructuralRename2"
"","327","testGeometryAggregate_32_MultiPoint","","Wed Jul 08 12:52:15 UTC 2026","passed","Wed Jul 08 12:52:15 UTC 2026","","eu.esdihumboldt.hale.io.gml.writer.internal.StreamGmlWriterTest","eu.esdihumboldt.hale.io.gml.writer.internal.StreamGmlWriterTest","testGeometryAggregate_32_MultiPoint"
"","6","testNestedObjectsPrettyPrint","","Wed Jul 08 12:58:20 UTC 2026","passed","Wed Jul 08 12:58:20 UTC 2026","","eu.esdihumboldt.util.groovy.json.JsonStreamBuilderTest","eu.esdihumboldt.util.groovy.json.JsonStreamBuilderTest","testNestedObjectsPrettyPrint"
"","52","testReadMultiSheetTypeNames","","Wed Jul 08 12:57:14 UTC 2026","passed","Wed Jul 08 12:57:14 UTC 2026","","eu.esdihumboldt.hale.io.xls.test.reader.XLSReaderTest","eu.esdihumboldt.hale.io.xls.test.reader.XLSReaderTest","testReadMultiSheetTypeNames"
"","14804","testWriteTopoJson","","Wed Jul 08 12:56:22 UTC 2026","passed","Wed Jul 08 12:56:37 UTC 2026","","eu.esdihumboldt.hale.io.topojson.test.TopoJsonInstanceWriterTest","eu.esdihumboldt.hale.io.topojson.test.TopoJsonInstanceWriterTest","testWriteTopoJson"
"","1936","testReadMultiSheetTypeSettingsNamedNoGeneralSkip","","Wed Jul 08 12:57:12 UTC 2026","passed","Wed Jul 08 12:57:14 UTC 2026","","eu.esdihumboldt.hale.io.xls.test.reader.XLSReaderTest","eu.esdihumboldt.hale.io.xls.test.reader.XLSReaderTest","testReadMultiSheetTypeSettingsNamedNoGeneralSkip"
"","4","testByPoints2","","Wed Jul 08 12:58:05 UTC 2026","passed","Wed Jul 08 12:58:05 UTC 2026","","eu.esdihumboldt.util.geometry.interpolation.split.SplitInterpolationTest","eu.esdihumboldt.util.geometry.interpolation.split.SplitInterpolationTest","testByPoints2"
"","1","testDisabled","","Wed Jul 08 12:47:00 UTC 2026","passed","Wed Jul 08 12:47:00 UTC 2026","","eu.esdihumboldt.hale.common.schema.model.constraint.factory.type.SkipValidationFactoryTest","eu.esdihumboldt.hale.common.schema.model.constraint.factory.type.SkipValidationFactoryTest","testDisabled"
"","671","testExportPropertyJoin","","Wed Jul 08 12:52:55 UTC 2026","passed","Wed Jul 08 12:52:56 UTC 2026","","eu.esdihumboldt.hale.io.html.svg.json.JsonMappingExporterTest","eu.esdihumboldt.hale.io.html.svg.json.JsonMappingExporterTest","testExportPropertyJoin"
"","11","testClass","","Wed Jul 08 12:47:18 UTC 2026","passed","Wed Jul 08 12:47:18 UTC 2026","","eu.esdihumboldt.hale.common.schema.groovy.constraints.BindingFactoryTest","eu.esdihumboldt.hale.common.schema.groovy.constraints.BindingFactoryTest","testClass"
"","1","testGeometryFlippedOnNULLCRS","","Wed Jul 08 12:58:04 UTC 2026","passed","Wed Jul 08 12:58:04 UTC 2026","","eu.esdihumboldt.util.geometry.WindingOrderTest","eu.esdihumboldt.util.geometry.WindingOrderTest","testGeometryFlippedOnNULLCRS"
"","3","testLikeNoSchema","","Wed Jul 08 12:45:16 UTC 2026","passed","Wed Jul 08 12:45:16 UTC 2026","","eu.esdihumboldt.hale.common.filter.ECQLFilterTest","eu.esdihumboldt.hale.common.filter.ECQLFilterTest","testLikeNoSchema"
"","369","testSchema","","Wed Jul 08 12:46:02 UTC 2026","passed","Wed Jul 08 12:46:03 UTC 2026","","eu.esdihumboldt.hale.common.instance.groovy.InstanceAccessorTest","eu.esdihumboldt.hale.common.instance.groovy.InstanceAccessorTest","testSchema"
"","10005","testEqualitySimple","","Wed Jul 08 12:45:04 UTC 2026","passed","Wed Jul 08 12:45:14 UTC 2026","","eu.esdihumboldt.hale.common.filter.CQLFilterTest","eu.esdihumboldt.hale.common.filter.CQLFilterTest","testEqualitySimple"
"","4","testBefore","","Wed Jul 08 12:45:16 UTC 2026","passed","Wed Jul 08 12:45:16 UTC 2026","","eu.esdihumboldt.hale.common.filter.ECQLFilterTest","eu.esdihumboldt.hale.common.filter.ECQLFilterTest","testBefore"
"","38","testSinglePolyGeometry","","Wed Jul 08 12:56:17 UTC 2026","passed","Wed Jul 08 12:56:17 UTC 2026","","eu.esdihumboldt.hale.io.shp.ShapefileInstanceWriterTest","eu.esdihumboldt.hale.io.shp.ShapefileInstanceWriterTest","testSinglePolyGeometry"
"","6","testReadSimple","","Wed Jul 08 12:50:10 UTC 2026","passed","Wed Jul 08 12:50:10 UTC 2026","","eu.esdihumboldt.hale.io.csv.CSVInstanceReaderTest","eu.esdihumboldt.hale.io.csv.CSVInstanceReaderTest","testReadSimple"
"","0","testSuccessSaveDDL","","Wed Jul 08 12:50:27 UTC 2026","skipped","Wed Jul 08 12:50:27 UTC 2026","","eu.esdihumboldt.hale.io.deegree.mapping.MappingWriterTest","eu.esdihumboldt.hale.io.deegree.mapping.MappingWriterTest","testSuccessSaveDDL"
"","3","testValues","","Wed Jul 08 12:46:59 UTC 2026","passed","Wed Jul 08 12:46:59 UTC 2026","","eu.esdihumboldt.hale.common.schema.model.constraint.factory.type.EnumerationFactoryTest","eu.esdihumboldt.hale.common.schema.model.constraint.factory.type.EnumerationFactoryTest","testValues"
"","125","testMergeMultiPropKey","","Wed Jul 08 12:48:29 UTC 2026","passed","Wed Jul 08 12:48:29 UTC 2026","","eu.esdihumboldt.cst.internal.ConceptualSchemaTransformerTest","eu.esdihumboldt.cst.internal.ConceptualSchemaTransformerTest","testMergeMultiPropKey"
"","53","testConsumeList","","Wed Jul 08 12:49:31 UTC 2026","passed","Wed Jul 08 12:49:32 UTC 2026","","eu.esdihumboldt.cst.functions.groovy.helpers.util.CollectorTest","eu.esdihumboldt.cst.functions.groovy.helpers.util.CollectorTest","testConsumeList"
"","376","testGeometryPrimitive_32_MultiLineString_Curve2","","Wed Jul 08 12:52:11 UTC 2026","passed","Wed Jul 08 12:52:11 UTC 2026","","eu.esdihumboldt.hale.io.gml.writer.internal.StreamGmlWriterTest","eu.esdihumboldt.hale.io.gml.writer.internal.StreamGmlWriterTest","testGeometryPrimitive_32_MultiLineString_Curve2"
"","1229","testReadNoNames","","Wed Jul 08 12:50:02 UTC 2026","passed","Wed Jul 08 12:50:03 UTC 2026","","eu.esdihumboldt.hale.io.codelist.xml.reader.XmlCodeListTest","eu.esdihumboldt.hale.io.codelist.xml.reader.XmlCodeListTest","testReadNoNames"
"","15","testSimpleSingleLax","","Wed Jul 08 12:47:18 UTC 2026","passed","Wed Jul 08 12:47:18 UTC 2026","","eu.esdihumboldt.hale.common.schema.groovy.DefinitionAccessorTest","eu.esdihumboldt.hale.common.schema.groovy.DefinitionAccessorTest","testSimpleSingleLax"
"","242","testWfsPaginationIgnoreNumberMatched","","Wed Jul 08 12:51:57 UTC 2026","passed","Wed Jul 08 12:51:57 UTC 2026","","eu.esdihumboldt.hale.io.gml.reader.internal.StreamGmlReaderTest","eu.esdihumboldt.hale.io.gml.reader.internal.StreamGmlReaderTest","testWfsPaginationIgnoreNumberMatched"
"","29","testSinglePolyGeometryWithLongAlphanumericNamesWithMultipleInstancesWithMissingData","","Wed Jul 08 12:56:17 UTC 2026","passed","Wed Jul 08 12:56:17 UTC 2026","","eu.esdihumboldt.hale.io.shp.ShapefileInstanceWriterTest","eu.esdihumboldt.hale.io.shp.ShapefileInstanceWriterTest","testSinglePolyGeometryWithLongAlphanumericNamesWithMultipleInstancesWithMissingData"
"","18","testBackwardCompatibilityRead","","Wed Jul 08 12:57:14 UTC 2026","passed","Wed Jul 08 12:57:14 UTC 2026","","eu.esdihumboldt.hale.io.xls.test.reader.XLSReaderTest","eu.esdihumboldt.hale.io.xls.test.reader.XLSReaderTest","testBackwardCompatibilityRead"
"","89","testSimpleComplex","","Wed Jul 08 12:48:32 UTC 2026","passed","Wed Jul 08 12:48:32 UTC 2026","","eu.esdihumboldt.cst.internal.ConceptualSchemaTransformerTest","eu.esdihumboldt.cst.internal.ConceptualSchemaTransformerTest","testSimpleComplex"
"","0","testFileRelative1","","Wed Jul 08 12:57:32 UTC 2026","passed","Wed Jul 08 12:57:32 UTC 2026","","eu.esdihumboldt.hale.io.xsd.reader.HumboldtURIResolverTest","eu.esdihumboldt.hale.io.xsd.reader.HumboldtURIResolverTest","testFileRelative1"
"","3","testDoesNotExistSchema","","Wed Jul 08 12:45:16 UTC 2026","passed","Wed Jul 08 12:45:16 UTC 2026","","eu.esdihumboldt.hale.common.filter.ECQLFilterTest","eu.esdihumboldt.hale.common.filter.ECQLFilterTest","testDoesNotExistSchema"
"","268","testJoinCondition","","Wed Jul 08 12:44:17 UTC 2026","passed","Wed Jul 08 12:44:17 UTC 2026","","eu.esdihumboldt.hale.common.align.merge.test.impl.JoinFocusRetainConditionTest","eu.esdihumboldt.hale.common.align.merge.test.impl.JoinFocusRetainConditionTest","testJoinCondition"
"","46","testBuilder","","Wed Jul 08 12:58:06 UTC 2026","passed","Wed Jul 08 12:58:06 UTC 2026","","eu.esdihumboldt.util.geometry.quadtree.QuadtreeTest","eu.esdihumboldt.util.geometry.quadtree.QuadtreeTest","testBuilder"
"","52","testReadMultiSheetTypeSettingsNamed","","Wed Jul 08 12:57:14 UTC 2026","passed","Wed Jul 08 12:57:14 UTC 2026","","eu.esdihumboldt.hale.io.xls.test.reader.XLSReaderTest","eu.esdihumboldt.hale.io.xls.test.reader.XLSReaderTest","testReadMultiSheetTypeSettingsNamed"
"","4","testNullSchema","","Wed Jul 08 12:45:16 UTC 2026","passed","Wed Jul 08 12:45:16 UTC 2026","","eu.esdihumboldt.hale.common.filter.CQLFilterTest","eu.esdihumboldt.hale.common.filter.CQLFilterTest","testNullSchema"
"","240","testCondition1","","Wed Jul 08 12:44:10 UTC 2026","passed","Wed Jul 08 12:44:11 UTC 2026","","eu.esdihumboldt.hale.common.align.merge.test.impl.DefaultMergeCellMigratorTest","eu.esdihumboldt.hale.common.align.merge.test.impl.DefaultMergeCellMigratorTest","testCondition1"
"","0","testMerge6","","Wed Jul 08 12:44:58 UTC 2026","passed","Wed Jul 08 12:44:58 UTC 2026","","eu.esdihumboldt.hale.common.core.report.util.StatsMergeTest","eu.esdihumboldt.hale.common.core.report.util.StatsMergeTest","testMerge6"
"","1","testReverseSkipsNullValues","","Wed Jul 08 12:46:24 UTC 2026","passed","Wed Jul 08 12:46:24 UTC 2026","","eu.esdihumboldt.hale.common.lookup.impl.LookupTableImplTest","eu.esdihumboldt.hale.common.lookup.impl.LookupTableImplTest","testReverseSkipsNullValues"
"","27","testOffsetCircle","","Wed Jul 08 12:58:05 UTC 2026","passed","Wed Jul 08 12:58:05 UTC 2026","","eu.esdihumboldt.util.geometry.interpolation.split.SplitInterpolationTest","eu.esdihumboldt.util.geometry.interpolation.split.SplitInterpolationTest","testOffsetCircle"
"","111","testMergeWithoutAdditionalProp","","Wed Jul 08 12:48:29 UTC 2026","passed","Wed Jul 08 12:48:29 UTC 2026","","eu.esdihumboldt.cst.internal.ConceptualSchemaTransformerTest","eu.esdihumboldt.cst.internal.ConceptualSchemaTransformerTest","testMergeWithoutAdditionalProp"
"","46","testGroup","","Wed Jul 08 12:47:18 UTC 2026","passed","Wed Jul 08 12:47:18 UTC 2026","","eu.esdihumboldt.hale.common.schema.groovy.SchemaBuilderTest","eu.esdihumboldt.hale.common.schema.groovy.SchemaBuilderTest","testGroup"
"","1098","testToFrom","","Wed Jul 08 12:49:09 UTC 2026","passed","Wed Jul 08 12:49:10 UTC 2026","","eu.esdihumboldt.cst.functions.geometric.test.join.SpatialJoinParameterTest","eu.esdihumboldt.cst.functions.geometric.test.join.SpatialJoinParameterTest","testToFrom"
"","11","testDoubleConsume","","Wed Jul 08 12:44:58 UTC 2026","passed","Wed Jul 08 12:44:58 UTC 2026","","eu.esdihumboldt.hale.common.core.io.supplier.LookupStreamResourceTest","eu.esdihumboldt.hale.common.core.io.supplier.LookupStreamResourceTest","testDoubleConsume"
"","144","testFilterSame4","","Wed Jul 08 12:44:11 UTC 2026","passed","Wed Jul 08 12:44:11 UTC 2026","","eu.esdihumboldt.hale.common.align.merge.test.impl.DefaultMergeCellMigratorTest","eu.esdihumboldt.hale.common.align.merge.test.impl.DefaultMergeCellMigratorTest","testFilterSame4"
"","96","testRun","","Wed Jul 08 12:52:33 UTC 2026","passed","Wed Jul 08 12:52:33 UTC 2026","","eu.esdihumboldt.hale.io.groovy.snippets.GroovySnippetsTest","eu.esdihumboldt.hale.io.groovy.snippets.GroovySnippetsTest","testRun"
"","566","testGeometryPrimitive_32_CompositeCurve_LineString","","Wed Jul 08 12:52:00 UTC 2026","passed","Wed Jul 08 12:52:00 UTC 2026","","eu.esdihumboldt.hale.io.gml.writer.internal.StreamGmlWriter2Test","eu.esdihumboldt.hale.io.gml.writer.internal.StreamGmlWriter2Test","testGeometryPrimitive_32_CompositeCurve_LineString"
"","2","testElements","","Wed Jul 08 12:57:32 UTC 2026","passed","Wed Jul 08 12:57:32 UTC 2026","","eu.esdihumboldt.hale.io.xsd.anytype.valuetypes.CustomTypeContentTypeTest","eu.esdihumboldt.hale.io.xsd.anytype.valuetypes.CustomTypeContentTypeTest","testElements"
"","9724","testComplexLookupJsonGroovy","","Wed Jul 08 12:46:24 UTC 2026","passed","Wed Jul 08 12:46:34 UTC 2026","","eu.esdihumboldt.hale.common.lookup.internal.LookupTableTypeTest","eu.esdihumboldt.hale.common.lookup.internal.LookupTableTypeTest","testComplexLookupJsonGroovy"
"","11","testGeoJsonSimpleMoreThan_14","","Wed Jul 08 12:55:06 UTC 2026","passed","Wed Jul 08 12:55:06 UTC 2026","","eu.esdihumboldt.hale.io.json.test.InstanceToJsonTest","eu.esdihumboldt.hale.io.json.test.InstanceToJsonTest","testGeoJsonSimpleMoreThan_14"
"","3959","testTransform","","Wed Jul 08 12:42:59 UTC 2026","passed","Wed Jul 08 12:43:02 UTC 2026","","eu.esdihumboldt.hale.app.transform.test.ExecuteTest","eu.esdihumboldt.hale.app.transform.test.ExecuteTest","testTransform"
"","192","testThread","","Wed Jul 08 12:58:44 UTC 2026","passed","Wed Jul 08 12:58:44 UTC 2026","","eu.esdihumboldt.util.orient.embedded.LocalDocumentTest","eu.esdihumboldt.util.orient.embedded.LocalDocumentTest","testThread"
"","38","testGmlOverflow","","Wed Jul 08 12:45:48 UTC 2026","passed","Wed Jul 08 12:45:48 UTC 2026","","eu.esdihumboldt.hale.common.instance.graph.test.ReferenceGraphTest","eu.esdihumboldt.hale.common.instance.graph.test.ReferenceGraphTest","testGmlOverflow"
"","641","testWriteRead","","Wed Jul 08 12:47:34 UTC 2026","passed","Wed Jul 08 12:47:35 UTC 2026","","eu.esdihumboldt.hale.common.schema.persist.hsd.test.HaleSchemaWriterTest","eu.esdihumboldt.hale.common.schema.persist.hsd.test.HaleSchemaWriterTest","testWriteRead"
"","351","testWfsPaginationWithStartIndex","","Wed Jul 08 12:51:54 UTC 2026","passed","Wed Jul 08 12:51:54 UTC 2026","","eu.esdihumboldt.hale.io.gml.reader.internal.StreamGmlReaderTest","eu.esdihumboldt.hale.io.gml.reader.internal.StreamGmlReaderTest","testWfsPaginationWithStartIndex"
"","2","testNested","","Wed Jul 08 12:49:32 UTC 2026","passed","Wed Jul 08 12:49:32 UTC 2026","","eu.esdihumboldt.cst.functions.groovy.helpers.util.CollectorTest","eu.esdihumboldt.cst.functions.groovy.helpers.util.CollectorTest","testNested"
"","7","testComplexStructureFromTheGuardian","","Wed Jul 08 12:58:19 UTC 2026","passed","Wed Jul 08 12:58:19 UTC 2026","","eu.esdihumboldt.util.groovy.json.JsonStreamBuilderTest","eu.esdihumboldt.util.groovy.json.JsonStreamBuilderTest","testComplexStructureFromTheGuardian"
"","1250","testLoadShiporderWrapped","","Wed Jul 08 12:45:29 UTC 2026","passed","Wed Jul 08 12:45:30 UTC 2026","","eu.esdihumboldt.hale.common.instance.helper.PropertyResolverTest","eu.esdihumboldt.hale.common.instance.helper.PropertyResolverTest","testLoadShiporderWrapped"
"","4","testNamespaceIndex","","Wed Jul 08 12:43:43 UTC 2026","passed","Wed Jul 08 12:43:43 UTC 2026","","eu.esdihumboldt.hale.common.align.groovy.accessor.EntityAccessorTest","eu.esdihumboldt.hale.common.align.groovy.accessor.EntityAccessorTest","testNamespaceIndex"
"","35","testSingleGeometryWithMissingProperties","","Wed Jul 08 12:56:14 UTC 2026","passed","Wed Jul 08 12:56:14 UTC 2026","","eu.esdihumboldt.hale.io.shp.ShapefileInstanceWriterTest","eu.esdihumboldt.hale.io.shp.ShapefileInstanceWriterTest","testSingleGeometryWithMissingProperties"
"","35","notAllowedClassesDisallowed","","Wed Jul 08 12:58:37 UTC 2026","passed","Wed Jul 08 12:58:37 UTC 2026","","eu.esdihumboldt.util.groovy.sandbox.test.internal.GroovySandboxTest","eu.esdihumboldt.util.groovy.sandbox.test.internal.GroovySandboxTest","notAllowedClassesDisallowed"
"","0","testGeoIntersect","","Wed Jul 08 12:45:16 UTC 2026","skipped","Wed Jul 08 12:45:16 UTC 2026","","eu.esdihumboldt.hale.common.filter.ECQLFilterTest","eu.esdihumboldt.hale.common.filter.ECQLFilterTest","testGeoIntersect"
"","4","testRootArrayEmpty","","Wed Jul 08 12:58:19 UTC 2026","passed","Wed Jul 08 12:58:19 UTC 2026","","eu.esdihumboldt.util.groovy.json.JsonStreamBuilderTest","eu.esdihumboldt.util.groovy.json.JsonStreamBuilderTest","testRootArrayEmpty"
"","114","testWriteReadDateTime","","Wed Jul 08 12:50:59 UTC 2026","passed","Wed Jul 08 12:50:59 UTC 2026","","eu.esdihumboldt.hale.io.geopackage.GeopackageInstanceWriterTest","eu.esdihumboldt.hale.io.geopackage.GeopackageInstanceWriterTest","testWriteReadDateTime"
"","14","testGmlUnresolvableReferences","","Wed Jul 08 12:45:48 UTC 2026","passed","Wed Jul 08 12:45:48 UTC 2026","","eu.esdihumboldt.hale.common.instance.graph.test.ReferenceGraphTest","eu.esdihumboldt.hale.common.instance.graph.test.ReferenceGraphTest","testGmlUnresolvableReferences"
"","1","testFindPolygons","","Wed Jul 08 12:49:08 UTC 2026","passed","Wed Jul 08 12:49:08 UTC 2026","","eu.esdihumboldt.cst.functions.geometric.test.GeometryHelperFunctionsTest","eu.esdihumboldt.cst.functions.geometric.test.GeometryHelperFunctionsTest","testFindPolygons"
"","267","testMsAccessSchemaReaderForMdbTest","","Wed Jul 08 12:53:10 UTC 2026","passed","Wed Jul 08 12:53:11 UTC 2026","","eu.esdihumboldt.hale.io.jdbc.msaccess.reader.MsAccessSchemaReaderTest","eu.esdihumboldt.hale.io.jdbc.msaccess.reader.MsAccessSchemaReaderTest","testMsAccessSchemaReaderForMdbTest"
"","4","testGeoCrosses","","Wed Jul 08 12:45:16 UTC 2026","passed","Wed Jul 08 12:45:16 UTC 2026","","eu.esdihumboldt.hale.common.filter.ECQLFilterTest","eu.esdihumboldt.hale.common.filter.ECQLFilterTest","testGeoCrosses"
"","2","testTrueFalse","","Wed Jul 08 12:47:18 UTC 2026","passed","Wed Jul 08 12:47:18 UTC 2026","","eu.esdihumboldt.hale.common.schema.groovy.constraints.NillableFactoryTest","eu.esdihumboldt.hale.common.schema.groovy.constraints.NillableFactoryTest","testTrueFalse"
"","1","testDefault","","Wed Jul 08 12:47:00 UTC 2026","passed","Wed Jul 08 12:47:00 UTC 2026","","eu.esdihumboldt.hale.common.schema.model.constraint.factory.type.SkipValidationFactoryTest","eu.esdihumboldt.hale.common.schema.model.constraint.factory.type.SkipValidationFactoryTest","testDefault"
"","0","testDescent","","Wed Jul 08 12:52:16 UTC 2026","skipped","Wed Jul 08 12:52:16 UTC 2026","","eu.esdihumboldt.hale.io.gml.writer.internal.geometry.writers.PatternTest","eu.esdihumboldt.hale.io.gml.writer.internal.geometry.writers.PatternTest","testDescent"
"","0","testString","","Wed Jul 08 12:46:59 UTC 2026","passed","Wed Jul 08 12:46:59 UTC 2026","","eu.esdihumboldt.hale.common.schema.model.constraint.factory.type.BindingFactoryTest","eu.esdihumboldt.hale.common.schema.model.constraint.factory.type.BindingFactoryTest","testString"
"","0","testInnerJoinNasIndexBased","","Wed Jul 08 12:48:20 UTC 2026","skipped","Wed Jul 08 12:48:20 UTC 2026","","eu.esdihumboldt.cst.internal.ConceptualSchemaTransformerTest","eu.esdihumboldt.cst.internal.ConceptualSchemaTransformerTest","testInnerJoinNasIndexBased"
"","1","testHalfmoonThin","","Wed Jul 08 12:49:09 UTC 2026","passed","Wed Jul 08 12:49:09 UTC 2026","","eu.esdihumboldt.cst.functions.geometric.test.InteriorPointTest","eu.esdihumboldt.cst.functions.geometric.test.InteriorPointTest","testHalfmoonThin"
"","95","testCMMulti2","","Wed Jul 08 12:48:30 UTC 2026","passed","Wed Jul 08 12:48:31 UTC 2026","","eu.esdihumboldt.cst.internal.ConceptualSchemaTransformerTest","eu.esdihumboldt.cst.internal.ConceptualSchemaTransformerTest","testCMMulti2"
"","2869","testCellDisableSaveLoad","","Wed Jul 08 12:43:09 UTC 2026","passed","Wed Jul 08 12:43:12 UTC 2026","","eu.esdihumboldt.hale.common.align.io.CastorAlignmentIOTest","eu.esdihumboldt.hale.common.align.io.CastorAlignmentIOTest","testCellDisableSaveLoad"
"","8","testSKOSFromRDF4_language_en","","Wed Jul 08 12:49:58 UTC 2026","passed","Wed Jul 08 12:49:58 UTC 2026","","eu.esdihumboldt.hale.io.codelist.skos.test.SkosCodeListTest","eu.esdihumboldt.hale.io.codelist.skos.test.SkosCodeListTest","testSKOSFromRDF4_language_en"
"","371","testGeometryPrimitive_32_MultiPolygon_WindingOrder_CCW","","Wed Jul 08 12:52:13 UTC 2026","passed","Wed Jul 08 12:52:14 UTC 2026","","eu.esdihumboldt.hale.io.gml.writer.internal.StreamGmlWriterTest","eu.esdihumboldt.hale.io.gml.writer.internal.StreamGmlWriterTest","testGeometryPrimitive_32_MultiPolygon_WindingOrder_CCW"
"","1","testOrigin","","Wed Jul 08 12:58:04 UTC 2026","passed","Wed Jul 08 12:58:04 UTC 2026","","eu.esdihumboldt.util.geometry.interpolation.model.impl.ArcByPointsImplTest","eu.esdihumboldt.util.geometry.interpolation.model.impl.ArcByPointsImplTest","testOrigin"
"","0","testNullTargetValueIsPreserved","","Wed Jul 08 12:46:24 UTC 2026","passed","Wed Jul 08 12:46:24 UTC 2026","","eu.esdihumboldt.hale.common.lookup.impl.LookupTableImplTest","eu.esdihumboldt.hale.common.lookup.impl.LookupTableImplTest","testNullTargetValueIsPreserved"
"","0","testTimeEqualsList","","Wed Jul 08 12:45:16 UTC 2026","skipped","Wed Jul 08 12:45:16 UTC 2026","","eu.esdihumboldt.hale.common.filter.CQLFilterTest","eu.esdihumboldt.hale.common.filter.CQLFilterTest","testTimeEqualsList"
"","19164","testReadInstancesXSDQualified","","Wed Jul 08 12:50:35 UTC 2026","passed","Wed Jul 08 12:50:54 UTC 2026","","eu.esdihumboldt.hale.io.geopackage.GeopackageInstanceReaderTest","eu.esdihumboldt.hale.io.geopackage.GeopackageInstanceReaderTest","testReadInstancesXSDQualified"
"","6","testNullNotExistsNoSchema","","Wed Jul 08 12:45:16 UTC 2026","passed","Wed Jul 08 12:45:16 UTC 2026","","eu.esdihumboldt.hale.common.filter.CQLFilterTest","eu.esdihumboldt.hale.common.filter.CQLFilterTest","testNullNotExistsNoSchema"
"","151","testParentMappingGeometry","","Wed Jul 08 12:44:12 UTC 2026","passed","Wed Jul 08 12:44:12 UTC 2026","","eu.esdihumboldt.hale.common.align.merge.test.impl.DefaultMergeCellMigratorTest","eu.esdihumboldt.hale.common.align.merge.test.impl.DefaultMergeCellMigratorTest","testParentMappingGeometry"
"","89","testCardinalityMerge_1","","Wed Jul 08 12:48:30 UTC 2026","passed","Wed Jul 08 12:48:30 UTC 2026","","eu.esdihumboldt.cst.internal.ConceptualSchemaTransformerTest","eu.esdihumboldt.cst.internal.ConceptualSchemaTransformerTest","testCardinalityMerge_1"
"","30","testArcStringAllGrid","","Wed Jul 08 12:58:04 UTC 2026","passed","Wed Jul 08 12:58:04 UTC 2026","","eu.esdihumboldt.util.geometry.interpolation.grid.GridInterpolationTest","eu.esdihumboldt.util.geometry.interpolation.grid.GridInterpolationTest","testArcStringAllGrid"
"","33","testEmpty","","Wed Jul 08 12:47:00 UTC 2026","passed","Wed Jul 08 12:47:00 UTC 2026","","eu.esdihumboldt.hale.common.schema.model.constraint.factory.type.ValidationConstraintFactoryTest","eu.esdihumboldt.hale.common.schema.model.constraint.factory.type.ValidationConstraintFactoryTest","testEmpty"
"","0","testCMUnion6","","Wed Jul 08 12:48:31 UTC 2026","skipped","Wed Jul 08 12:48:31 UTC 2026","","eu.esdihumboldt.cst.internal.ConceptualSchemaTransformerTest","eu.esdihumboldt.cst.internal.ConceptualSchemaTransformerTest","testCMUnion6"
"","0","testOrder","","Wed Jul 08 12:57:38 UTC 2026","passed","Wed Jul 08 12:57:38 UTC 2026","","eu.esdihumboldt.util.DependencyOrderedListTest","eu.esdihumboldt.util.DependencyOrderedListTest","testOrder"
"","1","testGeometryFlippedOnCRS","","Wed Jul 08 12:58:04 UTC 2026","passed","Wed Jul 08 12:58:04 UTC 2026","","eu.esdihumboldt.util.geometry.WindingOrderTest","eu.esdihumboldt.util.geometry.WindingOrderTest","testGeometryFlippedOnCRS"
"","163","mergeJoinWithRetype","","Wed Jul 08 12:44:14 UTC 2026","passed","Wed Jul 08 12:44:14 UTC 2026","","eu.esdihumboldt.hale.common.align.merge.test.impl.DefaultMergeCellMigratorTest","eu.esdihumboldt.hale.common.align.merge.test.impl.DefaultMergeCellMigratorTest","mergeJoinWithRetype"
"","0","testComplexWrite","","Wed Jul 08 12:58:44 UTC 2026","skipped","Wed Jul 08 12:58:44 UTC 2026","","eu.esdihumboldt.util.orient.embedded.MemoryDocumentTest","eu.esdihumboldt.util.orient.embedded.MemoryDocumentTest","testComplexWrite"
"","1","testFormatter[3]","","Wed Jul 08 12:58:00 UTC 2026","passed","Wed Jul 08 12:58:00 UTC 2026","","eu.esdihumboldt.util.geometry.DecimalFormatUtilTest","eu.esdihumboldt.util.geometry.DecimalFormatUtilTest","testFormatter[3]"
"","22","testPrimitive2","","Wed Jul 08 12:46:59 UTC 2026","passed","Wed Jul 08 12:46:59 UTC 2026","","eu.esdihumboldt.hale.common.schema.model.constraint.factory.type.BindingFactoryTest","eu.esdihumboldt.hale.common.schema.model.constraint.factory.type.BindingFactoryTest","testPrimitive2"
"","491","testGmlIndependent","","Wed Jul 08 12:45:47 UTC 2026","passed","Wed Jul 08 12:45:47 UTC 2026","","eu.esdihumboldt.hale.common.instance.graph.test.ReferenceGraphTest","eu.esdihumboldt.hale.common.instance.graph.test.ReferenceGraphTest","testGmlIndependent"
"","0","testExistsNoSchema","","Wed Jul 08 12:45:16 UTC 2026","skipped","Wed Jul 08 12:45:16 UTC 2026","","eu.esdihumboldt.hale.common.filter.ECQLFilterTest","eu.esdihumboldt.hale.common.filter.ECQLFilterTest","testExistsNoSchema"
"","16078","testExportPropertyJoin","","Wed Jul 08 12:52:39 UTC 2026","passed","Wed Jul 08 12:52:55 UTC 2026","","eu.esdihumboldt.hale.io.html.svg.MappingExporterTest","eu.esdihumboldt.hale.io.html.svg.MappingExporterTest","testExportPropertyJoin"
"","41","testGmlOverflow3","","Wed Jul 08 12:45:48 UTC 2026","passed","Wed Jul 08 12:45:48 UTC 2026","","eu.esdihumboldt.hale.common.instance.graph.test.ReferenceGraphTest","eu.esdihumboldt.hale.common.instance.graph.test.ReferenceGraphTest","testGmlOverflow3"
"","4","testEqualityListNoSchema","","Wed Jul 08 12:45:16 UTC 2026","passed","Wed Jul 08 12:45:16 UTC 2026","","eu.esdihumboldt.hale.common.filter.ECQLFilterTest","eu.esdihumboldt.hale.common.filter.ECQLFilterTest","testEqualityListNoSchema"
"","3","testPath2","","Wed Jul 08 12:47:00 UTC 2026","passed","Wed Jul 08 12:47:00 UTC 2026","","eu.esdihumboldt.hale.common.schema.model.constraint.factory.type.PrimaryKeyFactoryTest","eu.esdihumboldt.hale.common.schema.model.constraint.factory.type.PrimaryKeyFactoryTest","testPath2"
"","11","testNotEqualSimple","","Wed Jul 08 12:45:15 UTC 2026","passed","Wed Jul 08 12:45:15 UTC 2026","","eu.esdihumboldt.hale.common.filter.CQLFilterTest","eu.esdihumboldt.hale.common.filter.CQLFilterTest","testNotEqualSimple"
"","0","testGeoIntersect","","Wed Jul 08 12:45:15 UTC 2026","skipped","Wed Jul 08 12:45:15 UTC 2026","","eu.esdihumboldt.hale.common.filter.CQLFilterTest","eu.esdihumboldt.hale.common.filter.CQLFilterTest","testGeoIntersect"
"","10","testNumber","","Wed Jul 08 12:45:16 UTC 2026","passed","Wed Jul 08 12:45:16 UTC 2026","","eu.esdihumboldt.hale.common.filter.CQLFilterTest","eu.esdihumboldt.hale.common.filter.CQLFilterTest","testNumber"
"","4","testNotEqualList","","Wed Jul 08 12:45:16 UTC 2026","passed","Wed Jul 08 12:45:16 UTC 2026","","eu.esdihumboldt.hale.common.filter.ECQLFilterTest","eu.esdihumboldt.hale.common.filter.ECQLFilterTest","testNotEqualList"
"","50","testValidators","","Wed Jul 08 12:47:00 UTC 2026","passed","Wed Jul 08 12:47:00 UTC 2026","","eu.esdihumboldt.hale.common.schema.model.constraint.factory.type.ValidationConstraintFactoryTest","eu.esdihumboldt.hale.common.schema.model.constraint.factory.type.ValidationConstraintFactoryTest","testValidators"
"","33","testWriteSimpleSchemaColOrder","","Wed Jul 08 12:57:17 UTC 2026","passed","Wed Jul 08 12:57:17 UTC 2026","","eu.esdihumboldt.hale.io.xls.test.writer.XLSInstanceWriterTest","eu.esdihumboldt.hale.io.xls.test.writer.XLSInstanceWriterTest","testWriteSimpleSchemaColOrder"
"","239","testTypeFilter5Present","","Wed Jul 08 12:44:15 UTC 2026","passed","Wed Jul 08 12:44:15 UTC 2026","","eu.esdihumboldt.hale.common.align.merge.test.impl.DefaultMergeCellMigratorTest","eu.esdihumboldt.hale.common.align.merge.test.impl.DefaultMergeCellMigratorTest","testTypeFilter5Present"
"","2","testStreetHole","","Wed Jul 08 12:49:09 UTC 2026","passed","Wed Jul 08 12:49:09 UTC 2026","","eu.esdihumboldt.cst.functions.geometric.test.InteriorPointTest","eu.esdihumboldt.cst.functions.geometric.test.InteriorPointTest","testStreetHole"
"","0","testHalfmoon","","Wed Jul 08 12:49:09 UTC 2026","passed","Wed Jul 08 12:49:09 UTC 2026","","eu.esdihumboldt.cst.functions.geometric.test.InteriorPointTest","eu.esdihumboldt.cst.functions.geometric.test.InteriorPointTest","testHalfmoon"
"","69","testGeoBbox","","Wed Jul 08 12:45:15 UTC 2026","passed","Wed Jul 08 12:45:15 UTC 2026","","eu.esdihumboldt.hale.common.filter.CQLFilterTest","eu.esdihumboldt.hale.common.filter.CQLFilterTest","testGeoBbox"
"","12566","testNestingAll","","Wed Jul 08 12:47:04 UTC 2026","passed","Wed Jul 08 12:47:17 UTC 2026","","eu.esdihumboldt.hale.common.schema.groovy.DefinitionAccessorTest","eu.esdihumboldt.hale.common.schema.groovy.DefinitionAccessorTest","testNestingAll"
"","4","testNumber","","Wed Jul 08 12:45:16 UTC 2026","passed","Wed Jul 08 12:45:16 UTC 2026","","eu.esdihumboldt.hale.common.filter.ECQLFilterTest","eu.esdihumboldt.hale.common.filter.ECQLFilterTest","testNumber"
"","7507","testGroovyContextFilterForHydro","","Wed Jul 08 12:41:54 UTC 2026","passed","Wed Jul 08 12:42:02 UTC 2026","","eu.esdihumboldt.hale.app.transform.test.ExecuteTest","eu.esdihumboldt.hale.app.transform.test.ExecuteTest","testGroovyContextFilterForHydro"
"","116","testPropertyCondition1","","Wed Jul 08 12:48:32 UTC 2026","passed","Wed Jul 08 12:48:32 UTC 2026","","eu.esdihumboldt.cst.internal.ConceptualSchemaTransformerTest","eu.esdihumboldt.cst.internal.ConceptualSchemaTransformerTest","testPropertyCondition1"
"","84","testWriteComplexSchema","","Wed Jul 08 12:57:16 UTC 2026","passed","Wed Jul 08 12:57:17 UTC 2026","","eu.esdihumboldt.hale.io.xls.test.writer.XLSInstanceWriterTest","eu.esdihumboldt.hale.io.xls.test.writer.XLSInstanceWriterTest","testWriteComplexSchema"
"","4","testGetReferencesNested","","Wed Jul 08 12:45:16 UTC 2026","passed","Wed Jul 08 12:45:16 UTC 2026","","eu.esdihumboldt.hale.common.filter.ECQLFilterTest","eu.esdihumboldt.hale.common.filter.ECQLFilterTest","testGetReferencesNested"
"","254","mergeJoinsWithJoin_sample_hydro","","Wed Jul 08 12:44:17 UTC 2026","passed","Wed Jul 08 12:44:17 UTC 2026","","eu.esdihumboldt.hale.common.align.merge.test.impl.JoinMergeTest","eu.esdihumboldt.hale.common.align.merge.test.impl.JoinMergeTest","mergeJoinsWithJoin_sample_hydro"
"","31","testRead_definitive_chapter03","","Wed Jul 08 12:57:34 UTC 2026","passed","Wed Jul 08 12:57:34 UTC 2026","","eu.esdihumboldt.hale.io.xsd.reader.XmlSchemaReaderTest","eu.esdihumboldt.hale.io.xsd.reader.XmlSchemaReaderTest","testRead_definitive_chapter03"
"","8","testReadDefaultTypeOverride","","Wed Jul 08 12:55:09 UTC 2026","passed","Wed Jul 08 12:55:09 UTC 2026","","eu.esdihumboldt.hale.io.json.test.JsonInstanceReaderTest","eu.esdihumboldt.hale.io.json.test.JsonInstanceReaderTest","testReadDefaultTypeOverride"
"","2","testValueListValueListJsonGroovy","","Wed Jul 08 12:44:57 UTC 2026","passed","Wed Jul 08 12:44:57 UTC 2026","","eu.esdihumboldt.hale.common.core.io.impl.ValueListTypeTest","eu.esdihumboldt.hale.common.core.io.impl.ValueListTypeTest","testValueListValueListJsonGroovy"
"","6","testComplexStructureFromTheGuardianTypeSafe","","Wed Jul 08 12:58:19 UTC 2026","passed","Wed Jul 08 12:58:19 UTC 2026","","eu.esdihumboldt.util.groovy.json.JsonStreamBuilderTest","eu.esdihumboldt.util.groovy.json.JsonStreamBuilderTest","testComplexStructureFromTheGuardianTypeSafe"
"","101","testRetypeConditionRenameTypeFilteredTranslated","","Wed Jul 08 12:44:19 UTC 2026","passed","Wed Jul 08 12:44:19 UTC 2026","","eu.esdihumboldt.hale.common.align.merge.test.impl.JoinRetainConditionsTest","eu.esdihumboldt.hale.common.align.merge.test.impl.JoinRetainConditionsTest","testRetypeConditionRenameTypeFilteredTranslated"
"","0","testQ1","","Wed Jul 08 12:58:04 UTC 2026","passed","Wed Jul 08 12:58:04 UTC 2026","","eu.esdihumboldt.util.geometry.interpolation.grid.GridUtilTest","eu.esdihumboldt.util.geometry.interpolation.grid.GridUtilTest","testQ1"
"","0","testTimeEqualsList","","Wed Jul 08 12:45:16 UTC 2026","skipped","Wed Jul 08 12:45:16 UTC 2026","","eu.esdihumboldt.hale.common.filter.ECQLFilterTest","eu.esdihumboldt.hale.common.filter.ECQLFilterTest","testTimeEqualsList"
"","183","testJoinMultiCond_1","","Wed Jul 08 12:48:33 UTC 2026","passed","Wed Jul 08 12:48:33 UTC 2026","","eu.esdihumboldt.cst.internal.ConceptualSchemaTransformerTest","eu.esdihumboldt.cst.internal.ConceptualSchemaTransformerTest","testJoinMultiCond_1"
"","3","testStandardBuilderStyle","","Wed Jul 08 12:58:19 UTC 2026","passed","Wed Jul 08 12:58:19 UTC 2026","","eu.esdihumboldt.util.groovy.json.JsonStreamBuilderTest","eu.esdihumboldt.util.groovy.json.JsonStreamBuilderTest","testStandardBuilderStyle"
"","139","testFilterSame3","","Wed Jul 08 12:44:11 UTC 2026","passed","Wed Jul 08 12:44:11 UTC 2026","","eu.esdihumboldt.hale.common.align.merge.test.impl.DefaultMergeCellMigratorTest","eu.esdihumboldt.hale.common.align.merge.test.impl.DefaultMergeCellMigratorTest","testFilterSame3"
"","163","testTypeFilter4","","Wed Jul 08 12:44:13 UTC 2026","passed","Wed Jul 08 12:44:13 UTC 2026","","eu.esdihumboldt.hale.common.align.merge.test.impl.DefaultMergeCellMigratorTest","eu.esdihumboldt.hale.common.align.merge.test.impl.DefaultMergeCellMigratorTest","testTypeFilter4"
"","503","testReadVersion3","","Wed Jul 08 12:54:46 UTC 2026","passed","Wed Jul 08 12:54:46 UTC 2026","","eu.esdihumboldt.hale.io.jdbc.spatialite.reader.internal.SpatiaLiteInstanceReaderTest","eu.esdihumboldt.hale.io.jdbc.spatialite.reader.internal.SpatiaLiteInstanceReaderTest","testReadVersion3"
"","3","testGetReferencesSimple","","Wed Jul 08 12:45:16 UTC 2026","passed","Wed Jul 08 12:45:16 UTC 2026","","eu.esdihumboldt.hale.common.filter.ECQLFilterTest","eu.esdihumboldt.hale.common.filter.ECQLFilterTest","testGetReferencesSimple"
"","11","testArcString","","Wed Jul 08 12:58:05 UTC 2026","passed","Wed Jul 08 12:58:05 UTC 2026","","eu.esdihumboldt.util.geometry.interpolation.split.SplitInterpolationTest","eu.esdihumboldt.util.geometry.interpolation.split.SplitInterpolationTest","testArcString"
"","335","testMatchCondition1","","Wed Jul 08 12:44:10 UTC 2026","passed","Wed Jul 08 12:44:10 UTC 2026","","eu.esdihumboldt.hale.common.align.merge.test.impl.DefaultMergeCellMigratorTest","eu.esdihumboldt.hale.common.align.merge.test.impl.DefaultMergeCellMigratorTest","testMatchCondition1"
"","86","testLikeSchema","","Wed Jul 08 12:45:15 UTC 2026","passed","Wed Jul 08 12:45:15 UTC 2026","","eu.esdihumboldt.hale.common.filter.CQLFilterTest","eu.esdihumboldt.hale.common.filter.CQLFilterTest","testLikeSchema"
"","0","testUnifyEmpty","","Wed Jul 08 12:58:04 UTC 2026","passed","Wed Jul 08 12:58:04 UTC 2026","","eu.esdihumboldt.util.geometry.WindingOrderTest","eu.esdihumboldt.util.geometry.WindingOrderTest","testUnifyEmpty"
"","16015","testUnconditionalFilterForHydro","","Wed Jul 08 12:41:34 UTC 2026","passed","Wed Jul 08 12:41:50 UTC 2026","","eu.esdihumboldt.hale.app.transform.test.ExecuteTest","eu.esdihumboldt.hale.app.transform.test.ExecuteTest","testUnconditionalFilterForHydro"
"","11","testWriteReadTypeSafe","","Wed Jul 08 12:58:20 UTC 2026","passed","Wed Jul 08 12:58:20 UTC 2026","","eu.esdihumboldt.util.groovy.xml.NSDOMBuilderTest","eu.esdihumboldt.util.groovy.xml.NSDOMBuilderTest","testWriteReadTypeSafe"
"","8","testEqualityListNoSchema","","Wed Jul 08 12:45:15 UTC 2026","passed","Wed Jul 08 12:45:15 UTC 2026","","eu.esdihumboldt.hale.common.filter.CQLFilterTest","eu.esdihumboldt.hale.common.filter.CQLFilterTest","testEqualityListNoSchema"
"","0","testLoadShiporderCQL","","Wed Jul 08 12:45:19 UTC 2026","skipped","Wed Jul 08 12:45:19 UTC 2026","","eu.esdihumboldt.hale.common.filter.FilterTest","eu.esdihumboldt.hale.common.filter.FilterTest","testLoadShiporderCQL"
"","0","testGeometryPrimitive_32_CompositeCurve_MultiLineString","","Wed Jul 08 12:52:03 UTC 2026","skipped","Wed Jul 08 12:52:03 UTC 2026","","eu.esdihumboldt.hale.io.gml.writer.internal.StreamGmlWriter2Test","eu.esdihumboldt.hale.io.gml.writer.internal.StreamGmlWriter2Test","testGeometryPrimitive_32_CompositeCurve_MultiLineString"
"","2","testEmptyObject","","Wed Jul 08 12:58:19 UTC 2026","passed","Wed Jul 08 12:58:19 UTC 2026","","eu.esdihumboldt.util.groovy.json.JsonStreamBuilderTest","eu.esdihumboldt.util.groovy.json.JsonStreamBuilderTest","testEmptyObject"
"","13","testValuesAllowOthers","","Wed Jul 08 12:46:59 UTC 2026","passed","Wed Jul 08 12:46:59 UTC 2026","","eu.esdihumboldt.hale.common.schema.model.constraint.factory.type.EnumerationFactoryTest","eu.esdihumboldt.hale.common.schema.model.constraint.factory.type.EnumerationFactoryTest","testValuesAllowOthers"
"","11354","testToFrom","","Wed Jul 08 12:44:45 UTC 2026","passed","Wed Jul 08 12:44:56 UTC 2026","","eu.esdihumboldt.hale.common.core.io.impl.TextTypeJsonTest","eu.esdihumboldt.hale.common.core.io.impl.TextTypeJsonTest","testToFrom"
"","1","testObject","","Wed Jul 08 12:46:59 UTC 2026","passed","Wed Jul 08 12:46:59 UTC 2026","","eu.esdihumboldt.hale.common.schema.model.constraint.factory.type.BindingFactoryTest","eu.esdihumboldt.hale.common.schema.model.constraint.factory.type.BindingFactoryTest","testObject"
"","29","testRead_definitive_attributegroup","","Wed Jul 08 12:57:34 UTC 2026","passed","Wed Jul 08 12:57:34 UTC 2026","","eu.esdihumboldt.hale.io.xsd.reader.XmlSchemaReaderTest","eu.esdihumboldt.hale.io.xsd.reader.XmlSchemaReaderTest","testRead_definitive_attributegroup"
"","490","testReadInstancesXSD","","Wed Jul 08 12:50:58 UTC 2026","passed","Wed Jul 08 12:50:58 UTC 2026","","eu.esdihumboldt.hale.io.geopackage.GeopackageInstanceReaderTest","eu.esdihumboldt.hale.io.geopackage.GeopackageInstanceReaderTest","testReadInstancesXSD"
"","1","testDisabled","","Wed Jul 08 12:46:59 UTC 2026","passed","Wed Jul 08 12:46:59 UTC 2026","","eu.esdihumboldt.hale.common.schema.model.constraint.factory.type.AugmentedValueFlagFactoryTest","eu.esdihumboldt.hale.common.schema.model.constraint.factory.type.AugmentedValueFlagFactoryTest","testDisabled"
"","1001","simpleSchemaTestCQL","","Wed Jul 08 12:45:18 UTC 2026","passed","Wed Jul 08 12:45:19 UTC 2026","","eu.esdihumboldt.hale.common.filter.FilterTest","eu.esdihumboldt.hale.common.filter.FilterTest","simpleSchemaTestCQL"
"","84","testStructuralRename3","","Wed Jul 08 12:48:33 UTC 2026","passed","Wed Jul 08 12:48:33 UTC 2026","","eu.esdihumboldt.cst.internal.ConceptualSchemaTransformerTest","eu.esdihumboldt.cst.internal.ConceptualSchemaTransformerTest","testStructuralRename3"
"","24","testSingleGeometry","","Wed Jul 08 12:56:17 UTC 2026","passed","Wed Jul 08 12:56:17 UTC 2026","","eu.esdihumboldt.hale.io.shp.ShapefileInstanceWriterTest","eu.esdihumboldt.hale.io.shp.ShapefileInstanceWriterTest","testSingleGeometry"
"","57","testPolygon","","Wed Jul 08 12:47:18 UTC 2026","passed","Wed Jul 08 12:47:18 UTC 2026","","eu.esdihumboldt.hale.common.schema.groovy.constraints.GeometryFactoryTest","eu.esdihumboldt.hale.common.schema.groovy.constraints.GeometryFactoryTest","testPolygon"
"","1","testNoGeom","","Wed Jul 08 12:47:00 UTC 2026","passed","Wed Jul 08 12:47:00 UTC 2026","","eu.esdihumboldt.hale.common.schema.model.constraint.factory.type.GeometryTypeFactoryTest","eu.esdihumboldt.hale.common.schema.model.constraint.factory.type.GeometryTypeFactoryTest","testNoGeom"
"","187","mergeJoinWithRetypeDef","","Wed Jul 08 12:44:14 UTC 2026","passed","Wed Jul 08 12:44:14 UTC 2026","","eu.esdihumboldt.hale.common.align.merge.test.impl.DefaultMergeCellMigratorTest","eu.esdihumboldt.hale.common.align.merge.test.impl.DefaultMergeCellMigratorTest","mergeJoinWithRetypeDef"
"","1","testOptional","","Wed Jul 08 12:46:59 UTC 2026","passed","Wed Jul 08 12:46:59 UTC 2026","","eu.esdihumboldt.hale.common.schema.model.constraint.factory.property.CardinalityFactoryTest","eu.esdihumboldt.hale.common.schema.model.constraint.factory.property.CardinalityFactoryTest","testOptional"
"","7","testNestedListMap2","","Wed Jul 08 12:58:20 UTC 2026","passed","Wed Jul 08 12:58:20 UTC 2026","","eu.esdihumboldt.util.groovy.json.JsonStreamBuilderTest","eu.esdihumboldt.util.groovy.json.JsonStreamBuilderTest","testNestedListMap2"
"","5","testStringLookup","","Wed Jul 08 12:46:34 UTC 2026","passed","Wed Jul 08 12:46:34 UTC 2026","","eu.esdihumboldt.hale.common.lookup.internal.LookupTableTypeTest","eu.esdihumboldt.hale.common.lookup.internal.LookupTableTypeTest","testStringLookup"
"","6437","testInnerJoinNas","","Wed Jul 08 12:48:22 UTC 2026","passed","Wed Jul 08 12:48:28 UTC 2026","","eu.esdihumboldt.cst.internal.ConceptualSchemaTransformerTest","eu.esdihumboldt.cst.internal.ConceptualSchemaTransformerTest","testInnerJoinNas"
"","5","testNotEqualList","","Wed Jul 08 12:45:16 UTC 2026","passed","Wed Jul 08 12:45:16 UTC 2026","","eu.esdihumboldt.hale.common.filter.CQLFilterTest","eu.esdihumboldt.hale.common.filter.CQLFilterTest","testNotEqualList"
"","175","testNotes2","","Wed Jul 08 12:44:15 UTC 2026","passed","Wed Jul 08 12:44:15 UTC 2026","","eu.esdihumboldt.hale.common.align.merge.test.impl.DefaultMergeCellMigratorTest","eu.esdihumboldt.hale.common.align.merge.test.impl.DefaultMergeCellMigratorTest","testNotes2"
"","2","testCreateType","","Wed Jul 08 12:47:18 UTC 2026","passed","Wed Jul 08 12:47:18 UTC 2026","","eu.esdihumboldt.hale.common.schema.groovy.SchemaBuilderTest","eu.esdihumboldt.hale.common.schema.groovy.SchemaBuilderTest","testCreateType"
"","0","testSample1","","Wed Jul 08 12:58:04 UTC 2026","passed","Wed Jul 08 12:58:04 UTC 2026","","eu.esdihumboldt.util.geometry.interpolation.grid.GridUtilTest","eu.esdihumboldt.util.geometry.interpolation.grid.GridUtilTest","testSample1"
"","153","testMethodCallWithNamedArguments","","Wed Jul 08 12:58:19 UTC 2026","passed","Wed Jul 08 12:58:19 UTC 2026","","eu.esdihumboldt.util.groovy.json.JsonStreamBuilderTest","eu.esdihumboldt.util.groovy.json.JsonStreamBuilderTest","testMethodCallWithNamedArguments"
"","6","testAfter","","Wed Jul 08 12:45:16 UTC 2026","passed","Wed Jul 08 12:45:16 UTC 2026","","eu.esdihumboldt.hale.common.filter.ECQLFilterTest","eu.esdihumboldt.hale.common.filter.ECQLFilterTest","testAfter"
"","22","testReadComplexNested","","Wed Jul 08 12:55:09 UTC 2026","passed","Wed Jul 08 12:55:09 UTC 2026","","eu.esdihumboldt.hale.io.json.test.JsonToInstanceTest","eu.esdihumboldt.hale.io.json.test.JsonToInstanceTest","testReadComplexNested"
"","7","testGetReferencesSimple","","Wed Jul 08 12:45:15 UTC 2026","passed","Wed Jul 08 12:45:15 UTC 2026","","eu.esdihumboldt.hale.common.filter.CQLFilterTest","eu.esdihumboldt.hale.common.filter.CQLFilterTest","testGetReferencesSimple"
"","2","testCircle1","","Wed Jul 08 12:58:04 UTC 2026","passed","Wed Jul 08 12:58:04 UTC 2026","","eu.esdihumboldt.util.geometry.interpolation.model.impl.ArcByCenterPointImplTest","eu.esdihumboldt.util.geometry.interpolation.model.impl.ArcByCenterPointImplTest","testCircle1"
"","432","testGeometryPrimitive_32_MultiPolygon_WindingOrder_CW","","Wed Jul 08 12:52:12 UTC 2026","passed","Wed Jul 08 12:52:12 UTC 2026","","eu.esdihumboldt.hale.io.gml.writer.internal.StreamGmlWriterTest","eu.esdihumboldt.hale.io.gml.writer.internal.StreamGmlWriterTest","testGeometryPrimitive_32_MultiPolygon_WindingOrder_CW"
"","99","testNativeQuery","","Wed Jul 08 12:58:44 UTC 2026","passed","Wed Jul 08 12:58:44 UTC 2026","","eu.esdihumboldt.util.orient.embedded.LocalDocumentTest","eu.esdihumboldt.util.orient.embedded.LocalDocumentTest","testNativeQuery"
"","1","testDefault","","Wed Jul 08 12:46:59 UTC 2026","passed","Wed Jul 08 12:46:59 UTC 2026","","eu.esdihumboldt.hale.common.schema.model.constraint.factory.type.AugmentedValueFlagFactoryTest","eu.esdihumboldt.hale.common.schema.model.constraint.factory.type.AugmentedValueFlagFactoryTest","testDefault"
"","3","testNoRef","","Wed Jul 08 12:46:59 UTC 2026","passed","Wed Jul 08 12:46:59 UTC 2026","","eu.esdihumboldt.hale.common.schema.model.constraint.factory.property.ReferenceFactoryTest","eu.esdihumboldt.hale.common.schema.model.constraint.factory.property.ReferenceFactoryTest","testNoRef"
"","16","testGmlReferences","","Wed Jul 08 12:45:48 UTC 2026","passed","Wed Jul 08 12:45:48 UTC 2026","","eu.esdihumboldt.hale.common.instance.graph.test.ReferenceGraphTest","eu.esdihumboldt.hale.common.instance.graph.test.ReferenceGraphTest","testGmlReferences"
"","5","testWith","","Wed Jul 08 12:49:08 UTC 2026","passed","Wed Jul 08 12:49:08 UTC 2026","","eu.esdihumboldt.cst.functions.geometric.test.GeometryHelperFunctionsTest","eu.esdihumboldt.cst.functions.geometric.test.GeometryHelperFunctionsTest","testWith"
"","413","testByPointsToCenterAllGrid","","Wed Jul 08 12:58:04 UTC 2026","passed","Wed Jul 08 12:58:04 UTC 2026","","eu.esdihumboldt.util.geometry.interpolation.grid.GridInterpolationTest","eu.esdihumboldt.util.geometry.interpolation.grid.GridInterpolationTest","testByPointsToCenterAllGrid"
"","10","testBasicObject","","Wed Jul 08 12:58:19 UTC 2026","passed","Wed Jul 08 12:58:19 UTC 2026","","eu.esdihumboldt.util.groovy.json.JsonStreamBuilderTest","eu.esdihumboldt.util.groovy.json.JsonStreamBuilderTest","testBasicObject"
"","536","testBadEnvelope","","Wed Jul 08 12:58:05 UTC 2026","passed","Wed Jul 08 12:58:06 UTC 2026","","eu.esdihumboldt.util.geometry.quadtree.QuadtreeTest","eu.esdihumboldt.util.geometry.quadtree.QuadtreeTest","testBadEnvelope"
"","2191","testComplexInstancesECQL","","Wed Jul 08 12:45:16 UTC 2026","passed","Wed Jul 08 12:45:18 UTC 2026","","eu.esdihumboldt.hale.common.filter.FilterTest","eu.esdihumboldt.hale.common.filter.FilterTest","testComplexInstancesECQL"
"","31","testSKOSFromRDF4_language_de","","Wed Jul 08 12:49:58 UTC 2026","passed","Wed Jul 08 12:49:58 UTC 2026","","eu.esdihumboldt.hale.io.codelist.skos.test.SkosCodeListTest","eu.esdihumboldt.hale.io.codelist.skos.test.SkosCodeListTest","testSKOSFromRDF4_language_de"
"","8908","testLists","","Wed Jul 08 12:57:46 UTC 2026","passed","Wed Jul 08 12:57:55 UTC 2026","","eu.esdihumboldt.util.config.ConfigMergerTest","eu.esdihumboldt.util.config.ConfigMergerTest","testLists"
"","9","testUnifyCCWWithHoles","","Wed Jul 08 12:58:04 UTC 2026","passed","Wed Jul 08 12:58:04 UTC 2026","","eu.esdihumboldt.util.geometry.WindingOrderTest","eu.esdihumboldt.util.geometry.WindingOrderTest","testUnifyCCWWithHoles"
"","4","testNullNoSchema","","Wed Jul 08 12:45:16 UTC 2026","passed","Wed Jul 08 12:45:16 UTC 2026","","eu.esdihumboldt.hale.common.filter.CQLFilterTest","eu.esdihumboldt.hale.common.filter.CQLFilterTest","testNullNoSchema"
"","7321","testDataTypes","","Wed Jul 08 12:54:21 UTC 2026","passed","Wed Jul 08 12:54:28 UTC 2026","","eu.esdihumboldt.hale.io.jdbc.postgresql.test.PostDataTypesIT","eu.esdihumboldt.hale.io.jdbc.postgresql.test.PostDataTypesIT","testDataTypes"
"","8","testNamespace","","Wed Jul 08 12:47:18 UTC 2026","passed","Wed Jul 08 12:47:18 UTC 2026","","eu.esdihumboldt.hale.common.schema.groovy.DefinitionAccessorTest","eu.esdihumboldt.hale.common.schema.groovy.DefinitionAccessorTest","testNamespace"
"","8","testReadEmptySheet","","Wed Jul 08 12:57:14 UTC 2026","passed","Wed Jul 08 12:57:14 UTC 2026","","eu.esdihumboldt.hale.io.xls.test.reader.XLSReaderTest","eu.esdihumboldt.hale.io.xls.test.reader.XLSReaderTest","testReadEmptySheet"
"","0","testFindLines","","Wed Jul 08 12:49:08 UTC 2026","passed","Wed Jul 08 12:49:08 UTC 2026","","eu.esdihumboldt.cst.functions.geometric.test.GeometryHelperFunctionsTest","eu.esdihumboldt.cst.functions.geometric.test.GeometryHelperFunctionsTest","testFindLines"
"","0","testSubfolder2","","Wed Jul 08 12:44:45 UTC 2026","passed","Wed Jul 08 12:44:45 UTC 2026","","eu.esdihumboldt.hale.common.core.io.PathUpdateTest","eu.esdihumboldt.hale.common.core.io.PathUpdateTest","testSubfolder2"
"","118","testSplitMulti_Singles","","Wed Jul 08 12:49:08 UTC 2026","passed","Wed Jul 08 12:49:08 UTC 2026","","eu.esdihumboldt.cst.functions.geometric.test.GeometryHelperFunctionsTest","eu.esdihumboldt.cst.functions.geometric.test.GeometryHelperFunctionsTest","testSplitMulti_Singles"
"","2","testName","","Wed Jul 08 12:47:18 UTC 2026","passed","Wed Jul 08 12:47:18 UTC 2026","","eu.esdihumboldt.hale.common.schema.groovy.constraints.DisplayNameFactoryTest","eu.esdihumboldt.hale.common.schema.groovy.constraints.DisplayNameFactoryTest","testName"
"","2667","testReadXsdInstances","","Wed Jul 08 12:55:58 UTC 2026","passed","Wed Jul 08 12:56:00 UTC 2026","","eu.esdihumboldt.hale.io.shp.ShapeInstanceReaderTest","eu.esdihumboldt.hale.io.shp.ShapeInstanceReaderTest","testReadXsdInstances"
"","183","testFilterSame1","","Wed Jul 08 12:44:11 UTC 2026","passed","Wed Jul 08 12:44:11 UTC 2026","","eu.esdihumboldt.hale.common.align.merge.test.impl.DefaultMergeCellMigratorTest","eu.esdihumboldt.hale.common.align.merge.test.impl.DefaultMergeCellMigratorTest","testFilterSame1"
"","2015","testCount","","Wed Jul 08 12:58:41 UTC 2026","passed","Wed Jul 08 12:58:43 UTC 2026","","eu.esdihumboldt.util.orient.embedded.BrowseClassIterateTest","eu.esdihumboldt.util.orient.embedded.BrowseClassIterateTest","testCount"
"","6","testLoopArrayTypeSafe","","Wed Jul 08 12:58:19 UTC 2026","passed","Wed Jul 08 12:58:19 UTC 2026","","eu.esdihumboldt.util.groovy.json.JsonStreamBuilderTest","eu.esdihumboldt.util.groovy.json.JsonStreamBuilderTest","testLoopArrayTypeSafe"
"","12907","testSha256_String","","Wed Jul 08 12:49:18 UTC 2026","passed","Wed Jul 08 12:49:31 UTC 2026","","eu.esdihumboldt.cst.functions.groovy.helpers.CryptoHelpersTest","eu.esdihumboldt.cst.functions.groovy.helpers.CryptoHelpersTest","testSha256_String"
"","11115","testParentBindung","","Wed Jul 08 12:52:21 UTC 2026","passed","Wed Jul 08 12:52:32 UTC 2026","","eu.esdihumboldt.hale.io.groovy.snippets.GroovySnippetsTest","eu.esdihumboldt.hale.io.groovy.snippets.GroovySnippetsTest","testParentBindung"
"","10262","testFromWKT","","Wed Jul 08 12:48:55 UTC 2026","passed","Wed Jul 08 12:49:06 UTC 2026","","eu.esdihumboldt.cst.functions.geometric.test.CRSHelperFunctionsTest","eu.esdihumboldt.cst.functions.geometric.test.CRSHelperFunctionsTest","testFromWKT"
"","6","testLikeSchema","","Wed Jul 08 12:45:16 UTC 2026","passed","Wed Jul 08 12:45:16 UTC 2026","","eu.esdihumboldt.hale.common.filter.ECQLFilterTest","eu.esdihumboldt.hale.common.filter.ECQLFilterTest","testLikeSchema"
"","185","testTypeFilter1","","Wed Jul 08 12:44:12 UTC 2026","passed","Wed Jul 08 12:44:12 UTC 2026","","eu.esdihumboldt.hale.common.align.merge.test.impl.DefaultMergeCellMigratorTest","eu.esdihumboldt.hale.common.align.merge.test.impl.DefaultMergeCellMigratorTest","testTypeFilter1"
"","12","testOffsetCircle","","Wed Jul 08 12:58:04 UTC 2026","passed","Wed Jul 08 12:58:04 UTC 2026","","eu.esdihumboldt.util.geometry.interpolation.grid.GridInterpolationTest","eu.esdihumboldt.util.geometry.interpolation.grid.GridInterpolationTest","testOffsetCircle"
"","262","mergeJoinsWithJoin_abstract2","","Wed Jul 08 12:44:18 UTC 2026","passed","Wed Jul 08 12:44:18 UTC 2026","","eu.esdihumboldt.hale.common.align.merge.test.impl.JoinMergeTest","eu.esdihumboldt.hale.common.align.merge.test.impl.JoinMergeTest","mergeJoinsWithJoin_abstract2"
"","0","testDirect","","Wed Jul 08 12:52:16 UTC 2026","skipped","Wed Jul 08 12:52:16 UTC 2026","","eu.esdihumboldt.hale.io.gml.writer.internal.geometry.writers.PatternTest","eu.esdihumboldt.hale.io.gml.writer.internal.geometry.writers.PatternTest","testDirect"
"","100","testSimpleAttribute","","Wed Jul 08 12:48:30 UTC 2026","passed","Wed Jul 08 12:48:30 UTC 2026","","eu.esdihumboldt.cst.internal.ConceptualSchemaTransformerTest","eu.esdihumboldt.cst.internal.ConceptualSchemaTransformerTest","testSimpleAttribute"
"","203","testJoinFilter","","Wed Jul 08 12:44:18 UTC 2026","passed","Wed Jul 08 12:44:18 UTC 2026","","eu.esdihumboldt.hale.common.align.merge.test.impl.JoinMergeTest","eu.esdihumboldt.hale.common.align.merge.test.impl.JoinMergeTest","testJoinFilter"
"","192","testWriteRead","","Wed Jul 08 12:47:35 UTC 2026","passed","Wed Jul 08 12:47:35 UTC 2026","","eu.esdihumboldt.hale.common.schema.persist.hsd.test.json.HaleSchemaWriterJsonTest","eu.esdihumboldt.hale.common.schema.persist.hsd.test.json.HaleSchemaWriterJsonTest","testWriteRead"
"","0","testDuringList","","Wed Jul 08 12:45:15 UTC 2026","skipped","Wed Jul 08 12:45:15 UTC 2026","","eu.esdihumboldt.hale.common.filter.CQLFilterTest","eu.esdihumboldt.hale.common.filter.CQLFilterTest","testDuringList"
"","0","testLocales2","","Wed Jul 08 12:43:26 UTC 2026","skipped","Wed Jul 08 12:43:26 UTC 2026","","eu.esdihumboldt.hale.common.align.model.impl.mdexpl.MarkdownCellExplanationTest","eu.esdihumboldt.hale.common.align.model.impl.mdexpl.MarkdownCellExplanationTest","testLocales2"
"","0","testPropertiesMix","","Wed Jul 08 12:48:22 UTC 2026","skipped","Wed Jul 08 12:48:22 UTC 2026","","eu.esdihumboldt.cst.internal.ConceptualSchemaTransformerTest","eu.esdihumboldt.cst.internal.ConceptualSchemaTransformerTest","testPropertiesMix"
"","12","testNestedArrayPrettyPrint","","Wed Jul 08 12:58:19 UTC 2026","passed","Wed Jul 08 12:58:19 UTC 2026","","eu.esdihumboldt.util.groovy.json.JsonStreamBuilderTest","eu.esdihumboldt.util.groovy.json.JsonStreamBuilderTest","testNestedArrayPrettyPrint"
"","86","test2","","Wed Jul 08 12:47:57 UTC 2026","passed","Wed Jul 08 12:47:57 UTC 2026","","eu.esdihumboldt.hale.common.service.helper.test.PopulationCountTest","eu.esdihumboldt.hale.common.service.helper.test.PopulationCountTest","test2"
"","18","testEnabled","","Wed Jul 08 12:47:00 UTC 2026","passed","Wed Jul 08 12:47:00 UTC 2026","","eu.esdihumboldt.hale.common.schema.model.constraint.factory.type.HasValueFlagFactoryTest","eu.esdihumboldt.hale.common.schema.model.constraint.factory.type.HasValueFlagFactoryTest","testEnabled"
"","2","testNotOrigin","","Wed Jul 08 12:58:04 UTC 2026","passed","Wed Jul 08 12:58:04 UTC 2026","","eu.esdihumboldt.util.geometry.interpolation.model.impl.ArcByPointsImplTest","eu.esdihumboldt.util.geometry.interpolation.model.impl.ArcByPointsImplTest","testNotOrigin"
"","1","testTrueFalse","","Wed Jul 08 12:47:18 UTC 2026","passed","Wed Jul 08 12:47:18 UTC 2026","","eu.esdihumboldt.hale.common.schema.groovy.constraints.ChoiceFactoryTest","eu.esdihumboldt.hale.common.schema.groovy.constraints.ChoiceFactoryTest","testTrueFalse"
"","26","testReadXsdInstancesTypenameAmbiguousLocalNameWithNamespace2","","Wed Jul 08 12:56:10 UTC 2026","passed","Wed Jul 08 12:56:10 UTC 2026","","eu.esdihumboldt.hale.io.shp.ShapeInstanceReaderTest","eu.esdihumboldt.hale.io.shp.ShapeInstanceReaderTest","testReadXsdInstancesTypenameAmbiguousLocalNameWithNamespace2"
"","0","testInstanceValueExistsSchema","","Wed Jul 08 12:45:16 UTC 2026","skipped","Wed Jul 08 12:45:16 UTC 2026","","eu.esdihumboldt.hale.common.filter.ECQLFilterTest","eu.esdihumboldt.hale.common.filter.ECQLFilterTest","testInstanceValueExistsSchema"
"","284","testValueListValueListJson","","Wed Jul 08 12:44:57 UTC 2026","passed","Wed Jul 08 12:44:57 UTC 2026","","eu.esdihumboldt.hale.common.core.io.impl.ValueListTypeTest","eu.esdihumboldt.hale.common.core.io.impl.ValueListTypeTest","testValueListValueListJson"
"","0","testGeoJsonSimple","","Wed Jul 08 12:55:06 UTC 2026","skipped","Wed Jul 08 12:55:06 UTC 2026","","eu.esdihumboldt.hale.io.json.test.InstanceToJsonTest","eu.esdihumboldt.hale.io.json.test.InstanceToJsonTest","testGeoJsonSimple"
"","96","testCardinalityRename","","Wed Jul 08 12:48:33 UTC 2026","passed","Wed Jul 08 12:48:33 UTC 2026","","eu.esdihumboldt.cst.internal.ConceptualSchemaTransformerTest","eu.esdihumboldt.cst.internal.ConceptualSchemaTransformerTest","testCardinalityRename"
"","670","testNotInspireCodespaceNotAdd","","Wed Jul 08 12:52:02 UTC 2026","passed","Wed Jul 08 12:52:02 UTC 2026","","eu.esdihumboldt.hale.io.gml.writer.internal.StreamGmlWriter2Test","eu.esdihumboldt.hale.io.gml.writer.internal.StreamGmlWriter2Test","testNotInspireCodespaceNotAdd"
"","148","testRetypeCondition","","Wed Jul 08 12:44:18 UTC 2026","passed","Wed Jul 08 12:44:18 UTC 2026","","eu.esdihumboldt.hale.common.align.merge.test.impl.JoinRetainConditionsTest","eu.esdihumboldt.hale.common.align.merge.test.impl.JoinRetainConditionsTest","testRetypeCondition"
"","91","testPropertyFilter","","Wed Jul 08 12:48:32 UTC 2026","passed","Wed Jul 08 12:48:32 UTC 2026","","eu.esdihumboldt.cst.internal.ConceptualSchemaTransformerTest","eu.esdihumboldt.cst.internal.ConceptualSchemaTransformerTest","testPropertyFilter"
"","995","testReadXsdInstancesResultPrefix1","","Wed Jul 08 12:56:07 UTC 2026","passed","Wed Jul 08 12:56:08 UTC 2026","","eu.esdihumboldt.hale.io.shp.ShapeInstanceReaderTest","eu.esdihumboldt.hale.io.shp.ShapeInstanceReaderTest","testReadXsdInstancesResultPrefix1"
"","51","testCustomClass","","Wed Jul 08 12:52:33 UTC 2026","passed","Wed Jul 08 12:52:33 UTC 2026","","eu.esdihumboldt.hale.io.groovy.snippets.GroovySnippetsTest","eu.esdihumboldt.hale.io.groovy.snippets.GroovySnippetsTest","testCustomClass"
"","14217","migrateRenameFormattedString","","Wed Jul 08 12:49:37 UTC 2026","passed","Wed Jul 08 12:49:51 UTC 2026","","eu.esdihumboldt.hale.adv.merge.test.AdVMeasurementMergeTest","eu.esdihumboldt.hale.adv.merge.test.AdVMeasurementMergeTest","migrateRenameFormattedString"
"","3","testNullNoSchema","","Wed Jul 08 12:45:16 UTC 2026","passed","Wed Jul 08 12:45:16 UTC 2026","","eu.esdihumboldt.hale.common.filter.ECQLFilterTest","eu.esdihumboldt.hale.common.filter.ECQLFilterTest","testNullNoSchema"
"","145","testReadGeoJsonArray","","Wed Jul 08 12:55:08 UTC 2026","passed","Wed Jul 08 12:55:08 UTC 2026","","eu.esdihumboldt.hale.io.json.test.JsonInstanceCollectionTest","eu.esdihumboldt.hale.io.json.test.JsonInstanceCollectionTest","testReadGeoJsonArray"
"","49","testBaseNameFromFile","","Wed Jul 08 12:55:58 UTC 2026","passed","Wed Jul 08 12:55:58 UTC 2026","","eu.esdihumboldt.hale.io.shp.ShapeInstanceReaderTest","eu.esdihumboldt.hale.io.shp.ShapeInstanceReaderTest","testBaseNameFromFile"
"","69","testWriteSimpleSchemaWithByteArrayOutputStream","","Wed Jul 08 12:50:22 UTC 2026","passed","Wed Jul 08 12:50:22 UTC 2026","","eu.esdihumboldt.hale.io.csv.writer.CSVInstanceWriterTest","eu.esdihumboldt.hale.io.csv.writer.CSVInstanceWriterTest","testWriteSimpleSchemaWithByteArrayOutputStream"
"","14","testSimpleSingleStrictFail","","Wed Jul 08 12:47:18 UTC 2026","passed","Wed Jul 08 12:47:18 UTC 2026","","eu.esdihumboldt.hale.common.schema.groovy.DefinitionAccessorTest","eu.esdihumboldt.hale.common.schema.groovy.DefinitionAccessorTest","testSimpleSingleStrictFail"
"","1","testFormatter[6]","","Wed Jul 08 12:58:00 UTC 2026","passed","Wed Jul 08 12:58:00 UTC 2026","","eu.esdihumboldt.util.geometry.DecimalFormatUtilTest","eu.esdihumboldt.util.geometry.DecimalFormatUtilTest","testFormatter[6]"
"","2","testIntKeys","","Wed Jul 08 12:49:32 UTC 2026","passed","Wed Jul 08 12:49:32 UTC 2026","","eu.esdihumboldt.cst.functions.groovy.helpers.util.CollectorTest","eu.esdihumboldt.cst.functions.groovy.helpers.util.CollectorTest","testIntKeys"
"","11","testValuePropertiesJson","","Wed Jul 08 12:44:57 UTC 2026","passed","Wed Jul 08 12:44:57 UTC 2026","","eu.esdihumboldt.hale.common.core.io.impl.ValuePropertiesTypeTest","eu.esdihumboldt.hale.common.core.io.impl.ValuePropertiesTypeTest","testValuePropertiesJson"
"","1","testCCW2","","Wed Jul 08 12:58:04 UTC 2026","passed","Wed Jul 08 12:58:04 UTC 2026","","eu.esdihumboldt.util.geometry.interpolation.model.impl.ArcByCenterPointImplTest","eu.esdihumboldt.util.geometry.interpolation.model.impl.ArcByCenterPointImplTest","testCCW2"
"","76","testWriteSimpleSchema","","Wed Jul 08 12:50:22 UTC 2026","passed","Wed Jul 08 12:50:22 UTC 2026","","eu.esdihumboldt.hale.io.csv.writer.CSVInstanceWriterTest","eu.esdihumboldt.hale.io.csv.writer.CSVInstanceWriterTest","testWriteSimpleSchema"
"","5","testUnbounded","","Wed Jul 08 12:46:59 UTC 2026","passed","Wed Jul 08 12:46:59 UTC 2026","","eu.esdihumboldt.hale.common.schema.model.constraint.factory.property.CardinalityFactoryTest","eu.esdihumboldt.hale.common.schema.model.constraint.factory.property.CardinalityFactoryTest","testUnbounded"
"","1","testDisabled","","Wed Jul 08 12:46:59 UTC 2026","passed","Wed Jul 08 12:46:59 UTC 2026","","eu.esdihumboldt.hale.common.schema.model.constraint.factory.property.ChoiceFlagFactoryTest","eu.esdihumboldt.hale.common.schema.model.constraint.factory.property.ChoiceFlagFactoryTest","testDisabled"
"","178","testComplexLookupJson","","Wed Jul 08 12:46:34 UTC 2026","passed","Wed Jul 08 12:46:34 UTC 2026","","eu.esdihumboldt.hale.common.lookup.internal.LookupTableTypeTest","eu.esdihumboldt.hale.common.lookup.internal.LookupTableTypeTest","testComplexLookupJson"
"","1","testDefault","","Wed Jul 08 12:47:00 UTC 2026","passed","Wed Jul 08 12:47:00 UTC 2026","","eu.esdihumboldt.hale.common.schema.model.constraint.factory.type.HasValueFlagFactoryTest","eu.esdihumboldt.hale.common.schema.model.constraint.factory.type.HasValueFlagFactoryTest","testDefault"
"","91","testNullValue","","Wed Jul 08 12:48:33 UTC 2026","passed","Wed Jul 08 12:48:33 UTC 2026","","eu.esdihumboldt.cst.internal.ConceptualSchemaTransformerTest","eu.esdihumboldt.cst.internal.ConceptualSchemaTransformerTest","testNullValue"
"","30","testGmlReferencesMultiPart","","Wed Jul 08 12:45:48 UTC 2026","passed","Wed Jul 08 12:45:48 UTC 2026","","eu.esdihumboldt.hale.common.instance.graph.test.ReferenceGraphTest","eu.esdihumboldt.hale.common.instance.graph.test.ReferenceGraphTest","testGmlReferencesMultiPart"
"","892","testReadXsdInstancesTypenameWithoutNamespace","","Wed Jul 08 12:56:11 UTC 2026","passed","Wed Jul 08 12:56:12 UTC 2026","","eu.esdihumboldt.hale.io.shp.ShapeInstanceReaderTest","eu.esdihumboldt.hale.io.shp.ShapeInstanceReaderTest","testReadXsdInstancesTypenameWithoutNamespace"
"","4","testEqualityList","","Wed Jul 08 12:45:16 UTC 2026","passed","Wed Jul 08 12:45:16 UTC 2026","","eu.esdihumboldt.hale.common.filter.ECQLFilterTest","eu.esdihumboldt.hale.common.filter.ECQLFilterTest","testEqualityList"
"","122","testNonNullValuesUnaffectedByNullEntry","","Wed Jul 08 12:46:24 UTC 2026","passed","Wed Jul 08 12:46:24 UTC 2026","","eu.esdihumboldt.hale.common.lookup.impl.LookupTableImplTest","eu.esdihumboldt.hale.common.lookup.impl.LookupTableImplTest","testNonNullValuesUnaffectedByNullEntry"
"","13","testTrendsFromTwitter","","Wed Jul 08 12:58:19 UTC 2026","passed","Wed Jul 08 12:58:19 UTC 2026","","eu.esdihumboldt.util.groovy.json.JsonStreamBuilderTest","eu.esdihumboldt.util.groovy.json.JsonStreamBuilderTest","testTrendsFromTwitter"
"","6","testReadBlankCells","","Wed Jul 08 12:57:14 UTC 2026","passed","Wed Jul 08 12:57:14 UTC 2026","","eu.esdihumboldt.hale.io.xls.test.reader.XLSReaderTest","eu.esdihumboldt.hale.io.xls.test.reader.XLSReaderTest","testReadBlankCells"
"","5","testMultiType","","Wed Jul 08 12:55:09 UTC 2026","passed","Wed Jul 08 12:55:09 UTC 2026","","eu.esdihumboldt.hale.io.json.test.JsonSchemaReaderTest","eu.esdihumboldt.hale.io.json.test.JsonSchemaReaderTest","testMultiType"
"","29","testJsonBuilderSameNameFail","","Wed Jul 08 12:58:19 UTC 2026","passed","Wed Jul 08 12:58:19 UTC 2026","","eu.esdihumboldt.util.groovy.json.JsonStreamBuilderTest","eu.esdihumboldt.util.groovy.json.JsonStreamBuilderTest","testJsonBuilderSameNameFail"
"","164","testGroovyWarningScript","","Wed Jul 08 12:44:15 UTC 2026","passed","Wed Jul 08 12:44:15 UTC 2026","","eu.esdihumboldt.hale.common.align.merge.test.impl.DefaultMergeCellMigratorTest","eu.esdihumboldt.hale.common.align.merge.test.impl.DefaultMergeCellMigratorTest","testGroovyWarningScript"
"","6","testHalfCircle","","Wed Jul 08 12:58:05 UTC 2026","passed","Wed Jul 08 12:58:05 UTC 2026","","eu.esdihumboldt.util.geometry.interpolation.split.SplitInterpolationTest","eu.esdihumboldt.util.geometry.interpolation.split.SplitInterpolationTest","testHalfCircle"
"","4621","testStatistics","","Wed Jul 08 12:42:11 UTC 2026","passed","Wed Jul 08 12:42:15 UTC 2026","","eu.esdihumboldt.hale.app.transform.test.ExecuteTest","eu.esdihumboldt.hale.app.transform.test.ExecuteTest","testStatistics"
"","0","testGeometryPrimitive_3_Polygon","","Wed Jul 08 12:52:14 UTC 2026","skipped","Wed Jul 08 12:52:14 UTC 2026","","eu.esdihumboldt.hale.io.gml.writer.internal.StreamGmlWriterTest","eu.esdihumboldt.hale.io.gml.writer.internal.StreamGmlWriterTest","testGeometryPrimitive_3_Polygon"
"","165","testGroovy3","","Wed Jul 08 12:48:21 UTC 2026","passed","Wed Jul 08 12:48:21 UTC 2026","","eu.esdihumboldt.cst.internal.ConceptualSchemaTransformerTest","eu.esdihumboldt.cst.internal.ConceptualSchemaTransformerTest","testGroovy3"
"","15","testSpecifyType","","Wed Jul 08 12:55:09 UTC 2026","passed","Wed Jul 08 12:55:09 UTC 2026","","eu.esdihumboldt.hale.io.json.test.JsonToInstanceTest","eu.esdihumboldt.hale.io.json.test.JsonToInstanceTest","testSpecifyType"
"","51","testRunsInHale","","Wed Jul 08 12:52:33 UTC 2026","passed","Wed Jul 08 12:52:33 UTC 2026","","eu.esdihumboldt.hale.io.groovy.snippets.GroovySnippetsTest","eu.esdihumboldt.hale.io.groovy.snippets.GroovySnippetsTest","testRunsInHale"
"","18","testReadPolygonWithHole","","Wed Jul 08 12:55:09 UTC 2026","passed","Wed Jul 08 12:55:09 UTC 2026","","eu.esdihumboldt.hale.io.json.test.JsonToInstanceTest","eu.esdihumboldt.hale.io.json.test.JsonToInstanceTest","testReadPolygonWithHole"
"","4","testInstanceValueNullSchema","","Wed Jul 08 12:45:16 UTC 2026","passed","Wed Jul 08 12:45:16 UTC 2026","","eu.esdihumboldt.hale.common.filter.ECQLFilterTest","eu.esdihumboldt.hale.common.filter.ECQLFilterTest","testInstanceValueNullSchema"
"","6","testRootArrayObjects","","Wed Jul 08 12:58:20 UTC 2026","passed","Wed Jul 08 12:58:20 UTC 2026","","eu.esdihumboldt.util.groovy.json.JsonStreamBuilderTest","eu.esdihumboldt.util.groovy.json.JsonStreamBuilderTest","testRootArrayObjects"
"","62","testIDSaveLoad","","Wed Jul 08 12:43:24 UTC 2026","passed","Wed Jul 08 12:43:24 UTC 2026","","eu.esdihumboldt.hale.common.align.io.JaxbAlignmentIOTest","eu.esdihumboldt.hale.common.align.io.JaxbAlignmentIOTest","testIDSaveLoad"
"","18","testSimpleSchemaNames","","Wed Jul 08 12:47:18 UTC 2026","passed","Wed Jul 08 12:47:18 UTC 2026","","eu.esdihumboldt.hale.common.schema.groovy.SchemaBuilderTest","eu.esdihumboldt.hale.common.schema.groovy.SchemaBuilderTest","testSimpleSchemaNames"
"","6","testReadSameFileDiffSheet","","Wed Jul 08 12:57:14 UTC 2026","passed","Wed Jul 08 12:57:14 UTC 2026","","eu.esdihumboldt.hale.io.xls.test.reader.XLSReaderTest","eu.esdihumboldt.hale.io.xls.test.reader.XLSReaderTest","testReadSameFileDiffSheet"
"","11","testGeoJsonSimple_7_andLess","","Wed Jul 08 12:55:06 UTC 2026","passed","Wed Jul 08 12:55:06 UTC 2026","","eu.esdihumboldt.hale.io.json.test.InstanceToJsonTest","eu.esdihumboldt.hale.io.json.test.InstanceToJsonTest","testGeoJsonSimple_7_andLess"
"","0","testDefault","","Wed Jul 08 12:46:59 UTC 2026","passed","Wed Jul 08 12:46:59 UTC 2026","","eu.esdihumboldt.hale.common.schema.model.constraint.factory.type.AbstractFlagFactoryTest","eu.esdihumboldt.hale.common.schema.model.constraint.factory.type.AbstractFlagFactoryTest","testDefault"
"","203","testTypeFilter6Present","","Wed Jul 08 12:44:13 UTC 2026","passed","Wed Jul 08 12:44:14 UTC 2026","","eu.esdihumboldt.hale.common.align.merge.test.impl.DefaultMergeCellMigratorTest","eu.esdihumboldt.hale.common.align.merge.test.impl.DefaultMergeCellMigratorTest","testTypeFilter6Present"
"","13","testGeoJsonSimple_2","","Wed Jul 08 12:55:06 UTC 2026","passed","Wed Jul 08 12:55:06 UTC 2026","","eu.esdihumboldt.hale.io.json.test.InstanceToJsonTest","eu.esdihumboldt.hale.io.json.test.InstanceToJsonTest","testGeoJsonSimple_2"
"","5","testNestedListMap","","Wed Jul 08 12:58:19 UTC 2026","passed","Wed Jul 08 12:58:19 UTC 2026","","eu.esdihumboldt.util.groovy.json.JsonStreamBuilderTest","eu.esdihumboldt.util.groovy.json.JsonStreamBuilderTest","testNestedListMap"
"","3","testNested","","Wed Jul 08 12:55:09 UTC 2026","passed","Wed Jul 08 12:55:09 UTC 2026","","eu.esdihumboldt.hale.io.json.test.JsonSchemaReaderTest","eu.esdihumboldt.hale.io.json.test.JsonSchemaReaderTest","testNested"
"","42","testWriteDates","","Wed Jul 08 12:56:14 UTC 2026","passed","Wed Jul 08 12:56:14 UTC 2026","","eu.esdihumboldt.hale.io.shp.ShapefileInstanceWriterTest","eu.esdihumboldt.hale.io.shp.ShapefileInstanceWriterTest","testWriteDates"
"","0","testGeometry_2_LineString","","Wed Jul 08 12:52:10 UTC 2026","skipped","Wed Jul 08 12:52:10 UTC 2026","","eu.esdihumboldt.hale.io.gml.writer.internal.StreamGmlWriterTest","eu.esdihumboldt.hale.io.gml.writer.internal.StreamGmlWriterTest","testGeometry_2_LineString"
"","0","testJarURI","","Wed Jul 08 12:57:32 UTC 2026","passed","Wed Jul 08 12:57:32 UTC 2026","","eu.esdihumboldt.hale.io.xsd.reader.HumboldtURIResolverTest","eu.esdihumboldt.hale.io.xsd.reader.HumboldtURIResolverTest","testJarURI"
"","443","testSaveLoad","","Wed Jul 08 12:44:58 UTC 2026","passed","Wed Jul 08 12:44:58 UTC 2026","","eu.esdihumboldt.hale.common.core.io.project.ProjectTest","eu.esdihumboldt.hale.common.core.io.project.ProjectTest","testSaveLoad"
"","64","testGeoIntersects","","Wed Jul 08 12:45:15 UTC 2026","passed","Wed Jul 08 12:45:15 UTC 2026","","eu.esdihumboldt.hale.common.filter.CQLFilterTest","eu.esdihumboldt.hale.common.filter.CQLFilterTest","testGeoIntersects"
"","19","testArcString","","Wed Jul 08 12:58:04 UTC 2026","passed","Wed Jul 08 12:58:04 UTC 2026","","eu.esdihumboldt.util.geometry.interpolation.grid.GridInterpolationTest","eu.esdihumboldt.util.geometry.interpolation.grid.GridInterpolationTest","testArcString"
"","247","testTypeFilter5","","Wed Jul 08 12:44:13 UTC 2026","passed","Wed Jul 08 12:44:13 UTC 2026","","eu.esdihumboldt.hale.common.align.merge.test.impl.DefaultMergeCellMigratorTest","eu.esdihumboldt.hale.common.align.merge.test.impl.DefaultMergeCellMigratorTest","testTypeFilter5"
"","14","testReadNestedGeometryGeoJson","","Wed Jul 08 12:55:09 UTC 2026","passed","Wed Jul 08 12:55:09 UTC 2026","","eu.esdihumboldt.hale.io.json.test.JsonToInstanceTest","eu.esdihumboldt.hale.io.json.test.JsonToInstanceTest","testReadNestedGeometryGeoJson"
"","60","testLoadWVAIgnoreNamespace","","Wed Jul 08 12:51:12 UTC 2026","passed","Wed Jul 08 12:51:12 UTC 2026","","eu.esdihumboldt.hale.io.gml.reader.internal.GmlInstanceCollectionTest","eu.esdihumboldt.hale.io.gml.reader.internal.GmlInstanceCollectionTest","testLoadWVAIgnoreNamespace"
"","4","testNullSchema","","Wed Jul 08 12:45:16 UTC 2026","passed","Wed Jul 08 12:45:16 UTC 2026","","eu.esdihumboldt.hale.common.filter.ECQLFilterTest","eu.esdihumboldt.hale.common.filter.ECQLFilterTest","testNullSchema"
"","98","testIDSaveLoad","","Wed Jul 08 12:43:13 UTC 2026","passed","Wed Jul 08 12:43:13 UTC 2026","","eu.esdihumboldt.hale.common.align.io.CastorAlignmentIOTest","eu.esdihumboldt.hale.common.align.io.CastorAlignmentIOTest","testIDSaveLoad"
"","4115","testReproject","","Wed Jul 08 12:49:10 UTC 2026","passed","Wed Jul 08 12:49:14 UTC 2026","","eu.esdihumboldt.cst.functions.geometric.test.reprojectgeometry.ReprojectGeometryTest","eu.esdihumboldt.cst.functions.geometric.test.reprojectgeometry.ReprojectGeometryTest","testReproject"
"","1","testValueProperties","","Wed Jul 08 12:44:57 UTC 2026","passed","Wed Jul 08 12:44:57 UTC 2026","","eu.esdihumboldt.hale.common.core.io.impl.ValuePropertiesTypeTest","eu.esdihumboldt.hale.common.core.io.impl.ValuePropertiesTypeTest","testValueProperties"
"","18","testShapefileInstanceFromFile","","Wed Jul 08 12:56:07 UTC 2026","passed","Wed Jul 08 12:56:07 UTC 2026","","eu.esdihumboldt.hale.io.shp.ShapeInstanceReaderTest","eu.esdihumboldt.hale.io.shp.ShapeInstanceReaderTest","testShapefileInstanceFromFile"
"","109","testLoadWVA","","Wed Jul 08 12:51:12 UTC 2026","passed","Wed Jul 08 12:51:12 UTC 2026","","eu.esdihumboldt.hale.io.gml.reader.internal.GmlInstanceCollectionTest","eu.esdihumboldt.hale.io.gml.reader.internal.GmlInstanceCollectionTest","testLoadWVA"
"","4184","checkComplexOrder","","Wed Jul 08 12:53:56 UTC 2026","passed","Wed Jul 08 12:54:00 UTC 2026","","eu.esdihumboldt.hale.io.jdbc.postgresql.test.CheckComplexTypeOrderIT","eu.esdihumboldt.hale.io.jdbc.postgresql.test.CheckComplexTypeOrderIT","checkComplexOrder"
"","97","testSimpleRename","","Wed Jul 08 12:48:31 UTC 2026","passed","Wed Jul 08 12:48:31 UTC 2026","","eu.esdihumboldt.cst.internal.ConceptualSchemaTransformerTest","eu.esdihumboldt.cst.internal.ConceptualSchemaTransformerTest","testSimpleRename"
"","1552","testExplanation","","Wed Jul 08 12:43:25 UTC 2026","passed","Wed Jul 08 12:43:26 UTC 2026","","eu.esdihumboldt.hale.common.align.model.impl.mdexpl.MarkdownCellExplanationTest","eu.esdihumboldt.hale.common.align.model.impl.mdexpl.MarkdownCellExplanationTest","testExplanation"
"","404","testReadInstancesXsdGmlConflict","","Wed Jul 08 12:50:57 UTC 2026","passed","Wed Jul 08 12:50:58 UTC 2026","","eu.esdihumboldt.hale.io.geopackage.GeopackageInstanceReaderTest","eu.esdihumboldt.hale.io.geopackage.GeopackageInstanceReaderTest","testReadInstancesXsdGmlConflict"
"","97","testClassification3","","Wed Jul 08 12:48:30 UTC 2026","passed","Wed Jul 08 12:48:30 UTC 2026","","eu.esdihumboldt.cst.internal.ConceptualSchemaTransformerTest","eu.esdihumboldt.cst.internal.ConceptualSchemaTransformerTest","testClassification3"
"","1","testFootprint2","","Wed Jul 08 12:49:09 UTC 2026","passed","Wed Jul 08 12:49:09 UTC 2026","","eu.esdihumboldt.cst.functions.geometric.test.InteriorPointTest","eu.esdihumboldt.cst.functions.geometric.test.InteriorPointTest","testFootprint2"
"","5","testEnabled","","Wed Jul 08 12:46:59 UTC 2026","passed","Wed Jul 08 12:46:59 UTC 2026","","eu.esdihumboldt.hale.common.schema.model.constraint.factory.property.UniqueConstraintFactoryTest","eu.esdihumboldt.hale.common.schema.model.constraint.factory.property.UniqueConstraintFactoryTest","testEnabled"
"","149","testGroovyWarningRetypeTarget","","Wed Jul 08 12:44:14 UTC 2026","passed","Wed Jul 08 12:44:14 UTC 2026","","eu.esdihumboldt.hale.common.align.merge.test.impl.DefaultMergeCellMigratorTest","eu.esdihumboldt.hale.common.align.merge.test.impl.DefaultMergeCellMigratorTest","testGroovyWarningRetypeTarget"
"","448","testToFrom","","Wed Jul 08 12:43:24 UTC 2026","passed","Wed Jul 08 12:43:25 UTC 2026","","eu.esdihumboldt.hale.common.align.model.functions.join.JoinParameterTest","eu.esdihumboldt.hale.common.align.model.functions.join.JoinParameterTest","testToFrom"
"","1","testDisabled","","Wed Jul 08 12:46:59 UTC 2026","passed","Wed Jul 08 12:46:59 UTC 2026","","eu.esdihumboldt.hale.common.schema.model.constraint.factory.property.NillableFlagFactoryTest","eu.esdihumboldt.hale.common.schema.model.constraint.factory.property.NillableFlagFactoryTest","testDisabled"
"","15","testEnabled","","Wed Jul 08 12:47:00 UTC 2026","passed","Wed Jul 08 12:47:00 UTC 2026","","eu.esdihumboldt.hale.common.schema.model.constraint.factory.type.MappableFlagFactoryTest","eu.esdihumboldt.hale.common.schema.model.constraint.factory.type.MappableFlagFactoryTest","testEnabled"
"","133","migrateRenameFormattedString","","Wed Jul 08 12:44:16 UTC 2026","passed","Wed Jul 08 12:44:16 UTC 2026","","eu.esdihumboldt.hale.common.align.merge.test.impl.FormattedStringMergeTest","eu.esdihumboldt.hale.common.align.merge.test.impl.FormattedStringMergeTest","migrateRenameFormattedString"
"","534","testStoreRestoreCustomName","","Wed Jul 08 12:46:58 UTC 2026","passed","Wed Jul 08 12:46:59 UTC 2026","","eu.esdihumboldt.hale.common.schema.model.constraint.factory.DisplayNameFactoryTest","eu.esdihumboldt.hale.common.schema.model.constraint.factory.DisplayNameFactoryTest","testStoreRestoreCustomName"
"","8","testSKOSFromRDF4_language_nl","","Wed Jul 08 12:49:58 UTC 2026","passed","Wed Jul 08 12:49:58 UTC 2026","","eu.esdihumboldt.hale.io.codelist.skos.test.SkosCodeListTest","eu.esdihumboldt.hale.io.codelist.skos.test.SkosCodeListTest","testSKOSFromRDF4_language_nl"
"","1204","testBaseNameFromURL","","Wed Jul 08 12:56:12 UTC 2026","passed","Wed Jul 08 12:56:14 UTC 2026","","eu.esdihumboldt.hale.io.shp.ShapeInstanceReaderTest","eu.esdihumboldt.hale.io.shp.ShapeInstanceReaderTest","testBaseNameFromURL"
"","3445","testArgsFileForHydro","","Wed Jul 08 12:42:52 UTC 2026","passed","Wed Jul 08 12:42:55 UTC 2026","","eu.esdihumboldt.hale.app.transform.test.ExecuteTest","eu.esdihumboldt.hale.app.transform.test.ExecuteTest","testArgsFileForHydro"
"","4","testStringCompare","","Wed Jul 08 12:45:16 UTC 2026","passed","Wed Jul 08 12:45:16 UTC 2026","","eu.esdihumboldt.hale.common.filter.ECQLFilterTest","eu.esdihumboldt.hale.common.filter.ECQLFilterTest","testStringCompare"
"","7","testList","","Wed Jul 08 12:49:32 UTC 2026","passed","Wed Jul 08 12:49:32 UTC 2026","","eu.esdihumboldt.cst.functions.groovy.helpers.util.CollectorTest","eu.esdihumboldt.cst.functions.groovy.helpers.util.CollectorTest","testList"
"","5","testNumberBetween","","Wed Jul 08 12:45:16 UTC 2026","passed","Wed Jul 08 12:45:16 UTC 2026","","eu.esdihumboldt.hale.common.filter.CQLFilterTest","eu.esdihumboldt.hale.common.filter.CQLFilterTest","testNumberBetween"
"","7","testNumberList","","Wed Jul 08 12:45:16 UTC 2026","passed","Wed Jul 08 12:45:16 UTC 2026","","eu.esdihumboldt.hale.common.filter.ECQLFilterTest","eu.esdihumboldt.hale.common.filter.ECQLFilterTest","testNumberList"
"","522","testGeometryPrimitive_32_Polygon","","Wed Jul 08 12:52:10 UTC 2026","passed","Wed Jul 08 12:52:11 UTC 2026","","eu.esdihumboldt.hale.io.gml.writer.internal.StreamGmlWriterTest","eu.esdihumboldt.hale.io.gml.writer.internal.StreamGmlWriterTest","testGeometryPrimitive_32_Polygon"
"","59","testGmlOverflow2","","Wed Jul 08 12:45:48 UTC 2026","passed","Wed Jul 08 12:45:48 UTC 2026","","eu.esdihumboldt.hale.common.instance.graph.test.ReferenceGraphTest","eu.esdihumboldt.hale.common.instance.graph.test.ReferenceGraphTest","testGmlOverflow2"
"","97","testWriteFeaturesPrimaryKey","","Wed Jul 08 12:51:00 UTC 2026","passed","Wed Jul 08 12:51:00 UTC 2026","","eu.esdihumboldt.hale.io.geopackage.GeopackageInstanceWriterTest","eu.esdihumboldt.hale.io.geopackage.GeopackageInstanceWriterTest","testWriteFeaturesPrimaryKey"
"","0","testIterateRest","","Wed Jul 08 12:45:30 UTC 2026","passed","Wed Jul 08 12:45:30 UTC 2026","","eu.esdihumboldt.hale.common.instance.tools.impl.SimplePartitionerTest","eu.esdihumboldt.hale.common.instance.tools.impl.SimplePartitionerTest","testIterateRest"
"","964","testReadWithCommaDecimal","","Wed Jul 08 12:50:09 UTC 2026","passed","Wed Jul 08 12:50:10 UTC 2026","","eu.esdihumboldt.hale.io.csv.CSVInstanceReaderTest","eu.esdihumboldt.hale.io.csv.CSVInstanceReaderTest","testReadWithCommaDecimal"
"","0","testPropertiesUnMix","","Wed Jul 08 12:48:17 UTC 2026","skipped","Wed Jul 08 12:48:17 UTC 2026","","eu.esdihumboldt.cst.internal.ConceptualSchemaTransformerTest","eu.esdihumboldt.cst.internal.ConceptualSchemaTransformerTest","testPropertiesUnMix"
"","18","testBinding","","Wed Jul 08 12:46:59 UTC 2026","passed","Wed Jul 08 12:46:59 UTC 2026","","eu.esdihumboldt.hale.common.schema.model.constraint.factory.type.ElementTypeFactoryTest","eu.esdihumboldt.hale.common.schema.model.constraint.factory.type.ElementTypeFactoryTest","testBinding"
"","3","testExportNullTargetValue","","Wed Jul 08 12:50:22 UTC 2026","passed","Wed Jul 08 12:50:22 UTC 2026","","eu.esdihumboldt.hale.io.csv.writer.CSVLookupWriterTest","eu.esdihumboldt.hale.io.csv.writer.CSVLookupWriterTest","testExportNullTargetValue"
"","0","testMsAccessSchemaReaderForAccdbTest","","Wed Jul 08 12:53:10 UTC 2026","skipped","Wed Jul 08 12:53:10 UTC 2026","","eu.esdihumboldt.hale.io.jdbc.msaccess.reader.MsAccessSchemaReaderTest","eu.esdihumboldt.hale.io.jdbc.msaccess.reader.MsAccessSchemaReaderTest","testMsAccessSchemaReaderForAccdbTest"
"","11637","testWriteSimpleSchemaDelimiter","","Wed Jul 08 12:50:10 UTC 2026","passed","Wed Jul 08 12:50:22 UTC 2026","","eu.esdihumboldt.hale.io.csv.writer.CSVInstanceWriterTest","eu.esdihumboldt.hale.io.csv.writer.CSVInstanceWriterTest","testWriteSimpleSchemaDelimiter"
"","161","testPropertyJoinIntFloat","","Wed Jul 08 12:48:21 UTC 2026","passed","Wed Jul 08 12:48:21 UTC 2026","","eu.esdihumboldt.cst.internal.ConceptualSchemaTransformerTest","eu.esdihumboldt.cst.internal.ConceptualSchemaTransformerTest","testPropertyJoinIntFloat"
"","13","testEnabled","","Wed Jul 08 12:47:00 UTC 2026","passed","Wed Jul 08 12:47:00 UTC 2026","","eu.esdihumboldt.hale.common.schema.model.constraint.factory.type.MappingRelevantFlagFactoryTest","eu.esdihumboldt.hale.common.schema.model.constraint.factory.type.MappingRelevantFlagFactoryTest","testEnabled"
"","1","testReverseGroupsKeysBySharedValue","","Wed Jul 08 12:46:24 UTC 2026","passed","Wed Jul 08 12:46:24 UTC 2026","","eu.esdihumboldt.hale.common.lookup.impl.LookupTableImplTest","eu.esdihumboldt.hale.common.lookup.impl.LookupTableImplTest","testReverseGroupsKeysBySharedValue"
"","4","testInstanceNoValueNullSchema","","Wed Jul 08 12:45:16 UTC 2026","passed","Wed Jul 08 12:45:16 UTC 2026","","eu.esdihumboldt.hale.common.filter.ECQLFilterTest","eu.esdihumboldt.hale.common.filter.ECQLFilterTest","testInstanceNoValueNullSchema"
"","3","testNumberString","","Wed Jul 08 12:45:16 UTC 2026","passed","Wed Jul 08 12:45:16 UTC 2026","","eu.esdihumboldt.hale.common.filter.ECQLFilterTest","eu.esdihumboldt.hale.common.filter.ECQLFilterTest","testNumberString"
"","4","test90Deegrees","","Wed Jul 08 12:58:04 UTC 2026","passed","Wed Jul 08 12:58:04 UTC 2026","","eu.esdihumboldt.util.geometry.interpolation.grid.GridInterpolationTest","eu.esdihumboldt.util.geometry.interpolation.grid.GridInterpolationTest","test90Deegrees"
"","0","testUnifyHoles","","Wed Jul 08 12:58:04 UTC 2026","passed","Wed Jul 08 12:58:04 UTC 2026","","eu.esdihumboldt.util.geometry.WindingOrderTest","eu.esdihumboldt.util.geometry.WindingOrderTest","testUnifyHoles"
"","74","testGenerateUID","","Wed Jul 08 12:48:32 UTC 2026","passed","Wed Jul 08 12:48:32 UTC 2026","","eu.esdihumboldt.cst.internal.ConceptualSchemaTransformerTest","eu.esdihumboldt.cst.internal.ConceptualSchemaTransformerTest","testGenerateUID"
"","5","testLikeList","","Wed Jul 08 12:45:16 UTC 2026","passed","Wed Jul 08 12:45:16 UTC 2026","","eu.esdihumboldt.hale.common.filter.ECQLFilterTest","eu.esdihumboldt.hale.common.filter.ECQLFilterTest","testLikeList"
"","2","testMixedProperty","","Wed Jul 08 12:55:09 UTC 2026","passed","Wed Jul 08 12:55:09 UTC 2026","","eu.esdihumboldt.hale.io.json.test.JsonSchemaReaderTest","eu.esdihumboldt.hale.io.json.test.JsonSchemaReaderTest","testMixedProperty"
"","37","testOffsetBig","","Wed Jul 08 12:58:05 UTC 2026","passed","Wed Jul 08 12:58:05 UTC 2026","","eu.esdihumboldt.util.geometry.interpolation.split.SplitInterpolationTest","eu.esdihumboldt.util.geometry.interpolation.split.SplitInterpolationTest","testOffsetBig"
"","8","testMerge4","","Wed Jul 08 12:44:58 UTC 2026","passed","Wed Jul 08 12:44:58 UTC 2026","","eu.esdihumboldt.hale.common.core.report.util.StatsMergeTest","eu.esdihumboldt.hale.common.core.report.util.StatsMergeTest","testMerge4"
"","53","testWriteDocument","","Wed Jul 08 12:58:44 UTC 2026","passed","Wed Jul 08 12:58:44 UTC 2026","","eu.esdihumboldt.util.orient.embedded.MemoryDocumentTest","eu.esdihumboldt.util.orient.embedded.MemoryDocumentTest","testWriteDocument"
"","13","testEnabled","","Wed Jul 08 12:47:00 UTC 2026","passed","Wed Jul 08 12:47:00 UTC 2026","","eu.esdihumboldt.hale.common.schema.model.constraint.factory.type.SkipValidationFactoryTest","eu.esdihumboldt.hale.common.schema.model.constraint.factory.type.SkipValidationFactoryTest","testEnabled"
"","157","testMultiResult1","","Wed Jul 08 12:48:22 UTC 2026","passed","Wed Jul 08 12:48:22 UTC 2026","","eu.esdihumboldt.cst.internal.ConceptualSchemaTransformerTest","eu.esdihumboldt.cst.internal.ConceptualSchemaTransformerTest","testMultiResult1"
"","0","testDuringList","","Wed Jul 08 12:45:16 UTC 2026","skipped","Wed Jul 08 12:45:16 UTC 2026","","eu.esdihumboldt.hale.common.filter.ECQLFilterTest","eu.esdihumboldt.hale.common.filter.ECQLFilterTest","testDuringList"
"","0","testHasNext","","Wed Jul 08 12:58:44 UTC 2026","skipped","Wed Jul 08 12:58:44 UTC 2026","","eu.esdihumboldt.util.orient.embedded.BrowseClassIterateTest","eu.esdihumboldt.util.orient.embedded.BrowseClassIterateTest","testHasNext"
"","124","testStringValueList","","Wed Jul 08 12:44:57 UTC 2026","passed","Wed Jul 08 12:44:57 UTC 2026","","eu.esdihumboldt.hale.common.core.io.impl.ValueListTypeTest","eu.esdihumboldt.hale.common.core.io.impl.ValueListTypeTest","testStringValueList"
"","0","testUnifyMultiPolygon","","Wed Jul 08 12:58:04 UTC 2026","passed","Wed Jul 08 12:58:04 UTC 2026","","eu.esdihumboldt.util.geometry.WindingOrderTest","eu.esdihumboldt.util.geometry.WindingOrderTest","testUnifyMultiPolygon"
"","1","testPrimitive","","Wed Jul 08 12:46:59 UTC 2026","passed","Wed Jul 08 12:46:59 UTC 2026","","eu.esdihumboldt.hale.common.schema.model.constraint.factory.type.BindingFactoryTest","eu.esdihumboldt.hale.common.schema.model.constraint.factory.type.BindingFactoryTest","testPrimitive"
"","0","testOrderCounterClockwise","","Wed Jul 08 12:58:04 UTC 2026","passed","Wed Jul 08 12:58:04 UTC 2026","","eu.esdihumboldt.util.geometry.WindingOrderTest","eu.esdihumboldt.util.geometry.WindingOrderTest","testOrderCounterClockwise"
"","1","testDefault","","Wed Jul 08 12:47:00 UTC 2026","passed","Wed Jul 08 12:47:00 UTC 2026","","eu.esdihumboldt.hale.common.schema.model.constraint.factory.type.MappableFlagFactoryTest","eu.esdihumboldt.hale.common.schema.model.constraint.factory.type.MappableFlagFactoryTest","testDefault"
"","15","testEnabled","","Wed Jul 08 12:46:59 UTC 2026","passed","Wed Jul 08 12:46:59 UTC 2026","","eu.esdihumboldt.hale.common.schema.model.constraint.factory.type.AbstractFlagFactoryTest","eu.esdihumboldt.hale.common.schema.model.constraint.factory.type.AbstractFlagFactoryTest","testEnabled"
"","48","testOffsetBig","","Wed Jul 08 12:58:04 UTC 2026","passed","Wed Jul 08 12:58:04 UTC 2026","","eu.esdihumboldt.util.geometry.interpolation.grid.GridInterpolationTest","eu.esdihumboldt.util.geometry.interpolation.grid.GridInterpolationTest","testOffsetBig"
"","21","testOverrideBindung","","Wed Jul 08 12:52:33 UTC 2026","passed","Wed Jul 08 12:52:33 UTC 2026","","eu.esdihumboldt.hale.io.groovy.snippets.GroovySnippetsTest","eu.esdihumboldt.hale.io.groovy.snippets.GroovySnippetsTest","testOverrideBindung"
"","341","basicClassesAllowed","","Wed Jul 08 12:58:37 UTC 2026","passed","Wed Jul 08 12:58:37 UTC 2026","","eu.esdihumboldt.util.groovy.sandbox.test.internal.GroovySandboxTest","eu.esdihumboldt.util.groovy.sandbox.test.internal.GroovySandboxTest","basicClassesAllowed"
"","4756","testTransformXml","","Wed Jul 08 12:42:06 UTC 2026","passed","Wed Jul 08 12:42:11 UTC 2026","","eu.esdihumboldt.hale.app.transform.test.ExecuteTest","eu.esdihumboldt.hale.app.transform.test.ExecuteTest","testTransformXml"
"","5","testEqualityList","","Wed Jul 08 12:45:16 UTC 2026","passed","Wed Jul 08 12:45:16 UTC 2026","","eu.esdihumboldt.hale.common.filter.CQLFilterTest","eu.esdihumboldt.hale.common.filter.CQLFilterTest","testEqualityList"
"","364","testGeometryPrimitive_32_MultiPolygon_WindingOrder","","Wed Jul 08 12:52:12 UTC 2026","passed","Wed Jul 08 12:52:13 UTC 2026","","eu.esdihumboldt.hale.io.gml.writer.internal.StreamGmlWriterTest","eu.esdihumboldt.hale.io.gml.writer.internal.StreamGmlWriterTest","testGeometryPrimitive_32_MultiPolygon_WindingOrder"
"","5","testGeoBboxList","","Wed Jul 08 12:45:16 UTC 2026","passed","Wed Jul 08 12:45:16 UTC 2026","","eu.esdihumboldt.hale.common.filter.ECQLFilterTest","eu.esdihumboldt.hale.common.filter.ECQLFilterTest","testGeoBboxList"
"","20","testRead_definitive_choice","","Wed Jul 08 12:57:34 UTC 2026","passed","Wed Jul 08 12:57:34 UTC 2026","","eu.esdihumboldt.hale.io.xsd.reader.XmlSchemaReaderTest","eu.esdihumboldt.hale.io.xsd.reader.XmlSchemaReaderTest","testRead_definitive_choice"
"","0","testSubfolder","","Wed Jul 08 12:44:45 UTC 2026","passed","Wed Jul 08 12:44:45 UTC 2026","","eu.esdihumboldt.hale.common.core.io.PathUpdateTest","eu.esdihumboldt.hale.common.core.io.PathUpdateTest","testSubfolder"
"","1","testCMNested1","","Wed Jul 08 12:48:02 UTC 2026","skipped","Wed Jul 08 12:48:02 UTC 2026","","eu.esdihumboldt.cst.internal.ConceptualSchemaTransformerTest","eu.esdihumboldt.cst.internal.ConceptualSchemaTransformerTest","testCMNested1"
"","22","testReadSimple","","Wed Jul 08 12:57:14 UTC 2026","passed","Wed Jul 08 12:57:14 UTC 2026","","eu.esdihumboldt.hale.io.xls.test.reader.XLSReaderTest","eu.esdihumboldt.hale.io.xls.test.reader.XLSReaderTest","testReadSimple"
"","5","testEqualitySimpleNoSchema","","Wed Jul 08 12:45:16 UTC 2026","passed","Wed Jul 08 12:45:16 UTC 2026","","eu.esdihumboldt.hale.common.filter.CQLFilterTest","eu.esdihumboldt.hale.common.filter.CQLFilterTest","testEqualitySimpleNoSchema"
"","167","testInnerJoinFirstLevel","","Wed Jul 08 12:48:29 UTC 2026","passed","Wed Jul 08 12:48:29 UTC 2026","","eu.esdihumboldt.cst.internal.ConceptualSchemaTransformerTest","eu.esdihumboldt.cst.internal.ConceptualSchemaTransformerTest","testInnerJoinFirstLevel"
"","1","testFootprint2Hole","","Wed Jul 08 12:49:09 UTC 2026","passed","Wed Jul 08 12:49:09 UTC 2026","","eu.esdihumboldt.cst.functions.geometric.test.InteriorPointTest","eu.esdihumboldt.cst.functions.geometric.test.InteriorPointTest","testFootprint2Hole"
"","11","testReadSimpleChoice","","Wed Jul 08 12:55:09 UTC 2026","passed","Wed Jul 08 12:55:09 UTC 2026","","eu.esdihumboldt.hale.io.json.test.JsonToInstanceTest","eu.esdihumboldt.hale.io.json.test.JsonToInstanceTest","testReadSimpleChoice"
"","0","testInstanceValueExistsSchema","","Wed Jul 08 12:45:15 UTC 2026","skipped","Wed Jul 08 12:45:15 UTC 2026","","eu.esdihumboldt.hale.common.filter.CQLFilterTest","eu.esdihumboldt.hale.common.filter.CQLFilterTest","testInstanceValueExistsSchema"
"","6","testBefore","","Wed Jul 08 12:45:16 UTC 2026","passed","Wed Jul 08 12:45:16 UTC 2026","","eu.esdihumboldt.hale.common.filter.CQLFilterTest","eu.esdihumboldt.hale.common.filter.CQLFilterTest","testBefore"
"","0","testCMUnion1","","Wed Jul 08 12:48:20 UTC 2026","skipped","Wed Jul 08 12:48:20 UTC 2026","","eu.esdihumboldt.cst.internal.ConceptualSchemaTransformerTest","eu.esdihumboldt.cst.internal.ConceptualSchemaTransformerTest","testCMUnion1"
"","16078","test1","","Wed Jul 08 12:47:40 UTC 2026","passed","Wed Jul 08 12:47:56 UTC 2026","","eu.esdihumboldt.hale.common.service.helper.test.PopulationCountTest","eu.esdihumboldt.hale.common.service.helper.test.PopulationCountTest","test1"
"","4","testByPoints2","","Wed Jul 08 12:58:04 UTC 2026","passed","Wed Jul 08 12:58:04 UTC 2026","","eu.esdihumboldt.util.geometry.interpolation.grid.GridInterpolationTest","eu.esdihumboldt.util.geometry.interpolation.grid.GridInterpolationTest","testByPoints2"
"","1","testFormatter[10]","","Wed Jul 08 12:58:00 UTC 2026","passed","Wed Jul 08 12:58:00 UTC 2026","","eu.esdihumboldt.util.geometry.DecimalFormatUtilTest","eu.esdihumboldt.util.geometry.DecimalFormatUtilTest","testFormatter[10]"
"","3989","testEvaluateSuccess2","","Wed Jul 08 12:42:48 UTC 2026","passed","Wed Jul 08 12:42:52 UTC 2026","","eu.esdihumboldt.hale.app.transform.test.ExecuteTest","eu.esdihumboldt.hale.app.transform.test.ExecuteTest","testEvaluateSuccess2"
"","4128","testInstanceWriteOrder","","Wed Jul 08 12:54:37 UTC 2026","passed","Wed Jul 08 12:54:41 UTC 2026","","eu.esdihumboldt.hale.io.jdbc.postgresql.test.WriteInstanceOrderIT","eu.esdihumboldt.hale.io.jdbc.postgresql.test.WriteInstanceOrderIT","testInstanceWriteOrder"
"","61","testWriteMultiSchemasWithMultiGeom","","Wed Jul 08 12:56:17 UTC 2026","passed","Wed Jul 08 12:56:17 UTC 2026","","eu.esdihumboldt.hale.io.shp.ShapefileInstanceWriterTest","eu.esdihumboldt.hale.io.shp.ShapefileInstanceWriterTest","testWriteMultiSchemasWithMultiGeom"
"","7","testReadModeSingleObject","","Wed Jul 08 12:55:09 UTC 2026","passed","Wed Jul 08 12:55:09 UTC 2026","","eu.esdihumboldt.hale.io.json.test.JsonInstanceReaderTest","eu.esdihumboldt.hale.io.json.test.JsonInstanceReaderTest","testReadModeSingleObject"
"","43","testNativeQuery","","Wed Jul 08 12:58:44 UTC 2026","passed","Wed Jul 08 12:58:45 UTC 2026","","eu.esdihumboldt.util.orient.embedded.MemoryDocumentTest","eu.esdihumboldt.util.orient.embedded.MemoryDocumentTest","testNativeQuery"
"","7","testGeoBbox","","Wed Jul 08 12:45:16 UTC 2026","passed","Wed Jul 08 12:45:16 UTC 2026","","eu.esdihumboldt.hale.common.filter.ECQLFilterTest","eu.esdihumboldt.hale.common.filter.ECQLFilterTest","testGeoBbox"
"","1","testTriangleHole","","Wed Jul 08 12:49:09 UTC 2026","passed","Wed Jul 08 12:49:09 UTC 2026","","eu.esdihumboldt.cst.functions.geometric.test.InteriorPointTest","eu.esdihumboldt.cst.functions.geometric.test.InteriorPointTest","testTriangleHole"
"","8988","testDimensionRule","","Wed Jul 08 12:55:23 UTC 2026","passed","Wed Jul 08 12:55:32 UTC 2026","","eu.esdihumboldt.hale.io.schematron.SchematronInstanceValidatorTest","eu.esdihumboldt.hale.io.schematron.SchematronInstanceValidatorTest","testDimensionRule"
"","61","testPreparedQuery","","Wed Jul 08 12:58:44 UTC 2026","passed","Wed Jul 08 12:58:44 UTC 2026","","eu.esdihumboldt.util.orient.embedded.MemoryDocumentTest","eu.esdihumboldt.util.orient.embedded.MemoryDocumentTest","testPreparedQuery"
"","14","testJsonBuilderTypeSafe","","Wed Jul 08 12:58:19 UTC 2026","passed","Wed Jul 08 12:58:19 UTC 2026","","eu.esdihumboldt.util.groovy.json.JsonStreamBuilderTest","eu.esdihumboldt.util.groovy.json.JsonStreamBuilderTest","testJsonBuilderTypeSafe"
"","328","testGeometryPrimitive_32_LineString","","Wed Jul 08 12:52:14 UTC 2026","passed","Wed Jul 08 12:52:14 UTC 2026","","eu.esdihumboldt.hale.io.gml.writer.internal.StreamGmlWriterTest","eu.esdihumboldt.hale.io.gml.writer.internal.StreamGmlWriterTest","testGeometryPrimitive_32_LineString"
"","131","testPreparedQuery","","Wed Jul 08 12:58:44 UTC 2026","passed","Wed Jul 08 12:58:44 UTC 2026","","eu.esdihumboldt.util.orient.embedded.LocalDocumentTest","eu.esdihumboldt.util.orient.embedded.LocalDocumentTest","testPreparedQuery"
"","133","testExportMultiFeatureToExcel","","Wed Jul 08 12:57:17 UTC 2026","passed","Wed Jul 08 12:57:17 UTC 2026","","eu.esdihumboldt.hale.io.xls.test.writer.XLSInstanceWriterTest","eu.esdihumboldt.hale.io.xls.test.writer.XLSInstanceWriterTest","testExportMultiFeatureToExcel"
"","1","testStoreRestoreDefault","","Wed Jul 08 12:46:59 UTC 2026","passed","Wed Jul 08 12:46:59 UTC 2026","","eu.esdihumboldt.hale.common.schema.model.constraint.factory.DisplayNameFactoryTest","eu.esdihumboldt.hale.common.schema.model.constraint.factory.DisplayNameFactoryTest","testStoreRestoreDefault"
"","5","testNestedOverride","","Wed Jul 08 12:57:56 UTC 2026","passed","Wed Jul 08 12:57:56 UTC 2026","","eu.esdihumboldt.util.config.ConfigMergerTest","eu.esdihumboldt.util.config.ConfigMergerTest","testNestedOverride"
"","10907","testCellDisableSaveLoad","","Wed Jul 08 12:43:13 UTC 2026","passed","Wed Jul 08 12:43:24 UTC 2026","","eu.esdihumboldt.hale.common.align.io.JaxbAlignmentIOTest","eu.esdihumboldt.hale.common.align.io.JaxbAlignmentIOTest","testCellDisableSaveLoad"
"","7","testDoubleObject","","Wed Jul 08 12:58:20 UTC 2026","passed","Wed Jul 08 12:58:20 UTC 2026","","eu.esdihumboldt.util.groovy.json.JsonStreamBuilderTest","eu.esdihumboldt.util.groovy.json.JsonStreamBuilderTest","testDoubleObject"
"","89","testCMMulti4","","Wed Jul 08 12:48:31 UTC 2026","passed","Wed Jul 08 12:48:31 UTC 2026","","eu.esdihumboldt.cst.internal.ConceptualSchemaTransformerTest","eu.esdihumboldt.cst.internal.ConceptualSchemaTransformerTest","testCMMulti4"
"","78","testDupeAssign","","Wed Jul 08 12:48:31 UTC 2026","passed","Wed Jul 08 12:48:31 UTC 2026","","eu.esdihumboldt.cst.internal.ConceptualSchemaTransformerTest","eu.esdihumboldt.cst.internal.ConceptualSchemaTransformerTest","testDupeAssign"
"","170","testTypeFilter2Present","","Wed Jul 08 12:44:14 UTC 2026","passed","Wed Jul 08 12:44:14 UTC 2026","","eu.esdihumboldt.hale.common.align.merge.test.impl.DefaultMergeCellMigratorTest","eu.esdihumboldt.hale.common.align.merge.test.impl.DefaultMergeCellMigratorTest","testTypeFilter2Present"
"","180","testTypeFilter6","","Wed Jul 08 12:44:13 UTC 2026","passed","Wed Jul 08 12:44:13 UTC 2026","","eu.esdihumboldt.hale.common.align.merge.test.impl.DefaultMergeCellMigratorTest","eu.esdihumboldt.hale.common.align.merge.test.impl.DefaultMergeCellMigratorTest","testTypeFilter6"
"","198","testMergeMultiPropKeyWithComplexAtt","","Wed Jul 08 12:48:20 UTC 2026","passed","Wed Jul 08 12:48:20 UTC 2026","","eu.esdihumboldt.cst.internal.ConceptualSchemaTransformerTest","eu.esdihumboldt.cst.internal.ConceptualSchemaTransformerTest","testMergeMultiPropKeyWithComplexAtt"
"","48","testNamespaceIndexChildContextType","","Wed Jul 08 12:43:43 UTC 2026","passed","Wed Jul 08 12:43:43 UTC 2026","","eu.esdihumboldt.hale.common.align.groovy.accessor.EntityAccessorTest","eu.esdihumboldt.hale.common.align.groovy.accessor.EntityAccessorTest","testNamespaceIndexChildContextType"
"","1","testLimit","","Wed Jul 08 12:44:58 UTC 2026","passed","Wed Jul 08 12:44:58 UTC 2026","","eu.esdihumboldt.hale.common.core.io.supplier.LookupStreamResourceTest","eu.esdihumboldt.hale.common.core.io.supplier.LookupStreamResourceTest","testLimit"
"","4","testInstanceNullSchema","","Wed Jul 08 12:45:16 UTC 2026","passed","Wed Jul 08 12:45:16 UTC 2026","","eu.esdihumboldt.hale.common.filter.ECQLFilterTest","eu.esdihumboldt.hale.common.filter.ECQLFilterTest","testInstanceNullSchema"
"","4","testByPoints2AllGrid","","Wed Jul 08 12:58:04 UTC 2026","passed","Wed Jul 08 12:58:04 UTC 2026","","eu.esdihumboldt.util.geometry.interpolation.grid.GridInterpolationTest","eu.esdihumboldt.util.geometry.interpolation.grid.GridInterpolationTest","testByPoints2AllGrid"
"","26","testRead_shiporder_unqualified","","Wed Jul 08 12:57:34 UTC 2026","passed","Wed Jul 08 12:57:34 UTC 2026","","eu.esdihumboldt.hale.io.xsd.reader.XmlSchemaReaderTest","eu.esdihumboldt.hale.io.xsd.reader.XmlSchemaReaderTest","testRead_shiporder_unqualified"
"","12","testReadLineString","","Wed Jul 08 12:55:09 UTC 2026","passed","Wed Jul 08 12:55:09 UTC 2026","","eu.esdihumboldt.hale.io.json.test.JsonToInstanceTest","eu.esdihumboldt.hale.io.json.test.JsonToInstanceTest","testReadLineString"
"","2886","testReadInstances","","Wed Jul 08 12:50:54 UTC 2026","passed","Wed Jul 08 12:50:57 UTC 2026","","eu.esdihumboldt.hale.io.geopackage.GeopackageInstanceReaderTest","eu.esdihumboldt.hale.io.geopackage.GeopackageInstanceReaderTest","testReadInstances"
"","534","testJoin","","Wed Jul 08 12:48:19 UTC 2026","passed","Wed Jul 08 12:48:20 UTC 2026","","eu.esdihumboldt.cst.internal.ConceptualSchemaTransformerTest","eu.esdihumboldt.cst.internal.ConceptualSchemaTransformerTest","testJoin"
"","0","testUnifyGeometryCollection","","Wed Jul 08 12:58:04 UTC 2026","passed","Wed Jul 08 12:58:04 UTC 2026","","eu.esdihumboldt.util.geometry.WindingOrderTest","eu.esdihumboldt.util.geometry.WindingOrderTest","testUnifyGeometryCollection"
"","56","testTriangle","","Wed Jul 08 12:49:08 UTC 2026","passed","Wed Jul 08 12:49:09 UTC 2026","","eu.esdihumboldt.cst.functions.geometric.test.InteriorPointTest","eu.esdihumboldt.cst.functions.geometric.test.InteriorPointTest","testTriangle"
"","0","testStringValueListJson","","Wed Jul 08 12:44:57 UTC 2026","passed","Wed Jul 08 12:44:57 UTC 2026","","eu.esdihumboldt.hale.common.core.io.impl.ValueListTypeTest","eu.esdihumboldt.hale.common.core.io.impl.ValueListTypeTest","testStringValueListJson"
"","17","testFindPropertyCached","","Wed Jul 08 12:46:58 UTC 2026","passed","Wed Jul 08 12:46:58 UTC 2026","","eu.esdihumboldt.hale.common.schema.helper.DefinitionResolverTest","eu.esdihumboldt.hale.common.schema.helper.DefinitionResolverTest","testFindPropertyCached"
"","5","testGeoJson","","Wed Jul 08 12:55:09 UTC 2026","passed","Wed Jul 08 12:55:09 UTC 2026","","eu.esdihumboldt.hale.io.json.test.JsonSchemaReaderTest","eu.esdihumboldt.hale.io.json.test.JsonSchemaReaderTest","testGeoJson"
"","19","testRead_shiporder_types_cycle","","Wed Jul 08 12:57:34 UTC 2026","passed","Wed Jul 08 12:57:34 UTC 2026","","eu.esdihumboldt.hale.io.xsd.reader.XmlSchemaReaderTest","eu.esdihumboldt.hale.io.xsd.reader.XmlSchemaReaderTest","testRead_shiporder_types_cycle"
"","0","testGeometry_2_MultiPolygon","","Wed Jul 08 12:52:14 UTC 2026","skipped","Wed Jul 08 12:52:14 UTC 2026","","eu.esdihumboldt.hale.io.gml.writer.internal.StreamGmlWriterTest","eu.esdihumboldt.hale.io.gml.writer.internal.StreamGmlWriterTest","testGeometry_2_MultiPolygon"
"","1","testMulti1","","Wed Jul 08 12:49:09 UTC 2026","passed","Wed Jul 08 12:49:09 UTC 2026","","eu.esdihumboldt.cst.functions.geometric.test.InteriorPointTest","eu.esdihumboldt.cst.functions.geometric.test.InteriorPointTest","testMulti1"
"","6","testEmpty","","Wed Jul 08 12:46:59 UTC 2026","passed","Wed Jul 08 12:46:59 UTC 2026","","eu.esdihumboldt.hale.common.schema.model.constraint.factory.type.EnumerationFactoryTest","eu.esdihumboldt.hale.common.schema.model.constraint.factory.type.EnumerationFactoryTest","testEmpty"
"","0","testLimit2","","Wed Jul 08 12:44:58 UTC 2026","passed","Wed Jul 08 12:44:58 UTC 2026","","eu.esdihumboldt.hale.common.core.io.supplier.LookupStreamResourceTest","eu.esdihumboldt.hale.common.core.io.supplier.LookupStreamResourceTest","testLimit2"
"","13","testNestedDefaultProperties","","Wed Jul 08 12:47:18 UTC 2026","passed","Wed Jul 08 12:47:18 UTC 2026","","eu.esdihumboldt.hale.common.schema.groovy.SchemaBuilderTest","eu.esdihumboldt.hale.common.schema.groovy.SchemaBuilderTest","testNestedDefaultProperties"
"","44","testAllChildren","","Wed Jul 08 12:46:02 UTC 2026","passed","Wed Jul 08 12:46:02 UTC 2026","","eu.esdihumboldt.hale.common.instance.groovy.InstanceAccessorTest","eu.esdihumboldt.hale.common.instance.groovy.InstanceAccessorTest","testAllChildren"
"","0","testLocales1","","Wed Jul 08 12:43:26 UTC 2026","skipped","Wed Jul 08 12:43:26 UTC 2026","","eu.esdihumboldt.hale.common.align.model.impl.mdexpl.MarkdownCellExplanationTest","eu.esdihumboldt.hale.common.align.model.impl.mdexpl.MarkdownCellExplanationTest","testLocales1"
"","4","testByPoints3","","Wed Jul 08 12:58:04 UTC 2026","passed","Wed Jul 08 12:58:04 UTC 2026","","eu.esdihumboldt.util.geometry.interpolation.grid.GridInterpolationTest","eu.esdihumboldt.util.geometry.interpolation.grid.GridInterpolationTest","testByPoints3"
"","4","testDescriptions","","Wed Jul 08 12:47:18 UTC 2026","passed","Wed Jul 08 12:47:18 UTC 2026","","eu.esdihumboldt.hale.common.schema.groovy.SchemaBuilderTest","eu.esdihumboldt.hale.common.schema.groovy.SchemaBuilderTest","testDescriptions"
"","9","testReadString","","Wed Jul 08 12:55:09 UTC 2026","passed","Wed Jul 08 12:55:09 UTC 2026","","eu.esdihumboldt.hale.io.json.test.JsonToInstanceTest","eu.esdihumboldt.hale.io.json.test.JsonToInstanceTest","testReadString"
"","9","testEdgeCases","","Wed Jul 08 12:58:19 UTC 2026","passed","Wed Jul 08 12:58:19 UTC 2026","","eu.esdihumboldt.util.groovy.json.JsonStreamBuilderTest","eu.esdihumboldt.util.groovy.json.JsonStreamBuilderTest","testEdgeCases"
"","4","testUsage","","Wed Jul 08 12:41:54 UTC 2026","passed","Wed Jul 08 12:41:54 UTC 2026","","eu.esdihumboldt.hale.app.transform.test.ExecuteTest","eu.esdihumboldt.hale.app.transform.test.ExecuteTest","testUsage"
"","4","testNumberBetweenList","","Wed Jul 08 12:45:16 UTC 2026","passed","Wed Jul 08 12:45:16 UTC 2026","","eu.esdihumboldt.hale.common.filter.ECQLFilterTest","eu.esdihumboldt.hale.common.filter.ECQLFilterTest","testNumberBetweenList"
"","94","testSchemaCollection","","Wed Jul 08 12:46:03 UTC 2026","passed","Wed Jul 08 12:46:03 UTC 2026","","eu.esdihumboldt.hale.common.instance.groovy.InstanceBuilderTest","eu.esdihumboldt.hale.common.instance.groovy.InstanceBuilderTest","testSchemaCollection"
"","59","testMetaClass","","Wed Jul 08 12:43:43 UTC 2026","passed","Wed Jul 08 12:43:43 UTC 2026","","eu.esdihumboldt.hale.common.align.groovy.accessor.EntityAccessorTest","eu.esdihumboldt.hale.common.align.groovy.accessor.EntityAccessorTest","testMetaClass"
"","5","testDefaultPropertyTypes","","Wed Jul 08 12:47:18 UTC 2026","passed","Wed Jul 08 12:47:18 UTC 2026","","eu.esdihumboldt.hale.common.schema.groovy.SchemaBuilderTest","eu.esdihumboldt.hale.common.schema.groovy.SchemaBuilderTest","testDefaultPropertyTypes"
"","15","testEnabled","","Wed Jul 08 12:46:59 UTC 2026","passed","Wed Jul 08 12:46:59 UTC 2026","","eu.esdihumboldt.hale.common.schema.model.constraint.factory.type.AugmentedValueFlagFactoryTest","eu.esdihumboldt.hale.common.schema.model.constraint.factory.type.AugmentedValueFlagFactoryTest","testEnabled"
"","3","testProblemCase","","Wed Jul 08 12:49:09 UTC 2026","passed","Wed Jul 08 12:49:09 UTC 2026","","eu.esdihumboldt.cst.functions.geometric.test.InteriorPointTest","eu.esdihumboldt.cst.functions.geometric.test.InteriorPointTest","testProblemCase"
"","0","testLoadShiporderECQL","","Wed Jul 08 12:45:19 UTC 2026","skipped","Wed Jul 08 12:45:19 UTC 2026","","eu.esdihumboldt.hale.common.filter.FilterTest","eu.esdihumboldt.hale.common.filter.FilterTest","testLoadShiporderECQL"
"","7","testLoadWFS11Capabilities","","Wed Jul 08 12:56:54 UTC 2026","passed","Wed Jul 08 12:56:54 UTC 2026","","eu.esdihumboldt.hale.io.wfs.test.capabilities.CapabilitiesHelperTest","eu.esdihumboldt.hale.io.wfs.test.capabilities.CapabilitiesHelperTest","testLoadWFS11Capabilities"
"","9","testSpecifyTypeGeojson","","Wed Jul 08 12:55:09 UTC 2026","passed","Wed Jul 08 12:55:09 UTC 2026","","eu.esdihumboldt.hale.io.json.test.JsonToInstanceTest","eu.esdihumboldt.hale.io.json.test.JsonToInstanceTest","testSpecifyTypeGeojson"
"","20","testReadVersion3","","Wed Jul 08 12:54:47 UTC 2026","passed","Wed Jul 08 12:54:47 UTC 2026","","eu.esdihumboldt.hale.io.jdbc.spatialite.reader.internal.SpatiaLiteSchemaReaderTest","eu.esdihumboldt.hale.io.jdbc.spatialite.reader.internal.SpatiaLiteSchemaReaderTest","testReadVersion3"
"","11758","test","","Wed Jul 08 12:56:59 UTC 2026","passed","Wed Jul 08 12:57:11 UTC 2026","","eu.esdihumboldt.hale.io.xls.test.XLSInstanceIOTest","eu.esdihumboldt.hale.io.xls.test.XLSInstanceIOTest","test"
"","2","testInvalidKey2","","Wed Jul 08 12:57:56 UTC 2026","passed","Wed Jul 08 12:57:56 UTC 2026","","eu.esdihumboldt.util.config.ConfigTest","eu.esdihumboldt.util.config.ConfigTest","testInvalidKey2"
"","1","testIterateEven","","Wed Jul 08 12:45:30 UTC 2026","passed","Wed Jul 08 12:45:30 UTC 2026","","eu.esdihumboldt.hale.common.instance.tools.impl.SimplePartitionerTest","eu.esdihumboldt.hale.common.instance.tools.impl.SimplePartitionerTest","testIterateEven"
"","8774","testSerialize","","Wed Jul 08 12:58:10 UTC 2026","passed","Wed Jul 08 12:58:18 UTC 2026","","eu.esdihumboldt.util.groovy.collector.StatsCollectorTest","eu.esdihumboldt.util.groovy.collector.StatsCollectorTest","testSerialize"
"","0","testHasNext2","","Wed Jul 08 12:58:44 UTC 2026","skipped","Wed Jul 08 12:58:44 UTC 2026","","eu.esdihumboldt.util.orient.embedded.BrowseClassIterateTest","eu.esdihumboldt.util.orient.embedded.BrowseClassIterateTest","testHasNext2"
"","3341","testArgsFileForMultiTypesSource","","Wed Jul 08 12:41:51 UTC 2026","passed","Wed Jul 08 12:41:54 UTC 2026","","eu.esdihumboldt.hale.app.transform.test.ExecuteTest","eu.esdihumboldt.hale.app.transform.test.ExecuteTest","testArgsFileForMultiTypesSource"
"","4095","testArrayTypes","","Wed Jul 08 12:54:13 UTC 2026","passed","Wed Jul 08 12:54:17 UTC 2026","","eu.esdihumboldt.hale.io.jdbc.postgresql.test.OneDimensionalArraysIT","eu.esdihumboldt.hale.io.jdbc.postgresql.test.OneDimensionalArraysIT","testArrayTypes"
"","2","testBooleanProperty","","Wed Jul 08 12:55:09 UTC 2026","passed","Wed Jul 08 12:55:09 UTC 2026","","eu.esdihumboldt.hale.io.json.test.JsonSchemaReaderTest","eu.esdihumboldt.hale.io.json.test.JsonSchemaReaderTest","testBooleanProperty"
"","80","testFormatstring","","Wed Jul 08 12:48:31 UTC 2026","passed","Wed Jul 08 12:48:31 UTC 2026","","eu.esdihumboldt.cst.internal.ConceptualSchemaTransformerTest","eu.esdihumboldt.cst.internal.ConceptualSchemaTransformerTest","testFormatstring"
"","89","testWriteComplexSchema","","Wed Jul 08 12:50:22 UTC 2026","passed","Wed Jul 08 12:50:22 UTC 2026","","eu.esdihumboldt.hale.io.csv.writer.CSVInstanceWriterTest","eu.esdihumboldt.hale.io.csv.writer.CSVInstanceWriterTest","testWriteComplexSchema"
"","54","testTemplate","","Wed Jul 08 12:43:26 UTC 2026","passed","Wed Jul 08 12:43:26 UTC 2026","","eu.esdihumboldt.hale.common.align.model.impl.mdexpl.MarkdownCellExplanationTest","eu.esdihumboldt.hale.common.align.model.impl.mdexpl.MarkdownCellExplanationTest","testTemplate"
"","19874","testTypeFilter2Property","","Wed Jul 08 12:43:50 UTC 2026","passed","Wed Jul 08 12:44:09 UTC 2026","","eu.esdihumboldt.hale.common.align.merge.test.impl.DefaultMergeCellMigratorTest","eu.esdihumboldt.hale.common.align.merge.test.impl.DefaultMergeCellMigratorTest","testTypeFilter2Property"
"","4177","testWriteRead","","Wed Jul 08 12:54:08 UTC 2026","passed","Wed Jul 08 12:54:13 UTC 2026","","eu.esdihumboldt.hale.io.jdbc.postgresql.test.MultiDimensionalArraysIT","eu.esdihumboldt.hale.io.jdbc.postgresql.test.MultiDimensionalArraysIT","testWriteRead"
"","2","testBackwardCompatibilityRead","","Wed Jul 08 12:50:10 UTC 2026","passed","Wed Jul 08 12:50:10 UTC 2026","","eu.esdihumboldt.hale.io.csv.CSVInstanceReaderTest","eu.esdihumboldt.hale.io.csv.CSVInstanceReaderTest","testBackwardCompatibilityRead"
"","80","testReadDouble","","Wed Jul 08 12:55:09 UTC 2026","passed","Wed Jul 08 12:55:09 UTC 2026","","eu.esdihumboldt.hale.io.json.test.JsonToInstanceTest","eu.esdihumboldt.hale.io.json.test.JsonToInstanceTest","testReadDouble"
"","0","testIterate2","","Wed Jul 08 12:45:30 UTC 2026","passed","Wed Jul 08 12:45:30 UTC 2026","","eu.esdihumboldt.hale.common.instance.tools.impl.SimplePartitionerTest","eu.esdihumboldt.hale.common.instance.tools.impl.SimplePartitionerTest","testIterate2"
"","248","testGeometryPrimitive_31_Polygon","","Wed Jul 08 12:52:15 UTC 2026","passed","Wed Jul 08 12:52:15 UTC 2026","","eu.esdihumboldt.hale.io.gml.writer.internal.StreamGmlWriterTest","eu.esdihumboldt.hale.io.gml.writer.internal.StreamGmlWriterTest","testGeometryPrimitive_31_Polygon"
"","9","testSKOSFromRDF5_language_nl","","Wed Jul 08 12:49:58 UTC 2026","passed","Wed Jul 08 12:49:58 UTC 2026","","eu.esdihumboldt.hale.io.codelist.skos.test.SkosCodeListTest","eu.esdihumboldt.hale.io.codelist.skos.test.SkosCodeListTest","testSKOSFromRDF5_language_nl"
"","0","testUnifyWOHoles","","Wed Jul 08 12:58:04 UTC 2026","passed","Wed Jul 08 12:58:04 UTC 2026","","eu.esdihumboldt.util.geometry.WindingOrderTest","eu.esdihumboldt.util.geometry.WindingOrderTest","testUnifyWOHoles"
"","2","testNumberProperty","","Wed Jul 08 12:55:09 UTC 2026","passed","Wed Jul 08 12:55:09 UTC 2026","","eu.esdihumboldt.hale.io.json.test.JsonSchemaReaderTest","eu.esdihumboldt.hale.io.json.test.JsonSchemaReaderTest","testNumberProperty"
"","5","testJsonBuilderPrettyPrint","","Wed Jul 08 12:58:19 UTC 2026","passed","Wed Jul 08 12:58:19 UTC 2026","","eu.esdihumboldt.util.groovy.json.JsonStreamBuilderTest","eu.esdihumboldt.util.groovy.json.JsonStreamBuilderTest","testJsonBuilderPrettyPrint"
"","140","testBaseAlignmentSaveLoad","","Wed Jul 08 12:43:13 UTC 2026","passed","Wed Jul 08 12:43:13 UTC 2026","","eu.esdihumboldt.hale.common.align.io.CastorAlignmentIOTest","eu.esdihumboldt.hale.common.align.io.CastorAlignmentIOTest","testBaseAlignmentSaveLoad"
"","64","testEqualitySimple","","Wed Jul 08 12:45:16 UTC 2026","passed","Wed Jul 08 12:45:16 UTC 2026","","eu.esdihumboldt.hale.common.filter.ECQLFilterTest","eu.esdihumboldt.hale.common.filter.ECQLFilterTest","testEqualitySimple"
"","360","testGeometryAggregate_32_MultiPolygon","","Wed Jul 08 12:52:11 UTC 2026","passed","Wed Jul 08 12:52:12 UTC 2026","","eu.esdihumboldt.hale.io.gml.writer.internal.StreamGmlWriterTest","eu.esdihumboldt.hale.io.gml.writer.internal.StreamGmlWriterTest","testGeometryAggregate_32_MultiPolygon"
"","5","testConsumeMap","","Wed Jul 08 12:49:32 UTC 2026","passed","Wed Jul 08 12:49:32 UTC 2026","","eu.esdihumboldt.cst.functions.groovy.helpers.util.CollectorTest","eu.esdihumboldt.cst.functions.groovy.helpers.util.CollectorTest","testConsumeMap"
"","66","testNoSpatialIndexCreation","","Wed Jul 08 12:51:00 UTC 2026","passed","Wed Jul 08 12:51:00 UTC 2026","","eu.esdihumboldt.hale.io.geopackage.GeopackageInstanceWriterTest","eu.esdihumboldt.hale.io.geopackage.GeopackageInstanceWriterTest","testNoSpatialIndexCreation"
"","1","testHttpAbsoluteOtherFile","","Wed Jul 08 12:57:32 UTC 2026","passed","Wed Jul 08 12:57:32 UTC 2026","","eu.esdihumboldt.hale.io.xsd.reader.HumboldtURIResolverTest","eu.esdihumboldt.hale.io.xsd.reader.HumboldtURIResolverTest","testHttpAbsoluteOtherFile"
"","1570","testLoadFile","","Wed Jul 08 12:50:32 UTC 2026","passed","Wed Jul 08 12:50:34 UTC 2026","","eu.esdihumboldt.hale.io.geopackage.GeopackageApiTest","eu.esdihumboldt.hale.io.geopackage.GeopackageApiTest","testLoadFile"
"","1","testDisabled","","Wed Jul 08 12:47:00 UTC 2026","passed","Wed Jul 08 12:47:00 UTC 2026","","eu.esdihumboldt.hale.common.schema.model.constraint.factory.type.MappableFlagFactoryTest","eu.esdihumboldt.hale.common.schema.model.constraint.factory.type.MappableFlagFactoryTest","testDisabled"
"","1","testDefault","","Wed Jul 08 12:47:00 UTC 2026","passed","Wed Jul 08 12:47:00 UTC 2026","","eu.esdihumboldt.hale.common.schema.model.constraint.factory.type.MappingRelevantFlagFactoryTest","eu.esdihumboldt.hale.common.schema.model.constraint.factory.type.MappingRelevantFlagFactoryTest","testDefault"
"","85","checkCyclicTypes","","Wed Jul 08 12:54:00 UTC 2026","passed","Wed Jul 08 12:54:01 UTC 2026","","eu.esdihumboldt.hale.io.jdbc.postgresql.test.CheckSortingForCyclicTypesTest","eu.esdihumboldt.hale.io.jdbc.postgresql.test.CheckSortingForCyclicTypesTest","checkCyclicTypes"
"","8","testReadSimpleWithDate","","Wed Jul 08 12:57:14 UTC 2026","passed","Wed Jul 08 12:57:14 UTC 2026","","eu.esdihumboldt.hale.io.xls.test.reader.XLSReaderTest","eu.esdihumboldt.hale.io.xls.test.reader.XLSReaderTest","testReadSimpleWithDate"
"","5","testByPoints1","","Wed Jul 08 12:58:05 UTC 2026","passed","Wed Jul 08 12:58:05 UTC 2026","","eu.esdihumboldt.util.geometry.interpolation.split.SplitInterpolationTest","eu.esdihumboldt.util.geometry.interpolation.split.SplitInterpolationTest","testByPoints1"
"","304","testWfsNonPaginated","","Wed Jul 08 12:51:57 UTC 2026","passed","Wed Jul 08 12:51:57 UTC 2026","","eu.esdihumboldt.hale.io.gml.reader.internal.StreamGmlReaderTest","eu.esdihumboldt.hale.io.gml.reader.internal.StreamGmlReaderTest","testWfsNonPaginated"
"","5","testByPoints3","","Wed Jul 08 12:58:05 UTC 2026","passed","Wed Jul 08 12:58:05 UTC 2026","","eu.esdihumboldt.util.geometry.interpolation.split.SplitInterpolationTest","eu.esdihumboldt.util.geometry.interpolation.split.SplitInterpolationTest","testByPoints3"
"","142","testArray","","Wed Jul 08 12:55:09 UTC 2026","passed","Wed Jul 08 12:55:09 UTC 2026","","eu.esdihumboldt.hale.io.json.test.JsonSchemaReaderTest","eu.esdihumboldt.hale.io.json.test.JsonSchemaReaderTest","testArray"
"","176","testLarge","","Wed Jul 08 12:58:05 UTC 2026","passed","Wed Jul 08 12:58:05 UTC 2026","","eu.esdihumboldt.util.geometry.interpolation.split.SplitInterpolationTest","eu.esdihumboldt.util.geometry.interpolation.split.SplitInterpolationTest","testLarge"
"","45","testConflict","","Wed Jul 08 12:57:56 UTC 2026","passed","Wed Jul 08 12:57:56 UTC 2026","","eu.esdihumboldt.util.config.ConfigTest","eu.esdihumboldt.util.config.ConfigTest","testConflict"
"","81","testStructuralRetype1","","Wed Jul 08 12:48:33 UTC 2026","passed","Wed Jul 08 12:48:33 UTC 2026","","eu.esdihumboldt.cst.internal.ConceptualSchemaTransformerTest","eu.esdihumboldt.cst.internal.ConceptualSchemaTransformerTest","testStructuralRetype1"
"","17","testEnabled","","Wed Jul 08 12:46:59 UTC 2026","passed","Wed Jul 08 12:46:59 UTC 2026","","eu.esdihumboldt.hale.common.schema.model.constraint.factory.property.NillableFlagFactoryTest","eu.esdihumboldt.hale.common.schema.model.constraint.factory.property.NillableFlagFactoryTest","testEnabled"
"","1717","testLoadChoice","","Wed Jul 08 12:51:06 UTC 2026","passed","Wed Jul 08 12:51:08 UTC 2026","","eu.esdihumboldt.hale.io.gml.reader.internal.GmlInstanceCollectionTest","eu.esdihumboldt.hale.io.gml.reader.internal.GmlInstanceCollectionTest","testLoadChoice"
"","1","testCurve","","Wed Jul 08 12:49:09 UTC 2026","passed","Wed Jul 08 12:49:09 UTC 2026","","eu.esdihumboldt.cst.functions.geometric.test.InteriorPointTest","eu.esdihumboldt.cst.functions.geometric.test.InteriorPointTest","testCurve"
"","297","testGeometryAggregate_32_MultiLineString","","Wed Jul 08 12:52:14 UTC 2026","passed","Wed Jul 08 12:52:14 UTC 2026","","eu.esdihumboldt.hale.io.gml.writer.internal.StreamGmlWriterTest","eu.esdihumboldt.hale.io.gml.writer.internal.StreamGmlWriterTest","testGeometryAggregate_32_MultiLineString"
"","109","testClassification1","","Wed Jul 08 12:48:30 UTC 2026","passed","Wed Jul 08 12:48:30 UTC 2026","","eu.esdihumboldt.cst.internal.ConceptualSchemaTransformerTest","eu.esdihumboldt.cst.internal.ConceptualSchemaTransformerTest","testClassification1"
"","5","testStringLookupJson","","Wed Jul 08 12:46:34 UTC 2026","passed","Wed Jul 08 12:46:34 UTC 2026","","eu.esdihumboldt.hale.common.lookup.internal.LookupTableTypeTest","eu.esdihumboldt.hale.common.lookup.internal.LookupTableTypeTest","testStringLookupJson"
"","6","testHalfCircleAllGrid","","Wed Jul 08 12:58:04 UTC 2026","passed","Wed Jul 08 12:58:04 UTC 2026","","eu.esdihumboldt.util.geometry.interpolation.grid.GridInterpolationTest","eu.esdihumboldt.util.geometry.interpolation.grid.GridInterpolationTest","testHalfCircleAllGrid"
"","29","testCallMethod","","Wed Jul 08 12:52:33 UTC 2026","passed","Wed Jul 08 12:52:33 UTC 2026","","eu.esdihumboldt.hale.io.groovy.snippets.GroovySnippetsTest","eu.esdihumboldt.hale.io.groovy.snippets.GroovySnippetsTest","testCallMethod"
"","0","testBeforeList","","Wed Jul 08 12:45:15 UTC 2026","skipped","Wed Jul 08 12:45:15 UTC 2026","","eu.esdihumboldt.hale.common.filter.CQLFilterTest","eu.esdihumboldt.hale.common.filter.CQLFilterTest","testBeforeList"
"","343","testReadJsonArray","","Wed Jul 08 12:55:08 UTC 2026","passed","Wed Jul 08 12:55:08 UTC 2026","","eu.esdihumboldt.hale.io.json.test.JsonInstanceCollectionTest","eu.esdihumboldt.hale.io.json.test.JsonInstanceCollectionTest","testReadJsonArray"
"","61","testTypeFilter","","Wed Jul 08 12:48:33 UTC 2026","passed","Wed Jul 08 12:48:33 UTC 2026","","eu.esdihumboldt.cst.internal.ConceptualSchemaTransformerTest","eu.esdihumboldt.cst.internal.ConceptualSchemaTransformerTest","testTypeFilter"
"","84","testSimpleAssign","","Wed Jul 08 12:48:31 UTC 2026","passed","Wed Jul 08 12:48:31 UTC 2026","","eu.esdihumboldt.cst.internal.ConceptualSchemaTransformerTest","eu.esdihumboldt.cst.internal.ConceptualSchemaTransformerTest","testSimpleAssign"
"","0","testSimple","","Wed Jul 08 12:44:45 UTC 2026","passed","Wed Jul 08 12:44:45 UTC 2026","","eu.esdihumboldt.hale.common.core.io.PathUpdateTest","eu.esdihumboldt.hale.common.core.io.PathUpdateTest","testSimple"
"","18","testArray","","Wed Jul 08 12:46:59 UTC 2026","passed","Wed Jul 08 12:46:59 UTC 2026","","eu.esdihumboldt.hale.common.schema.model.constraint.factory.type.BindingFactoryTest","eu.esdihumboldt.hale.common.schema.model.constraint.factory.type.BindingFactoryTest","testArray"
"","5","testDuring","","Wed Jul 08 12:45:16 UTC 2026","passed","Wed Jul 08 12:45:16 UTC 2026","","eu.esdihumboldt.hale.common.filter.ECQLFilterTest","eu.esdihumboldt.hale.common.filter.ECQLFilterTest","testDuring"
"","7","testGeoIntersects","","Wed Jul 08 12:45:16 UTC 2026","passed","Wed Jul 08 12:45:16 UTC 2026","","eu.esdihumboldt.hale.common.filter.ECQLFilterTest","eu.esdihumboldt.hale.common.filter.ECQLFilterTest","testGeoIntersects"
"","3","testNullProperties","","Wed Jul 08 12:46:02 UTC 2026","passed","Wed Jul 08 12:46:02 UTC 2026","","eu.esdihumboldt.hale.common.instance.groovy.InstanceAccessorTest","eu.esdihumboldt.hale.common.instance.groovy.InstanceAccessorTest","testNullProperties"
"","1265","testReadXsdInstancesResultPrefix2","","Wed Jul 08 12:56:08 UTC 2026","passed","Wed Jul 08 12:56:10 UTC 2026","","eu.esdihumboldt.hale.io.shp.ShapeInstanceReaderTest","eu.esdihumboldt.hale.io.shp.ShapeInstanceReaderTest","testReadXsdInstancesResultPrefix2"
"","23","testAlias","","Wed Jul 08 12:53:01 UTC 2026","passed","Wed Jul 08 12:53:01 UTC 2026","","eu.esdihumboldt.hale.io.jdbc.test.constraints.factory.GeometryMetadataFactoryTest","eu.esdihumboldt.hale.io.jdbc.test.constraints.factory.GeometryMetadataFactoryTest","testAlias"
"","199","mergeRenameFormattedString","","Wed Jul 08 12:49:51 UTC 2026","passed","Wed Jul 08 12:49:52 UTC 2026","","eu.esdihumboldt.hale.adv.merge.test.AdVMeasurementMergeTest","eu.esdihumboldt.hale.adv.merge.test.AdVMeasurementMergeTest","mergeRenameFormattedString"
"","161","testJoinCondition","","Wed Jul 08 12:44:18 UTC 2026","passed","Wed Jul 08 12:44:18 UTC 2026","","eu.esdihumboldt.hale.common.align.merge.test.impl.JoinRetainConditionsTest","eu.esdihumboldt.hale.common.align.merge.test.impl.JoinRetainConditionsTest","testJoinCondition"
"","111","testOverwriteFailsWhenFileCannotBeDeleted","","Wed Jul 08 12:50:59 UTC 2026","passed","Wed Jul 08 12:51:00 UTC 2026","","eu.esdihumboldt.hale.io.geopackage.GeopackageInstanceWriterTest","eu.esdihumboldt.hale.io.geopackage.GeopackageInstanceWriterTest","testOverwriteFailsWhenFileCannotBeDeleted"
"","13","testDefault","","Wed Jul 08 12:46:59 UTC 2026","passed","Wed Jul 08 12:46:59 UTC 2026","","eu.esdihumboldt.hale.common.schema.model.constraint.factory.property.ChoiceFlagFactoryTest","eu.esdihumboldt.hale.common.schema.model.constraint.factory.property.ChoiceFlagFactoryTest","testDefault"
"","17","testSKOSFromRDF5_language_en","","Wed Jul 08 12:49:58 UTC 2026","passed","Wed Jul 08 12:49:58 UTC 2026","","eu.esdihumboldt.hale.io.codelist.skos.test.SkosCodeListTest","eu.esdihumboldt.hale.io.codelist.skos.test.SkosCodeListTest","testSKOSFromRDF5_language_en"
"","2","testFormatter[2]","","Wed Jul 08 12:58:00 UTC 2026","passed","Wed Jul 08 12:58:00 UTC 2026","","eu.esdihumboldt.util.geometry.DecimalFormatUtilTest","eu.esdihumboldt.util.geometry.DecimalFormatUtilTest","testFormatter[2]"
"","7","testSimpleAll","","Wed Jul 08 12:47:18 UTC 2026","passed","Wed Jul 08 12:47:18 UTC 2026","","eu.esdihumboldt.hale.common.schema.groovy.DefinitionAccessorTest","eu.esdihumboldt.hale.common.schema.groovy.DefinitionAccessorTest","testSimpleAll"
"","0","testUnifyCCWSimple","","Wed Jul 08 12:58:04 UTC 2026","passed","Wed Jul 08 12:58:04 UTC 2026","","eu.esdihumboldt.util.geometry.WindingOrderTest","eu.esdihumboldt.util.geometry.WindingOrderTest","testUnifyCCWSimple"
"","4","testPointGeometry","","Wed Jul 08 12:55:09 UTC 2026","passed","Wed Jul 08 12:55:09 UTC 2026","","eu.esdihumboldt.hale.io.json.test.JsonSchemaReaderTest","eu.esdihumboldt.hale.io.json.test.JsonSchemaReaderTest","testPointGeometry"
"","92","testSimpleMerge","","Wed Jul 08 12:48:29 UTC 2026","passed","Wed Jul 08 12:48:30 UTC 2026","","eu.esdihumboldt.cst.internal.ConceptualSchemaTransformerTest","eu.esdihumboldt.cst.internal.ConceptualSchemaTransformerTest","testSimpleMerge"
"","0","testQ3","","Wed Jul 08 12:58:04 UTC 2026","passed","Wed Jul 08 12:58:04 UTC 2026","","eu.esdihumboldt.util.geometry.interpolation.grid.GridUtilTest","eu.esdihumboldt.util.geometry.interpolation.grid.GridUtilTest","testQ3"
"","1","testFormatter[8]","","Wed Jul 08 12:58:00 UTC 2026","passed","Wed Jul 08 12:58:00 UTC 2026","","eu.esdihumboldt.util.geometry.DecimalFormatUtilTest","eu.esdihumboldt.util.geometry.DecimalFormatUtilTest","testFormatter[8]"
"","70","testReadMultiSheetDetectType","","Wed Jul 08 12:57:14 UTC 2026","passed","Wed Jul 08 12:57:14 UTC 2026","","eu.esdihumboldt.hale.io.xls.test.reader.XLSReaderTest","eu.esdihumboldt.hale.io.xls.test.reader.XLSReaderTest","testReadMultiSheetDetectType"
"","2","testNoBinding","","Wed Jul 08 12:46:59 UTC 2026","passed","Wed Jul 08 12:46:59 UTC 2026","","eu.esdihumboldt.hale.common.schema.model.constraint.factory.type.ElementTypeFactoryTest","eu.esdihumboldt.hale.common.schema.model.constraint.factory.type.ElementTypeFactoryTest","testNoBinding"
"","0","testComplexWrite","","Wed Jul 08 12:58:44 UTC 2026","skipped","Wed Jul 08 12:58:44 UTC 2026","","eu.esdihumboldt.util.orient.embedded.LocalDocumentTest","eu.esdihumboldt.util.orient.embedded.LocalDocumentTest","testComplexWrite"
"","58","testWriteMultiSchemas","","Wed Jul 08 12:56:15 UTC 2026","passed","Wed Jul 08 12:56:15 UTC 2026","","eu.esdihumboldt.hale.io.shp.ShapefileInstanceWriterTest","eu.esdihumboldt.hale.io.shp.ShapefileInstanceWriterTest","testWriteMultiSchemas"
"","83","testBaseAlignmentSaveLoad","","Wed Jul 08 12:43:24 UTC 2026","passed","Wed Jul 08 12:43:24 UTC 2026","","eu.esdihumboldt.hale.common.align.io.JaxbAlignmentIOTest","eu.esdihumboldt.hale.common.align.io.JaxbAlignmentIOTest","testBaseAlignmentSaveLoad"
"","10","testEachCollector","","Wed Jul 08 12:49:32 UTC 2026","passed","Wed Jul 08 12:49:32 UTC 2026","","eu.esdihumboldt.cst.functions.groovy.helpers.util.CollectorTest","eu.esdihumboldt.cst.functions.groovy.helpers.util.CollectorTest","testEachCollector"
"","110","testAfter","","Wed Jul 08 12:45:15 UTC 2026","passed","Wed Jul 08 12:45:15 UTC 2026","","eu.esdihumboldt.hale.common.filter.CQLFilterTest","eu.esdihumboldt.hale.common.filter.CQLFilterTest","testAfter"
"","1","testStraight","","Wed Jul 08 12:58:04 UTC 2026","passed","Wed Jul 08 12:58:04 UTC 2026","","eu.esdihumboldt.util.geometry.interpolation.model.impl.ArcByPointsImplTest","eu.esdihumboldt.util.geometry.interpolation.model.impl.ArcByPointsImplTest","testStraight"
"","0","testFormatter[11]","","Wed Jul 08 12:58:00 UTC 2026","passed","Wed Jul 08 12:58:00 UTC 2026","","eu.esdihumboldt.util.geometry.DecimalFormatUtilTest","eu.esdihumboldt.util.geometry.DecimalFormatUtilTest","testFormatter[11]"
"","15","testGeoJsonSimple_14","","Wed Jul 08 12:55:06 UTC 2026","passed","Wed Jul 08 12:55:06 UTC 2026","","eu.esdihumboldt.hale.io.json.test.InstanceToJsonTest","eu.esdihumboldt.hale.io.json.test.InstanceToJsonTest","testGeoJsonSimple_14"
"","2","testMultipleProperties","","Wed Jul 08 12:55:09 UTC 2026","passed","Wed Jul 08 12:55:09 UTC 2026","","eu.esdihumboldt.hale.io.json.test.JsonSchemaReaderTest","eu.esdihumboldt.hale.io.json.test.JsonSchemaReaderTest","testMultipleProperties"
"","39","testSchemaLess","","Wed Jul 08 12:46:02 UTC 2026","passed","Wed Jul 08 12:46:02 UTC 2026","","eu.esdihumboldt.hale.common.instance.groovy.InstanceAccessorTest","eu.esdihumboldt.hale.common.instance.groovy.InstanceAccessorTest","testSchemaLess"
"","8721","testAccessNullProperties","","Wed Jul 08 12:45:53 UTC 2026","passed","Wed Jul 08 12:46:02 UTC 2026","","eu.esdihumboldt.hale.common.instance.groovy.InstanceAccessorTest","eu.esdihumboldt.hale.common.instance.groovy.InstanceAccessorTest","testAccessNullProperties"
"","6621","testShapefileInstanceFromNginxUrl","","Wed Jul 08 12:56:00 UTC 2026","passed","Wed Jul 08 12:56:07 UTC 2026","","eu.esdihumboldt.hale.io.shp.ShapeInstanceReaderTest","eu.esdihumboldt.hale.io.shp.ShapeInstanceReaderTest","testShapefileInstanceFromNginxUrl"
"","157","testReadSimpleArray","","Wed Jul 08 12:55:09 UTC 2026","passed","Wed Jul 08 12:55:09 UTC 2026","","eu.esdihumboldt.hale.io.json.test.JsonToInstanceTest","eu.esdihumboldt.hale.io.json.test.JsonToInstanceTest","testReadSimpleArray"
"","57","testReadMultiSheetTypeSettingsIndex","","Wed Jul 08 12:57:14 UTC 2026","passed","Wed Jul 08 12:57:14 UTC 2026","","eu.esdihumboldt.hale.io.xls.test.reader.XLSReaderTest","eu.esdihumboldt.hale.io.xls.test.reader.XLSReaderTest","testReadMultiSheetTypeSettingsIndex"
"","0","testGroup","","Wed Jul 08 12:48:17 UTC 2026","skipped","Wed Jul 08 12:48:17 UTC 2026","","eu.esdihumboldt.cst.internal.ConceptualSchemaTransformerTest","eu.esdihumboldt.cst.internal.ConceptualSchemaTransformerTest","testGroup"
"","3","failTest2","","Wed Jul 08 12:50:10 UTC 2026","passed","Wed Jul 08 12:50:10 UTC 2026","","eu.esdihumboldt.hale.io.csv.CSVSchemaReaderTest","eu.esdihumboldt.hale.io.csv.CSVSchemaReaderTest","failTest2"
"","1662","testRequestCache","","Wed Jul 08 12:44:22 UTC 2026","passed","Wed Jul 08 12:44:24 UTC 2026","","eu.esdihumboldt.hale.common.cache.RequestTest","eu.esdihumboldt.hale.common.cache.RequestTest","testRequestCache"
"","0","testCopyISOTC211","","Wed Jul 08 12:44:58 UTC 2026","skipped","Wed Jul 08 12:44:58 UTC 2026","","eu.esdihumboldt.hale.common.core.io.project.util.XMLPathUpdaterTest","eu.esdihumboldt.hale.common.core.io.project.util.XMLPathUpdaterTest","testCopyISOTC211"
"","0","testSame","","Wed Jul 08 12:44:45 UTC 2026","passed","Wed Jul 08 12:44:45 UTC 2026","","eu.esdihumboldt.hale.common.core.io.PathUpdateTest","eu.esdihumboldt.hale.common.core.io.PathUpdateTest","testSame"
"","133","testSinglePolyGeometryWithLongAttributeNamesWithSingleInstance","","Wed Jul 08 12:56:14 UTC 2026","passed","Wed Jul 08 12:56:14 UTC 2026","","eu.esdihumboldt.hale.io.shp.ShapefileInstanceWriterTest","eu.esdihumboldt.hale.io.shp.ShapefileInstanceWriterTest","testSinglePolyGeometryWithLongAttributeNamesWithSingleInstance"
"","31","testRead_definitive_all","","Wed Jul 08 12:57:34 UTC 2026","passed","Wed Jul 08 12:57:34 UTC 2026","","eu.esdihumboldt.hale.io.xsd.reader.XmlSchemaReaderTest","eu.esdihumboldt.hale.io.xsd.reader.XmlSchemaReaderTest","testRead_definitive_all"
"","1","testProjectSubfolder","","Wed Jul 08 12:44:45 UTC 2026","passed","Wed Jul 08 12:44:45 UTC 2026","","eu.esdihumboldt.hale.common.core.io.PathUpdateTest","eu.esdihumboldt.hale.common.core.io.PathUpdateTest","testProjectSubfolder"
"","0","testMethodCallWithNamedArgumentsTypeSafe","","Wed Jul 08 12:58:19 UTC 2026","passed","Wed Jul 08 12:58:19 UTC 2026","","eu.esdihumboldt.util.groovy.json.JsonStreamBuilderTest","eu.esdihumboldt.util.groovy.json.JsonStreamBuilderTest","testMethodCallWithNamedArgumentsTypeSafe"
"","69","testGetReferencesNested","","Wed Jul 08 12:45:15 UTC 2026","passed","Wed Jul 08 12:45:15 UTC 2026","","eu.esdihumboldt.hale.common.filter.CQLFilterTest","eu.esdihumboldt.hale.common.filter.CQLFilterTest","testGetReferencesNested"
"","22","testLoadMixed","","Wed Jul 08 12:51:16 UTC 2026","passed","Wed Jul 08 12:51:16 UTC 2026","","eu.esdihumboldt.hale.io.gml.reader.internal.GmlInstanceCollectionTest","eu.esdihumboldt.hale.io.gml.reader.internal.GmlInstanceCollectionTest","testLoadMixed"
"","0","testExistsSchema","","Wed Jul 08 12:45:16 UTC 2026","skipped","Wed Jul 08 12:45:16 UTC 2026","","eu.esdihumboldt.hale.common.filter.ECQLFilterTest","eu.esdihumboldt.hale.common.filter.ECQLFilterTest","testExistsSchema"
"","26","testSinglePolyGeometryWithLongAlphanumericNamesWithMultipleInstances","","Wed Jul 08 12:56:17 UTC 2026","passed","Wed Jul 08 12:56:17 UTC 2026","","eu.esdihumboldt.hale.io.shp.ShapefileInstanceWriterTest","eu.esdihumboldt.hale.io.shp.ShapefileInstanceWriterTest","testSinglePolyGeometryWithLongAlphanumericNamesWithMultipleInstances"
"","85","testWriteReadBoolean","","Wed Jul 08 12:50:59 UTC 2026","passed","Wed Jul 08 12:50:59 UTC 2026","","eu.esdihumboldt.hale.io.geopackage.GeopackageInstanceWriterTest","eu.esdihumboldt.hale.io.geopackage.GeopackageInstanceWriterTest","testWriteReadBoolean"
"","508","testInnerJoinConditions","","Wed Jul 08 12:48:28 UTC 2026","passed","Wed Jul 08 12:48:29 UTC 2026","","eu.esdihumboldt.cst.internal.ConceptualSchemaTransformerTest","eu.esdihumboldt.cst.internal.ConceptualSchemaTransformerTest","testInnerJoinConditions"
"","129","testImplicitAssign","","Wed Jul 08 12:48:30 UTC 2026","passed","Wed Jul 08 12:48:30 UTC 2026","","eu.esdihumboldt.cst.internal.ConceptualSchemaTransformerTest","eu.esdihumboldt.cst.internal.ConceptualSchemaTransformerTest","testImplicitAssign"
"","1","testCurve2","","Wed Jul 08 12:49:09 UTC 2026","passed","Wed Jul 08 12:49:09 UTC 2026","","eu.esdihumboldt.cst.functions.geometric.test.InteriorPointTest","eu.esdihumboldt.cst.functions.geometric.test.InteriorPointTest","testCurve2"
"","4","testNullNotExistsNoSchema","","Wed Jul 08 12:45:16 UTC 2026","passed","Wed Jul 08 12:45:16 UTC 2026","","eu.esdihumboldt.hale.common.filter.ECQLFilterTest","eu.esdihumboldt.hale.common.filter.ECQLFilterTest","testNullNotExistsNoSchema"
"","4327","testGroovyContextFilterExclusionForHydro","","Wed Jul 08 12:42:02 UTC 2026","passed","Wed Jul 08 12:42:06 UTC 2026","","eu.esdihumboldt.hale.app.transform.test.ExecuteTest","eu.esdihumboldt.hale.app.transform.test.ExecuteTest","testGroovyContextFilterExclusionForHydro"
"","382","testGeometryAggregate_32_LineString","","Wed Jul 08 12:52:12 UTC 2026","passed","Wed Jul 08 12:52:12 UTC 2026","","eu.esdihumboldt.hale.io.gml.writer.internal.StreamGmlWriterTest","eu.esdihumboldt.hale.io.gml.writer.internal.StreamGmlWriterTest","testGeometryAggregate_32_LineString"
"","0","testExistsSchema","","Wed Jul 08 12:45:16 UTC 2026","skipped","Wed Jul 08 12:45:16 UTC 2026","","eu.esdihumboldt.hale.common.filter.CQLFilterTest","eu.esdihumboldt.hale.common.filter.CQLFilterTest","testExistsSchema"
"","42","testReuse","","Wed Jul 08 12:44:45 UTC 2026","passed","Wed Jul 08 12:44:45 UTC 2026","","eu.esdihumboldt.hale.common.core.io.PathUpdateTest","eu.esdihumboldt.hale.common.core.io.PathUpdateTest","testReuse"
"","3537","testTypedFilterForHydro","","Wed Jul 08 12:42:36 UTC 2026","passed","Wed Jul 08 12:42:40 UTC 2026","","eu.esdihumboldt.hale.app.transform.test.ExecuteTest","eu.esdihumboldt.hale.app.transform.test.ExecuteTest","testTypedFilterForHydro"
"","1","testRead4","","Wed Jul 08 12:50:10 UTC 2026","passed","Wed Jul 08 12:50:10 UTC 2026","","eu.esdihumboldt.hale.io.csv.CSVSchemaReaderTest","eu.esdihumboldt.hale.io.csv.CSVSchemaReaderTest","testRead4"
"","0","testIterateEmpty","","Wed Jul 08 12:45:30 UTC 2026","passed","Wed Jul 08 12:45:30 UTC 2026","","eu.esdihumboldt.hale.common.instance.tools.impl.SimplePartitionerTest","eu.esdihumboldt.hale.common.instance.tools.impl.SimplePartitionerTest","testIterateEmpty"
"","5","testFindPropertyNamespace","","Wed Jul 08 12:46:58 UTC 2026","passed","Wed Jul 08 12:46:58 UTC 2026","","eu.esdihumboldt.hale.common.schema.helper.DefinitionResolverTest","eu.esdihumboldt.hale.common.schema.helper.DefinitionResolverTest","testFindPropertyNamespace"
"","6","testPath1","","Wed Jul 08 12:47:00 UTC 2026","passed","Wed Jul 08 12:47:00 UTC 2026","","eu.esdihumboldt.hale.common.schema.model.constraint.factory.type.PrimaryKeyFactoryTest","eu.esdihumboldt.hale.common.schema.model.constraint.factory.type.PrimaryKeyFactoryTest","testPath1"
"","61","testLoadShiporder","","Wed Jul 08 12:45:30 UTC 2026","passed","Wed Jul 08 12:45:30 UTC 2026","","eu.esdihumboldt.hale.common.instance.helper.PropertyResolverTest","eu.esdihumboldt.hale.common.instance.helper.PropertyResolverTest","testLoadShiporder"
"","2","testValuePropertiesListJson","","Wed Jul 08 12:44:58 UTC 2026","passed","Wed Jul 08 12:44:58 UTC 2026","","eu.esdihumboldt.hale.common.core.io.impl.ValuePropertiesTypeTest","eu.esdihumboldt.hale.common.core.io.impl.ValuePropertiesTypeTest","testValuePropertiesListJson"
"","93","testClassification2","","Wed Jul 08 12:48:30 UTC 2026","passed","Wed Jul 08 12:48:30 UTC 2026","","eu.esdihumboldt.cst.internal.ConceptualSchemaTransformerTest","eu.esdihumboldt.cst.internal.ConceptualSchemaTransformerTest","testClassification2"
"","1","testRead","","Wed Jul 08 12:50:10 UTC 2026","passed","Wed Jul 08 12:50:10 UTC 2026","","eu.esdihumboldt.hale.io.csv.CSVSchemaReaderTest","eu.esdihumboldt.hale.io.csv.CSVSchemaReaderTest","testRead"
"","1","testPrimitiveArray","","Wed Jul 08 12:46:59 UTC 2026","passed","Wed Jul 08 12:46:59 UTC 2026","","eu.esdihumboldt.hale.common.schema.model.constraint.factory.type.BindingFactoryTest","eu.esdihumboldt.hale.common.schema.model.constraint.factory.type.BindingFactoryTest","testPrimitiveArray"
"","4034","testEvaluateSuccess1","","Wed Jul 08 12:42:44 UTC 2026","passed","Wed Jul 08 12:42:48 UTC 2026","","eu.esdihumboldt.hale.app.transform.test.ExecuteTest","eu.esdihumboldt.hale.app.transform.test.ExecuteTest","testEvaluateSuccess1"
"","1","testOrigin","","Wed Jul 08 12:58:04 UTC 2026","passed","Wed Jul 08 12:58:04 UTC 2026","","eu.esdihumboldt.util.geometry.interpolation.grid.GridUtilTest","eu.esdihumboldt.util.geometry.interpolation.grid.GridUtilTest","testOrigin"
"","3","testCW1","","Wed Jul 08 12:58:04 UTC 2026","passed","Wed Jul 08 12:58:04 UTC 2026","","eu.esdihumboldt.util.geometry.interpolation.model.impl.ArcByCenterPointImplTest","eu.esdihumboldt.util.geometry.interpolation.model.impl.ArcByCenterPointImplTest","testCW1"
"","81","testPriority","","Wed Jul 08 12:48:31 UTC 2026","passed","Wed Jul 08 12:48:31 UTC 2026","","eu.esdihumboldt.cst.internal.ConceptualSchemaTransformerTest","eu.esdihumboldt.cst.internal.ConceptualSchemaTransformerTest","testPriority"
"","625","testInvalidMaxNodes","","Wed Jul 08 12:58:05 UTC 2026","passed","Wed Jul 08 12:58:05 UTC 2026","","eu.esdihumboldt.util.geometry.quadtree.QuadtreeTest","eu.esdihumboldt.util.geometry.quadtree.QuadtreeTest","testInvalidMaxNodes"
"","1","testTrueFalse","","Wed Jul 08 12:47:18 UTC 2026","passed","Wed Jul 08 12:47:18 UTC 2026","","eu.esdihumboldt.hale.common.schema.groovy.constraints.TypeAbstractFactoryTest","eu.esdihumboldt.hale.common.schema.groovy.constraints.TypeAbstractFactoryTest","testTrueFalse"
"","1","testSimpleOverride","","Wed Jul 08 12:57:56 UTC 2026","passed","Wed Jul 08 12:57:56 UTC 2026","","eu.esdihumboldt.util.config.ConfigMergerTest","eu.esdihumboldt.util.config.ConfigMergerTest","testSimpleOverride"
"","0","testFormatter[4]","","Wed Jul 08 12:58:00 UTC 2026","passed","Wed Jul 08 12:58:00 UTC 2026","","eu.esdihumboldt.util.geometry.DecimalFormatUtilTest","eu.esdihumboldt.util.geometry.DecimalFormatUtilTest","testFormatter[4]"
"","1340","testSKOSFromRDF5_language_de","","Wed Jul 08 12:49:56 UTC 2026","passed","Wed Jul 08 12:49:57 UTC 2026","","eu.esdihumboldt.hale.io.codelist.skos.test.SkosCodeListTest","eu.esdihumboldt.hale.io.codelist.skos.test.SkosCodeListTest","testSKOSFromRDF5_language_de"
"","7","testNumberBetweenList","","Wed Jul 08 12:45:16 UTC 2026","passed","Wed Jul 08 12:45:16 UTC 2026","","eu.esdihumboldt.hale.common.filter.CQLFilterTest","eu.esdihumboldt.hale.common.filter.CQLFilterTest","testNumberBetweenList"
"","0","testPropertiesMix2","","Wed Jul 08 12:48:22 UTC 2026","skipped","Wed Jul 08 12:48:22 UTC 2026","","eu.esdihumboldt.cst.internal.ConceptualSchemaTransformerTest","eu.esdihumboldt.cst.internal.ConceptualSchemaTransformerTest","testPropertiesMix2"
"","3728","testConnection","","Wed Jul 08 12:54:01 UTC 2026","passed","Wed Jul 08 12:54:04 UTC 2026","","eu.esdihumboldt.hale.io.jdbc.postgresql.test.DatabaseIT","eu.esdihumboldt.hale.io.jdbc.postgresql.test.DatabaseIT","testConnection"
"","106","testMergeAdditionalProp","","Wed Jul 08 12:48:29 UTC 2026","passed","Wed Jul 08 12:48:29 UTC 2026","","eu.esdihumboldt.cst.internal.ConceptualSchemaTransformerTest","eu.esdihumboldt.cst.internal.ConceptualSchemaTransformerTest","testMergeAdditionalProp"
"","6","testReadModeDefault","","Wed Jul 08 12:55:09 UTC 2026","passed","Wed Jul 08 12:55:09 UTC 2026","","eu.esdihumboldt.hale.io.json.test.JsonInstanceReaderTest","eu.esdihumboldt.hale.io.json.test.JsonInstanceReaderTest","testReadModeDefault"
"","4036","testWriteRead","","Wed Jul 08 12:54:17 UTC 2026","passed","Wed Jul 08 12:54:21 UTC 2026","","eu.esdihumboldt.hale.io.jdbc.postgresql.test.OneDimensionalArraysIT","eu.esdihumboldt.hale.io.jdbc.postgresql.test.OneDimensionalArraysIT","testWriteRead"
"","8","testElementHasListOfObjects2","","Wed Jul 08 12:58:19 UTC 2026","passed","Wed Jul 08 12:58:19 UTC 2026","","eu.esdihumboldt.util.groovy.json.JsonStreamBuilderTest","eu.esdihumboldt.util.groovy.json.JsonStreamBuilderTest","testElementHasListOfObjects2"
"","0","testPropertyMerge","","Wed Jul 08 12:48:29 UTC 2026","skipped","Wed Jul 08 12:48:29 UTC 2026","","eu.esdihumboldt.cst.internal.ConceptualSchemaTransformerTest","eu.esdihumboldt.cst.internal.ConceptualSchemaTransformerTest","testPropertyMerge"
"","1","eu.esdihumboldt.util.blueprints.entities.test.VertexEntityTransformationTest","","Wed Jul 08 12:57:42 UTC 2026","skipped","Wed Jul 08 12:57:42 UTC 2026","","eu.esdihumboldt.util.blueprints.entities.test.VertexEntityTransformationTest","eu.esdihumboldt.util.blueprints.entities.test.VertexEntityTransformationTest","eu.esdihumboldt.util.blueprints.entities.test.VertexEntityTransformationTest"
"","1","testDefault","","Wed Jul 08 12:46:59 UTC 2026","passed","Wed Jul 08 12:46:59 UTC 2026","","eu.esdihumboldt.hale.common.schema.model.constraint.factory.property.NillableFlagFactoryTest","eu.esdihumboldt.hale.common.schema.model.constraint.factory.property.NillableFlagFactoryTest","testDefault"
"","19","testRootArrayObjectNestedPrettyPrint","","Wed Jul 08 12:58:19 UTC 2026","passed","Wed Jul 08 12:58:19 UTC 2026","","eu.esdihumboldt.util.groovy.json.JsonStreamBuilderTest","eu.esdihumboldt.util.groovy.json.JsonStreamBuilderTest","testRootArrayObjectNestedPrettyPrint"
"","161","migrateJoinGroovyRetype","","Wed Jul 08 12:44:16 UTC 2026","passed","Wed Jul 08 12:44:16 UTC 2026","","eu.esdihumboldt.hale.common.align.merge.test.impl.GroovyRetypeMergeTest","eu.esdihumboldt.hale.common.align.merge.test.impl.GroovyRetypeMergeTest","migrateJoinGroovyRetype"
"","3843","testLoadFilterNoDuplicates","","Wed Jul 08 12:51:12 UTC 2026","passed","Wed Jul 08 12:51:16 UTC 2026","","eu.esdihumboldt.hale.io.gml.reader.internal.GmlInstanceCollectionTest","eu.esdihumboldt.hale.io.gml.reader.internal.GmlInstanceCollectionTest","testLoadFilterNoDuplicates"
"","3","testStringProperty","","Wed Jul 08 12:55:09 UTC 2026","passed","Wed Jul 08 12:55:09 UTC 2026","","eu.esdihumboldt.hale.io.json.test.JsonSchemaReaderTest","eu.esdihumboldt.hale.io.json.test.JsonSchemaReaderTest","testStringProperty"
"","36","testRead_shiporder_types_reverse","","Wed Jul 08 12:57:34 UTC 2026","passed","Wed Jul 08 12:57:34 UTC 2026","","eu.esdihumboldt.hale.io.xsd.reader.XmlSchemaReaderTest","eu.esdihumboldt.hale.io.xsd.reader.XmlSchemaReaderTest","testRead_shiporder_types_reverse"
"","0","testCenter","","Wed Jul 08 12:58:04 UTC 2026","passed","Wed Jul 08 12:58:04 UTC 2026","","eu.esdihumboldt.util.geometry.interpolation.grid.GridUtilTest","eu.esdihumboldt.util.geometry.interpolation.grid.GridUtilTest","testCenter"
"","0","testQ2","","Wed Jul 08 12:58:04 UTC 2026","passed","Wed Jul 08 12:58:04 UTC 2026","","eu.esdihumboldt.util.geometry.interpolation.grid.GridUtilTest","eu.esdihumboldt.util.geometry.interpolation.grid.GridUtilTest","testQ2"
"","8","testJsonBuilderRawJson","","Wed Jul 08 12:58:19 UTC 2026","passed","Wed Jul 08 12:58:19 UTC 2026","","eu.esdihumboldt.util.groovy.json.JsonStreamBuilderTest","eu.esdihumboldt.util.groovy.json.JsonStreamBuilderTest","testJsonBuilderRawJson"
"","4","testNumberBetween","","Wed Jul 08 12:45:16 UTC 2026","passed","Wed Jul 08 12:45:16 UTC 2026","","eu.esdihumboldt.hale.common.filter.ECQLFilterTest","eu.esdihumboldt.hale.common.filter.ECQLFilterTest","testNumberBetween"
"","115","testNotes1","","Wed Jul 08 12:44:15 UTC 2026","passed","Wed Jul 08 12:44:15 UTC 2026","","eu.esdihumboldt.hale.common.align.merge.test.impl.DefaultMergeCellMigratorTest","eu.esdihumboldt.hale.common.align.merge.test.impl.DefaultMergeCellMigratorTest","testNotes1"
"","7","testDefinedTypeReference","","Wed Jul 08 12:47:18 UTC 2026","passed","Wed Jul 08 12:47:18 UTC 2026","","eu.esdihumboldt.hale.common.schema.groovy.SchemaBuilderTest","eu.esdihumboldt.hale.common.schema.groovy.SchemaBuilderTest","testDefinedTypeReference"
"","3","testEqualitySimpleNoSchema","","Wed Jul 08 12:45:16 UTC 2026","passed","Wed Jul 08 12:45:16 UTC 2026","","eu.esdihumboldt.hale.common.filter.ECQLFilterTest","eu.esdihumboldt.hale.common.filter.ECQLFilterTest","testEqualitySimpleNoSchema"
"","86","testWriteMultiSchemasWithDifferentGeometryTypes","","Wed Jul 08 12:56:17 UTC 2026","passed","Wed Jul 08 12:56:17 UTC 2026","","eu.esdihumboldt.hale.io.shp.ShapefileInstanceWriterTest","eu.esdihumboldt.hale.io.shp.ShapefileInstanceWriterTest","testWriteMultiSchemasWithDifferentGeometryTypes"
"","40","testWriteSingleCorrectSchemasWithOneMissingGeom","","Wed Jul 08 12:56:17 UTC 2026","passed","Wed Jul 08 12:56:17 UTC 2026","","eu.esdihumboldt.hale.io.shp.ShapefileInstanceWriterTest","eu.esdihumboldt.hale.io.shp.ShapefileInstanceWriterTest","testWriteSingleCorrectSchemasWithOneMissingGeom"
"","53","testGeom","","Wed Jul 08 12:46:59 UTC 2026","passed","Wed Jul 08 12:47:00 UTC 2026","","eu.esdihumboldt.hale.common.schema.model.constraint.factory.type.GeometryTypeFactoryTest","eu.esdihumboldt.hale.common.schema.model.constraint.factory.type.GeometryTypeFactoryTest","testGeom"
"","343","testJoinsCondition","","Wed Jul 08 12:44:16 UTC 2026","passed","Wed Jul 08 12:44:17 UTC 2026","","eu.esdihumboldt.hale.common.align.merge.test.impl.JoinFocusRetainConditionTest","eu.esdihumboldt.hale.common.align.merge.test.impl.JoinFocusRetainConditionTest","testJoinsCondition"
"","37","testBothWays","","Wed Jul 08 12:57:32 UTC 2026","passed","Wed Jul 08 12:57:32 UTC 2026","","eu.esdihumboldt.hale.io.xsd.anytype.valuetypes.CustomTypeContentConfigurationTypeTest","eu.esdihumboldt.hale.io.xsd.anytype.valuetypes.CustomTypeContentConfigurationTypeTest","testBothWays"
"","0","testLocalING4479","","Wed Jul 08 12:42:55 UTC 2026","skipped","Wed Jul 08 12:42:55 UTC 2026","","eu.esdihumboldt.hale.app.transform.test.ExecuteTest","eu.esdihumboldt.hale.app.transform.test.ExecuteTest","testLocalING4479"
"","82","testCMUnion4","","Wed Jul 08 12:48:31 UTC 2026","passed","Wed Jul 08 12:48:31 UTC 2026","","eu.esdihumboldt.cst.internal.ConceptualSchemaTransformerTest","eu.esdihumboldt.cst.internal.ConceptualSchemaTransformerTest","testCMUnion4"
"","112","testLarge","","Wed Jul 08 12:58:04 UTC 2026","passed","Wed Jul 08 12:58:04 UTC 2026","","eu.esdihumboldt.util.geometry.interpolation.grid.GridInterpolationTest","eu.esdihumboldt.util.geometry.interpolation.grid.GridInterpolationTest","testLarge"
"","3111","testArgsFileWOFilterForMultiTypesSource","","Wed Jul 08 12:42:15 UTC 2026","passed","Wed Jul 08 12:42:18 UTC 2026","","eu.esdihumboldt.hale.app.transform.test.ExecuteTest","eu.esdihumboldt.hale.app.transform.test.ExecuteTest","testArgsFileWOFilterForMultiTypesSource"
"","3","testNullNotExistsSchema","","Wed Jul 08 12:45:16 UTC 2026","passed","Wed Jul 08 12:45:16 UTC 2026","","eu.esdihumboldt.hale.common.filter.ECQLFilterTest","eu.esdihumboldt.hale.common.filter.ECQLFilterTest","testNullNotExistsSchema"
"","7","testReadSimplePolygon","","Wed Jul 08 12:55:09 UTC 2026","passed","Wed Jul 08 12:55:09 UTC 2026","","eu.esdihumboldt.hale.io.json.test.JsonToInstanceTest","eu.esdihumboldt.hale.io.json.test.JsonToInstanceTest","testReadSimplePolygon"
"","12","testReadBoolean","","Wed Jul 08 12:55:09 UTC 2026","passed","Wed Jul 08 12:55:09 UTC 2026","","eu.esdihumboldt.hale.io.json.test.JsonToInstanceTest","eu.esdihumboldt.hale.io.json.test.JsonToInstanceTest","testReadBoolean"
"","0","testOrderHolesCCW","","Wed Jul 08 12:58:04 UTC 2026","passed","Wed Jul 08 12:58:04 UTC 2026","","eu.esdihumboldt.util.geometry.WindingOrderTest","eu.esdihumboldt.util.geometry.WindingOrderTest","testOrderHolesCCW"
"","51","testGeoCrosses","","Wed Jul 08 12:45:16 UTC 2026","passed","Wed Jul 08 12:45:16 UTC 2026","","eu.esdihumboldt.hale.common.filter.CQLFilterTest","eu.esdihumboldt.hale.common.filter.CQLFilterTest","testGeoCrosses"
"","0","testGeometry_2_Point","","Wed Jul 08 12:52:15 UTC 2026","skipped","Wed Jul 08 12:52:15 UTC 2026","","eu.esdihumboldt.hale.io.gml.writer.internal.StreamGmlWriterTest","eu.esdihumboldt.hale.io.gml.writer.internal.StreamGmlWriterTest","testGeometry_2_Point"
"","62","testDefaultSrs","","Wed Jul 08 12:51:55 UTC 2026","passed","Wed Jul 08 12:51:55 UTC 2026","","eu.esdihumboldt.hale.io.gml.reader.internal.StreamGmlReaderTest","eu.esdihumboldt.hale.io.gml.reader.internal.StreamGmlReaderTest","testDefaultSrs"
"","8","testSize","","Wed Jul 08 12:45:30 UTC 2026","passed","Wed Jul 08 12:45:30 UTC 2026","","eu.esdihumboldt.hale.common.instance.tools.impl.SimplePartitionerTest","eu.esdihumboldt.hale.common.instance.tools.impl.SimplePartitionerTest","testSize"
"","24","testCallBindung","","Wed Jul 08 12:52:33 UTC 2026","passed","Wed Jul 08 12:52:33 UTC 2026","","eu.esdihumboldt.hale.io.groovy.snippets.GroovySnippetsTest","eu.esdihumboldt.hale.io.groovy.snippets.GroovySnippetsTest","testCallBindung"
"","0","testFormatter[1]","","Wed Jul 08 12:58:00 UTC 2026","passed","Wed Jul 08 12:58:00 UTC 2026","","eu.esdihumboldt.util.geometry.DecimalFormatUtilTest","eu.esdihumboldt.util.geometry.DecimalFormatUtilTest","testFormatter[1]"
"","0","testGeometryPrimitive_32_Curve_MultiLineString","","Wed Jul 08 12:52:03 UTC 2026","skipped","Wed Jul 08 12:52:03 UTC 2026","","eu.esdihumboldt.hale.io.gml.writer.internal.StreamGmlWriter2Test","eu.esdihumboldt.hale.io.gml.writer.internal.StreamGmlWriter2Test","testGeometryPrimitive_32_Curve_MultiLineString"
"","4","testNotEqualSimple","","Wed Jul 08 12:45:16 UTC 2026","passed","Wed Jul 08 12:45:16 UTC 2026","","eu.esdihumboldt.hale.common.filter.ECQLFilterTest","eu.esdihumboldt.hale.common.filter.ECQLFilterTest","testNotEqualSimple"
"","882","testSkipFeatureCollection","","Wed Jul 08 12:55:07 UTC 2026","passed","Wed Jul 08 12:55:08 UTC 2026","","eu.esdihumboldt.hale.io.json.test.JsonInstanceCollectionTest","eu.esdihumboldt.hale.io.json.test.JsonInstanceCollectionTest","testSkipFeatureCollection"
"","9965","testPersonWriteValidate","","Wed Jul 08 12:47:24 UTC 2026","passed","Wed Jul 08 12:47:33 UTC 2026","","eu.esdihumboldt.hale.common.schema.persist.hsd.test.HaleSchemaWriterTest","eu.esdihumboldt.hale.common.schema.persist.hsd.test.HaleSchemaWriterTest","testPersonWriteValidate"
"","9","testTimeEquals","","Wed Jul 08 12:45:15 UTC 2026","passed","Wed Jul 08 12:45:15 UTC 2026","","eu.esdihumboldt.hale.common.filter.CQLFilterTest","eu.esdihumboldt.hale.common.filter.CQLFilterTest","testTimeEquals"
"","0","testDirectFail","","Wed Jul 08 12:52:15 UTC 2026","passed","Wed Jul 08 12:52:15 UTC 2026","","eu.esdihumboldt.hale.io.gml.writer.internal.geometry.writers.PatternTest","eu.esdihumboldt.hale.io.gml.writer.internal.geometry.writers.PatternTest","testDirectFail"
"","1","testGetVersion","","Wed Jul 08 12:44:44 UTC 2026","skipped","Wed Jul 08 12:44:44 UTC 2026","","eu.esdihumboldt.hale.common.core.HalePlatformTest","eu.esdihumboldt.hale.common.core.HalePlatformTest","testGetVersion"
"","4","testByPoints1AllGrid","","Wed Jul 08 12:58:04 UTC 2026","passed","Wed Jul 08 12:58:04 UTC 2026","","eu.esdihumboldt.util.geometry.interpolation.grid.GridInterpolationTest","eu.esdihumboldt.util.geometry.interpolation.grid.GridInterpolationTest","testByPoints1AllGrid"
"","348","testWfsPaginationBasinFeatures","","Wed Jul 08 12:51:53 UTC 2026","passed","Wed Jul 08 12:51:53 UTC 2026","","eu.esdihumboldt.hale.io.gml.reader.internal.StreamGmlReaderTest","eu.esdihumboldt.hale.io.gml.reader.internal.StreamGmlReaderTest","testWfsPaginationBasinFeatures"
"","11","testReadArrayNested","","Wed Jul 08 12:55:09 UTC 2026","passed","Wed Jul 08 12:55:09 UTC 2026","","eu.esdihumboldt.hale.io.json.test.JsonToInstanceTest","eu.esdihumboldt.hale.io.json.test.JsonToInstanceTest","testReadArrayNested"
"","20","testRead_definitive_substitution","","Wed Jul 08 12:57:34 UTC 2026","passed","Wed Jul 08 12:57:34 UTC 2026","","eu.esdihumboldt.hale.io.xsd.reader.XmlSchemaReaderTest","eu.esdihumboldt.hale.io.xsd.reader.XmlSchemaReaderTest","testRead_definitive_substitution"
"","1315","testShapefileInstanceFromNginxUrlWithoutFixFile","","Wed Jul 08 12:56:10 UTC 2026","passed","Wed Jul 08 12:56:11 UTC 2026","","eu.esdihumboldt.hale.io.shp.ShapeInstanceReaderTest","eu.esdihumboldt.hale.io.shp.ShapeInstanceReaderTest","testShapefileInstanceFromNginxUrlWithoutFixFile"
"","4245","testExcludeTypeForHydro","","Wed Jul 08 12:42:40 UTC 2026","passed","Wed Jul 08 12:42:44 UTC 2026","","eu.esdihumboldt.hale.app.transform.test.ExecuteTest","eu.esdihumboldt.hale.app.transform.test.ExecuteTest","testExcludeTypeForHydro"
"","6","testLoopStartArray","","Wed Jul 08 12:58:19 UTC 2026","passed","Wed Jul 08 12:58:19 UTC 2026","","eu.esdihumboldt.util.groovy.json.JsonStreamBuilderTest","eu.esdihumboldt.util.groovy.json.JsonStreamBuilderTest","testLoopStartArray"
"","23","testRead_definitive_groups","","Wed Jul 08 12:57:34 UTC 2026","passed","Wed Jul 08 12:57:34 UTC 2026","","eu.esdihumboldt.hale.io.xsd.reader.XmlSchemaReaderTest","eu.esdihumboldt.hale.io.xsd.reader.XmlSchemaReaderTest","testRead_definitive_groups"
"","150","testFilterSame6","","Wed Jul 08 12:44:11 UTC 2026","passed","Wed Jul 08 12:44:12 UTC 2026","","eu.esdihumboldt.hale.common.align.merge.test.impl.DefaultMergeCellMigratorTest","eu.esdihumboldt.hale.common.align.merge.test.impl.DefaultMergeCellMigratorTest","testFilterSame6"
"","33","testLoopArrayPrettyPrint","","Wed Jul 08 12:58:19 UTC 2026","passed","Wed Jul 08 12:58:19 UTC 2026","","eu.esdihumboldt.util.groovy.json.JsonStreamBuilderTest","eu.esdihumboldt.util.groovy.json.JsonStreamBuilderTest","testLoopArrayPrettyPrint"
"","845","testWfsPaginationPageSizeEqualsTotal","","Wed Jul 08 12:51:52 UTC 2026","passed","Wed Jul 08 12:51:53 UTC 2026","","eu.esdihumboldt.hale.io.gml.reader.internal.StreamGmlReaderTest","eu.esdihumboldt.hale.io.gml.reader.internal.StreamGmlReaderTest","testWfsPaginationPageSizeEqualsTotal"
"","8","testRootArrayObjectNested","","Wed Jul 08 12:58:19 UTC 2026","passed","Wed Jul 08 12:58:20 UTC 2026","","eu.esdihumboldt.util.groovy.json.JsonStreamBuilderTest","eu.esdihumboldt.util.groovy.json.JsonStreamBuilderTest","testRootArrayObjectNested"
"","13","testInstanceNullSchema","","Wed Jul 08 12:45:15 UTC 2026","passed","Wed Jul 08 12:45:15 UTC 2026","","eu.esdihumboldt.hale.common.filter.CQLFilterTest","eu.esdihumboldt.hale.common.filter.CQLFilterTest","testInstanceNullSchema"
"","3806","testGroovyFilterForHydro","","Wed Jul 08 12:42:32 UTC 2026","passed","Wed Jul 08 12:42:36 UTC 2026","","eu.esdihumboldt.hale.app.transform.test.ExecuteTest","eu.esdihumboldt.hale.app.transform.test.ExecuteTest","testGroovyFilterForHydro"
"","42","testWriteMultipleGeometries","","Wed Jul 08 12:56:17 UTC 2026","passed","Wed Jul 08 12:56:17 UTC 2026","","eu.esdihumboldt.hale.io.shp.ShapefileInstanceWriterTest","eu.esdihumboldt.hale.io.shp.ShapefileInstanceWriterTest","testWriteMultipleGeometries"
"","8","testSimpleSingleStrictFail","","Wed Jul 08 12:43:43 UTC 2026","passed","Wed Jul 08 12:43:43 UTC 2026","","eu.esdihumboldt.hale.common.align.groovy.accessor.EntityAccessorTest","eu.esdihumboldt.hale.common.align.groovy.accessor.EntityAccessorTest","testSimpleSingleStrictFail"
"","14","testGString","","Wed Jul 08 12:49:32 UTC 2026","passed","Wed Jul 08 12:49:32 UTC 2026","","eu.esdihumboldt.cst.functions.groovy.helpers.util.CollectorTest","eu.esdihumboldt.cst.functions.groovy.helpers.util.CollectorTest","testGString"
"","17","testReadSchema","","Wed Jul 08 12:51:00 UTC 2026","passed","Wed Jul 08 12:51:00 UTC 2026","","eu.esdihumboldt.hale.io.geopackage.GeopackageSchemaReaderTest","eu.esdihumboldt.hale.io.geopackage.GeopackageSchemaReaderTest","testReadSchema"
"","49","testWriteVersion3","","Wed Jul 08 12:54:47 UTC 2026","passed","Wed Jul 08 12:54:47 UTC 2026","","eu.esdihumboldt.hale.io.jdbc.spatialite.writer.internal.SpatiaLiteInstanceWriterTest","eu.esdihumboldt.hale.io.jdbc.spatialite.writer.internal.SpatiaLiteInstanceWriterTest","testWriteVersion3"
"","2949","testEpsgCrsAxisOrder","","Wed Jul 08 12:45:24 UTC 2026","passed","Wed Jul 08 12:45:27 UTC 2026","","eu.esdihumboldt.hale.common.instance.geometry.CRSDefinitionUtilTest","eu.esdihumboldt.hale.common.instance.geometry.CRSDefinitionUtilTest","testEpsgCrsAxisOrder"
"","0","testQ4","","Wed Jul 08 12:58:04 UTC 2026","passed","Wed Jul 08 12:58:04 UTC 2026","","eu.esdihumboldt.util.geometry.interpolation.grid.GridUtilTest","eu.esdihumboldt.util.geometry.interpolation.grid.GridUtilTest","testQ4"
"","0","testSchemaReader","","Wed Jul 08 12:53:15 UTC 2026","skipped","Wed Jul 08 12:53:15 UTC 2026","","eu.esdihumboldt.hale.io.jdbc.mssql.test.MsSqlDataReaderTest","eu.esdihumboldt.hale.io.jdbc.mssql.test.MsSqlDataReaderTest","testSchemaReader"
"","2","testListAndValue","","Wed Jul 08 12:57:56 UTC 2026","passed","Wed Jul 08 12:57:56 UTC 2026","","eu.esdihumboldt.util.config.ConfigMergerTest","eu.esdihumboldt.util.config.ConfigMergerTest","testListAndValue"
"","72","testWfsResolvedepthResponseStructure","","Wed Jul 08 12:51:55 UTC 2026","passed","Wed Jul 08 12:51:55 UTC 2026","","eu.esdihumboldt.hale.io.gml.reader.internal.StreamGmlReaderTest","eu.esdihumboldt.hale.io.gml.reader.internal.StreamGmlReaderTest","testWfsResolvedepthResponseStructure"
"","9199","testBothWays","","Wed Jul 08 12:57:22 UTC 2026","passed","Wed Jul 08 12:57:31 UTC 2026","","eu.esdihumboldt.hale.io.xsd.anytype.valuetypes.CustomTypeContentAssociationTypeTest","eu.esdihumboldt.hale.io.xsd.anytype.valuetypes.CustomTypeContentAssociationTypeTest","testBothWays"
"","25","testWriteVersion4","","Wed Jul 08 12:54:47 UTC 2026","passed","Wed Jul 08 12:54:47 UTC 2026","","eu.esdihumboldt.hale.io.jdbc.spatialite.writer.internal.SpatiaLiteInstanceWriterTest","eu.esdihumboldt.hale.io.jdbc.spatialite.writer.internal.SpatiaLiteInstanceWriterTest","testWriteVersion4"
"","245","closureStuffDisallowed","","Wed Jul 08 12:58:37 UTC 2026","passed","Wed Jul 08 12:58:37 UTC 2026","","eu.esdihumboldt.util.groovy.sandbox.test.internal.GroovySandboxTest","eu.esdihumboldt.util.groovy.sandbox.test.internal.GroovySandboxTest","closureStuffDisallowed"
"","74","simpleSchemaTestECQL","","Wed Jul 08 12:45:19 UTC 2026","passed","Wed Jul 08 12:45:19 UTC 2026","","eu.esdihumboldt.hale.common.filter.FilterTest","eu.esdihumboldt.hale.common.filter.FilterTest","simpleSchemaTestECQL"
"","0","testLookupAndConsumeMark","","Wed Jul 08 12:44:58 UTC 2026","passed","Wed Jul 08 12:44:58 UTC 2026","","eu.esdihumboldt.hale.common.core.io.supplier.LookupStreamResourceTest","eu.esdihumboldt.hale.common.core.io.supplier.LookupStreamResourceTest","testLookupAndConsumeMark"
"","0","testFootprint3","","Wed Jul 08 12:49:09 UTC 2026","passed","Wed Jul 08 12:49:09 UTC 2026","","eu.esdihumboldt.cst.functions.geometric.test.InteriorPointTest","eu.esdihumboldt.cst.functions.geometric.test.InteriorPointTest","testFootprint3"
"","89","testGmlReferencesMultiPartFill","","Wed Jul 08 12:45:48 UTC 2026","passed","Wed Jul 08 12:45:48 UTC 2026","","eu.esdihumboldt.hale.common.instance.graph.test.ReferenceGraphTest","eu.esdihumboldt.hale.common.instance.graph.test.ReferenceGraphTest","testGmlReferencesMultiPartFill"
"","144","testGroovyWarningCreateTarget","","Wed Jul 08 12:44:15 UTC 2026","passed","Wed Jul 08 12:44:16 UTC 2026","","eu.esdihumboldt.hale.common.align.merge.test.impl.DefaultMergeCellMigratorTest","eu.esdihumboldt.hale.common.align.merge.test.impl.DefaultMergeCellMigratorTest","testGroovyWarningCreateTarget"
"","99","testWriteAttributes","","Wed Jul 08 12:51:00 UTC 2026","passed","Wed Jul 08 12:51:00 UTC 2026","","eu.esdihumboldt.hale.io.geopackage.GeopackageInstanceWriterTest","eu.esdihumboldt.hale.io.geopackage.GeopackageInstanceWriterTest","testWriteAttributes"
"","12","testReadVersion4","","Wed Jul 08 12:54:47 UTC 2026","passed","Wed Jul 08 12:54:47 UTC 2026","","eu.esdihumboldt.hale.io.jdbc.spatialite.reader.internal.SpatiaLiteSchemaReaderTest","eu.esdihumboldt.hale.io.jdbc.spatialite.reader.internal.SpatiaLiteSchemaReaderTest","testReadVersion4"
"","342","testGeometryPrimitive_32_Curve_LineString","","Wed Jul 08 12:52:03 UTC 2026","passed","Wed Jul 08 12:52:03 UTC 2026","","eu.esdihumboldt.hale.io.gml.writer.internal.StreamGmlWriter2Test","eu.esdihumboldt.hale.io.gml.writer.internal.StreamGmlWriter2Test","testGeometryPrimitive_32_Curve_LineString"
"","143","testCMMulti1","","Wed Jul 08 12:48:30 UTC 2026","passed","Wed Jul 08 12:48:30 UTC 2026","","eu.esdihumboldt.cst.internal.ConceptualSchemaTransformerTest","eu.esdihumboldt.cst.internal.ConceptualSchemaTransformerTest","testCMMulti1"
"","4","testSKOSFromRDF1","","Wed Jul 08 12:49:58 UTC 2026","passed","Wed Jul 08 12:49:58 UTC 2026","","eu.esdihumboldt.hale.io.codelist.skos.test.SkosCodeListTest","eu.esdihumboldt.hale.io.codelist.skos.test.SkosCodeListTest","testSKOSFromRDF1"
"","100","testSrs","","Wed Jul 08 12:51:53 UTC 2026","passed","Wed Jul 08 12:51:53 UTC 2026","","eu.esdihumboldt.hale.io.gml.reader.internal.StreamGmlReaderTest","eu.esdihumboldt.hale.io.gml.reader.internal.StreamGmlReaderTest","testSrs"
"","37","testLoadShiporder","","Wed Jul 08 12:51:12 UTC 2026","passed","Wed Jul 08 12:51:12 UTC 2026","","eu.esdihumboldt.hale.io.gml.reader.internal.GmlInstanceCollectionTest","eu.esdihumboldt.hale.io.gml.reader.internal.GmlInstanceCollectionTest","testLoadShiporder"
"","85","testRTreeSpatialIndexCreation","","Wed Jul 08 12:51:00 UTC 2026","passed","Wed Jul 08 12:51:00 UTC 2026","","eu.esdihumboldt.hale.io.geopackage.GeopackageInstanceWriterTest","eu.esdihumboldt.hale.io.geopackage.GeopackageInstanceWriterTest","testRTreeSpatialIndexCreation"
"","93","testCardinalityMove","","Wed Jul 08 12:48:32 UTC 2026","passed","Wed Jul 08 12:48:32 UTC 2026","","eu.esdihumboldt.cst.internal.ConceptualSchemaTransformerTest","eu.esdihumboldt.cst.internal.ConceptualSchemaTransformerTest","testCardinalityMove"
"","3","testSchemaLessInstance","","Wed Jul 08 12:46:03 UTC 2026","passed","Wed Jul 08 12:46:03 UTC 2026","","eu.esdihumboldt.hale.common.instance.groovy.InstanceBuilderTest","eu.esdihumboldt.hale.common.instance.groovy.InstanceBuilderTest","testSchemaLessInstance"
"","6651","testNumbers","","Wed Jul 08 12:52:03 UTC 2026","passed","Wed Jul 08 12:52:10 UTC 2026","","eu.esdihumboldt.hale.io.gml.writer.internal.StreamGmlWriter2Test","eu.esdihumboldt.hale.io.gml.writer.internal.StreamGmlWriter2Test","testNumbers"
"","173","mergeJoinsWithJoin_abstract1","","Wed Jul 08 12:44:17 UTC 2026","passed","Wed Jul 08 12:44:18 UTC 2026","","eu.esdihumboldt.hale.common.align.merge.test.impl.JoinMergeTest","eu.esdihumboldt.hale.common.align.merge.test.impl.JoinMergeTest","mergeJoinsWithJoin_abstract1"
"","14","testReadSingleObject","","Wed Jul 08 12:55:08 UTC 2026","passed","Wed Jul 08 12:55:08 UTC 2026","","eu.esdihumboldt.hale.io.json.test.JsonInstanceCollectionTest","eu.esdihumboldt.hale.io.json.test.JsonInstanceCollectionTest","testReadSingleObject"
"","4573","testDataTypesSql","","Wed Jul 08 12:54:28 UTC 2026","passed","Wed Jul 08 12:54:33 UTC 2026","","eu.esdihumboldt.hale.io.jdbc.postgresql.test.PostDataTypesIT","eu.esdihumboldt.hale.io.jdbc.postgresql.test.PostDataTypesIT","testDataTypesSql"
"","237","testTypeFilter3Present","","Wed Jul 08 12:44:12 UTC 2026","passed","Wed Jul 08 12:44:12 UTC 2026","","eu.esdihumboldt.hale.common.align.merge.test.impl.DefaultMergeCellMigratorTest","eu.esdihumboldt.hale.common.align.merge.test.impl.DefaultMergeCellMigratorTest","testTypeFilter3Present"
"","1","testCircle2","","Wed Jul 08 12:58:04 UTC 2026","passed","Wed Jul 08 12:58:04 UTC 2026","","eu.esdihumboldt.util.geometry.interpolation.model.impl.ArcByCenterPointImplTest","eu.esdihumboldt.util.geometry.interpolation.model.impl.ArcByCenterPointImplTest","testCircle2"
"","0","testSimpleContentAttribute","","Wed Jul 08 12:48:29 UTC 2026","skipped","Wed Jul 08 12:48:29 UTC 2026","","eu.esdihumboldt.cst.internal.ConceptualSchemaTransformerTest","eu.esdihumboldt.cst.internal.ConceptualSchemaTransformerTest","testSimpleContentAttribute"
"","4","testNullList","","Wed Jul 08 12:45:16 UTC 2026","passed","Wed Jul 08 12:45:16 UTC 2026","","eu.esdihumboldt.hale.common.filter.ECQLFilterTest","eu.esdihumboldt.hale.common.filter.ECQLFilterTest","testNullList"
"","3","testInstanceNoValueNullNoSchema","","Wed Jul 08 12:45:16 UTC 2026","passed","Wed Jul 08 12:45:16 UTC 2026","","eu.esdihumboldt.hale.common.filter.ECQLFilterTest","eu.esdihumboldt.hale.common.filter.ECQLFilterTest","testInstanceNoValueNullNoSchema"
"","0","testDefault","","Wed Jul 08 12:47:00 UTC 2026","passed","Wed Jul 08 12:47:00 UTC 2026","","eu.esdihumboldt.hale.common.schema.model.constraint.factory.type.PrimaryKeyFactoryTest","eu.esdihumboldt.hale.common.schema.model.constraint.factory.type.PrimaryKeyFactoryTest","testDefault"
"","27","testValueMap","","Wed Jul 08 12:44:57 UTC 2026","passed","Wed Jul 08 12:44:57 UTC 2026","","eu.esdihumboldt.hale.common.core.io.impl.ValueMapTypeTest","eu.esdihumboldt.hale.common.core.io.impl.ValueMapTypeTest","testValueMap"
"","92","testCMUnion3","","Wed Jul 08 12:48:31 UTC 2026","passed","Wed Jul 08 12:48:31 UTC 2026","","eu.esdihumboldt.cst.internal.ConceptualSchemaTransformerTest","eu.esdihumboldt.cst.internal.ConceptualSchemaTransformerTest","testCMUnion3"
"","4727","testTransformXmlInline","","Wed Jul 08 12:42:18 UTC 2026","passed","Wed Jul 08 12:42:23 UTC 2026","","eu.esdihumboldt.hale.app.transform.test.ExecuteTest","eu.esdihumboldt.hale.app.transform.test.ExecuteTest","testTransformXmlInline"
"","146","testPersonWriteValidate","","Wed Jul 08 12:47:35 UTC 2026","passed","Wed Jul 08 12:47:35 UTC 2026","","eu.esdihumboldt.hale.common.schema.persist.hsd.test.json.HaleSchemaWriterJsonTest","eu.esdihumboldt.hale.common.schema.persist.hsd.test.json.HaleSchemaWriterJsonTest","testPersonWriteValidate"
"","255","testPropertyJoinNonMatchingTypes","","Wed Jul 08 12:48:20 UTC 2026","passed","Wed Jul 08 12:48:20 UTC 2026","","eu.esdihumboldt.cst.internal.ConceptualSchemaTransformerTest","eu.esdihumboldt.cst.internal.ConceptualSchemaTransformerTest","testPropertyJoinNonMatchingTypes"
"","241","testGroovyRetypeCondition","","Wed Jul 08 12:44:17 UTC 2026","passed","Wed Jul 08 12:44:17 UTC 2026","","eu.esdihumboldt.hale.common.align.merge.test.impl.JoinFocusRetainConditionTest","eu.esdihumboldt.hale.common.align.merge.test.impl.JoinFocusRetainConditionTest","testGroovyRetypeCondition"
"","4","testTypeBinding","","Wed Jul 08 12:46:59 UTC 2026","passed","Wed Jul 08 12:46:59 UTC 2026","","eu.esdihumboldt.hale.common.schema.model.constraint.factory.type.ElementTypeFactoryTest","eu.esdihumboldt.hale.common.schema.model.constraint.factory.type.ElementTypeFactoryTest","testTypeBinding"
"","4","testNullNotExistsSchema","","Wed Jul 08 12:45:16 UTC 2026","passed","Wed Jul 08 12:45:16 UTC 2026","","eu.esdihumboldt.hale.common.filter.CQLFilterTest","eu.esdihumboldt.hale.common.filter.CQLFilterTest","testNullNotExistsSchema"
"","134","testPropertyJoin","","Wed Jul 08 12:48:31 UTC 2026","passed","Wed Jul 08 12:48:32 UTC 2026","","eu.esdihumboldt.cst.internal.ConceptualSchemaTransformerTest","eu.esdihumboldt.cst.internal.ConceptualSchemaTransformerTest","testPropertyJoin"
"","0","testNull","","Wed Jul 08 12:46:02 UTC 2026","passed","Wed Jul 08 12:46:02 UTC 2026","","eu.esdihumboldt.hale.common.instance.groovy.InstanceAccessorTest","eu.esdihumboldt.hale.common.instance.groovy.InstanceAccessorTest","testNull"
"","0","testGeometryNormalOnCRS","","Wed Jul 08 12:58:04 UTC 2026","passed","Wed Jul 08 12:58:04 UTC 2026","","eu.esdihumboldt.util.geometry.WindingOrderTest","eu.esdihumboldt.util.geometry.WindingOrderTest","testGeometryNormalOnCRS"
"","94","testCardinalityMerge_2","","Wed Jul 08 12:48:30 UTC 2026","passed","Wed Jul 08 12:48:30 UTC 2026","","eu.esdihumboldt.cst.internal.ConceptualSchemaTransformerTest","eu.esdihumboldt.cst.internal.ConceptualSchemaTransformerTest","testCardinalityMerge_2"
"","3","testStringBetween","","Wed Jul 08 12:45:16 UTC 2026","passed","Wed Jul 08 12:45:16 UTC 2026","","eu.esdihumboldt.hale.common.filter.ECQLFilterTest","eu.esdihumboldt.hale.common.filter.ECQLFilterTest","testStringBetween"
"","604","testNesting","","Wed Jul 08 12:43:43 UTC 2026","passed","Wed Jul 08 12:43:44 UTC 2026","","eu.esdihumboldt.hale.common.align.groovy.accessor.EntityAccessorTest","eu.esdihumboldt.hale.common.align.groovy.accessor.EntityAccessorTest","testNesting"
"","58","testSqlQuery","","Wed Jul 08 12:58:44 UTC 2026","passed","Wed Jul 08 12:58:44 UTC 2026","","eu.esdihumboldt.util.orient.embedded.MemoryDocumentTest","eu.esdihumboldt.util.orient.embedded.MemoryDocumentTest","testSqlQuery"
"","2355","simpleSchemaWriteTest","","Wed Jul 08 12:56:15 UTC 2026","passed","Wed Jul 08 12:56:17 UTC 2026","","eu.esdihumboldt.hale.io.shp.ShapefileInstanceWriterTest","eu.esdihumboldt.hale.io.shp.ShapefileInstanceWriterTest","simpleSchemaWriteTest"
"","248","mergeJoinGroovyRetype","","Wed Jul 08 12:44:16 UTC 2026","passed","Wed Jul 08 12:44:16 UTC 2026","","eu.esdihumboldt.hale.common.align.merge.test.impl.GroovyRetypeMergeTest","eu.esdihumboldt.hale.common.align.merge.test.impl.GroovyRetypeMergeTest","mergeJoinGroovyRetype"
"","4","testNamespaceIndexChildContext","","Wed Jul 08 12:43:43 UTC 2026","passed","Wed Jul 08 12:43:43 UTC 2026","","eu.esdihumboldt.hale.common.align.groovy.accessor.EntityAccessorTest","eu.esdihumboldt.hale.common.align.groovy.accessor.EntityAccessorTest","testNamespaceIndexChildContext"
"","144","testFilterSame2","","Wed Jul 08 12:44:11 UTC 2026","passed","Wed Jul 08 12:44:11 UTC 2026","","eu.esdihumboldt.hale.common.align.merge.test.impl.DefaultMergeCellMigratorTest","eu.esdihumboldt.hale.common.align.merge.test.impl.DefaultMergeCellMigratorTest","testFilterSame2"
"","2","testSerializeCompact","","Wed Jul 08 12:58:19 UTC 2026","passed","Wed Jul 08 12:58:19 UTC 2026","","eu.esdihumboldt.util.groovy.collector.StatsCollectorTest","eu.esdihumboldt.util.groovy.collector.StatsCollectorTest","testSerializeCompact"
"","27","testRead_definitive_annotated","","Wed Jul 08 12:57:34 UTC 2026","passed","Wed Jul 08 12:57:34 UTC 2026","","eu.esdihumboldt.hale.io.xsd.reader.XmlSchemaReaderTest","eu.esdihumboldt.hale.io.xsd.reader.XmlSchemaReaderTest","testRead_definitive_annotated"
"","157","testMultiResult2","","Wed Jul 08 12:48:22 UTC 2026","passed","Wed Jul 08 12:48:22 UTC 2026","","eu.esdihumboldt.cst.internal.ConceptualSchemaTransformerTest","eu.esdihumboldt.cst.internal.ConceptualSchemaTransformerTest","testMultiResult2"
"","53","testWriteRead","","Wed Jul 08 12:58:20 UTC 2026","passed","Wed Jul 08 12:58:20 UTC 2026","","eu.esdihumboldt.util.groovy.xml.NSDOMBuilderTest","eu.esdihumboldt.util.groovy.xml.NSDOMBuilderTest","testWriteRead"
"","1","testSimple","","Wed Jul 08 12:57:56 UTC 2026","passed","Wed Jul 08 12:57:56 UTC 2026","","eu.esdihumboldt.util.config.ConfigMergerTest","eu.esdihumboldt.util.config.ConfigMergerTest","testSimple"
"","0","testBeforeList","","Wed Jul 08 12:45:16 UTC 2026","skipped","Wed Jul 08 12:45:16 UTC 2026","","eu.esdihumboldt.hale.common.filter.ECQLFilterTest","eu.esdihumboldt.hale.common.filter.ECQLFilterTest","testBeforeList"
"","2","testSimple","","Wed Jul 08 12:57:32 UTC 2026","passed","Wed Jul 08 12:57:32 UTC 2026","","eu.esdihumboldt.hale.io.xsd.anytype.valuetypes.CustomTypeContentTypeTest","eu.esdihumboldt.hale.io.xsd.anytype.valuetypes.CustomTypeContentTypeTest","testSimple"
"","8","testInstanceNoValueNullSchema","","Wed Jul 08 12:45:15 UTC 2026","passed","Wed Jul 08 12:45:15 UTC 2026","","eu.esdihumboldt.hale.common.filter.CQLFilterTest","eu.esdihumboldt.hale.common.filter.CQLFilterTest","testInstanceNoValueNullSchema"
"","4","testJsonBuilderSameNameFail2","","Wed Jul 08 12:58:19 UTC 2026","passed","Wed Jul 08 12:58:19 UTC 2026","","eu.esdihumboldt.util.groovy.json.JsonStreamBuilderTest","eu.esdihumboldt.util.groovy.json.JsonStreamBuilderTest","testJsonBuilderSameNameFail2"
"","1","testFormatter[5]","","Wed Jul 08 12:58:00 UTC 2026","passed","Wed Jul 08 12:58:00 UTC 2026","","eu.esdihumboldt.util.geometry.DecimalFormatUtilTest","eu.esdihumboldt.util.geometry.DecimalFormatUtilTest","testFormatter[5]"
"","0","testFileRelative2","","Wed Jul 08 12:57:32 UTC 2026","passed","Wed Jul 08 12:57:32 UTC 2026","","eu.esdihumboldt.hale.io.xsd.reader.HumboldtURIResolverTest","eu.esdihumboldt.hale.io.xsd.reader.HumboldtURIResolverTest","testFileRelative2"
"","4","testGeoContains","","Wed Jul 08 12:45:16 UTC 2026","passed","Wed Jul 08 12:45:16 UTC 2026","","eu.esdihumboldt.hale.common.filter.ECQLFilterTest","eu.esdihumboldt.hale.common.filter.ECQLFilterTest","testGeoContains"
"","511","testWfsPaginationInstanceContent","","Wed Jul 08 12:51:53 UTC 2026","passed","Wed Jul 08 12:51:54 UTC 2026","","eu.esdihumboldt.hale.io.gml.reader.internal.StreamGmlReaderTest","eu.esdihumboldt.hale.io.gml.reader.internal.StreamGmlReaderTest","testWfsPaginationInstanceContent"
"","3","testJsonBuilderConstructor","","Wed Jul 08 12:58:19 UTC 2026","passed","Wed Jul 08 12:58:19 UTC 2026","","eu.esdihumboldt.util.groovy.json.JsonStreamBuilderTest","eu.esdihumboldt.util.groovy.json.JsonStreamBuilderTest","testJsonBuilderConstructor"
"","10577","testFindPropertyIgnoreNamespace","","Wed Jul 08 12:46:47 UTC 2026","passed","Wed Jul 08 12:46:57 UTC 2026","","eu.esdihumboldt.hale.common.schema.helper.DefinitionResolverTest","eu.esdihumboldt.hale.common.schema.helper.DefinitionResolverTest","testFindPropertyIgnoreNamespace"
"","0","testInputLookupAndConsume","","Wed Jul 08 12:44:58 UTC 2026","passed","Wed Jul 08 12:44:58 UTC 2026","","eu.esdihumboldt.hale.common.core.io.supplier.LookupStreamResourceTest","eu.esdihumboldt.hale.common.core.io.supplier.LookupStreamResourceTest","testInputLookupAndConsume"
"","303","testReadForceDefaultType","","Wed Jul 08 12:55:08 UTC 2026","passed","Wed Jul 08 12:55:09 UTC 2026","","eu.esdihumboldt.hale.io.json.test.JsonInstanceReaderTest","eu.esdihumboldt.hale.io.json.test.JsonInstanceReaderTest","testReadForceDefaultType"
"","218","testRef","","Wed Jul 08 12:46:59 UTC 2026","passed","Wed Jul 08 12:46:59 UTC 2026","","eu.esdihumboldt.hale.common.schema.model.constraint.factory.property.ReferenceFactoryTest","eu.esdihumboldt.hale.common.schema.model.constraint.factory.property.ReferenceFactoryTest","testRef"
"","110","testMergeComplexPropKey","","Wed Jul 08 12:48:29 UTC 2026","passed","Wed Jul 08 12:48:29 UTC 2026","","eu.esdihumboldt.cst.internal.ConceptualSchemaTransformerTest","eu.esdihumboldt.cst.internal.ConceptualSchemaTransformerTest","testMergeComplexPropKey"
"","4243","writeRead","","Wed Jul 08 12:54:33 UTC 2026","passed","Wed Jul 08 12:54:37 UTC 2026","","eu.esdihumboldt.hale.io.jdbc.postgresql.test.ReadWriteIT","eu.esdihumboldt.hale.io.jdbc.postgresql.test.ReadWriteIT","writeRead"
"","614","testInspireCodespaceAutoAdd","","Wed Jul 08 12:52:01 UTC 2026","passed","Wed Jul 08 12:52:02 UTC 2026","","eu.esdihumboldt.hale.io.gml.writer.internal.StreamGmlWriter2Test","eu.esdihumboldt.hale.io.gml.writer.internal.StreamGmlWriter2Test","testInspireCodespaceAutoAdd"
"","4","testInstanceNoValueNullNoSchema","","Wed Jul 08 12:45:16 UTC 2026","passed","Wed Jul 08 12:45:16 UTC 2026","","eu.esdihumboldt.hale.common.filter.CQLFilterTest","eu.esdihumboldt.hale.common.filter.CQLFilterTest","testInstanceNoValueNullNoSchema"
"","0","testAschemaReader","","Wed Jul 08 12:53:15 UTC 2026","skipped","Wed Jul 08 12:53:15 UTC 2026","","eu.esdihumboldt.hale.io.jdbc.mssql.test.MsSQLServer14Test","eu.esdihumboldt.hale.io.jdbc.mssql.test.MsSQLServer14Test","testAschemaReader"
"","56","testSchema","","Wed Jul 08 12:46:03 UTC 2026","passed","Wed Jul 08 12:46:03 UTC 2026","","eu.esdihumboldt.hale.common.instance.groovy.InstanceFamilyAccessorTest","eu.esdihumboldt.hale.common.instance.groovy.InstanceFamilyAccessorTest","testSchema"
"","1","testDisabled","","Wed Jul 08 12:47:00 UTC 2026","passed","Wed Jul 08 12:47:00 UTC 2026","","eu.esdihumboldt.hale.common.schema.model.constraint.factory.type.HasValueFlagFactoryTest","eu.esdihumboldt.hale.common.schema.model.constraint.factory.type.HasValueFlagFactoryTest","testDisabled"
"","32","testCallClosure","","Wed Jul 08 12:52:33 UTC 2026","passed","Wed Jul 08 12:52:33 UTC 2026","","eu.esdihumboldt.hale.io.groovy.snippets.GroovySnippetsTest","eu.esdihumboldt.hale.io.groovy.snippets.GroovySnippetsTest","testCallClosure"
"","0","testGeometry_2_Polygon","","Wed Jul 08 12:52:12 UTC 2026","skipped","Wed Jul 08 12:52:12 UTC 2026","","eu.esdihumboldt.hale.io.gml.writer.internal.StreamGmlWriterTest","eu.esdihumboldt.hale.io.gml.writer.internal.StreamGmlWriterTest","testGeometry_2_Polygon"
"","25","testRead","","Wed Jul 08 12:44:57 UTC 2026","passed","Wed Jul 08 12:44:57 UTC 2026","","eu.esdihumboldt.hale.common.core.io.impl.ValueListTypeTest","eu.esdihumboldt.hale.common.core.io.impl.ValueListTypeTest","testRead"
"","4","testStringBetween","","Wed Jul 08 12:45:16 UTC 2026","passed","Wed Jul 08 12:45:16 UTC 2026","","eu.esdihumboldt.hale.common.filter.CQLFilterTest","eu.esdihumboldt.hale.common.filter.CQLFilterTest","testStringBetween"
"","10","testSKOSFromRDF3","","Wed Jul 08 12:49:58 UTC 2026","passed","Wed Jul 08 12:49:58 UTC 2026","","eu.esdihumboldt.hale.io.codelist.skos.test.SkosCodeListTest","eu.esdihumboldt.hale.io.codelist.skos.test.SkosCodeListTest","testSKOSFromRDF3"
"","17","testFormatter[0]","","Wed Jul 08 12:57:59 UTC 2026","passed","Wed Jul 08 12:57:59 UTC 2026","","eu.esdihumboldt.util.geometry.DecimalFormatUtilTest","eu.esdihumboldt.util.geometry.DecimalFormatUtilTest","testFormatter[0]"
"","69","testWriteSimpleSchemaColOrder","","Wed Jul 08 12:50:22 UTC 2026","passed","Wed Jul 08 12:50:22 UTC 2026","","eu.esdihumboldt.hale.io.csv.writer.CSVInstanceWriterTest","eu.esdihumboldt.hale.io.csv.writer.CSVInstanceWriterTest","testWriteSimpleSchemaColOrder"
"","92","testStructuralRename1","","Wed Jul 08 12:48:32 UTC 2026","passed","Wed Jul 08 12:48:32 UTC 2026","","eu.esdihumboldt.cst.internal.ConceptualSchemaTransformerTest","eu.esdihumboldt.cst.internal.ConceptualSchemaTransformerTest","testStructuralRename1"
"","6","testReadInteger","","Wed Jul 08 12:55:09 UTC 2026","passed","Wed Jul 08 12:55:09 UTC 2026","","eu.esdihumboldt.hale.io.json.test.JsonToInstanceTest","eu.esdihumboldt.hale.io.json.test.JsonToInstanceTest","testReadInteger"
"","2","testSuccessSaveConfig","","Wed Jul 08 12:50:27 UTC 2026","skipped","Wed Jul 08 12:50:27 UTC 2026","","eu.esdihumboldt.hale.io.deegree.mapping.MappingWriterTest","eu.esdihumboldt.hale.io.deegree.mapping.MappingWriterTest","testSuccessSaveConfig"
"","6","testExportNullTargetValue","","Wed Jul 08 12:57:17 UTC 2026","passed","Wed Jul 08 12:57:17 UTC 2026","","eu.esdihumboldt.hale.io.xls.test.writer.XLSLookupTableWriterTest","eu.esdihumboldt.hale.io.xls.test.writer.XLSLookupTableWriterTest","testExportNullTargetValue"
