"DESCRIPTION","DURATION IN MS","NAME","PARENT SUITE","START TIME","STATUS","STOP TIME","SUB SUITE","SUITE","TEST CLASS","TEST METHOD"
"","8443","testSerialize","","Wed Jul 08 16:12:56 UTC 2026","passed","Wed Jul 08 16:13:04 UTC 2026","","eu.esdihumboldt.util.groovy.collector.StatsCollectorTest","eu.esdihumboldt.util.groovy.collector.StatsCollectorTest","testSerialize"
"","16","testJsonBuilderTypeSafe","","Wed Jul 08 16:13:05 UTC 2026","passed","Wed Jul 08 16:13:05 UTC 2026","","eu.esdihumboldt.util.groovy.json.JsonStreamBuilderTest","eu.esdihumboldt.util.groovy.json.JsonStreamBuilderTest","testJsonBuilderTypeSafe"
"","1","testFormatter[1]","","Wed Jul 08 16:12:45 UTC 2026","passed","Wed Jul 08 16:12:45 UTC 2026","","eu.esdihumboldt.util.geometry.DecimalFormatUtilTest","eu.esdihumboldt.util.geometry.DecimalFormatUtilTest","testFormatter[1]"
"","4189","testArrayTypes","","Wed Jul 08 16:08:31 UTC 2026","passed","Wed Jul 08 16:08:36 UTC 2026","","eu.esdihumboldt.hale.io.jdbc.postgresql.test.MultiDimensionalArraysIT","eu.esdihumboldt.hale.io.jdbc.postgresql.test.MultiDimensionalArraysIT","testArrayTypes"
"","61","testLoadShiporder","","Wed Jul 08 16:00:03 UTC 2026","passed","Wed Jul 08 16:00:03 UTC 2026","","eu.esdihumboldt.hale.common.instance.helper.PropertyResolverTest","eu.esdihumboldt.hale.common.instance.helper.PropertyResolverTest","testLoadShiporder"
"","4","testNumberBetween","","Wed Jul 08 15:59:48 UTC 2026","passed","Wed Jul 08 15:59:48 UTC 2026","","eu.esdihumboldt.hale.common.filter.CQLFilterTest","eu.esdihumboldt.hale.common.filter.CQLFilterTest","testNumberBetween"
"","102","testClassification1","","Wed Jul 08 16:02:57 UTC 2026","passed","Wed Jul 08 16:02:57 UTC 2026","","eu.esdihumboldt.cst.internal.ConceptualSchemaTransformerTest","eu.esdihumboldt.cst.internal.ConceptualSchemaTransformerTest","testClassification1"
"","1","testTimeEqualsList","","Wed Jul 08 15:59:49 UTC 2026","skipped","Wed Jul 08 15:59:49 UTC 2026","","eu.esdihumboldt.hale.common.filter.ECQLFilterTest","eu.esdihumboldt.hale.common.filter.ECQLFilterTest","testTimeEqualsList"
"","5","testNamespaceIndex","","Wed Jul 08 15:58:19 UTC 2026","passed","Wed Jul 08 15:58:19 UTC 2026","","eu.esdihumboldt.hale.common.align.groovy.accessor.EntityAccessorTest","eu.esdihumboldt.hale.common.align.groovy.accessor.EntityAccessorTest","testNamespaceIndex"
"","466","testReadInstancesXSD","","Wed Jul 08 16:05:23 UTC 2026","passed","Wed Jul 08 16:05:24 UTC 2026","","eu.esdihumboldt.hale.io.geopackage.GeopackageInstanceReaderTest","eu.esdihumboldt.hale.io.geopackage.GeopackageInstanceReaderTest","testReadInstancesXSD"
"","5","testDescriptions","","Wed Jul 08 16:01:50 UTC 2026","passed","Wed Jul 08 16:01:50 UTC 2026","","eu.esdihumboldt.hale.common.schema.groovy.SchemaBuilderTest","eu.esdihumboldt.hale.common.schema.groovy.SchemaBuilderTest","testDescriptions"
"","4","failTest2","","Wed Jul 08 16:04:38 UTC 2026","passed","Wed Jul 08 16:04:38 UTC 2026","","eu.esdihumboldt.hale.io.csv.CSVSchemaReaderTest","eu.esdihumboldt.hale.io.csv.CSVSchemaReaderTest","failTest2"
"","2","testCW3","","Wed Jul 08 16:12:50 UTC 2026","passed","Wed Jul 08 16:12:50 UTC 2026","","eu.esdihumboldt.util.geometry.interpolation.model.impl.ArcByCenterPointImplTest","eu.esdihumboldt.util.geometry.interpolation.model.impl.ArcByCenterPointImplTest","testCW3"
"","322","testGeometryAggregate_32_MultiPoint","","Wed Jul 08 16:06:42 UTC 2026","passed","Wed Jul 08 16:06:42 UTC 2026","","eu.esdihumboldt.hale.io.gml.writer.internal.StreamGmlWriterTest","eu.esdihumboldt.hale.io.gml.writer.internal.StreamGmlWriterTest","testGeometryAggregate_32_MultiPoint"
"","45","testOffsetBig","","Wed Jul 08 16:12:50 UTC 2026","passed","Wed Jul 08 16:12:50 UTC 2026","","eu.esdihumboldt.util.geometry.interpolation.grid.GridInterpolationTest","eu.esdihumboldt.util.geometry.interpolation.grid.GridInterpolationTest","testOffsetBig"
"","15","testEnabled","","Wed Jul 08 16:01:34 UTC 2026","passed","Wed Jul 08 16:01:34 UTC 2026","","eu.esdihumboldt.hale.common.schema.model.constraint.factory.type.AbstractFlagFactoryTest","eu.esdihumboldt.hale.common.schema.model.constraint.factory.type.AbstractFlagFactoryTest","testEnabled"
"","278","mergeJoinsWithJoin_sample_hydro","","Wed Jul 08 15:58:51 UTC 2026","passed","Wed Jul 08 15:58:51 UTC 2026","","eu.esdihumboldt.hale.common.align.merge.test.impl.JoinMergeTest","eu.esdihumboldt.hale.common.align.merge.test.impl.JoinMergeTest","mergeJoinsWithJoin_sample_hydro"
"","5","testPath2","","Wed Jul 08 16:01:35 UTC 2026","passed","Wed Jul 08 16:01:35 UTC 2026","","eu.esdihumboldt.hale.common.schema.model.constraint.factory.type.PrimaryKeyFactoryTest","eu.esdihumboldt.hale.common.schema.model.constraint.factory.type.PrimaryKeyFactoryTest","testPath2"
"","530","testInnerJoinConditions","","Wed Jul 08 16:02:55 UTC 2026","passed","Wed Jul 08 16:02:56 UTC 2026","","eu.esdihumboldt.cst.internal.ConceptualSchemaTransformerTest","eu.esdihumboldt.cst.internal.ConceptualSchemaTransformerTest","testInnerJoinConditions"
"","5","testNotEqualList","","Wed Jul 08 15:59:48 UTC 2026","passed","Wed Jul 08 15:59:48 UTC 2026","","eu.esdihumboldt.hale.common.filter.CQLFilterTest","eu.esdihumboldt.hale.common.filter.CQLFilterTest","testNotEqualList"
"","91","testCardinalityMove","","Wed Jul 08 16:02:59 UTC 2026","passed","Wed Jul 08 16:02:59 UTC 2026","","eu.esdihumboldt.cst.internal.ConceptualSchemaTransformerTest","eu.esdihumboldt.cst.internal.ConceptualSchemaTransformerTest","testCardinalityMove"
"","6","testInstanceValueNullSchema","","Wed Jul 08 15:59:48 UTC 2026","passed","Wed Jul 08 15:59:48 UTC 2026","","eu.esdihumboldt.hale.common.filter.CQLFilterTest","eu.esdihumboldt.hale.common.filter.CQLFilterTest","testInstanceValueNullSchema"
"","0","testQ4","","Wed Jul 08 16:12:50 UTC 2026","passed","Wed Jul 08 16:12:50 UTC 2026","","eu.esdihumboldt.util.geometry.interpolation.grid.GridUtilTest","eu.esdihumboldt.util.geometry.interpolation.grid.GridUtilTest","testQ4"
"","217","testRef","","Wed Jul 08 16:01:34 UTC 2026","passed","Wed Jul 08 16:01:34 UTC 2026","","eu.esdihumboldt.hale.common.schema.model.constraint.factory.property.ReferenceFactoryTest","eu.esdihumboldt.hale.common.schema.model.constraint.factory.property.ReferenceFactoryTest","testRef"
"","0","testGeometry_2_LineString","","Wed Jul 08 16:06:36 UTC 2026","skipped","Wed Jul 08 16:06:36 UTC 2026","","eu.esdihumboldt.hale.io.gml.writer.internal.StreamGmlWriterTest","eu.esdihumboldt.hale.io.gml.writer.internal.StreamGmlWriterTest","testGeometry_2_LineString"
"","27","testAllChildren","","Wed Jul 08 16:00:39 UTC 2026","passed","Wed Jul 08 16:00:39 UTC 2026","","eu.esdihumboldt.hale.common.instance.groovy.InstanceAccessorTest","eu.esdihumboldt.hale.common.instance.groovy.InstanceAccessorTest","testAllChildren"
"","0","testFormatter[12]","","Wed Jul 08 16:12:45 UTC 2026","passed","Wed Jul 08 16:12:45 UTC 2026","","eu.esdihumboldt.util.geometry.DecimalFormatUtilTest","eu.esdihumboldt.util.geometry.DecimalFormatUtilTest","testFormatter[12]"
"","1","testInvalidKey2","","Wed Jul 08 16:12:41 UTC 2026","passed","Wed Jul 08 16:12:41 UTC 2026","","eu.esdihumboldt.util.config.ConfigTest","eu.esdihumboldt.util.config.ConfigTest","testInvalidKey2"
"","163","testPropertyCondition2","","Wed Jul 08 16:02:59 UTC 2026","passed","Wed Jul 08 16:02:59 UTC 2026","","eu.esdihumboldt.cst.internal.ConceptualSchemaTransformerTest","eu.esdihumboldt.cst.internal.ConceptualSchemaTransformerTest","testPropertyCondition2"
"","51","testGeoIntersects","","Wed Jul 08 15:59:48 UTC 2026","passed","Wed Jul 08 15:59:48 UTC 2026","","eu.esdihumboldt.hale.common.filter.CQLFilterTest","eu.esdihumboldt.hale.common.filter.CQLFilterTest","testGeoIntersects"
"","13","testReadNestedGeometry","","Wed Jul 08 16:09:38 UTC 2026","passed","Wed Jul 08 16:09:39 UTC 2026","","eu.esdihumboldt.hale.io.json.test.JsonToInstanceTest","eu.esdihumboldt.hale.io.json.test.JsonToInstanceTest","testReadNestedGeometry"
"","195","testDuplicateRule","","Wed Jul 08 16:09:52 UTC 2026","passed","Wed Jul 08 16:09:53 UTC 2026","","eu.esdihumboldt.hale.io.schematron.SchematronInstanceValidatorTest","eu.esdihumboldt.hale.io.schematron.SchematronInstanceValidatorTest","testDuplicateRule"
"","0","testUnifyCCWSimple","","Wed Jul 08 16:12:49 UTC 2026","passed","Wed Jul 08 16:12:49 UTC 2026","","eu.esdihumboldt.util.geometry.WindingOrderTest","eu.esdihumboldt.util.geometry.WindingOrderTest","testUnifyCCWSimple"
"","7039","testShapefileInstanceFromNginxUrl","","Wed Jul 08 16:10:32 UTC 2026","passed","Wed Jul 08 16:10:39 UTC 2026","","eu.esdihumboldt.hale.io.shp.ShapeInstanceReaderTest","eu.esdihumboldt.hale.io.shp.ShapeInstanceReaderTest","testShapefileInstanceFromNginxUrl"
"","3","testNestedOverride","","Wed Jul 08 16:12:40 UTC 2026","passed","Wed Jul 08 16:12:40 UTC 2026","","eu.esdihumboldt.util.config.ConfigMergerTest","eu.esdihumboldt.util.config.ConfigMergerTest","testNestedOverride"
"","4","testDuring","","Wed Jul 08 15:59:49 UTC 2026","passed","Wed Jul 08 15:59:49 UTC 2026","","eu.esdihumboldt.hale.common.filter.ECQLFilterTest","eu.esdihumboldt.hale.common.filter.ECQLFilterTest","testDuring"
"","59","testWriteDates","","Wed Jul 08 16:10:46 UTC 2026","passed","Wed Jul 08 16:10:47 UTC 2026","","eu.esdihumboldt.hale.io.shp.ShapefileInstanceWriterTest","eu.esdihumboldt.hale.io.shp.ShapefileInstanceWriterTest","testWriteDates"
"","7","testDoubleObject","","Wed Jul 08 16:13:05 UTC 2026","passed","Wed Jul 08 16:13:05 UTC 2026","","eu.esdihumboldt.util.groovy.json.JsonStreamBuilderTest","eu.esdihumboldt.util.groovy.json.JsonStreamBuilderTest","testDoubleObject"
"","10","testStringCompare","","Wed Jul 08 15:59:48 UTC 2026","passed","Wed Jul 08 15:59:48 UTC 2026","","eu.esdihumboldt.hale.common.filter.CQLFilterTest","eu.esdihumboldt.hale.common.filter.CQLFilterTest","testStringCompare"
"","31","testWriteRead","","Wed Jul 08 16:13:06 UTC 2026","passed","Wed Jul 08 16:13:06 UTC 2026","","eu.esdihumboldt.util.groovy.xml.NSDOMBuilderTest","eu.esdihumboldt.util.groovy.xml.NSDOMBuilderTest","testWriteRead"
"","0","testInstanceExistsSchema","","Wed Jul 08 15:59:49 UTC 2026","skipped","Wed Jul 08 15:59:49 UTC 2026","","eu.esdihumboldt.hale.common.filter.CQLFilterTest","eu.esdihumboldt.hale.common.filter.CQLFilterTest","testInstanceExistsSchema"
"","12557","testParentBindung","","Wed Jul 08 16:06:47 UTC 2026","passed","Wed Jul 08 16:06:59 UTC 2026","","eu.esdihumboldt.hale.io.groovy.snippets.GroovySnippetsTest","eu.esdihumboldt.hale.io.groovy.snippets.GroovySnippetsTest","testParentBindung"
"","45","testReadDouble","","Wed Jul 08 16:09:38 UTC 2026","passed","Wed Jul 08 16:09:38 UTC 2026","","eu.esdihumboldt.hale.io.json.test.JsonToInstanceTest","eu.esdihumboldt.hale.io.json.test.JsonToInstanceTest","testReadDouble"
"","20","testEnabled","","Wed Jul 08 16:01:35 UTC 2026","passed","Wed Jul 08 16:01:35 UTC 2026","","eu.esdihumboldt.hale.common.schema.model.constraint.factory.type.MappableFlagFactoryTest","eu.esdihumboldt.hale.common.schema.model.constraint.factory.type.MappableFlagFactoryTest","testEnabled"
"","7","testList","","Wed Jul 08 16:04:00 UTC 2026","passed","Wed Jul 08 16:04:00 UTC 2026","","eu.esdihumboldt.cst.functions.groovy.helpers.util.CollectorTest","eu.esdihumboldt.cst.functions.groovy.helpers.util.CollectorTest","testList"
"","337","testGeometryAggregate_32_LineString","","Wed Jul 08 16:06:38 UTC 2026","passed","Wed Jul 08 16:06:39 UTC 2026","","eu.esdihumboldt.hale.io.gml.writer.internal.StreamGmlWriterTest","eu.esdihumboldt.hale.io.gml.writer.internal.StreamGmlWriterTest","testGeometryAggregate_32_LineString"
"","1286","testShapefileInstanceFromNginxUrlWithoutFixFile","","Wed Jul 08 16:10:41 UTC 2026","passed","Wed Jul 08 16:10:43 UTC 2026","","eu.esdihumboldt.hale.io.shp.ShapeInstanceReaderTest","eu.esdihumboldt.hale.io.shp.ShapeInstanceReaderTest","testShapefileInstanceFromNginxUrlWithoutFixFile"
"","228","testTypeFilter2","","Wed Jul 08 15:58:46 UTC 2026","passed","Wed Jul 08 15:58:46 UTC 2026","","eu.esdihumboldt.hale.common.align.merge.test.impl.DefaultMergeCellMigratorTest","eu.esdihumboldt.hale.common.align.merge.test.impl.DefaultMergeCellMigratorTest","testTypeFilter2"
"","3","testJsonBuilderConstructor","","Wed Jul 08 16:13:05 UTC 2026","passed","Wed Jul 08 16:13:05 UTC 2026","","eu.esdihumboldt.util.groovy.json.JsonStreamBuilderTest","eu.esdihumboldt.util.groovy.json.JsonStreamBuilderTest","testJsonBuilderConstructor"
"","3790","testConnection","","Wed Jul 08 16:08:28 UTC 2026","passed","Wed Jul 08 16:08:31 UTC 2026","","eu.esdihumboldt.hale.io.jdbc.postgresql.test.DatabaseIT","eu.esdihumboldt.hale.io.jdbc.postgresql.test.DatabaseIT","testConnection"
"","13","testSize","","Wed Jul 08 16:00:03 UTC 2026","passed","Wed Jul 08 16:00:03 UTC 2026","","eu.esdihumboldt.hale.common.instance.tools.impl.SimplePartitionerTest","eu.esdihumboldt.hale.common.instance.tools.impl.SimplePartitionerTest","testSize"
"","1","testSame","","Wed Jul 08 15:59:19 UTC 2026","passed","Wed Jul 08 15:59:19 UTC 2026","","eu.esdihumboldt.hale.common.core.io.PathUpdateTest","eu.esdihumboldt.hale.common.core.io.PathUpdateTest","testSame"
"","54","testRunsInHale","","Wed Jul 08 16:07:00 UTC 2026","passed","Wed Jul 08 16:07:01 UTC 2026","","eu.esdihumboldt.hale.io.groovy.snippets.GroovySnippetsTest","eu.esdihumboldt.hale.io.groovy.snippets.GroovySnippetsTest","testRunsInHale"
"","80","testWriteSimpleSchemaWithByteArrayOutputStream","","Wed Jul 08 16:04:50 UTC 2026","passed","Wed Jul 08 16:04:50 UTC 2026","","eu.esdihumboldt.hale.io.csv.writer.CSVInstanceWriterTest","eu.esdihumboldt.hale.io.csv.writer.CSVInstanceWriterTest","testWriteSimpleSchemaWithByteArrayOutputStream"
"","0","testCRSFlipped","","Wed Jul 08 16:12:49 UTC 2026","passed","Wed Jul 08 16:12:49 UTC 2026","","eu.esdihumboldt.util.geometry.WindingOrderTest","eu.esdihumboldt.util.geometry.WindingOrderTest","testCRSFlipped"
"","13","testReadVersion4","","Wed Jul 08 16:09:15 UTC 2026","passed","Wed Jul 08 16:09:15 UTC 2026","","eu.esdihumboldt.hale.io.jdbc.spatialite.reader.internal.SpatiaLiteSchemaReaderTest","eu.esdihumboldt.hale.io.jdbc.spatialite.reader.internal.SpatiaLiteSchemaReaderTest","testReadVersion4"
"","5","testReadSameFileDiffSheet","","Wed Jul 08 16:11:47 UTC 2026","passed","Wed Jul 08 16:11:47 UTC 2026","","eu.esdihumboldt.hale.io.xls.test.reader.XLSReaderTest","eu.esdihumboldt.hale.io.xls.test.reader.XLSReaderTest","testReadSameFileDiffSheet"
"","1","testIterateEmpty","","Wed Jul 08 16:00:03 UTC 2026","passed","Wed Jul 08 16:00:03 UTC 2026","","eu.esdihumboldt.hale.common.instance.tools.impl.SimplePartitionerTest","eu.esdihumboldt.hale.common.instance.tools.impl.SimplePartitionerTest","testIterateEmpty"
"","23","testRead_definitive_choice","","Wed Jul 08 16:12:08 UTC 2026","passed","Wed Jul 08 16:12:08 UTC 2026","","eu.esdihumboldt.hale.io.xsd.reader.XmlSchemaReaderTest","eu.esdihumboldt.hale.io.xsd.reader.XmlSchemaReaderTest","testRead_definitive_choice"
"","228","testNgaSpatialIndexCreation","","Wed Jul 08 16:05:25 UTC 2026","passed","Wed Jul 08 16:05:25 UTC 2026","","eu.esdihumboldt.hale.io.geopackage.GeopackageInstanceWriterTest","eu.esdihumboldt.hale.io.geopackage.GeopackageInstanceWriterTest","testNgaSpatialIndexCreation"
"","6","testComplexStructureFromTheGuardianTypeSafe","","Wed Jul 08 16:13:05 UTC 2026","passed","Wed Jul 08 16:13:05 UTC 2026","","eu.esdihumboldt.util.groovy.json.JsonStreamBuilderTest","eu.esdihumboldt.util.groovy.json.JsonStreamBuilderTest","testComplexStructureFromTheGuardianTypeSafe"
"","1","testDefault","","Wed Jul 08 16:01:34 UTC 2026","passed","Wed Jul 08 16:01:34 UTC 2026","","eu.esdihumboldt.hale.common.schema.model.constraint.factory.property.NillableFlagFactoryTest","eu.esdihumboldt.hale.common.schema.model.constraint.factory.property.NillableFlagFactoryTest","testDefault"
"","26","testRead_shiporder_unqualified","","Wed Jul 08 16:12:09 UTC 2026","passed","Wed Jul 08 16:12:09 UTC 2026","","eu.esdihumboldt.hale.io.xsd.reader.XmlSchemaReaderTest","eu.esdihumboldt.hale.io.xsd.reader.XmlSchemaReaderTest","testRead_shiporder_unqualified"
"","233","testTypeFilter4","","Wed Jul 08 15:58:46 UTC 2026","passed","Wed Jul 08 15:58:46 UTC 2026","","eu.esdihumboldt.hale.common.align.merge.test.impl.DefaultMergeCellMigratorTest","eu.esdihumboldt.hale.common.align.merge.test.impl.DefaultMergeCellMigratorTest","testTypeFilter4"
"","224","testJoinCondition","","Wed Jul 08 15:58:50 UTC 2026","passed","Wed Jul 08 15:58:50 UTC 2026","","eu.esdihumboldt.hale.common.align.merge.test.impl.JoinFocusRetainConditionTest","eu.esdihumboldt.hale.common.align.merge.test.impl.JoinFocusRetainConditionTest","testJoinCondition"
"","14","testConstraints","","Wed Jul 08 16:01:50 UTC 2026","passed","Wed Jul 08 16:01:50 UTC 2026","","eu.esdihumboldt.hale.common.schema.groovy.SchemaBuilderTest","eu.esdihumboldt.hale.common.schema.groovy.SchemaBuilderTest","testConstraints"
"","17","testReadComplexNested","","Wed Jul 08 16:09:38 UTC 2026","passed","Wed Jul 08 16:09:38 UTC 2026","","eu.esdihumboldt.hale.io.json.test.JsonToInstanceTest","eu.esdihumboldt.hale.io.json.test.JsonToInstanceTest","testReadComplexNested"
"","3","testElements","","Wed Jul 08 16:12:06 UTC 2026","passed","Wed Jul 08 16:12:06 UTC 2026","","eu.esdihumboldt.hale.io.xsd.anytype.valuetypes.CustomTypeContentTypeTest","eu.esdihumboldt.hale.io.xsd.anytype.valuetypes.CustomTypeContentTypeTest","testElements"
"","1","testPrimitiveArray2","","Wed Jul 08 16:01:34 UTC 2026","passed","Wed Jul 08 16:01:34 UTC 2026","","eu.esdihumboldt.hale.common.schema.model.constraint.factory.type.BindingFactoryTest","eu.esdihumboldt.hale.common.schema.model.constraint.factory.type.BindingFactoryTest","testPrimitiveArray2"
"","163","testNativeQuery","","Wed Jul 08 16:13:28 UTC 2026","passed","Wed Jul 08 16:13:28 UTC 2026","","eu.esdihumboldt.util.orient.embedded.LocalDocumentTest","eu.esdihumboldt.util.orient.embedded.LocalDocumentTest","testNativeQuery"
"","104","testSchemaCollection","","Wed Jul 08 16:00:39 UTC 2026","passed","Wed Jul 08 16:00:39 UTC 2026","","eu.esdihumboldt.hale.common.instance.groovy.InstanceBuilderTest","eu.esdihumboldt.hale.common.instance.groovy.InstanceBuilderTest","testSchemaCollection"
"","598","testInspireCodespaceAutoAdd","","Wed Jul 08 16:06:27 UTC 2026","passed","Wed Jul 08 16:06:28 UTC 2026","","eu.esdihumboldt.hale.io.gml.writer.internal.StreamGmlWriter2Test","eu.esdihumboldt.hale.io.gml.writer.internal.StreamGmlWriter2Test","testInspireCodespaceAutoAdd"
"","10642","testSimpleAll","","Wed Jul 08 15:58:08 UTC 2026","passed","Wed Jul 08 15:58:19 UTC 2026","","eu.esdihumboldt.hale.common.align.groovy.accessor.EntityAccessorTest","eu.esdihumboldt.hale.common.align.groovy.accessor.EntityAccessorTest","testSimpleAll"
"","0","testGeoCross","","Wed Jul 08 15:59:49 UTC 2026","skipped","Wed Jul 08 15:59:49 UTC 2026","","eu.esdihumboldt.hale.common.filter.ECQLFilterTest","eu.esdihumboldt.hale.common.filter.ECQLFilterTest","testGeoCross"
"","66","testGmlOverflow2","","Wed Jul 08 16:00:23 UTC 2026","passed","Wed Jul 08 16:00:23 UTC 2026","","eu.esdihumboldt.hale.common.instance.graph.test.ReferenceGraphTest","eu.esdihumboldt.hale.common.instance.graph.test.ReferenceGraphTest","testGmlOverflow2"
"","146","testGroovyWarningRetypeTarget","","Wed Jul 08 15:58:47 UTC 2026","passed","Wed Jul 08 15:58:47 UTC 2026","","eu.esdihumboldt.hale.common.align.merge.test.impl.DefaultMergeCellMigratorTest","eu.esdihumboldt.hale.common.align.merge.test.impl.DefaultMergeCellMigratorTest","testGroovyWarningRetypeTarget"
"","106","testWriteMultiSchemasWithOneMissingGeom","","Wed Jul 08 16:10:47 UTC 2026","passed","Wed Jul 08 16:10:47 UTC 2026","","eu.esdihumboldt.hale.io.shp.ShapefileInstanceWriterTest","eu.esdihumboldt.hale.io.shp.ShapefileInstanceWriterTest","testWriteMultiSchemasWithOneMissingGeom"
"","381","testGeometryAggregate_32_MultiPolygon","","Wed Jul 08 16:06:37 UTC 2026","passed","Wed Jul 08 16:06:38 UTC 2026","","eu.esdihumboldt.hale.io.gml.writer.internal.StreamGmlWriterTest","eu.esdihumboldt.hale.io.gml.writer.internal.StreamGmlWriterTest","testGeometryAggregate_32_MultiPolygon"
"","1","testDefault","","Wed Jul 08 16:01:35 UTC 2026","passed","Wed Jul 08 16:01:35 UTC 2026","","eu.esdihumboldt.hale.common.schema.model.constraint.factory.type.SkipValidationFactoryTest","eu.esdihumboldt.hale.common.schema.model.constraint.factory.type.SkipValidationFactoryTest","testDefault"
"","524","testJoin","","Wed Jul 08 16:02:46 UTC 2026","passed","Wed Jul 08 16:02:46 UTC 2026","","eu.esdihumboldt.cst.internal.ConceptualSchemaTransformerTest","eu.esdihumboldt.cst.internal.ConceptualSchemaTransformerTest","testJoin"
"","560","testGeometryPrimitive_32_CompositeCurve_LineString","","Wed Jul 08 16:06:26 UTC 2026","passed","Wed Jul 08 16:06:27 UTC 2026","","eu.esdihumboldt.hale.io.gml.writer.internal.StreamGmlWriter2Test","eu.esdihumboldt.hale.io.gml.writer.internal.StreamGmlWriter2Test","testGeometryPrimitive_32_CompositeCurve_LineString"
"","3","testWith","","Wed Jul 08 16:03:35 UTC 2026","passed","Wed Jul 08 16:03:35 UTC 2026","","eu.esdihumboldt.cst.functions.geometric.test.GeometryHelperFunctionsTest","eu.esdihumboldt.cst.functions.geometric.test.GeometryHelperFunctionsTest","testWith"
"","10823","testBothWays","","Wed Jul 08 16:11:54 UTC 2026","passed","Wed Jul 08 16:12:05 UTC 2026","","eu.esdihumboldt.hale.io.xsd.anytype.valuetypes.CustomTypeContentAssociationTypeTest","eu.esdihumboldt.hale.io.xsd.anytype.valuetypes.CustomTypeContentAssociationTypeTest","testBothWays"
"","4651","testTransformXml","","Wed Jul 08 15:56:42 UTC 2026","passed","Wed Jul 08 15:56:47 UTC 2026","","eu.esdihumboldt.hale.app.transform.test.ExecuteTest","eu.esdihumboldt.hale.app.transform.test.ExecuteTest","testTransformXml"
"","0","testDirectFail","","Wed Jul 08 16:06:42 UTC 2026","passed","Wed Jul 08 16:06:42 UTC 2026","","eu.esdihumboldt.hale.io.gml.writer.internal.geometry.writers.PatternTest","eu.esdihumboldt.hale.io.gml.writer.internal.geometry.writers.PatternTest","testDirectFail"
"","336","testGeometryPrimitive_32_MultiLineString_Curve1","","Wed Jul 08 16:06:37 UTC 2026","passed","Wed Jul 08 16:06:37 UTC 2026","","eu.esdihumboldt.hale.io.gml.writer.internal.StreamGmlWriterTest","eu.esdihumboldt.hale.io.gml.writer.internal.StreamGmlWriterTest","testGeometryPrimitive_32_MultiLineString_Curve1"
"","2","testCircle1","","Wed Jul 08 16:12:50 UTC 2026","passed","Wed Jul 08 16:12:50 UTC 2026","","eu.esdihumboldt.util.geometry.interpolation.model.impl.ArcByCenterPointImplTest","eu.esdihumboldt.util.geometry.interpolation.model.impl.ArcByCenterPointImplTest","testCircle1"
"","69","testWriteDocument","","Wed Jul 08 16:13:28 UTC 2026","passed","Wed Jul 08 16:13:28 UTC 2026","","eu.esdihumboldt.util.orient.embedded.MemoryDocumentTest","eu.esdihumboldt.util.orient.embedded.MemoryDocumentTest","testWriteDocument"
"","1","testDisabled","","Wed Jul 08 16:01:34 UTC 2026","passed","Wed Jul 08 16:01:34 UTC 2026","","eu.esdihumboldt.hale.common.schema.model.constraint.factory.property.ChoiceFlagFactoryTest","eu.esdihumboldt.hale.common.schema.model.constraint.factory.property.ChoiceFlagFactoryTest","testDisabled"
"","131","testExportMultiFeatureToExcel","","Wed Jul 08 16:11:49 UTC 2026","passed","Wed Jul 08 16:11:50 UTC 2026","","eu.esdihumboldt.hale.io.xls.test.writer.XLSInstanceWriterTest","eu.esdihumboldt.hale.io.xls.test.writer.XLSInstanceWriterTest","testExportMultiFeatureToExcel"
"","0","testFindLines","","Wed Jul 08 16:03:35 UTC 2026","passed","Wed Jul 08 16:03:35 UTC 2026","","eu.esdihumboldt.cst.functions.geometric.test.GeometryHelperFunctionsTest","eu.esdihumboldt.cst.functions.geometric.test.GeometryHelperFunctionsTest","testFindLines"
"","5","testNullNotExistsNoSchema","","Wed Jul 08 15:59:48 UTC 2026","passed","Wed Jul 08 15:59:48 UTC 2026","","eu.esdihumboldt.hale.common.filter.CQLFilterTest","eu.esdihumboldt.hale.common.filter.CQLFilterTest","testNullNotExistsNoSchema"
"","50","testReadMultiSheetTypeSkipSettings","","Wed Jul 08 16:11:47 UTC 2026","passed","Wed Jul 08 16:11:47 UTC 2026","","eu.esdihumboldt.hale.io.xls.test.reader.XLSReaderTest","eu.esdihumboldt.hale.io.xls.test.reader.XLSReaderTest","testReadMultiSheetTypeSkipSettings"
"","3114","testArgsFileWOFilterForMultiTypesSource","","Wed Jul 08 15:56:51 UTC 2026","passed","Wed Jul 08 15:56:55 UTC 2026","","eu.esdihumboldt.hale.app.transform.test.ExecuteTest","eu.esdihumboldt.hale.app.transform.test.ExecuteTest","testArgsFileWOFilterForMultiTypesSource"
"","10","testEachCollector","","Wed Jul 08 16:04:00 UTC 2026","passed","Wed Jul 08 16:04:00 UTC 2026","","eu.esdihumboldt.cst.functions.groovy.helpers.util.CollectorTest","eu.esdihumboldt.cst.functions.groovy.helpers.util.CollectorTest","testEachCollector"
"","52","testReadMultiSheetTypeNames","","Wed Jul 08 16:11:47 UTC 2026","passed","Wed Jul 08 16:11:47 UTC 2026","","eu.esdihumboldt.hale.io.xls.test.reader.XLSReaderTest","eu.esdihumboldt.hale.io.xls.test.reader.XLSReaderTest","testReadMultiSheetTypeNames"
"","66","testStructuralRetype1","","Wed Jul 08 16:03:00 UTC 2026","passed","Wed Jul 08 16:03:00 UTC 2026","","eu.esdihumboldt.cst.internal.ConceptualSchemaTransformerTest","eu.esdihumboldt.cst.internal.ConceptualSchemaTransformerTest","testStructuralRetype1"
"","0","testGeometryPrimitive_32_CompositeCurve_MultiLineString","","Wed Jul 08 16:06:30 UTC 2026","skipped","Wed Jul 08 16:06:30 UTC 2026","","eu.esdihumboldt.hale.io.gml.writer.internal.StreamGmlWriter2Test","eu.esdihumboldt.hale.io.gml.writer.internal.StreamGmlWriter2Test","testGeometryPrimitive_32_CompositeCurve_MultiLineString"
"","375","testGeometryPrimitive_32_Curve_LineString","","Wed Jul 08 16:06:29 UTC 2026","passed","Wed Jul 08 16:06:30 UTC 2026","","eu.esdihumboldt.hale.io.gml.writer.internal.StreamGmlWriter2Test","eu.esdihumboldt.hale.io.gml.writer.internal.StreamGmlWriter2Test","testGeometryPrimitive_32_Curve_LineString"
"","69","testGeoBbox","","Wed Jul 08 15:59:48 UTC 2026","passed","Wed Jul 08 15:59:48 UTC 2026","","eu.esdihumboldt.hale.common.filter.CQLFilterTest","eu.esdihumboldt.hale.common.filter.CQLFilterTest","testGeoBbox"
"","18","testArray","","Wed Jul 08 16:01:34 UTC 2026","passed","Wed Jul 08 16:01:34 UTC 2026","","eu.esdihumboldt.hale.common.schema.model.constraint.factory.type.BindingFactoryTest","eu.esdihumboldt.hale.common.schema.model.constraint.factory.type.BindingFactoryTest","testArray"
"","54","testWriteVersion3","","Wed Jul 08 16:09:15 UTC 2026","passed","Wed Jul 08 16:09:16 UTC 2026","","eu.esdihumboldt.hale.io.jdbc.spatialite.writer.internal.SpatiaLiteInstanceWriterTest","eu.esdihumboldt.hale.io.jdbc.spatialite.writer.internal.SpatiaLiteInstanceWriterTest","testWriteVersion3"
"","2","testMixedProperty","","Wed Jul 08 16:09:38 UTC 2026","passed","Wed Jul 08 16:09:38 UTC 2026","","eu.esdihumboldt.hale.io.json.test.JsonSchemaReaderTest","eu.esdihumboldt.hale.io.json.test.JsonSchemaReaderTest","testMixedProperty"
"","46","testLoadChoice2","","Wed Jul 08 16:05:38 UTC 2026","passed","Wed Jul 08 16:05:38 UTC 2026","","eu.esdihumboldt.hale.io.gml.reader.internal.GmlInstanceCollectionTest","eu.esdihumboldt.hale.io.gml.reader.internal.GmlInstanceCollectionTest","testLoadChoice2"
"","1229","testReadNoNames","","Wed Jul 08 16:04:29 UTC 2026","passed","Wed Jul 08 16:04:30 UTC 2026","","eu.esdihumboldt.hale.io.codelist.xml.reader.XmlCodeListTest","eu.esdihumboldt.hale.io.codelist.xml.reader.XmlCodeListTest","testReadNoNames"
"","7","testGetReferencesSimple","","Wed Jul 08 15:59:48 UTC 2026","passed","Wed Jul 08 15:59:48 UTC 2026","","eu.esdihumboldt.hale.common.filter.CQLFilterTest","eu.esdihumboldt.hale.common.filter.CQLFilterTest","testGetReferencesSimple"
"","191","testPropertyJoinIntFloat","","Wed Jul 08 16:02:48 UTC 2026","passed","Wed Jul 08 16:02:48 UTC 2026","","eu.esdihumboldt.cst.internal.ConceptualSchemaTransformerTest","eu.esdihumboldt.cst.internal.ConceptualSchemaTransformerTest","testPropertyJoinIntFloat"
"","45","testNamespaceIndexChildContextType","","Wed Jul 08 15:58:19 UTC 2026","passed","Wed Jul 08 15:58:19 UTC 2026","","eu.esdihumboldt.hale.common.align.groovy.accessor.EntityAccessorTest","eu.esdihumboldt.hale.common.align.groovy.accessor.EntityAccessorTest","testNamespaceIndexChildContextType"
"","0","testPropertiesUnMix","","Wed Jul 08 16:02:44 UTC 2026","skipped","Wed Jul 08 16:02:44 UTC 2026","","eu.esdihumboldt.cst.internal.ConceptualSchemaTransformerTest","eu.esdihumboldt.cst.internal.ConceptualSchemaTransformerTest","testPropertiesUnMix"
"","40","testWriteBigNumbers","","Wed Jul 08 16:10:50 UTC 2026","passed","Wed Jul 08 16:10:50 UTC 2026","","eu.esdihumboldt.hale.io.shp.ShapefileInstanceWriterTest","eu.esdihumboldt.hale.io.shp.ShapefileInstanceWriterTest","testWriteBigNumbers"
"","15498","testGeoJsonSimpleMixed_7_and_14","","Wed Jul 08 16:09:19 UTC 2026","passed","Wed Jul 08 16:09:35 UTC 2026","","eu.esdihumboldt.hale.io.json.test.InstanceToJsonTest","eu.esdihumboldt.hale.io.json.test.InstanceToJsonTest","testGeoJsonSimpleMixed_7_and_14"
"","134","testSrs","","Wed Jul 08 16:06:19 UTC 2026","passed","Wed Jul 08 16:06:20 UTC 2026","","eu.esdihumboldt.hale.io.gml.reader.internal.StreamGmlReaderTest","eu.esdihumboldt.hale.io.gml.reader.internal.StreamGmlReaderTest","testSrs"
"","8","testEqualityListNoSchema","","Wed Jul 08 15:59:48 UTC 2026","passed","Wed Jul 08 15:59:48 UTC 2026","","eu.esdihumboldt.hale.common.filter.CQLFilterTest","eu.esdihumboldt.hale.common.filter.CQLFilterTest","testEqualityListNoSchema"
"","1","testDefault","","Wed Jul 08 16:01:34 UTC 2026","passed","Wed Jul 08 16:01:34 UTC 2026","","eu.esdihumboldt.hale.common.schema.model.constraint.factory.property.UniqueConstraintFactoryTest","eu.esdihumboldt.hale.common.schema.model.constraint.factory.property.UniqueConstraintFactoryTest","testDefault"
"","0","testJarURI","","Wed Jul 08 16:12:06 UTC 2026","passed","Wed Jul 08 16:12:06 UTC 2026","","eu.esdihumboldt.hale.io.xsd.reader.HumboldtURIResolverTest","eu.esdihumboldt.hale.io.xsd.reader.HumboldtURIResolverTest","testJarURI"
"","427","testReadXsdInstancesResultPrefix2","","Wed Jul 08 16:10:41 UTC 2026","passed","Wed Jul 08 16:10:41 UTC 2026","","eu.esdihumboldt.hale.io.shp.ShapeInstanceReaderTest","eu.esdihumboldt.hale.io.shp.ShapeInstanceReaderTest","testReadXsdInstancesResultPrefix2"
"","7","testPointGeometry","","Wed Jul 08 16:09:38 UTC 2026","passed","Wed Jul 08 16:09:38 UTC 2026","","eu.esdihumboldt.hale.io.json.test.JsonSchemaReaderTest","eu.esdihumboldt.hale.io.json.test.JsonSchemaReaderTest","testPointGeometry"
"","2","testNested","","Wed Jul 08 16:12:41 UTC 2026","passed","Wed Jul 08 16:12:41 UTC 2026","","eu.esdihumboldt.util.config.ConfigMergerTest","eu.esdihumboldt.util.config.ConfigMergerTest","testNested"
"","3","testJsonBuilderSameNameFail2","","Wed Jul 08 16:13:05 UTC 2026","passed","Wed Jul 08 16:13:05 UTC 2026","","eu.esdihumboldt.util.groovy.json.JsonStreamBuilderTest","eu.esdihumboldt.util.groovy.json.JsonStreamBuilderTest","testJsonBuilderSameNameFail2"
"","7","testLoadWFS11Capabilities","","Wed Jul 08 16:11:26 UTC 2026","passed","Wed Jul 08 16:11:26 UTC 2026","","eu.esdihumboldt.hale.io.wfs.test.capabilities.CapabilitiesHelperTest","eu.esdihumboldt.hale.io.wfs.test.capabilities.CapabilitiesHelperTest","testLoadWFS11Capabilities"
"","93","testWriteComplexSchema","","Wed Jul 08 16:04:50 UTC 2026","passed","Wed Jul 08 16:04:50 UTC 2026","","eu.esdihumboldt.hale.io.csv.writer.CSVInstanceWriterTest","eu.esdihumboldt.hale.io.csv.writer.CSVInstanceWriterTest","testWriteComplexSchema"
"","3","testEmptyObject","","Wed Jul 08 16:13:05 UTC 2026","passed","Wed Jul 08 16:13:05 UTC 2026","","eu.esdihumboldt.util.groovy.json.JsonStreamBuilderTest","eu.esdihumboldt.util.groovy.json.JsonStreamBuilderTest","testEmptyObject"
"","5","testByPoints2AllGrid","","Wed Jul 08 16:12:50 UTC 2026","passed","Wed Jul 08 16:12:50 UTC 2026","","eu.esdihumboldt.util.geometry.interpolation.grid.GridInterpolationTest","eu.esdihumboldt.util.geometry.interpolation.grid.GridInterpolationTest","testByPoints2AllGrid"
"","352","testGeometryPrimitive_32_LineString","","Wed Jul 08 16:06:40 UTC 2026","passed","Wed Jul 08 16:06:40 UTC 2026","","eu.esdihumboldt.hale.io.gml.writer.internal.StreamGmlWriterTest","eu.esdihumboldt.hale.io.gml.writer.internal.StreamGmlWriterTest","testGeometryPrimitive_32_LineString"
"","0","testOrderClockwise","","Wed Jul 08 16:12:49 UTC 2026","passed","Wed Jul 08 16:12:49 UTC 2026","","eu.esdihumboldt.util.geometry.WindingOrderTest","eu.esdihumboldt.util.geometry.WindingOrderTest","testOrderClockwise"
"","0","testHttpAbsoluteOtherHttp","","Wed Jul 08 16:12:06 UTC 2026","passed","Wed Jul 08 16:12:06 UTC 2026","","eu.esdihumboldt.hale.io.xsd.reader.HumboldtURIResolverTest","eu.esdihumboldt.hale.io.xsd.reader.HumboldtURIResolverTest","testHttpAbsoluteOtherHttp"
"","209","testArray","","Wed Jul 08 16:09:38 UTC 2026","passed","Wed Jul 08 16:09:38 UTC 2026","","eu.esdihumboldt.hale.io.json.test.JsonSchemaReaderTest","eu.esdihumboldt.hale.io.json.test.JsonSchemaReaderTest","testArray"
"","7","testRootArrayObjectNested","","Wed Jul 08 16:13:05 UTC 2026","passed","Wed Jul 08 16:13:05 UTC 2026","","eu.esdihumboldt.util.groovy.json.JsonStreamBuilderTest","eu.esdihumboldt.util.groovy.json.JsonStreamBuilderTest","testRootArrayObjectNested"
"","1","testSplitMulti_Mixed","","Wed Jul 08 16:03:35 UTC 2026","passed","Wed Jul 08 16:03:35 UTC 2026","","eu.esdihumboldt.cst.functions.geometric.test.GeometryHelperFunctionsTest","eu.esdihumboldt.cst.functions.geometric.test.GeometryHelperFunctionsTest","testSplitMulti_Mixed"
"","18","testInvalidKey1","","Wed Jul 08 16:12:41 UTC 2026","passed","Wed Jul 08 16:12:41 UTC 2026","","eu.esdihumboldt.util.config.ConfigTest","eu.esdihumboldt.util.config.ConfigTest","testInvalidKey1"
"","7","testNestedArrayPrettyPrint","","Wed Jul 08 16:13:05 UTC 2026","passed","Wed Jul 08 16:13:05 UTC 2026","","eu.esdihumboldt.util.groovy.json.JsonStreamBuilderTest","eu.esdihumboldt.util.groovy.json.JsonStreamBuilderTest","testNestedArrayPrettyPrint"
"","15","testEnabled","","Wed Jul 08 16:01:34 UTC 2026","passed","Wed Jul 08 16:01:34 UTC 2026","","eu.esdihumboldt.hale.common.schema.model.constraint.factory.type.AugmentedValueFlagFactoryTest","eu.esdihumboldt.hale.common.schema.model.constraint.factory.type.AugmentedValueFlagFactoryTest","testEnabled"
"","3","testNullNotExistsNoSchema","","Wed Jul 08 15:59:49 UTC 2026","passed","Wed Jul 08 15:59:49 UTC 2026","","eu.esdihumboldt.hale.common.filter.ECQLFilterTest","eu.esdihumboldt.hale.common.filter.ECQLFilterTest","testNullNotExistsNoSchema"
"","36","notAllowedClassesDisallowed","","Wed Jul 08 16:13:21 UTC 2026","passed","Wed Jul 08 16:13:21 UTC 2026","","eu.esdihumboldt.util.groovy.sandbox.test.internal.GroovySandboxTest","eu.esdihumboldt.util.groovy.sandbox.test.internal.GroovySandboxTest","notAllowedClassesDisallowed"
"","19","testReadSimple","","Wed Jul 08 16:11:47 UTC 2026","passed","Wed Jul 08 16:11:47 UTC 2026","","eu.esdihumboldt.hale.io.xls.test.reader.XLSReaderTest","eu.esdihumboldt.hale.io.xls.test.reader.XLSReaderTest","testReadSimple"
"","2","testNoRef","","Wed Jul 08 16:01:34 UTC 2026","passed","Wed Jul 08 16:01:34 UTC 2026","","eu.esdihumboldt.hale.common.schema.model.constraint.factory.property.ReferenceFactoryTest","eu.esdihumboldt.hale.common.schema.model.constraint.factory.property.ReferenceFactoryTest","testNoRef"
"","56","testLoadWVAIgnoreNamespace","","Wed Jul 08 16:05:38 UTC 2026","passed","Wed Jul 08 16:05:38 UTC 2026","","eu.esdihumboldt.hale.io.gml.reader.internal.GmlInstanceCollectionTest","eu.esdihumboldt.hale.io.gml.reader.internal.GmlInstanceCollectionTest","testLoadWVAIgnoreNamespace"
"","415","testBadEnvelope","","Wed Jul 08 16:12:51 UTC 2026","passed","Wed Jul 08 16:12:51 UTC 2026","","eu.esdihumboldt.util.geometry.quadtree.QuadtreeTest","eu.esdihumboldt.util.geometry.quadtree.QuadtreeTest","testBadEnvelope"
"","2","testValueListValueListJsonGroovy","","Wed Jul 08 15:59:31 UTC 2026","passed","Wed Jul 08 15:59:31 UTC 2026","","eu.esdihumboldt.hale.common.core.io.impl.ValueListTypeTest","eu.esdihumboldt.hale.common.core.io.impl.ValueListTypeTest","testValueListValueListJsonGroovy"
"","4","testEqualityListNoSchema","","Wed Jul 08 15:59:49 UTC 2026","passed","Wed Jul 08 15:59:49 UTC 2026","","eu.esdihumboldt.hale.common.filter.ECQLFilterTest","eu.esdihumboldt.hale.common.filter.ECQLFilterTest","testEqualityListNoSchema"
"","158","testGeometryPrimitive_32_MultiLineString","","Wed Jul 08 16:06:41 UTC 2026","passed","Wed Jul 08 16:06:41 UTC 2026","","eu.esdihumboldt.hale.io.gml.writer.internal.StreamGmlWriterTest","eu.esdihumboldt.hale.io.gml.writer.internal.StreamGmlWriterTest","testGeometryPrimitive_32_MultiLineString"
"","59","simpleSchemaTestECQL","","Wed Jul 08 15:59:52 UTC 2026","passed","Wed Jul 08 15:59:52 UTC 2026","","eu.esdihumboldt.hale.common.filter.FilterTest","eu.esdihumboldt.hale.common.filter.FilterTest","simpleSchemaTestECQL"
"","6","testHalfCircle","","Wed Jul 08 16:12:49 UTC 2026","passed","Wed Jul 08 16:12:50 UTC 2026","","eu.esdihumboldt.util.geometry.interpolation.grid.GridInterpolationTest","eu.esdihumboldt.util.geometry.interpolation.grid.GridInterpolationTest","testHalfCircle"
"","375","testReadXsdInstancesTypenameWithoutNamespace","","Wed Jul 08 16:10:44 UTC 2026","passed","Wed Jul 08 16:10:44 UTC 2026","","eu.esdihumboldt.hale.io.shp.ShapeInstanceReaderTest","eu.esdihumboldt.hale.io.shp.ShapeInstanceReaderTest","testReadXsdInstancesTypenameWithoutNamespace"
"","7","testReadLineString","","Wed Jul 08 16:09:38 UTC 2026","passed","Wed Jul 08 16:09:38 UTC 2026","","eu.esdihumboldt.hale.io.json.test.JsonToInstanceTest","eu.esdihumboldt.hale.io.json.test.JsonToInstanceTest","testReadLineString"
"","0","testUnifyHoles","","Wed Jul 08 16:12:49 UTC 2026","passed","Wed Jul 08 16:12:49 UTC 2026","","eu.esdihumboldt.util.geometry.WindingOrderTest","eu.esdihumboldt.util.geometry.WindingOrderTest","testUnifyHoles"
"","33742","testReferenceWriting","","Wed Jul 08 16:07:49 UTC 2026","passed","Wed Jul 08 16:08:23 UTC 2026","","eu.esdihumboldt.hale.io.jdbc.postgresql.test.AutoGenKeyReferenceIT","eu.esdihumboldt.hale.io.jdbc.postgresql.test.AutoGenKeyReferenceIT","testReferenceWriting"
"","1086","simpleSchemaTestCQL","","Wed Jul 08 15:59:51 UTC 2026","passed","Wed Jul 08 15:59:52 UTC 2026","","eu.esdihumboldt.hale.common.filter.FilterTest","eu.esdihumboldt.hale.common.filter.FilterTest","simpleSchemaTestCQL"
"","26","testRead_shiporder_types","","Wed Jul 08 16:12:09 UTC 2026","passed","Wed Jul 08 16:12:09 UTC 2026","","eu.esdihumboldt.hale.io.xsd.reader.XmlSchemaReaderTest","eu.esdihumboldt.hale.io.xsd.reader.XmlSchemaReaderTest","testRead_shiporder_types"
"","30","testValueListValueList","","Wed Jul 08 15:59:31 UTC 2026","passed","Wed Jul 08 15:59:31 UTC 2026","","eu.esdihumboldt.hale.common.core.io.impl.ValueListTypeTest","eu.esdihumboldt.hale.common.core.io.impl.ValueListTypeTest","testValueListValueList"
"","106","testReadGeoJsonArray","","Wed Jul 08 16:09:37 UTC 2026","passed","Wed Jul 08 16:09:37 UTC 2026","","eu.esdihumboldt.hale.io.json.test.JsonInstanceCollectionTest","eu.esdihumboldt.hale.io.json.test.JsonInstanceCollectionTest","testReadGeoJsonArray"
"","10","testUnifyCCWWithHoles","","Wed Jul 08 16:12:49 UTC 2026","passed","Wed Jul 08 16:12:49 UTC 2026","","eu.esdihumboldt.util.geometry.WindingOrderTest","eu.esdihumboldt.util.geometry.WindingOrderTest","testUnifyCCWWithHoles"
"","416","testSchema","","Wed Jul 08 16:00:39 UTC 2026","passed","Wed Jul 08 16:00:39 UTC 2026","","eu.esdihumboldt.hale.common.instance.groovy.InstanceAccessorTest","eu.esdihumboldt.hale.common.instance.groovy.InstanceAccessorTest","testSchema"
"","1","testDefault","","Wed Jul 08 16:01:34 UTC 2026","passed","Wed Jul 08 16:01:34 UTC 2026","","eu.esdihumboldt.hale.common.schema.model.constraint.factory.type.AbstractFlagFactoryTest","eu.esdihumboldt.hale.common.schema.model.constraint.factory.type.AbstractFlagFactoryTest","testDefault"
"","690","testInvalidMaxNodes","","Wed Jul 08 16:12:50 UTC 2026","passed","Wed Jul 08 16:12:51 UTC 2026","","eu.esdihumboldt.util.geometry.quadtree.QuadtreeTest","eu.esdihumboldt.util.geometry.quadtree.QuadtreeTest","testInvalidMaxNodes"
"","30","testGmlNoId","","Wed Jul 08 16:00:23 UTC 2026","passed","Wed Jul 08 16:00:23 UTC 2026","","eu.esdihumboldt.hale.common.instance.graph.test.ReferenceGraphTest","eu.esdihumboldt.hale.common.instance.graph.test.ReferenceGraphTest","testGmlNoId"
"","11","test90Deegrees","","Wed Jul 08 16:12:50 UTC 2026","passed","Wed Jul 08 16:12:50 UTC 2026","","eu.esdihumboldt.util.geometry.interpolation.grid.GridInterpolationTest","eu.esdihumboldt.util.geometry.interpolation.grid.GridInterpolationTest","test90Deegrees"
"","1238","testToFrom","","Wed Jul 08 16:03:36 UTC 2026","passed","Wed Jul 08 16:03:37 UTC 2026","","eu.esdihumboldt.cst.functions.geometric.test.join.SpatialJoinParameterTest","eu.esdihumboldt.cst.functions.geometric.test.join.SpatialJoinParameterTest","testToFrom"
"","9","testWriteReadTypeSafe","","Wed Jul 08 16:13:06 UTC 2026","passed","Wed Jul 08 16:13:06 UTC 2026","","eu.esdihumboldt.util.groovy.xml.NSDOMBuilderTest","eu.esdihumboldt.util.groovy.xml.NSDOMBuilderTest","testWriteReadTypeSafe"
"","51","testReadMultiSheetTypeSettingsNamed","","Wed Jul 08 16:11:47 UTC 2026","passed","Wed Jul 08 16:11:47 UTC 2026","","eu.esdihumboldt.hale.io.xls.test.reader.XLSReaderTest","eu.esdihumboldt.hale.io.xls.test.reader.XLSReaderTest","testReadMultiSheetTypeSettingsNamed"
"","0","testOrder","","Wed Jul 08 16:12:12 UTC 2026","passed","Wed Jul 08 16:12:12 UTC 2026","","eu.esdihumboldt.util.DependencyOrderedListTest","eu.esdihumboldt.util.DependencyOrderedListTest","testOrder"
"","14","testReadNestedGeometryGeoJson","","Wed Jul 08 16:09:38 UTC 2026","passed","Wed Jul 08 16:09:38 UTC 2026","","eu.esdihumboldt.hale.io.json.test.JsonToInstanceTest","eu.esdihumboldt.hale.io.json.test.JsonToInstanceTest","testReadNestedGeometryGeoJson"
"","8","testGeoBboxList","","Wed Jul 08 15:59:48 UTC 2026","passed","Wed Jul 08 15:59:48 UTC 2026","","eu.esdihumboldt.hale.common.filter.CQLFilterTest","eu.esdihumboldt.hale.common.filter.CQLFilterTest","testGeoBboxList"
"","0","testGeometry_2_MultiLineString","","Wed Jul 08 16:06:36 UTC 2026","skipped","Wed Jul 08 16:06:36 UTC 2026","","eu.esdihumboldt.hale.io.gml.writer.internal.StreamGmlWriterTest","eu.esdihumboldt.hale.io.gml.writer.internal.StreamGmlWriterTest","testGeometry_2_MultiLineString"
"","5","testHalfCircleAllGrid","","Wed Jul 08 16:12:50 UTC 2026","passed","Wed Jul 08 16:12:50 UTC 2026","","eu.esdihumboldt.util.geometry.interpolation.grid.GridInterpolationTest","eu.esdihumboldt.util.geometry.interpolation.grid.GridInterpolationTest","testHalfCircleAllGrid"
"","160","testWriteDocument","","Wed Jul 08 16:13:28 UTC 2026","passed","Wed Jul 08 16:13:28 UTC 2026","","eu.esdihumboldt.util.orient.embedded.LocalDocumentTest","eu.esdihumboldt.util.orient.embedded.LocalDocumentTest","testWriteDocument"
"","4","testNullProperties","","Wed Jul 08 16:00:39 UTC 2026","passed","Wed Jul 08 16:00:39 UTC 2026","","eu.esdihumboldt.hale.common.instance.groovy.InstanceAccessorTest","eu.esdihumboldt.hale.common.instance.groovy.InstanceAccessorTest","testNullProperties"
"","1699","testConvertJson2PB","","Wed Jul 08 16:09:42 UTC 2026","passed","Wed Jul 08 16:09:44 UTC 2026","","eu.esdihumboldt.hale.io.pb.test.ProtocolBufferInstanceWriterTest","eu.esdihumboldt.hale.io.pb.test.ProtocolBufferInstanceWriterTest","testConvertJson2PB"
"","0","testGeometry_2_MultiPolygon","","Wed Jul 08 16:06:40 UTC 2026","skipped","Wed Jul 08 16:06:40 UTC 2026","","eu.esdihumboldt.hale.io.gml.writer.internal.StreamGmlWriterTest","eu.esdihumboldt.hale.io.gml.writer.internal.StreamGmlWriterTest","testGeometry_2_MultiPolygon"
"","4","testBefore","","Wed Jul 08 15:59:49 UTC 2026","passed","Wed Jul 08 15:59:49 UTC 2026","","eu.esdihumboldt.hale.common.filter.ECQLFilterTest","eu.esdihumboldt.hale.common.filter.ECQLFilterTest","testBefore"
"","2","testCCW","","Wed Jul 08 16:12:50 UTC 2026","passed","Wed Jul 08 16:12:50 UTC 2026","","eu.esdihumboldt.util.geometry.interpolation.model.impl.ArcByPointsImplTest","eu.esdihumboldt.util.geometry.interpolation.model.impl.ArcByPointsImplTest","testCCW"
"","0","testGeoIntersect","","Wed Jul 08 15:59:49 UTC 2026","skipped","Wed Jul 08 15:59:49 UTC 2026","","eu.esdihumboldt.hale.common.filter.ECQLFilterTest","eu.esdihumboldt.hale.common.filter.ECQLFilterTest","testGeoIntersect"
"","2557","testFromCode","","Wed Jul 08 16:03:33 UTC 2026","passed","Wed Jul 08 16:03:35 UTC 2026","","eu.esdihumboldt.cst.functions.geometric.test.CRSHelperFunctionsTest","eu.esdihumboldt.cst.functions.geometric.test.CRSHelperFunctionsTest","testFromCode"
"","1","testDefault","","Wed Jul 08 16:01:34 UTC 2026","passed","Wed Jul 08 16:01:34 UTC 2026","","eu.esdihumboldt.hale.common.schema.model.constraint.factory.type.AugmentedValueFlagFactoryTest","eu.esdihumboldt.hale.common.schema.model.constraint.factory.type.AugmentedValueFlagFactoryTest","testDefault"
"","2","testNestedKey","","Wed Jul 08 16:12:41 UTC 2026","passed","Wed Jul 08 16:12:41 UTC 2026","","eu.esdihumboldt.util.config.ConfigTest","eu.esdihumboldt.util.config.ConfigTest","testNestedKey"
"","147","testFilterSame6","","Wed Jul 08 15:58:45 UTC 2026","passed","Wed Jul 08 15:58:45 UTC 2026","","eu.esdihumboldt.hale.common.align.merge.test.impl.DefaultMergeCellMigratorTest","eu.esdihumboldt.hale.common.align.merge.test.impl.DefaultMergeCellMigratorTest","testFilterSame6"
"","48","testGeom","","Wed Jul 08 16:01:34 UTC 2026","passed","Wed Jul 08 16:01:35 UTC 2026","","eu.esdihumboldt.hale.common.schema.model.constraint.factory.type.GeometryTypeFactoryTest","eu.esdihumboldt.hale.common.schema.model.constraint.factory.type.GeometryTypeFactoryTest","testGeom"
"","3","testStandardBuilderStyle","","Wed Jul 08 16:13:05 UTC 2026","passed","Wed Jul 08 16:13:05 UTC 2026","","eu.esdihumboldt.util.groovy.json.JsonStreamBuilderTest","eu.esdihumboldt.util.groovy.json.JsonStreamBuilderTest","testStandardBuilderStyle"
"","23","testFindPropertyCached","","Wed Jul 08 16:01:33 UTC 2026","passed","Wed Jul 08 16:01:33 UTC 2026","","eu.esdihumboldt.hale.common.schema.helper.DefinitionResolverTest","eu.esdihumboldt.hale.common.schema.helper.DefinitionResolverTest","testFindPropertyCached"
"","3563","testGroovyFilterForHydro","","Wed Jul 08 15:57:09 UTC 2026","passed","Wed Jul 08 15:57:12 UTC 2026","","eu.esdihumboldt.hale.app.transform.test.ExecuteTest","eu.esdihumboldt.hale.app.transform.test.ExecuteTest","testGroovyFilterForHydro"
"","2","testExportNullTargetValue","","Wed Jul 08 16:04:50 UTC 2026","passed","Wed Jul 08 16:04:50 UTC 2026","","eu.esdihumboldt.hale.io.csv.writer.CSVLookupWriterTest","eu.esdihumboldt.hale.io.csv.writer.CSVLookupWriterTest","testExportNullTargetValue"
"","0","testProjectSubfolder","","Wed Jul 08 15:59:19 UTC 2026","passed","Wed Jul 08 15:59:19 UTC 2026","","eu.esdihumboldt.hale.common.core.io.PathUpdateTest","eu.esdihumboldt.hale.common.core.io.PathUpdateTest","testProjectSubfolder"
"","3","testReadSimpleWithDate","","Wed Jul 08 16:04:38 UTC 2026","passed","Wed Jul 08 16:04:38 UTC 2026","","eu.esdihumboldt.hale.io.csv.CSVInstanceReaderTest","eu.esdihumboldt.hale.io.csv.CSVInstanceReaderTest","testReadSimpleWithDate"
"","23","testJsonSimple","","Wed Jul 08 16:09:36 UTC 2026","passed","Wed Jul 08 16:09:36 UTC 2026","","eu.esdihumboldt.hale.io.json.test.InstanceToJsonTest","eu.esdihumboldt.hale.io.json.test.InstanceToJsonTest","testJsonSimple"
"","0","testHttpAbsoluteOtherJar","","Wed Jul 08 16:12:06 UTC 2026","passed","Wed Jul 08 16:12:06 UTC 2026","","eu.esdihumboldt.hale.io.xsd.reader.HumboldtURIResolverTest","eu.esdihumboldt.hale.io.xsd.reader.HumboldtURIResolverTest","testHttpAbsoluteOtherJar"
"","43","testSKOSFromRDF2","","Wed Jul 08 16:04:25 UTC 2026","passed","Wed Jul 08 16:04:25 UTC 2026","","eu.esdihumboldt.hale.io.codelist.skos.test.SkosCodeListTest","eu.esdihumboldt.hale.io.codelist.skos.test.SkosCodeListTest","testSKOSFromRDF2"
"","241","testTypeFilter5Present","","Wed Jul 08 15:58:49 UTC 2026","passed","Wed Jul 08 15:58:49 UTC 2026","","eu.esdihumboldt.hale.common.align.merge.test.impl.DefaultMergeCellMigratorTest","eu.esdihumboldt.hale.common.align.merge.test.impl.DefaultMergeCellMigratorTest","testTypeFilter5Present"
"","1","testCircle2","","Wed Jul 08 16:12:50 UTC 2026","passed","Wed Jul 08 16:12:50 UTC 2026","","eu.esdihumboldt.util.geometry.interpolation.model.impl.ArcByCenterPointImplTest","eu.esdihumboldt.util.geometry.interpolation.model.impl.ArcByCenterPointImplTest","testCircle2"
"","33","testWriteSimpleSchemaColOrder","","Wed Jul 08 16:11:50 UTC 2026","passed","Wed Jul 08 16:11:50 UTC 2026","","eu.esdihumboldt.hale.io.xls.test.writer.XLSInstanceWriterTest","eu.esdihumboldt.hale.io.xls.test.writer.XLSInstanceWriterTest","testWriteSimpleSchemaColOrder"
"","8738","testWriteRead","","Wed Jul 08 16:03:05 UTC 2026","passed","Wed Jul 08 16:03:14 UTC 2026","","eu.esdihumboldt.cst.functions.custom.test.internal.DefaultCustomPropertyFunctionTypeTest","eu.esdihumboldt.cst.functions.custom.test.internal.DefaultCustomPropertyFunctionTypeTest","testWriteRead"
"","4","testLikeList","","Wed Jul 08 15:59:49 UTC 2026","passed","Wed Jul 08 15:59:49 UTC 2026","","eu.esdihumboldt.hale.common.filter.ECQLFilterTest","eu.esdihumboldt.hale.common.filter.ECQLFilterTest","testLikeList"
"","4107","testInstanceWriteOrder","","Wed Jul 08 16:09:04 UTC 2026","passed","Wed Jul 08 16:09:09 UTC 2026","","eu.esdihumboldt.hale.io.jdbc.postgresql.test.WriteInstanceOrderIT","eu.esdihumboldt.hale.io.jdbc.postgresql.test.WriteInstanceOrderIT","testInstanceWriteOrder"
"","1","testSimple","","Wed Jul 08 16:12:06 UTC 2026","passed","Wed Jul 08 16:12:06 UTC 2026","","eu.esdihumboldt.hale.io.xsd.anytype.valuetypes.CustomTypeContentTypeTest","eu.esdihumboldt.hale.io.xsd.anytype.valuetypes.CustomTypeContentTypeTest","testSimple"
"","37","testGroup","","Wed Jul 08 16:01:50 UTC 2026","passed","Wed Jul 08 16:01:50 UTC 2026","","eu.esdihumboldt.hale.common.schema.groovy.SchemaBuilderTest","eu.esdihumboldt.hale.common.schema.groovy.SchemaBuilderTest","testGroup"
"","1","testDisabled","","Wed Jul 08 16:01:35 UTC 2026","passed","Wed Jul 08 16:01:35 UTC 2026","","eu.esdihumboldt.hale.common.schema.model.constraint.factory.type.MappingRelevantFlagFactoryTest","eu.esdihumboldt.hale.common.schema.model.constraint.factory.type.MappingRelevantFlagFactoryTest","testDisabled"
"","160","testGroovyWarningScript","","Wed Jul 08 15:58:49 UTC 2026","passed","Wed Jul 08 15:58:49 UTC 2026","","eu.esdihumboldt.hale.common.align.merge.test.impl.DefaultMergeCellMigratorTest","eu.esdihumboldt.hale.common.align.merge.test.impl.DefaultMergeCellMigratorTest","testGroovyWarningScript"
"","1","testRead","","Wed Jul 08 16:04:38 UTC 2026","passed","Wed Jul 08 16:04:38 UTC 2026","","eu.esdihumboldt.hale.io.csv.CSVSchemaReaderTest","eu.esdihumboldt.hale.io.csv.CSVSchemaReaderTest","testRead"
"","245","testReadMultipleValues","","Wed Jul 08 16:11:47 UTC 2026","passed","Wed Jul 08 16:11:47 UTC 2026","","eu.esdihumboldt.hale.io.xls.test.reader.XLSReaderTest","eu.esdihumboldt.hale.io.xls.test.reader.XLSReaderTest","testReadMultipleValues"
"","4","testMetaClass","","Wed Jul 08 16:01:50 UTC 2026","passed","Wed Jul 08 16:01:50 UTC 2026","","eu.esdihumboldt.hale.common.schema.groovy.DefinitionAccessorTest","eu.esdihumboldt.hale.common.schema.groovy.DefinitionAccessorTest","testMetaClass"
"","0","testGeometryNormalOnCRS","","Wed Jul 08 16:12:49 UTC 2026","passed","Wed Jul 08 16:12:49 UTC 2026","","eu.esdihumboldt.util.geometry.WindingOrderTest","eu.esdihumboldt.util.geometry.WindingOrderTest","testGeometryNormalOnCRS"
"","1262","testBaseNameFromURL","","Wed Jul 08 16:10:44 UTC 2026","passed","Wed Jul 08 16:10:46 UTC 2026","","eu.esdihumboldt.hale.io.shp.ShapeInstanceReaderTest","eu.esdihumboldt.hale.io.shp.ShapeInstanceReaderTest","testBaseNameFromURL"
"","40","testLoadShiporder","","Wed Jul 08 16:05:38 UTC 2026","passed","Wed Jul 08 16:05:38 UTC 2026","","eu.esdihumboldt.hale.io.gml.reader.internal.GmlInstanceCollectionTest","eu.esdihumboldt.hale.io.gml.reader.internal.GmlInstanceCollectionTest","testLoadShiporder"
"","381","testWfsPaginationPageSizeLargerThanTotal","","Wed Jul 08 16:06:23 UTC 2026","passed","Wed Jul 08 16:06:23 UTC 2026","","eu.esdihumboldt.hale.io.gml.reader.internal.StreamGmlReaderTest","eu.esdihumboldt.hale.io.gml.reader.internal.StreamGmlReaderTest","testWfsPaginationPageSizeLargerThanTotal"
"","3069","testFiltersForMultiType","","Wed Jul 08 15:57:31 UTC 2026","passed","Wed Jul 08 15:57:34 UTC 2026","","eu.esdihumboldt.hale.app.transform.test.ExecuteTest","eu.esdihumboldt.hale.app.transform.test.ExecuteTest","testFiltersForMultiType"
"","1","testOrderHolesCCW","","Wed Jul 08 16:12:49 UTC 2026","passed","Wed Jul 08 16:12:49 UTC 2026","","eu.esdihumboldt.util.geometry.WindingOrderTest","eu.esdihumboldt.util.geometry.WindingOrderTest","testOrderHolesCCW"
"","885","testInspireCodespaceAutoAddNoOverride","","Wed Jul 08 16:06:27 UTC 2026","passed","Wed Jul 08 16:06:27 UTC 2026","","eu.esdihumboldt.hale.io.gml.writer.internal.StreamGmlWriter2Test","eu.esdihumboldt.hale.io.gml.writer.internal.StreamGmlWriter2Test","testInspireCodespaceAutoAddNoOverride"
"","79","testSimpleRename","","Wed Jul 08 16:02:58 UTC 2026","passed","Wed Jul 08 16:02:58 UTC 2026","","eu.esdihumboldt.cst.internal.ConceptualSchemaTransformerTest","eu.esdihumboldt.cst.internal.ConceptualSchemaTransformerTest","testSimpleRename"
"","7752","testLoadWFS2Capabilities","","Wed Jul 08 16:11:18 UTC 2026","passed","Wed Jul 08 16:11:25 UTC 2026","","eu.esdihumboldt.hale.io.wfs.test.capabilities.CapabilitiesHelperTest","eu.esdihumboldt.hale.io.wfs.test.capabilities.CapabilitiesHelperTest","testLoadWFS2Capabilities"
"","6","testUnbounded","","Wed Jul 08 16:01:34 UTC 2026","passed","Wed Jul 08 16:01:34 UTC 2026","","eu.esdihumboldt.hale.common.schema.model.constraint.factory.property.CardinalityFactoryTest","eu.esdihumboldt.hale.common.schema.model.constraint.factory.property.CardinalityFactoryTest","testUnbounded"
"","37","testRead_definitive_sequencegroup","","Wed Jul 08 16:12:08 UTC 2026","passed","Wed Jul 08 16:12:08 UTC 2026","","eu.esdihumboldt.hale.io.xsd.reader.XmlSchemaReaderTest","eu.esdihumboldt.hale.io.xsd.reader.XmlSchemaReaderTest","testRead_definitive_sequencegroup"
"","364","testWfsPaginationWithCountLimit","","Wed Jul 08 16:06:21 UTC 2026","passed","Wed Jul 08 16:06:21 UTC 2026","","eu.esdihumboldt.hale.io.gml.reader.internal.StreamGmlReaderTest","eu.esdihumboldt.hale.io.gml.reader.internal.StreamGmlReaderTest","testWfsPaginationWithCountLimit"
"","81","mergeRenameFormattedString","","Wed Jul 08 15:58:49 UTC 2026","passed","Wed Jul 08 15:58:50 UTC 2026","","eu.esdihumboldt.hale.common.align.merge.test.impl.FormattedStringMergeTest","eu.esdihumboldt.hale.common.align.merge.test.impl.FormattedStringMergeTest","mergeRenameFormattedString"
"","181","testJoinFilter","","Wed Jul 08 15:58:51 UTC 2026","passed","Wed Jul 08 15:58:52 UTC 2026","","eu.esdihumboldt.hale.common.align.merge.test.impl.JoinMergeTest","eu.esdihumboldt.hale.common.align.merge.test.impl.JoinMergeTest","testJoinFilter"
"","6","testReadInteger","","Wed Jul 08 16:09:39 UTC 2026","passed","Wed Jul 08 16:09:39 UTC 2026","","eu.esdihumboldt.hale.io.json.test.JsonToInstanceTest","eu.esdihumboldt.hale.io.json.test.JsonToInstanceTest","testReadInteger"
"","5","testExportNullTargetValue","","Wed Jul 08 16:11:50 UTC 2026","passed","Wed Jul 08 16:11:50 UTC 2026","","eu.esdihumboldt.hale.io.xls.test.writer.XLSLookupTableWriterTest","eu.esdihumboldt.hale.io.xls.test.writer.XLSLookupTableWriterTest","testExportNullTargetValue"
"","1","testDefault","","Wed Jul 08 16:01:35 UTC 2026","passed","Wed Jul 08 16:01:35 UTC 2026","","eu.esdihumboldt.hale.common.schema.model.constraint.factory.type.HasValueFlagFactoryTest","eu.esdihumboldt.hale.common.schema.model.constraint.factory.type.HasValueFlagFactoryTest","testDefault"
"","102","testReadFromFolder","","Wed Jul 08 16:10:44 UTC 2026","passed","Wed Jul 08 16:10:44 UTC 2026","","eu.esdihumboldt.hale.io.shp.ShapeInstanceReaderTest","eu.esdihumboldt.hale.io.shp.ShapeInstanceReaderTest","testReadFromFolder"
"","27","testSingleGeometry","","Wed Jul 08 16:10:50 UTC 2026","passed","Wed Jul 08 16:10:50 UTC 2026","","eu.esdihumboldt.hale.io.shp.ShapefileInstanceWriterTest","eu.esdihumboldt.hale.io.shp.ShapefileInstanceWriterTest","testSingleGeometry"
"","217","testTypeFilter3","","Wed Jul 08 15:58:46 UTC 2026","passed","Wed Jul 08 15:58:46 UTC 2026","","eu.esdihumboldt.hale.common.align.merge.test.impl.DefaultMergeCellMigratorTest","eu.esdihumboldt.hale.common.align.merge.test.impl.DefaultMergeCellMigratorTest","testTypeFilter3"
"","11","testGeoJsonSimple_7_andLess","","Wed Jul 08 16:09:36 UTC 2026","passed","Wed Jul 08 16:09:36 UTC 2026","","eu.esdihumboldt.hale.io.json.test.InstanceToJsonTest","eu.esdihumboldt.hale.io.json.test.InstanceToJsonTest","testGeoJsonSimple_7_andLess"
"","88","testDupeAssign","","Wed Jul 08 16:02:58 UTC 2026","passed","Wed Jul 08 16:02:58 UTC 2026","","eu.esdihumboldt.cst.internal.ConceptualSchemaTransformerTest","eu.esdihumboldt.cst.internal.ConceptualSchemaTransformerTest","testDupeAssign"
"","8","testTimeEquals","","Wed Jul 08 15:59:48 UTC 2026","passed","Wed Jul 08 15:59:48 UTC 2026","","eu.esdihumboldt.hale.common.filter.CQLFilterTest","eu.esdihumboldt.hale.common.filter.CQLFilterTest","testTimeEquals"
"","24","testRead_shiporder_one","","Wed Jul 08 16:12:09 UTC 2026","passed","Wed Jul 08 16:12:09 UTC 2026","","eu.esdihumboldt.hale.io.xsd.reader.XmlSchemaReaderTest","eu.esdihumboldt.hale.io.xsd.reader.XmlSchemaReaderTest","testRead_shiporder_one"
"","4332","testGroovyContextFilterExclusionForHydro","","Wed Jul 08 15:56:38 UTC 2026","passed","Wed Jul 08 15:56:42 UTC 2026","","eu.esdihumboldt.hale.app.transform.test.ExecuteTest","eu.esdihumboldt.hale.app.transform.test.ExecuteTest","testGroovyContextFilterExclusionForHydro"
"","1810","testAppInfo","","Wed Jul 08 16:12:06 UTC 2026","passed","Wed Jul 08 16:12:08 UTC 2026","","eu.esdihumboldt.hale.io.xsd.reader.XmlSchemaReaderMoreTest","eu.esdihumboldt.hale.io.xsd.reader.XmlSchemaReaderMoreTest","testAppInfo"
"","85","testWriteFeaturesPrimaryKey","","Wed Jul 08 16:05:26 UTC 2026","passed","Wed Jul 08 16:05:26 UTC 2026","","eu.esdihumboldt.hale.io.geopackage.GeopackageInstanceWriterTest","eu.esdihumboldt.hale.io.geopackage.GeopackageInstanceWriterTest","testWriteFeaturesPrimaryKey"
"","8","testReadFeatureCollection","","Wed Jul 08 16:09:37 UTC 2026","passed","Wed Jul 08 16:09:37 UTC 2026","","eu.esdihumboldt.hale.io.json.test.JsonInstanceCollectionTest","eu.esdihumboldt.hale.io.json.test.JsonInstanceCollectionTest","testReadFeatureCollection"
"","6","testReadDefaultType","","Wed Jul 08 16:09:38 UTC 2026","passed","Wed Jul 08 16:09:38 UTC 2026","","eu.esdihumboldt.hale.io.json.test.JsonInstanceReaderTest","eu.esdihumboldt.hale.io.json.test.JsonInstanceReaderTest","testReadDefaultType"
"","0","testBox","","Wed Jul 08 16:06:42 UTC 2026","passed","Wed Jul 08 16:06:42 UTC 2026","","eu.esdihumboldt.hale.io.gml.writer.internal.geometry.converters.PolygonToLineStringTest","eu.esdihumboldt.hale.io.gml.writer.internal.geometry.converters.PolygonToLineStringTest","testBox"
"","54","testCustomClass","","Wed Jul 08 16:07:01 UTC 2026","passed","Wed Jul 08 16:07:01 UTC 2026","","eu.esdihumboldt.hale.io.groovy.snippets.GroovySnippetsTest","eu.esdihumboldt.hale.io.groovy.snippets.GroovySnippetsTest","testCustomClass"
"","6","testReadPoint","","Wed Jul 08 16:09:38 UTC 2026","passed","Wed Jul 08 16:09:38 UTC 2026","","eu.esdihumboldt.hale.io.json.test.JsonToInstanceTest","eu.esdihumboldt.hale.io.json.test.JsonToInstanceTest","testReadPoint"
"","22","testPrimitive2","","Wed Jul 08 16:01:34 UTC 2026","passed","Wed Jul 08 16:01:34 UTC 2026","","eu.esdihumboldt.hale.common.schema.model.constraint.factory.type.BindingFactoryTest","eu.esdihumboldt.hale.common.schema.model.constraint.factory.type.BindingFactoryTest","testPrimitive2"
"","333","testWriteReadTypeSafeQName","","Wed Jul 08 16:13:05 UTC 2026","passed","Wed Jul 08 16:13:06 UTC 2026","","eu.esdihumboldt.util.groovy.xml.NSDOMBuilderTest","eu.esdihumboldt.util.groovy.xml.NSDOMBuilderTest","testWriteReadTypeSafeQName"
"","120","testNonNullValuesUnaffectedByNullEntry","","Wed Jul 08 16:00:58 UTC 2026","passed","Wed Jul 08 16:00:58 UTC 2026","","eu.esdihumboldt.hale.common.lookup.impl.LookupTableImplTest","eu.esdihumboldt.hale.common.lookup.impl.LookupTableImplTest","testNonNullValuesUnaffectedByNullEntry"
"","128","testRetypeConditionRenameTypeFiltered","","Wed Jul 08 15:58:52 UTC 2026","passed","Wed Jul 08 15:58:52 UTC 2026","","eu.esdihumboldt.hale.common.align.merge.test.impl.JoinRetainConditionsTest","eu.esdihumboldt.hale.common.align.merge.test.impl.JoinRetainConditionsTest","testRetypeConditionRenameTypeFiltered"
"","2214","testWriteNotNestedProperties","","Wed Jul 08 16:11:47 UTC 2026","passed","Wed Jul 08 16:11:49 UTC 2026","","eu.esdihumboldt.hale.io.xls.test.writer.XLSInstanceWriterTest","eu.esdihumboldt.hale.io.xls.test.writer.XLSInstanceWriterTest","testWriteNotNestedProperties"
"","147","testFilterSame4","","Wed Jul 08 15:58:44 UTC 2026","passed","Wed Jul 08 15:58:44 UTC 2026","","eu.esdihumboldt.hale.common.align.merge.test.impl.DefaultMergeCellMigratorTest","eu.esdihumboldt.hale.common.align.merge.test.impl.DefaultMergeCellMigratorTest","testFilterSame4"
"","3","testTrueFalse","","Wed Jul 08 16:01:50 UTC 2026","passed","Wed Jul 08 16:01:50 UTC 2026","","eu.esdihumboldt.hale.common.schema.groovy.constraints.ChoiceFactoryTest","eu.esdihumboldt.hale.common.schema.groovy.constraints.ChoiceFactoryTest","testTrueFalse"
"","13","testInstanceNullSchema","","Wed Jul 08 15:59:48 UTC 2026","passed","Wed Jul 08 15:59:48 UTC 2026","","eu.esdihumboldt.hale.common.filter.CQLFilterTest","eu.esdihumboldt.hale.common.filter.CQLFilterTest","testInstanceNullSchema"
"","0","testGeometry_2_MultiPoint","","Wed Jul 08 16:06:40 UTC 2026","skipped","Wed Jul 08 16:06:40 UTC 2026","","eu.esdihumboldt.hale.io.gml.writer.internal.StreamGmlWriterTest","eu.esdihumboldt.hale.io.gml.writer.internal.StreamGmlWriterTest","testGeometry_2_MultiPoint"
"","1","testCMNested1","","Wed Jul 08 16:02:31 UTC 2026","skipped","Wed Jul 08 16:02:31 UTC 2026","","eu.esdihumboldt.cst.internal.ConceptualSchemaTransformerTest","eu.esdihumboldt.cst.internal.ConceptualSchemaTransformerTest","testCMNested1"
"","16913","testUnconditionalFilterForHydro","","Wed Jul 08 15:56:10 UTC 2026","passed","Wed Jul 08 15:56:27 UTC 2026","","eu.esdihumboldt.hale.app.transform.test.ExecuteTest","eu.esdihumboldt.hale.app.transform.test.ExecuteTest","testUnconditionalFilterForHydro"
"","1153","testReadXsdInstancesTypenameWithNamespace","","Wed Jul 08 16:10:43 UTC 2026","passed","Wed Jul 08 16:10:44 UTC 2026","","eu.esdihumboldt.hale.io.shp.ShapeInstanceReaderTest","eu.esdihumboldt.hale.io.shp.ShapeInstanceReaderTest","testReadXsdInstancesTypenameWithNamespace"
"","44","testNestedObjects","","Wed Jul 08 16:13:05 UTC 2026","passed","Wed Jul 08 16:13:05 UTC 2026","","eu.esdihumboldt.util.groovy.json.JsonStreamBuilderTest","eu.esdihumboldt.util.groovy.json.JsonStreamBuilderTest","testNestedObjects"
"","168","testGroovyWarningMergeTarget","","Wed Jul 08 15:58:48 UTC 2026","passed","Wed Jul 08 15:58:48 UTC 2026","","eu.esdihumboldt.hale.common.align.merge.test.impl.DefaultMergeCellMigratorTest","eu.esdihumboldt.hale.common.align.merge.test.impl.DefaultMergeCellMigratorTest","testGroovyWarningMergeTarget"
"","190","testRetypeCondition","","Wed Jul 08 15:58:52 UTC 2026","passed","Wed Jul 08 15:58:52 UTC 2026","","eu.esdihumboldt.hale.common.align.merge.test.impl.JoinRetainConditionsTest","eu.esdihumboldt.hale.common.align.merge.test.impl.JoinRetainConditionsTest","testRetypeCondition"
"","1","testCenter","","Wed Jul 08 16:12:50 UTC 2026","passed","Wed Jul 08 16:12:50 UTC 2026","","eu.esdihumboldt.util.geometry.interpolation.grid.GridUtilTest","eu.esdihumboldt.util.geometry.interpolation.grid.GridUtilTest","testCenter"
"","5","testByPoints1","","Wed Jul 08 16:12:50 UTC 2026","passed","Wed Jul 08 16:12:50 UTC 2026","","eu.esdihumboldt.util.geometry.interpolation.grid.GridInterpolationTest","eu.esdihumboldt.util.geometry.interpolation.grid.GridInterpolationTest","testByPoints1"
"","25","testReadXsdInstancesTypenameAmbiguousLocalNameWithNamespace","","Wed Jul 08 16:10:44 UTC 2026","passed","Wed Jul 08 16:10:44 UTC 2026","","eu.esdihumboldt.hale.io.shp.ShapeInstanceReaderTest","eu.esdihumboldt.hale.io.shp.ShapeInstanceReaderTest","testReadXsdInstancesTypenameAmbiguousLocalNameWithNamespace"
"","0","testExistsSchema","","Wed Jul 08 15:59:49 UTC 2026","skipped","Wed Jul 08 15:59:49 UTC 2026","","eu.esdihumboldt.hale.common.filter.ECQLFilterTest","eu.esdihumboldt.hale.common.filter.ECQLFilterTest","testExistsSchema"
"","4","testNotEqualSimple","","Wed Jul 08 15:59:49 UTC 2026","passed","Wed Jul 08 15:59:49 UTC 2026","","eu.esdihumboldt.hale.common.filter.ECQLFilterTest","eu.esdihumboldt.hale.common.filter.ECQLFilterTest","testNotEqualSimple"
"","1","testFootprint3","","Wed Jul 08 16:03:36 UTC 2026","passed","Wed Jul 08 16:03:36 UTC 2026","","eu.esdihumboldt.cst.functions.geometric.test.InteriorPointTest","eu.esdihumboldt.cst.functions.geometric.test.InteriorPointTest","testFootprint3"
"","80","testWriteSimpleSchema","","Wed Jul 08 16:04:50 UTC 2026","passed","Wed Jul 08 16:04:50 UTC 2026","","eu.esdihumboldt.hale.io.csv.writer.CSVInstanceWriterTest","eu.esdihumboldt.hale.io.csv.writer.CSVInstanceWriterTest","testWriteSimpleSchema"
"","10","testSKOSFromRDF3","","Wed Jul 08 16:04:25 UTC 2026","passed","Wed Jul 08 16:04:25 UTC 2026","","eu.esdihumboldt.hale.io.codelist.skos.test.SkosCodeListTest","eu.esdihumboldt.hale.io.codelist.skos.test.SkosCodeListTest","testSKOSFromRDF3"
"","29","testCallMethod","","Wed Jul 08 16:07:00 UTC 2026","passed","Wed Jul 08 16:07:00 UTC 2026","","eu.esdihumboldt.hale.io.groovy.snippets.GroovySnippetsTest","eu.esdihumboldt.hale.io.groovy.snippets.GroovySnippetsTest","testCallMethod"
"","48","groovyStuffDisallowed","","Wed Jul 08 16:13:21 UTC 2026","passed","Wed Jul 08 16:13:21 UTC 2026","","eu.esdihumboldt.util.groovy.sandbox.test.internal.GroovySandboxTest","eu.esdihumboldt.util.groovy.sandbox.test.internal.GroovySandboxTest","groovyStuffDisallowed"
"","81","testMathExpression","","Wed Jul 08 16:02:59 UTC 2026","passed","Wed Jul 08 16:02:59 UTC 2026","","eu.esdihumboldt.cst.internal.ConceptualSchemaTransformerTest","eu.esdihumboldt.cst.internal.ConceptualSchemaTransformerTest","testMathExpression"
"","36","testGeoCrosses","","Wed Jul 08 15:59:48 UTC 2026","passed","Wed Jul 08 15:59:48 UTC 2026","","eu.esdihumboldt.hale.common.filter.CQLFilterTest","eu.esdihumboldt.hale.common.filter.CQLFilterTest","testGeoCrosses"
"","47","testReadXsdInstancesTypenameAmbiguousLocalName","","Wed Jul 08 16:10:39 UTC 2026","passed","Wed Jul 08 16:10:40 UTC 2026","","eu.esdihumboldt.hale.io.shp.ShapeInstanceReaderTest","eu.esdihumboldt.hale.io.shp.ShapeInstanceReaderTest","testReadXsdInstancesTypenameAmbiguousLocalName"
"","4","testGetReferencesNested","","Wed Jul 08 15:59:49 UTC 2026","passed","Wed Jul 08 15:59:49 UTC 2026","","eu.esdihumboldt.hale.common.filter.ECQLFilterTest","eu.esdihumboldt.hale.common.filter.ECQLFilterTest","testGetReferencesNested"
"","114","testMergeWithoutAdditionalProp","","Wed Jul 08 16:02:56 UTC 2026","passed","Wed Jul 08 16:02:56 UTC 2026","","eu.esdihumboldt.cst.internal.ConceptualSchemaTransformerTest","eu.esdihumboldt.cst.internal.ConceptualSchemaTransformerTest","testMergeWithoutAdditionalProp"
"","2","testName","","Wed Jul 08 16:01:50 UTC 2026","passed","Wed Jul 08 16:01:50 UTC 2026","","eu.esdihumboldt.hale.common.schema.groovy.constraints.DisplayNameFactoryTest","eu.esdihumboldt.hale.common.schema.groovy.constraints.DisplayNameFactoryTest","testName"
"","6","testInstanceNoValueNullNoSchema","","Wed Jul 08 15:59:48 UTC 2026","passed","Wed Jul 08 15:59:48 UTC 2026","","eu.esdihumboldt.hale.common.filter.CQLFilterTest","eu.esdihumboldt.hale.common.filter.CQLFilterTest","testInstanceNoValueNullNoSchema"
"","0","testSuccessSaveDDL","","Wed Jul 08 16:04:55 UTC 2026","skipped","Wed Jul 08 16:04:55 UTC 2026","","eu.esdihumboldt.hale.io.deegree.mapping.MappingWriterTest","eu.esdihumboldt.hale.io.deegree.mapping.MappingWriterTest","testSuccessSaveDDL"
"","266","mergeJoinsWithJoin_abstract2","","Wed Jul 08 15:58:51 UTC 2026","passed","Wed Jul 08 15:58:51 UTC 2026","","eu.esdihumboldt.hale.common.align.merge.test.impl.JoinMergeTest","eu.esdihumboldt.hale.common.align.merge.test.impl.JoinMergeTest","mergeJoinsWithJoin_abstract2"
"","321","testGeometryPrimitive_32_MultiPolygon_WindingOrder","","Wed Jul 08 16:06:39 UTC 2026","passed","Wed Jul 08 16:06:39 UTC 2026","","eu.esdihumboldt.hale.io.gml.writer.internal.StreamGmlWriterTest","eu.esdihumboldt.hale.io.gml.writer.internal.StreamGmlWriterTest","testGeometryPrimitive_32_MultiPolygon_WindingOrder"
"","2","testBackwardCompatibilityRead","","Wed Jul 08 16:04:38 UTC 2026","passed","Wed Jul 08 16:04:38 UTC 2026","","eu.esdihumboldt.hale.io.csv.CSVInstanceReaderTest","eu.esdihumboldt.hale.io.csv.CSVInstanceReaderTest","testBackwardCompatibilityRead"
"","91","testClassification2","","Wed Jul 08 16:02:57 UTC 2026","passed","Wed Jul 08 16:02:57 UTC 2026","","eu.esdihumboldt.cst.internal.ConceptualSchemaTransformerTest","eu.esdihumboldt.cst.internal.ConceptualSchemaTransformerTest","testClassification2"
"","2","testFindPoints","","Wed Jul 08 16:03:35 UTC 2026","passed","Wed Jul 08 16:03:35 UTC 2026","","eu.esdihumboldt.cst.functions.geometric.test.GeometryHelperFunctionsTest","eu.esdihumboldt.cst.functions.geometric.test.GeometryHelperFunctionsTest","testFindPoints"
"","1","testStoreRestoreDefault","","Wed Jul 08 16:01:34 UTC 2026","passed","Wed Jul 08 16:01:34 UTC 2026","","eu.esdihumboldt.hale.common.schema.model.constraint.factory.DisplayNameFactoryTest","eu.esdihumboldt.hale.common.schema.model.constraint.factory.DisplayNameFactoryTest","testStoreRestoreDefault"
"","9","testNullList","","Wed Jul 08 15:59:48 UTC 2026","passed","Wed Jul 08 15:59:48 UTC 2026","","eu.esdihumboldt.hale.common.filter.CQLFilterTest","eu.esdihumboldt.hale.common.filter.CQLFilterTest","testNullList"
"","9","testSimpleSingleStrictFail","","Wed Jul 08 16:01:50 UTC 2026","passed","Wed Jul 08 16:01:50 UTC 2026","","eu.esdihumboldt.hale.common.schema.groovy.DefinitionAccessorTest","eu.esdihumboldt.hale.common.schema.groovy.DefinitionAccessorTest","testSimpleSingleStrictFail"
"","0","testNullTargetValueIsPreserved","","Wed Jul 08 16:00:58 UTC 2026","passed","Wed Jul 08 16:00:58 UTC 2026","","eu.esdihumboldt.hale.common.lookup.impl.LookupTableImplTest","eu.esdihumboldt.hale.common.lookup.impl.LookupTableImplTest","testNullTargetValueIsPreserved"
"","0","testMsAccessSchemaReaderForAccdbTest","","Wed Jul 08 16:07:39 UTC 2026","skipped","Wed Jul 08 16:07:39 UTC 2026","","eu.esdihumboldt.hale.io.jdbc.msaccess.reader.MsAccessSchemaReaderTest","eu.esdihumboldt.hale.io.jdbc.msaccess.reader.MsAccessSchemaReaderTest","testMsAccessSchemaReaderForAccdbTest"
"","28","testAlias","","Wed Jul 08 16:07:29 UTC 2026","passed","Wed Jul 08 16:07:29 UTC 2026","","eu.esdihumboldt.hale.io.jdbc.test.constraints.factory.GeometryMetadataFactoryTest","eu.esdihumboldt.hale.io.jdbc.test.constraints.factory.GeometryMetadataFactoryTest","testAlias"
"","0","testSubfolder3","","Wed Jul 08 15:59:19 UTC 2026","passed","Wed Jul 08 15:59:19 UTC 2026","","eu.esdihumboldt.hale.common.core.io.PathUpdateTest","eu.esdihumboldt.hale.common.core.io.PathUpdateTest","testSubfolder3"
"","63","testSingleGeometryWithMissingProperties","","Wed Jul 08 16:10:46 UTC 2026","passed","Wed Jul 08 16:10:46 UTC 2026","","eu.esdihumboldt.hale.io.shp.ShapefileInstanceWriterTest","eu.esdihumboldt.hale.io.shp.ShapefileInstanceWriterTest","testSingleGeometryWithMissingProperties"
"","189","testGroovyWarningMerge","","Wed Jul 08 15:58:45 UTC 2026","passed","Wed Jul 08 15:58:45 UTC 2026","","eu.esdihumboldt.hale.common.align.merge.test.impl.DefaultMergeCellMigratorTest","eu.esdihumboldt.hale.common.align.merge.test.impl.DefaultMergeCellMigratorTest","testGroovyWarningMerge"
"","342","testSaveLoad","","Wed Jul 08 15:58:00 UTC 2026","passed","Wed Jul 08 15:58:01 UTC 2026","","eu.esdihumboldt.hale.common.align.io.JaxbAlignmentIOTest","eu.esdihumboldt.hale.common.align.io.JaxbAlignmentIOTest","testSaveLoad"
"","0","testFormatter[4]","","Wed Jul 08 16:12:45 UTC 2026","passed","Wed Jul 08 16:12:45 UTC 2026","","eu.esdihumboldt.util.geometry.DecimalFormatUtilTest","eu.esdihumboldt.util.geometry.DecimalFormatUtilTest","testFormatter[4]"
"","11","testReadModeSingleObject","","Wed Jul 08 16:09:38 UTC 2026","passed","Wed Jul 08 16:09:38 UTC 2026","","eu.esdihumboldt.hale.io.json.test.JsonInstanceReaderTest","eu.esdihumboldt.hale.io.json.test.JsonInstanceReaderTest","testReadModeSingleObject"
"","3","testReadWithPointDecimal","","Wed Jul 08 16:04:38 UTC 2026","passed","Wed Jul 08 16:04:38 UTC 2026","","eu.esdihumboldt.hale.io.csv.CSVInstanceReaderTest","eu.esdihumboldt.hale.io.csv.CSVInstanceReaderTest","testReadWithPointDecimal"
"","10","testMultiType","","Wed Jul 08 16:09:38 UTC 2026","passed","Wed Jul 08 16:09:38 UTC 2026","","eu.esdihumboldt.hale.io.json.test.JsonSchemaReaderTest","eu.esdihumboldt.hale.io.json.test.JsonSchemaReaderTest","testMultiType"
"","1670","testLoadFile","","Wed Jul 08 16:05:00 UTC 2026","passed","Wed Jul 08 16:05:01 UTC 2026","","eu.esdihumboldt.hale.io.geopackage.GeopackageApiTest","eu.esdihumboldt.hale.io.geopackage.GeopackageApiTest","testLoadFile"
"","65","testPolygon","","Wed Jul 08 16:01:50 UTC 2026","passed","Wed Jul 08 16:01:50 UTC 2026","","eu.esdihumboldt.hale.common.schema.groovy.constraints.GeometryFactoryTest","eu.esdihumboldt.hale.common.schema.groovy.constraints.GeometryFactoryTest","testPolygon"
"","255","testTypeFilter6","","Wed Jul 08 15:58:47 UTC 2026","passed","Wed Jul 08 15:58:47 UTC 2026","","eu.esdihumboldt.hale.common.align.merge.test.impl.DefaultMergeCellMigratorTest","eu.esdihumboldt.hale.common.align.merge.test.impl.DefaultMergeCellMigratorTest","testTypeFilter6"
"","274","closureStuffDisallowed","","Wed Jul 08 16:13:21 UTC 2026","passed","Wed Jul 08 16:13:21 UTC 2026","","eu.esdihumboldt.util.groovy.sandbox.test.internal.GroovySandboxTest","eu.esdihumboldt.util.groovy.sandbox.test.internal.GroovySandboxTest","closureStuffDisallowed"
"","5","testGeoCrosses","","Wed Jul 08 15:59:49 UTC 2026","passed","Wed Jul 08 15:59:49 UTC 2026","","eu.esdihumboldt.hale.common.filter.ECQLFilterTest","eu.esdihumboldt.hale.common.filter.ECQLFilterTest","testGeoCrosses"
"","4","testHttpRelative1","","Wed Jul 08 16:12:06 UTC 2026","passed","Wed Jul 08 16:12:06 UTC 2026","","eu.esdihumboldt.hale.io.xsd.reader.HumboldtURIResolverTest","eu.esdihumboldt.hale.io.xsd.reader.HumboldtURIResolverTest","testHttpRelative1"
"","261","mergeJoinWithRetypeDef","","Wed Jul 08 15:58:47 UTC 2026","passed","Wed Jul 08 15:58:47 UTC 2026","","eu.esdihumboldt.hale.common.align.merge.test.impl.DefaultMergeCellMigratorTest","eu.esdihumboldt.hale.common.align.merge.test.impl.DefaultMergeCellMigratorTest","mergeJoinWithRetypeDef"
"","3651","testTypedFilterForHydro","","Wed Jul 08 15:57:12 UTC 2026","passed","Wed Jul 08 15:57:16 UTC 2026","","eu.esdihumboldt.hale.app.transform.test.ExecuteTest","eu.esdihumboldt.hale.app.transform.test.ExecuteTest","testTypedFilterForHydro"
"","7641","testDataTypes","","Wed Jul 08 16:08:48 UTC 2026","passed","Wed Jul 08 16:08:56 UTC 2026","","eu.esdihumboldt.hale.io.jdbc.postgresql.test.PostDataTypesIT","eu.esdihumboldt.hale.io.jdbc.postgresql.test.PostDataTypesIT","testDataTypes"
"","9428","testNestingAll","","Wed Jul 08 16:01:40 UTC 2026","passed","Wed Jul 08 16:01:49 UTC 2026","","eu.esdihumboldt.hale.common.schema.groovy.DefinitionAccessorTest","eu.esdihumboldt.hale.common.schema.groovy.DefinitionAccessorTest","testNestingAll"
"","4","testNumber","","Wed Jul 08 15:59:49 UTC 2026","passed","Wed Jul 08 15:59:49 UTC 2026","","eu.esdihumboldt.hale.common.filter.ECQLFilterTest","eu.esdihumboldt.hale.common.filter.ECQLFilterTest","testNumber"
"","34","testSKOSFromRDF4_language_de","","Wed Jul 08 16:04:25 UTC 2026","passed","Wed Jul 08 16:04:25 UTC 2026","","eu.esdihumboldt.hale.io.codelist.skos.test.SkosCodeListTest","eu.esdihumboldt.hale.io.codelist.skos.test.SkosCodeListTest","testSKOSFromRDF4_language_de"
"","8","testGeoIntersects","","Wed Jul 08 15:59:49 UTC 2026","passed","Wed Jul 08 15:59:49 UTC 2026","","eu.esdihumboldt.hale.common.filter.ECQLFilterTest","eu.esdihumboldt.hale.common.filter.ECQLFilterTest","testGeoIntersects"
"","4214","writeRead","","Wed Jul 08 16:09:00 UTC 2026","passed","Wed Jul 08 16:09:04 UTC 2026","","eu.esdihumboldt.hale.io.jdbc.postgresql.test.ReadWriteIT","eu.esdihumboldt.hale.io.jdbc.postgresql.test.ReadWriteIT","writeRead"
"","32","testValueMap","","Wed Jul 08 15:59:31 UTC 2026","passed","Wed Jul 08 15:59:31 UTC 2026","","eu.esdihumboldt.hale.common.core.io.impl.ValueMapTypeTest","eu.esdihumboldt.hale.common.core.io.impl.ValueMapTypeTest","testValueMap"
"","127","testCardinalityMerge_2","","Wed Jul 08 16:02:57 UTC 2026","passed","Wed Jul 08 16:02:57 UTC 2026","","eu.esdihumboldt.cst.internal.ConceptualSchemaTransformerTest","eu.esdihumboldt.cst.internal.ConceptualSchemaTransformerTest","testCardinalityMerge_2"
"","373","testJoinsCondition","","Wed Jul 08 15:58:50 UTC 2026","passed","Wed Jul 08 15:58:50 UTC 2026","","eu.esdihumboldt.hale.common.align.merge.test.impl.JoinFocusRetainConditionTest","eu.esdihumboldt.hale.common.align.merge.test.impl.JoinFocusRetainConditionTest","testJoinsCondition"
"","9","testPath1","","Wed Jul 08 16:01:35 UTC 2026","passed","Wed Jul 08 16:01:35 UTC 2026","","eu.esdihumboldt.hale.common.schema.model.constraint.factory.type.PrimaryKeyFactoryTest","eu.esdihumboldt.hale.common.schema.model.constraint.factory.type.PrimaryKeyFactoryTest","testPath1"
"","4","testNullNoSchema","","Wed Jul 08 15:59:49 UTC 2026","passed","Wed Jul 08 15:59:49 UTC 2026","","eu.esdihumboldt.hale.common.filter.ECQLFilterTest","eu.esdihumboldt.hale.common.filter.ECQLFilterTest","testNullNoSchema"
"","11697","testCellDisableSaveLoad","","Wed Jul 08 15:57:49 UTC 2026","passed","Wed Jul 08 15:58:00 UTC 2026","","eu.esdihumboldt.hale.common.align.io.JaxbAlignmentIOTest","eu.esdihumboldt.hale.common.align.io.JaxbAlignmentIOTest","testCellDisableSaveLoad"
"","7","testNumberList","","Wed Jul 08 15:59:49 UTC 2026","passed","Wed Jul 08 15:59:49 UTC 2026","","eu.esdihumboldt.hale.common.filter.ECQLFilterTest","eu.esdihumboldt.hale.common.filter.ECQLFilterTest","testNumberList"
"","115","testIDSaveLoad","","Wed Jul 08 15:57:48 UTC 2026","passed","Wed Jul 08 15:57:48 UTC 2026","","eu.esdihumboldt.hale.common.align.io.CastorAlignmentIOTest","eu.esdihumboldt.hale.common.align.io.CastorAlignmentIOTest","testIDSaveLoad"
"","1","testFormatter[10]","","Wed Jul 08 16:12:45 UTC 2026","passed","Wed Jul 08 16:12:45 UTC 2026","","eu.esdihumboldt.util.geometry.DecimalFormatUtilTest","eu.esdihumboldt.util.geometry.DecimalFormatUtilTest","testFormatter[10]"
"","54","testDefaultSrs","","Wed Jul 08 16:06:21 UTC 2026","passed","Wed Jul 08 16:06:21 UTC 2026","","eu.esdihumboldt.hale.io.gml.reader.internal.StreamGmlReaderTest","eu.esdihumboldt.hale.io.gml.reader.internal.StreamGmlReaderTest","testDefaultSrs"
"","15","testDoubleConsume","","Wed Jul 08 15:59:32 UTC 2026","passed","Wed Jul 08 15:59:32 UTC 2026","","eu.esdihumboldt.hale.common.core.io.supplier.LookupStreamResourceTest","eu.esdihumboldt.hale.common.core.io.supplier.LookupStreamResourceTest","testDoubleConsume"
"","3673","testReadInstances","","Wed Jul 08 16:05:19 UTC 2026","passed","Wed Jul 08 16:05:23 UTC 2026","","eu.esdihumboldt.hale.io.geopackage.GeopackageInstanceReaderTest","eu.esdihumboldt.hale.io.geopackage.GeopackageInstanceReaderTest","testReadInstances"
"","6","testNumberBetweenList","","Wed Jul 08 15:59:49 UTC 2026","passed","Wed Jul 08 15:59:49 UTC 2026","","eu.esdihumboldt.hale.common.filter.ECQLFilterTest","eu.esdihumboldt.hale.common.filter.ECQLFilterTest","testNumberBetweenList"
"","5","testLoopArray","","Wed Jul 08 16:13:05 UTC 2026","passed","Wed Jul 08 16:13:05 UTC 2026","","eu.esdihumboldt.util.groovy.json.JsonStreamBuilderTest","eu.esdihumboldt.util.groovy.json.JsonStreamBuilderTest","testLoopArray"
"","39","testRead_definitive_attributegroup","","Wed Jul 08 16:12:09 UTC 2026","passed","Wed Jul 08 16:12:09 UTC 2026","","eu.esdihumboldt.hale.io.xsd.reader.XmlSchemaReaderTest","eu.esdihumboldt.hale.io.xsd.reader.XmlSchemaReaderTest","testRead_definitive_attributegroup"
"","4069","testWriteRead","","Wed Jul 08 16:08:44 UTC 2026","passed","Wed Jul 08 16:08:48 UTC 2026","","eu.esdihumboldt.hale.io.jdbc.postgresql.test.OneDimensionalArraysIT","eu.esdihumboldt.hale.io.jdbc.postgresql.test.OneDimensionalArraysIT","testWriteRead"
"","92","testCMMulti2","","Wed Jul 08 16:02:57 UTC 2026","passed","Wed Jul 08 16:02:58 UTC 2026","","eu.esdihumboldt.cst.internal.ConceptualSchemaTransformerTest","eu.esdihumboldt.cst.internal.ConceptualSchemaTransformerTest","testCMMulti2"
"","81","testGenerateUID","","Wed Jul 08 16:02:59 UTC 2026","passed","Wed Jul 08 16:02:59 UTC 2026","","eu.esdihumboldt.cst.internal.ConceptualSchemaTransformerTest","eu.esdihumboldt.cst.internal.ConceptualSchemaTransformerTest","testGenerateUID"
"","7","testByPoints3AllGrid","","Wed Jul 08 16:12:50 UTC 2026","passed","Wed Jul 08 16:12:50 UTC 2026","","eu.esdihumboldt.util.geometry.interpolation.grid.GridInterpolationTest","eu.esdihumboldt.util.geometry.interpolation.grid.GridInterpolationTest","testByPoints3AllGrid"
"","0","testDuringList","","Wed Jul 08 15:59:48 UTC 2026","skipped","Wed Jul 08 15:59:48 UTC 2026","","eu.esdihumboldt.hale.common.filter.CQLFilterTest","eu.esdihumboldt.hale.common.filter.CQLFilterTest","testDuringList"
"","6","testRootArrayObjects","","Wed Jul 08 16:13:05 UTC 2026","passed","Wed Jul 08 16:13:05 UTC 2026","","eu.esdihumboldt.util.groovy.json.JsonStreamBuilderTest","eu.esdihumboldt.util.groovy.json.JsonStreamBuilderTest","testRootArrayObjects"
"","3","testNamespaceIndexChildContext","","Wed Jul 08 15:58:19 UTC 2026","passed","Wed Jul 08 15:58:19 UTC 2026","","eu.esdihumboldt.hale.common.align.groovy.accessor.EntityAccessorTest","eu.esdihumboldt.hale.common.align.groovy.accessor.EntityAccessorTest","testNamespaceIndexChildContext"
"","29","testSinglePolyGeometry","","Wed Jul 08 16:10:50 UTC 2026","passed","Wed Jul 08 16:10:50 UTC 2026","","eu.esdihumboldt.hale.io.shp.ShapefileInstanceWriterTest","eu.esdihumboldt.hale.io.shp.ShapefileInstanceWriterTest","testSinglePolyGeometry"
"","105","testSimpleAttribute","","Wed Jul 08 16:02:57 UTC 2026","passed","Wed Jul 08 16:02:57 UTC 2026","","eu.esdihumboldt.cst.internal.ConceptualSchemaTransformerTest","eu.esdihumboldt.cst.internal.ConceptualSchemaTransformerTest","testSimpleAttribute"
"","3","testMixedKeys","","Wed Jul 08 16:04:00 UTC 2026","passed","Wed Jul 08 16:04:00 UTC 2026","","eu.esdihumboldt.cst.functions.groovy.helpers.util.CollectorTest","eu.esdihumboldt.cst.functions.groovy.helpers.util.CollectorTest","testMixedKeys"
"","0","testTimeEqualsList","","Wed Jul 08 15:59:48 UTC 2026","skipped","Wed Jul 08 15:59:48 UTC 2026","","eu.esdihumboldt.hale.common.filter.CQLFilterTest","eu.esdihumboldt.hale.common.filter.CQLFilterTest","testTimeEqualsList"
"","1","testOptional","","Wed Jul 08 16:01:34 UTC 2026","passed","Wed Jul 08 16:01:34 UTC 2026","","eu.esdihumboldt.hale.common.schema.model.constraint.factory.property.CardinalityFactoryTest","eu.esdihumboldt.hale.common.schema.model.constraint.factory.property.CardinalityFactoryTest","testOptional"
"","0","testLimit2","","Wed Jul 08 15:59:32 UTC 2026","passed","Wed Jul 08 15:59:32 UTC 2026","","eu.esdihumboldt.hale.common.core.io.supplier.LookupStreamResourceTest","eu.esdihumboldt.hale.common.core.io.supplier.LookupStreamResourceTest","testLimit2"
"","148","testPreparedQuery","","Wed Jul 08 16:13:28 UTC 2026","passed","Wed Jul 08 16:13:28 UTC 2026","","eu.esdihumboldt.util.orient.embedded.MemoryDocumentTest","eu.esdihumboldt.util.orient.embedded.MemoryDocumentTest","testPreparedQuery"
"","57","testNoSpatialIndexCreation","","Wed Jul 08 16:05:26 UTC 2026","passed","Wed Jul 08 16:05:26 UTC 2026","","eu.esdihumboldt.hale.io.geopackage.GeopackageInstanceWriterTest","eu.esdihumboldt.hale.io.geopackage.GeopackageInstanceWriterTest","testNoSpatialIndexCreation"
"","62","testIDSaveLoad","","Wed Jul 08 15:58:01 UTC 2026","passed","Wed Jul 08 15:58:01 UTC 2026","","eu.esdihumboldt.hale.common.align.io.JaxbAlignmentIOTest","eu.esdihumboldt.hale.common.align.io.JaxbAlignmentIOTest","testIDSaveLoad"
"","1561","testMerge","","Wed Jul 08 16:02:44 UTC 2026","passed","Wed Jul 08 16:02:46 UTC 2026","","eu.esdihumboldt.cst.internal.ConceptualSchemaTransformerTest","eu.esdihumboldt.cst.internal.ConceptualSchemaTransformerTest","testMerge"
"","10858","testComplexLookupJsonGroovy","","Wed Jul 08 16:00:58 UTC 2026","passed","Wed Jul 08 16:01:09 UTC 2026","","eu.esdihumboldt.hale.common.lookup.internal.LookupTableTypeTest","eu.esdihumboldt.hale.common.lookup.internal.LookupTableTypeTest","testComplexLookupJsonGroovy"
"","14","testGeoJsonSimple_2","","Wed Jul 08 16:09:36 UTC 2026","passed","Wed Jul 08 16:09:36 UTC 2026","","eu.esdihumboldt.hale.io.json.test.InstanceToJsonTest","eu.esdihumboldt.hale.io.json.test.InstanceToJsonTest","testGeoJsonSimple_2"
"","62","testNativeQuery","","Wed Jul 08 16:13:28 UTC 2026","passed","Wed Jul 08 16:13:28 UTC 2026","","eu.esdihumboldt.util.orient.embedded.MemoryDocumentTest","eu.esdihumboldt.util.orient.embedded.MemoryDocumentTest","testNativeQuery"
"","8","testNamespace","","Wed Jul 08 16:01:50 UTC 2026","passed","Wed Jul 08 16:01:50 UTC 2026","","eu.esdihumboldt.hale.common.schema.groovy.DefinitionAccessorTest","eu.esdihumboldt.hale.common.schema.groovy.DefinitionAccessorTest","testNamespace"
"","645","testWfsPaginationPageSizeEqualsTotal","","Wed Jul 08 16:06:19 UTC 2026","passed","Wed Jul 08 16:06:19 UTC 2026","","eu.esdihumboldt.hale.io.gml.reader.internal.StreamGmlReaderTest","eu.esdihumboldt.hale.io.gml.reader.internal.StreamGmlReaderTest","testWfsPaginationPageSizeEqualsTotal"
"","15","testSKOSFromRDF5_language_en","","Wed Jul 08 16:04:25 UTC 2026","passed","Wed Jul 08 16:04:25 UTC 2026","","eu.esdihumboldt.hale.io.codelist.skos.test.SkosCodeListTest","eu.esdihumboldt.hale.io.codelist.skos.test.SkosCodeListTest","testSKOSFromRDF5_language_en"
"","291","testMsAccessSchemaReaderForMdbTest","","Wed Jul 08 16:07:39 UTC 2026","passed","Wed Jul 08 16:07:39 UTC 2026","","eu.esdihumboldt.hale.io.jdbc.msaccess.reader.MsAccessSchemaReaderTest","eu.esdihumboldt.hale.io.jdbc.msaccess.reader.MsAccessSchemaReaderTest","testMsAccessSchemaReaderForMdbTest"
"","172","testFilterSame1","","Wed Jul 08 15:58:44 UTC 2026","passed","Wed Jul 08 15:58:44 UTC 2026","","eu.esdihumboldt.hale.common.align.merge.test.impl.DefaultMergeCellMigratorTest","eu.esdihumboldt.hale.common.align.merge.test.impl.DefaultMergeCellMigratorTest","testFilterSame1"
"","106","testCMMulti1","","Wed Jul 08 16:02:57 UTC 2026","passed","Wed Jul 08 16:02:57 UTC 2026","","eu.esdihumboldt.cst.internal.ConceptualSchemaTransformerTest","eu.esdihumboldt.cst.internal.ConceptualSchemaTransformerTest","testCMMulti1"
"","4","testDoesNotExistSchema","","Wed Jul 08 15:59:49 UTC 2026","passed","Wed Jul 08 15:59:49 UTC 2026","","eu.esdihumboldt.hale.common.filter.ECQLFilterTest","eu.esdihumboldt.hale.common.filter.ECQLFilterTest","testDoesNotExistSchema"
"","2","testMerge6","","Wed Jul 08 15:59:32 UTC 2026","passed","Wed Jul 08 15:59:32 UTC 2026","","eu.esdihumboldt.hale.common.core.report.util.StatsMergeTest","eu.esdihumboldt.hale.common.core.report.util.StatsMergeTest","testMerge6"
"","2707","testCellDisableSaveLoad","","Wed Jul 08 15:57:45 UTC 2026","passed","Wed Jul 08 15:57:47 UTC 2026","","eu.esdihumboldt.hale.common.align.io.CastorAlignmentIOTest","eu.esdihumboldt.hale.common.align.io.CastorAlignmentIOTest","testCellDisableSaveLoad"
"","7","testGeoContains","","Wed Jul 08 15:59:48 UTC 2026","passed","Wed Jul 08 15:59:48 UTC 2026","","eu.esdihumboldt.hale.common.filter.CQLFilterTest","eu.esdihumboldt.hale.common.filter.CQLFilterTest","testGeoContains"
"","715","testInspireCodespaceNoAutoAdd","","Wed Jul 08 16:06:29 UTC 2026","passed","Wed Jul 08 16:06:29 UTC 2026","","eu.esdihumboldt.hale.io.gml.writer.internal.StreamGmlWriter2Test","eu.esdihumboldt.hale.io.gml.writer.internal.StreamGmlWriter2Test","testInspireCodespaceNoAutoAdd"
"","4","testInstanceNoValueNullNoSchema","","Wed Jul 08 15:59:49 UTC 2026","passed","Wed Jul 08 15:59:49 UTC 2026","","eu.esdihumboldt.hale.common.filter.ECQLFilterTest","eu.esdihumboldt.hale.common.filter.ECQLFilterTest","testInstanceNoValueNullNoSchema"
"","4614","testTransformXmlInline","","Wed Jul 08 15:56:55 UTC 2026","passed","Wed Jul 08 15:56:59 UTC 2026","","eu.esdihumboldt.hale.app.transform.test.ExecuteTest","eu.esdihumboldt.hale.app.transform.test.ExecuteTest","testTransformXmlInline"
"","0","testInstanceNoValueExistsSchema","","Wed Jul 08 15:59:48 UTC 2026","skipped","Wed Jul 08 15:59:48 UTC 2026","","eu.esdihumboldt.hale.common.filter.CQLFilterTest","eu.esdihumboldt.hale.common.filter.CQLFilterTest","testInstanceNoValueExistsSchema"
"","6","testEmpty","","Wed Jul 08 16:01:34 UTC 2026","passed","Wed Jul 08 16:01:34 UTC 2026","","eu.esdihumboldt.hale.common.schema.model.constraint.factory.type.EnumerationFactoryTest","eu.esdihumboldt.hale.common.schema.model.constraint.factory.type.EnumerationFactoryTest","testEmpty"
"","8","testCreateTypeIndex","","Wed Jul 08 16:01:50 UTC 2026","passed","Wed Jul 08 16:01:50 UTC 2026","","eu.esdihumboldt.hale.common.schema.groovy.SchemaBuilderTest","eu.esdihumboldt.hale.common.schema.groovy.SchemaBuilderTest","testCreateTypeIndex"
"","176","testGroovyRetypeCondition","","Wed Jul 08 15:58:50 UTC 2026","passed","Wed Jul 08 15:58:51 UTC 2026","","eu.esdihumboldt.hale.common.align.merge.test.impl.JoinFocusRetainConditionTest","eu.esdihumboldt.hale.common.align.merge.test.impl.JoinFocusRetainConditionTest","testGroovyRetypeCondition"
"","0","testExistsNoSchema","","Wed Jul 08 15:59:49 UTC 2026","skipped","Wed Jul 08 15:59:49 UTC 2026","","eu.esdihumboldt.hale.common.filter.ECQLFilterTest","eu.esdihumboldt.hale.common.filter.ECQLFilterTest","testExistsNoSchema"
"","1","testInstanceReader","","Wed Jul 08 16:07:43 UTC 2026","skipped","Wed Jul 08 16:07:43 UTC 2026","","eu.esdihumboldt.hale.io.jdbc.mssql.test.MsSQLServer14Test","eu.esdihumboldt.hale.io.jdbc.mssql.test.MsSQLServer14Test","testInstanceReader"
"","1","testFormatter[9]","","Wed Jul 08 16:12:45 UTC 2026","passed","Wed Jul 08 16:12:45 UTC 2026","","eu.esdihumboldt.util.geometry.DecimalFormatUtilTest","eu.esdihumboldt.util.geometry.DecimalFormatUtilTest","testFormatter[9]"
"","2","testMerge5","","Wed Jul 08 15:59:32 UTC 2026","passed","Wed Jul 08 15:59:32 UTC 2026","","eu.esdihumboldt.hale.common.core.report.util.StatsMergeTest","eu.esdihumboldt.hale.common.core.report.util.StatsMergeTest","testMerge5"
"","32","testWriteVersion4","","Wed Jul 08 16:09:16 UTC 2026","passed","Wed Jul 08 16:09:16 UTC 2026","","eu.esdihumboldt.hale.io.jdbc.spatialite.writer.internal.SpatiaLiteInstanceWriterTest","eu.esdihumboldt.hale.io.jdbc.spatialite.writer.internal.SpatiaLiteInstanceWriterTest","testWriteVersion4"
"","174","testMultiResult2","","Wed Jul 08 16:02:48 UTC 2026","passed","Wed Jul 08 16:02:49 UTC 2026","","eu.esdihumboldt.cst.internal.ConceptualSchemaTransformerTest","eu.esdihumboldt.cst.internal.ConceptualSchemaTransformerTest","testMultiResult2"
"","2","testListAndValue","","Wed Jul 08 16:12:40 UTC 2026","passed","Wed Jul 08 16:12:41 UTC 2026","","eu.esdihumboldt.util.config.ConfigMergerTest","eu.esdihumboldt.util.config.ConfigMergerTest","testListAndValue"
"","28","testGeoJsonSimple_14","","Wed Jul 08 16:09:36 UTC 2026","passed","Wed Jul 08 16:09:36 UTC 2026","","eu.esdihumboldt.hale.io.json.test.InstanceToJsonTest","eu.esdihumboldt.hale.io.json.test.InstanceToJsonTest","testGeoJsonSimple_14"
"","1","testLookupAndConsume","","Wed Jul 08 15:59:32 UTC 2026","passed","Wed Jul 08 15:59:32 UTC 2026","","eu.esdihumboldt.hale.common.core.io.supplier.LookupStreamResourceTest","eu.esdihumboldt.hale.common.core.io.supplier.LookupStreamResourceTest","testLookupAndConsume"
"","40","testReadPolygonWithHole","","Wed Jul 08 16:09:38 UTC 2026","passed","Wed Jul 08 16:09:38 UTC 2026","","eu.esdihumboldt.hale.io.json.test.JsonToInstanceTest","eu.esdihumboldt.hale.io.json.test.JsonToInstanceTest","testReadPolygonWithHole"
"","5","testNestedObjectsPrettyPrint","","Wed Jul 08 16:13:05 UTC 2026","passed","Wed Jul 08 16:13:05 UTC 2026","","eu.esdihumboldt.util.groovy.json.JsonStreamBuilderTest","eu.esdihumboldt.util.groovy.json.JsonStreamBuilderTest","testNestedObjectsPrettyPrint"
"","9321","testConvert","","Wed Jul 08 15:59:05 UTC 2026","passed","Wed Jul 08 15:59:14 UTC 2026","","eu.esdihumboldt.hale.common.config.ConfigValueTest","eu.esdihumboldt.hale.common.config.ConfigValueTest","testConvert"
"","4","testRefTypes","","Wed Jul 08 16:01:34 UTC 2026","passed","Wed Jul 08 16:01:34 UTC 2026","","eu.esdihumboldt.hale.common.schema.model.constraint.factory.property.ReferenceFactoryTest","eu.esdihumboldt.hale.common.schema.model.constraint.factory.property.ReferenceFactoryTest","testRefTypes"
"","16917","testExportPropertyJoin","","Wed Jul 08 16:07:06 UTC 2026","passed","Wed Jul 08 16:07:23 UTC 2026","","eu.esdihumboldt.hale.io.html.svg.MappingExporterTest","eu.esdihumboldt.hale.io.html.svg.MappingExporterTest","testExportPropertyJoin"
"","3","testSerializeCompact","","Wed Jul 08 16:13:05 UTC 2026","passed","Wed Jul 08 16:13:05 UTC 2026","","eu.esdihumboldt.util.groovy.collector.StatsCollectorTest","eu.esdihumboldt.util.groovy.collector.StatsCollectorTest","testSerializeCompact"
"","141","testStringValueList","","Wed Jul 08 15:59:31 UTC 2026","passed","Wed Jul 08 15:59:31 UTC 2026","","eu.esdihumboldt.hale.common.core.io.impl.ValueListTypeTest","eu.esdihumboldt.hale.common.core.io.impl.ValueListTypeTest","testStringValueList"
"","83","testAfter","","Wed Jul 08 15:59:48 UTC 2026","passed","Wed Jul 08 15:59:48 UTC 2026","","eu.esdihumboldt.hale.common.filter.CQLFilterTest","eu.esdihumboldt.hale.common.filter.CQLFilterTest","testAfter"
"","7","testDoubleObject2","","Wed Jul 08 16:13:05 UTC 2026","passed","Wed Jul 08 16:13:05 UTC 2026","","eu.esdihumboldt.util.groovy.json.JsonStreamBuilderTest","eu.esdihumboldt.util.groovy.json.JsonStreamBuilderTest","testDoubleObject2"
"","275","testTypeFilter3Present","","Wed Jul 08 15:58:45 UTC 2026","passed","Wed Jul 08 15:58:45 UTC 2026","","eu.esdihumboldt.hale.common.align.merge.test.impl.DefaultMergeCellMigratorTest","eu.esdihumboldt.hale.common.align.merge.test.impl.DefaultMergeCellMigratorTest","testTypeFilter3Present"
"","0","testFootprint2Hole","","Wed Jul 08 16:03:36 UTC 2026","passed","Wed Jul 08 16:03:36 UTC 2026","","eu.esdihumboldt.cst.functions.geometric.test.InteriorPointTest","eu.esdihumboldt.cst.functions.geometric.test.InteriorPointTest","testFootprint2Hole"
"","0","testFormatter[8]","","Wed Jul 08 16:12:45 UTC 2026","passed","Wed Jul 08 16:12:45 UTC 2026","","eu.esdihumboldt.util.geometry.DecimalFormatUtilTest","eu.esdihumboldt.util.geometry.DecimalFormatUtilTest","testFormatter[8]"
"","41","testGmlOverflow","","Wed Jul 08 16:00:23 UTC 2026","passed","Wed Jul 08 16:00:23 UTC 2026","","eu.esdihumboldt.hale.common.instance.graph.test.ReferenceGraphTest","eu.esdihumboldt.hale.common.instance.graph.test.ReferenceGraphTest","testGmlOverflow"
"","5","testUsage","","Wed Jul 08 15:56:30 UTC 2026","passed","Wed Jul 08 15:56:30 UTC 2026","","eu.esdihumboldt.hale.app.transform.test.ExecuteTest","eu.esdihumboldt.hale.app.transform.test.ExecuteTest","testUsage"
"","17","testShapefileInstanceFromFile","","Wed Jul 08 16:10:39 UTC 2026","passed","Wed Jul 08 16:10:39 UTC 2026","","eu.esdihumboldt.hale.io.shp.ShapeInstanceReaderTest","eu.esdihumboldt.hale.io.shp.ShapeInstanceReaderTest","testShapefileInstanceFromFile"
"","268","testGeometryPrimitive_31_Polygon","","Wed Jul 08 16:06:41 UTC 2026","passed","Wed Jul 08 16:06:41 UTC 2026","","eu.esdihumboldt.hale.io.gml.writer.internal.StreamGmlWriterTest","eu.esdihumboldt.hale.io.gml.writer.internal.StreamGmlWriterTest","testGeometryPrimitive_31_Polygon"
"","0","testCopyISOTC211","","Wed Jul 08 15:59:32 UTC 2026","skipped","Wed Jul 08 15:59:32 UTC 2026","","eu.esdihumboldt.hale.common.core.io.project.util.XMLPathUpdaterTest","eu.esdihumboldt.hale.common.core.io.project.util.XMLPathUpdaterTest","testCopyISOTC211"
"","119","testCardinalityRename","","Wed Jul 08 16:03:00 UTC 2026","passed","Wed Jul 08 16:03:00 UTC 2026","","eu.esdihumboldt.cst.internal.ConceptualSchemaTransformerTest","eu.esdihumboldt.cst.internal.ConceptualSchemaTransformerTest","testCardinalityRename"
"","17","testGString","","Wed Jul 08 16:04:00 UTC 2026","passed","Wed Jul 08 16:04:00 UTC 2026","","eu.esdihumboldt.cst.functions.groovy.helpers.util.CollectorTest","eu.esdihumboldt.cst.functions.groovy.helpers.util.CollectorTest","testGString"
"","0","testGeometryPrimitive_32_Curve_MultiLineString","","Wed Jul 08 16:06:30 UTC 2026","skipped","Wed Jul 08 16:06:30 UTC 2026","","eu.esdihumboldt.hale.io.gml.writer.internal.StreamGmlWriter2Test","eu.esdihumboldt.hale.io.gml.writer.internal.StreamGmlWriter2Test","testGeometryPrimitive_32_Curve_MultiLineString"
"","11806","testWriteSimpleSchemaDelimiter","","Wed Jul 08 16:04:38 UTC 2026","passed","Wed Jul 08 16:04:50 UTC 2026","","eu.esdihumboldt.hale.io.csv.writer.CSVInstanceWriterTest","eu.esdihumboldt.hale.io.csv.writer.CSVInstanceWriterTest","testWriteSimpleSchemaDelimiter"
"","16","testComplexInstancesCQL","","Wed Jul 08 15:59:52 UTC 2026","passed","Wed Jul 08 15:59:52 UTC 2026","","eu.esdihumboldt.hale.common.filter.FilterTest","eu.esdihumboldt.hale.common.filter.FilterTest","testComplexInstancesCQL"
"","176","testBaseAlignmentSaveLoad","","Wed Jul 08 15:57:48 UTC 2026","passed","Wed Jul 08 15:57:49 UTC 2026","","eu.esdihumboldt.hale.common.align.io.CastorAlignmentIOTest","eu.esdihumboldt.hale.common.align.io.CastorAlignmentIOTest","testBaseAlignmentSaveLoad"
"","144","testSinglePolyGeometryWithLongAttributeNamesWithSingleInstance","","Wed Jul 08 16:10:46 UTC 2026","passed","Wed Jul 08 16:10:46 UTC 2026","","eu.esdihumboldt.hale.io.shp.ShapefileInstanceWriterTest","eu.esdihumboldt.hale.io.shp.ShapefileInstanceWriterTest","testSinglePolyGeometryWithLongAttributeNamesWithSingleInstance"
"","456","testByPointsToCenterAllGrid","","Wed Jul 08 16:12:49 UTC 2026","passed","Wed Jul 08 16:12:49 UTC 2026","","eu.esdihumboldt.util.geometry.interpolation.grid.GridInterpolationTest","eu.esdihumboldt.util.geometry.interpolation.grid.GridInterpolationTest","testByPointsToCenterAllGrid"
"","0","testGroup","","Wed Jul 08 16:02:44 UTC 2026","skipped","Wed Jul 08 16:02:44 UTC 2026","","eu.esdihumboldt.cst.internal.ConceptualSchemaTransformerTest","eu.esdihumboldt.cst.internal.ConceptualSchemaTransformerTest","testGroup"
"","10148","gstringIntercepted","","Wed Jul 08 16:13:10 UTC 2026","passed","Wed Jul 08 16:13:20 UTC 2026","","eu.esdihumboldt.util.groovy.sandbox.test.internal.GroovySandboxTest","eu.esdihumboldt.util.groovy.sandbox.test.internal.GroovySandboxTest","gstringIntercepted"
"","0","testGeometryFlippedOnCRS","","Wed Jul 08 16:12:49 UTC 2026","passed","Wed Jul 08 16:12:49 UTC 2026","","eu.esdihumboldt.util.geometry.WindingOrderTest","eu.esdihumboldt.util.geometry.WindingOrderTest","testGeometryFlippedOnCRS"
"","90","testClassification3","","Wed Jul 08 16:02:57 UTC 2026","passed","Wed Jul 08 16:02:57 UTC 2026","","eu.esdihumboldt.cst.internal.ConceptualSchemaTransformerTest","eu.esdihumboldt.cst.internal.ConceptualSchemaTransformerTest","testClassification3"
"","13482","migrateRenameFormattedString","","Wed Jul 08 16:04:05 UTC 2026","passed","Wed Jul 08 16:04:18 UTC 2026","","eu.esdihumboldt.hale.adv.merge.test.AdVMeasurementMergeTest","eu.esdihumboldt.hale.adv.merge.test.AdVMeasurementMergeTest","migrateRenameFormattedString"
"","29","testSinglePolyGeometryWithLongAlphanumericNamesWithMultipleInstances","","Wed Jul 08 16:10:50 UTC 2026","passed","Wed Jul 08 16:10:50 UTC 2026","","eu.esdihumboldt.hale.io.shp.ShapefileInstanceWriterTest","eu.esdihumboldt.hale.io.shp.ShapefileInstanceWriterTest","testSinglePolyGeometryWithLongAlphanumericNamesWithMultipleInstances"
"","0","testGeoCross","","Wed Jul 08 15:59:48 UTC 2026","skipped","Wed Jul 08 15:59:48 UTC 2026","","eu.esdihumboldt.hale.common.filter.CQLFilterTest","eu.esdihumboldt.hale.common.filter.CQLFilterTest","testGeoCross"
"","203","testSqlQuery","","Wed Jul 08 16:13:28 UTC 2026","passed","Wed Jul 08 16:13:28 UTC 2026","","eu.esdihumboldt.util.orient.embedded.LocalDocumentTest","eu.esdihumboldt.util.orient.embedded.LocalDocumentTest","testSqlQuery"
"","102","testStructuralRename2","","Wed Jul 08 16:02:59 UTC 2026","passed","Wed Jul 08 16:03:00 UTC 2026","","eu.esdihumboldt.cst.internal.ConceptualSchemaTransformerTest","eu.esdihumboldt.cst.internal.ConceptualSchemaTransformerTest","testStructuralRename2"
"","31","testCallClosure","","Wed Jul 08 16:07:00 UTC 2026","passed","Wed Jul 08 16:07:00 UTC 2026","","eu.esdihumboldt.hale.io.groovy.snippets.GroovySnippetsTest","eu.esdihumboldt.hale.io.groovy.snippets.GroovySnippetsTest","testCallClosure"
"","6","testSpecifyTypeGeojson","","Wed Jul 08 16:09:38 UTC 2026","passed","Wed Jul 08 16:09:38 UTC 2026","","eu.esdihumboldt.hale.io.json.test.JsonToInstanceTest","eu.esdihumboldt.hale.io.json.test.JsonToInstanceTest","testSpecifyTypeGeojson"
"","210","testNotes1","","Wed Jul 08 15:58:48 UTC 2026","passed","Wed Jul 08 15:58:48 UTC 2026","","eu.esdihumboldt.hale.common.align.merge.test.impl.DefaultMergeCellMigratorTest","eu.esdihumboldt.hale.common.align.merge.test.impl.DefaultMergeCellMigratorTest","testNotes1"
"","24","testRead_definitive_annotated","","Wed Jul 08 16:12:08 UTC 2026","passed","Wed Jul 08 16:12:08 UTC 2026","","eu.esdihumboldt.hale.io.xsd.reader.XmlSchemaReaderTest","eu.esdihumboldt.hale.io.xsd.reader.XmlSchemaReaderTest","testRead_definitive_annotated"
"","6","test90Deegrees","","Wed Jul 08 16:12:50 UTC 2026","passed","Wed Jul 08 16:12:50 UTC 2026","","eu.esdihumboldt.util.geometry.interpolation.split.SplitInterpolationTest","eu.esdihumboldt.util.geometry.interpolation.split.SplitInterpolationTest","test90Deegrees"
"","560","testGmlIndependent","","Wed Jul 08 16:00:21 UTC 2026","passed","Wed Jul 08 16:00:22 UTC 2026","","eu.esdihumboldt.hale.common.instance.graph.test.ReferenceGraphTest","eu.esdihumboldt.hale.common.instance.graph.test.ReferenceGraphTest","testGmlIndependent"
"","9","testSKOSFromRDF4_language_en","","Wed Jul 08 16:04:25 UTC 2026","passed","Wed Jul 08 16:04:25 UTC 2026","","eu.esdihumboldt.hale.io.codelist.skos.test.SkosCodeListTest","eu.esdihumboldt.hale.io.codelist.skos.test.SkosCodeListTest","testSKOSFromRDF4_language_en"
"","7","testBefore","","Wed Jul 08 15:59:48 UTC 2026","passed","Wed Jul 08 15:59:48 UTC 2026","","eu.esdihumboldt.hale.common.filter.CQLFilterTest","eu.esdihumboldt.hale.common.filter.CQLFilterTest","testBefore"
"","599","testWfsPaginationInstanceContent","","Wed Jul 08 16:06:20 UTC 2026","passed","Wed Jul 08 16:06:20 UTC 2026","","eu.esdihumboldt.hale.io.gml.reader.internal.StreamGmlReaderTest","eu.esdihumboldt.hale.io.gml.reader.internal.StreamGmlReaderTest","testWfsPaginationInstanceContent"
"","132","testImplicitAssign","","Wed Jul 08 16:02:57 UTC 2026","passed","Wed Jul 08 16:02:57 UTC 2026","","eu.esdihumboldt.cst.internal.ConceptualSchemaTransformerTest","eu.esdihumboldt.cst.internal.ConceptualSchemaTransformerTest","testImplicitAssign"
"","220","testTypeFilter6Present","","Wed Jul 08 15:58:47 UTC 2026","passed","Wed Jul 08 15:58:47 UTC 2026","","eu.esdihumboldt.hale.common.align.merge.test.impl.DefaultMergeCellMigratorTest","eu.esdihumboldt.hale.common.align.merge.test.impl.DefaultMergeCellMigratorTest","testTypeFilter6Present"
"","308","testWfsPaginationBasinFeatures","","Wed Jul 08 16:06:19 UTC 2026","passed","Wed Jul 08 16:06:19 UTC 2026","","eu.esdihumboldt.hale.io.gml.reader.internal.StreamGmlReaderTest","eu.esdihumboldt.hale.io.gml.reader.internal.StreamGmlReaderTest","testWfsPaginationBasinFeatures"
"","3","testTrueFalse","","Wed Jul 08 16:01:50 UTC 2026","passed","Wed Jul 08 16:01:50 UTC 2026","","eu.esdihumboldt.hale.common.schema.groovy.constraints.AugmentedValueFactoryTest","eu.esdihumboldt.hale.common.schema.groovy.constraints.AugmentedValueFactoryTest","testTrueFalse"
"","59","testConsumeList","","Wed Jul 08 16:04:00 UTC 2026","passed","Wed Jul 08 16:04:00 UTC 2026","","eu.esdihumboldt.cst.functions.groovy.helpers.util.CollectorTest","eu.esdihumboldt.cst.functions.groovy.helpers.util.CollectorTest","testConsumeList"
"","369","testGeometryAggregate_32_Point","","Wed Jul 08 16:06:39 UTC 2026","passed","Wed Jul 08 16:06:39 UTC 2026","","eu.esdihumboldt.hale.io.gml.writer.internal.StreamGmlWriterTest","eu.esdihumboldt.hale.io.gml.writer.internal.StreamGmlWriterTest","testGeometryAggregate_32_Point"
"","88","testSimpleAssign","","Wed Jul 08 16:02:58 UTC 2026","passed","Wed Jul 08 16:02:58 UTC 2026","","eu.esdihumboldt.cst.internal.ConceptualSchemaTransformerTest","eu.esdihumboldt.cst.internal.ConceptualSchemaTransformerTest","testSimpleAssign"
"","0","testAschemaReader","","Wed Jul 08 16:07:43 UTC 2026","skipped","Wed Jul 08 16:07:43 UTC 2026","","eu.esdihumboldt.hale.io.jdbc.mssql.test.MsSQLServer14Test","eu.esdihumboldt.hale.io.jdbc.mssql.test.MsSQLServer14Test","testAschemaReader"
"","11996","test1","","Wed Jul 08 16:02:12 UTC 2026","passed","Wed Jul 08 16:02:24 UTC 2026","","eu.esdihumboldt.hale.common.service.helper.test.PopulationCountTest","eu.esdihumboldt.hale.common.service.helper.test.PopulationCountTest","test1"
"","7","testPropertyType","","Wed Jul 08 16:11:47 UTC 2026","passed","Wed Jul 08 16:11:47 UTC 2026","","eu.esdihumboldt.hale.io.xls.test.reader.XLSReaderTest","eu.esdihumboldt.hale.io.xls.test.reader.XLSReaderTest","testPropertyType"
"","8","testRootArrayObjectNestedPrettyPrint","","Wed Jul 08 16:13:05 UTC 2026","passed","Wed Jul 08 16:13:05 UTC 2026","","eu.esdihumboldt.util.groovy.json.JsonStreamBuilderTest","eu.esdihumboldt.util.groovy.json.JsonStreamBuilderTest","testRootArrayObjectNestedPrettyPrint"
"","26","testLoadMixed","","Wed Jul 08 16:05:42 UTC 2026","passed","Wed Jul 08 16:05:42 UTC 2026","","eu.esdihumboldt.hale.io.gml.reader.internal.GmlInstanceCollectionTest","eu.esdihumboldt.hale.io.gml.reader.internal.GmlInstanceCollectionTest","testLoadMixed"
"","0","testQ3","","Wed Jul 08 16:12:50 UTC 2026","passed","Wed Jul 08 16:12:50 UTC 2026","","eu.esdihumboldt.util.geometry.interpolation.grid.GridUtilTest","eu.esdihumboldt.util.geometry.interpolation.grid.GridUtilTest","testQ3"
"","85","testRegexAnalysis","","Wed Jul 08 16:02:59 UTC 2026","passed","Wed Jul 08 16:02:59 UTC 2026","","eu.esdihumboldt.cst.internal.ConceptualSchemaTransformerTest","eu.esdihumboldt.cst.internal.ConceptualSchemaTransformerTest","testRegexAnalysis"
"","16099","testReadInstancesXSDQualified","","Wed Jul 08 16:05:03 UTC 2026","passed","Wed Jul 08 16:05:19 UTC 2026","","eu.esdihumboldt.hale.io.geopackage.GeopackageInstanceReaderTest","eu.esdihumboldt.hale.io.geopackage.GeopackageInstanceReaderTest","testReadInstancesXSDQualified"
"","4","testNumberString","","Wed Jul 08 15:59:49 UTC 2026","passed","Wed Jul 08 15:59:49 UTC 2026","","eu.esdihumboldt.hale.common.filter.CQLFilterTest","eu.esdihumboldt.hale.common.filter.CQLFilterTest","testNumberString"
"","141","testOverwriteFailsWhenFileCannotBeDeleted","","Wed Jul 08 16:05:25 UTC 2026","passed","Wed Jul 08 16:05:25 UTC 2026","","eu.esdihumboldt.hale.io.geopackage.GeopackageInstanceWriterTest","eu.esdihumboldt.hale.io.geopackage.GeopackageInstanceWriterTest","testOverwriteFailsWhenFileCannotBeDeleted"
"","0","testSubfolder2","","Wed Jul 08 15:59:19 UTC 2026","passed","Wed Jul 08 15:59:19 UTC 2026","","eu.esdihumboldt.hale.common.core.io.PathUpdateTest","eu.esdihumboldt.hale.common.core.io.PathUpdateTest","testSubfolder2"
"","13","testValuesAllowOthers","","Wed Jul 08 16:01:34 UTC 2026","passed","Wed Jul 08 16:01:34 UTC 2026","","eu.esdihumboldt.hale.common.schema.model.constraint.factory.type.EnumerationFactoryTest","eu.esdihumboldt.hale.common.schema.model.constraint.factory.type.EnumerationFactoryTest","testValuesAllowOthers"
"","241","mergeRenameFormattedString","","Wed Jul 08 16:04:19 UTC 2026","passed","Wed Jul 08 16:04:19 UTC 2026","","eu.esdihumboldt.hale.adv.merge.test.AdVMeasurementMergeTest","eu.esdihumboldt.hale.adv.merge.test.AdVMeasurementMergeTest","mergeRenameFormattedString"
"","0","testCMUnion1","","Wed Jul 08 16:02:47 UTC 2026","skipped","Wed Jul 08 16:02:47 UTC 2026","","eu.esdihumboldt.cst.internal.ConceptualSchemaTransformerTest","eu.esdihumboldt.cst.internal.ConceptualSchemaTransformerTest","testCMUnion1"
"","5","testRange","","Wed Jul 08 16:01:50 UTC 2026","passed","Wed Jul 08 16:01:50 UTC 2026","","eu.esdihumboldt.hale.common.schema.groovy.constraints.EnumerationFactoryTest","eu.esdihumboldt.hale.common.schema.groovy.constraints.EnumerationFactoryTest","testRange"
"","2","testNumberProperty","","Wed Jul 08 16:09:38 UTC 2026","passed","Wed Jul 08 16:09:38 UTC 2026","","eu.esdihumboldt.hale.io.json.test.JsonSchemaReaderTest","eu.esdihumboldt.hale.io.json.test.JsonSchemaReaderTest","testNumberProperty"
"","4","testInstanceNullSchema","","Wed Jul 08 15:59:49 UTC 2026","passed","Wed Jul 08 15:59:49 UTC 2026","","eu.esdihumboldt.hale.common.filter.ECQLFilterTest","eu.esdihumboldt.hale.common.filter.ECQLFilterTest","testInstanceNullSchema"
"","199","testInnerJoin","","Wed Jul 08 16:02:48 UTC 2026","passed","Wed Jul 08 16:02:48 UTC 2026","","eu.esdihumboldt.cst.internal.ConceptualSchemaTransformerTest","eu.esdihumboldt.cst.internal.ConceptualSchemaTransformerTest","testInnerJoin"
"","3132","testFiltersForMultiType4","","Wed Jul 08 15:57:05 UTC 2026","passed","Wed Jul 08 15:57:09 UTC 2026","","eu.esdihumboldt.hale.app.transform.test.ExecuteTest","eu.esdihumboldt.hale.app.transform.test.ExecuteTest","testFiltersForMultiType4"
"","4","testInstanceValueNullSchema","","Wed Jul 08 15:59:49 UTC 2026","passed","Wed Jul 08 15:59:49 UTC 2026","","eu.esdihumboldt.hale.common.filter.ECQLFilterTest","eu.esdihumboldt.hale.common.filter.ECQLFilterTest","testInstanceValueNullSchema"
"","34","testNullMixed","","Wed Jul 08 16:00:39 UTC 2026","passed","Wed Jul 08 16:00:39 UTC 2026","","eu.esdihumboldt.hale.common.instance.groovy.InstanceAccessorTest","eu.esdihumboldt.hale.common.instance.groovy.InstanceAccessorTest","testNullMixed"
"","6","testLikeList","","Wed Jul 08 15:59:48 UTC 2026","passed","Wed Jul 08 15:59:48 UTC 2026","","eu.esdihumboldt.hale.common.filter.CQLFilterTest","eu.esdihumboldt.hale.common.filter.CQLFilterTest","testLikeList"
"","328","testGeometryAggregate_32_MultiLineString","","Wed Jul 08 16:06:40 UTC 2026","passed","Wed Jul 08 16:06:41 UTC 2026","","eu.esdihumboldt.hale.io.gml.writer.internal.StreamGmlWriterTest","eu.esdihumboldt.hale.io.gml.writer.internal.StreamGmlWriterTest","testGeometryAggregate_32_MultiLineString"
"","0","testNull","","Wed Jul 08 16:00:39 UTC 2026","passed","Wed Jul 08 16:00:39 UTC 2026","","eu.esdihumboldt.hale.common.instance.groovy.InstanceAccessorTest","eu.esdihumboldt.hale.common.instance.groovy.InstanceAccessorTest","testNull"
"","284","testValueListValueListJson","","Wed Jul 08 15:59:30 UTC 2026","passed","Wed Jul 08 15:59:31 UTC 2026","","eu.esdihumboldt.hale.common.core.io.impl.ValueListTypeTest","eu.esdihumboldt.hale.common.core.io.impl.ValueListTypeTest","testValueListValueListJson"
"","56","testWriteMultiSchemas","","Wed Jul 08 16:10:47 UTC 2026","passed","Wed Jul 08 16:10:47 UTC 2026","","eu.esdihumboldt.hale.io.shp.ShapefileInstanceWriterTest","eu.esdihumboldt.hale.io.shp.ShapefileInstanceWriterTest","testWriteMultiSchemas"
"","1","testValueProperties","","Wed Jul 08 15:59:31 UTC 2026","passed","Wed Jul 08 15:59:31 UTC 2026","","eu.esdihumboldt.hale.common.core.io.impl.ValuePropertiesTypeTest","eu.esdihumboldt.hale.common.core.io.impl.ValuePropertiesTypeTest","testValueProperties"
"","27","testMetaClass","","Wed Jul 08 15:58:19 UTC 2026","passed","Wed Jul 08 15:58:19 UTC 2026","","eu.esdihumboldt.hale.common.align.groovy.accessor.EntityAccessorTest","eu.esdihumboldt.hale.common.align.groovy.accessor.EntityAccessorTest","testMetaClass"
"","0","testCurve2","","Wed Jul 08 16:03:36 UTC 2026","passed","Wed Jul 08 16:03:36 UTC 2026","","eu.esdihumboldt.cst.functions.geometric.test.InteriorPointTest","eu.esdihumboldt.cst.functions.geometric.test.InteriorPointTest","testCurve2"
"","2","testCW2","","Wed Jul 08 16:12:50 UTC 2026","passed","Wed Jul 08 16:12:50 UTC 2026","","eu.esdihumboldt.util.geometry.interpolation.model.impl.ArcByCenterPointImplTest","eu.esdihumboldt.util.geometry.interpolation.model.impl.ArcByCenterPointImplTest","testCW2"
"","3","testNumberBetween","","Wed Jul 08 15:59:49 UTC 2026","passed","Wed Jul 08 15:59:49 UTC 2026","","eu.esdihumboldt.hale.common.filter.ECQLFilterTest","eu.esdihumboldt.hale.common.filter.ECQLFilterTest","testNumberBetween"
"","9582","testEqualitySimple","","Wed Jul 08 15:59:37 UTC 2026","passed","Wed Jul 08 15:59:47 UTC 2026","","eu.esdihumboldt.hale.common.filter.CQLFilterTest","eu.esdihumboldt.hale.common.filter.CQLFilterTest","testEqualitySimple"
"","201","testPersonWriteValidate","","Wed Jul 08 16:02:07 UTC 2026","passed","Wed Jul 08 16:02:07 UTC 2026","","eu.esdihumboldt.hale.common.schema.persist.hsd.test.json.HaleSchemaWriterJsonTest","eu.esdihumboldt.hale.common.schema.persist.hsd.test.json.HaleSchemaWriterJsonTest","testPersonWriteValidate"
"","13","testReadSimpleChoice","","Wed Jul 08 16:09:38 UTC 2026","passed","Wed Jul 08 16:09:38 UTC 2026","","eu.esdihumboldt.hale.io.json.test.JsonToInstanceTest","eu.esdihumboldt.hale.io.json.test.JsonToInstanceTest","testReadSimpleChoice"
"","23","testJsonBuilderSameNameFail","","Wed Jul 08 16:13:05 UTC 2026","passed","Wed Jul 08 16:13:05 UTC 2026","","eu.esdihumboldt.util.groovy.json.JsonStreamBuilderTest","eu.esdihumboldt.util.groovy.json.JsonStreamBuilderTest","testJsonBuilderSameNameFail"
"","21","testReadVersion3","","Wed Jul 08 16:09:15 UTC 2026","passed","Wed Jul 08 16:09:15 UTC 2026","","eu.esdihumboldt.hale.io.jdbc.spatialite.reader.internal.SpatiaLiteSchemaReaderTest","eu.esdihumboldt.hale.io.jdbc.spatialite.reader.internal.SpatiaLiteSchemaReaderTest","testReadVersion3"
"","1","testLimit","","Wed Jul 08 15:59:32 UTC 2026","passed","Wed Jul 08 15:59:32 UTC 2026","","eu.esdihumboldt.hale.common.core.io.supplier.LookupStreamResourceTest","eu.esdihumboldt.hale.common.core.io.supplier.LookupStreamResourceTest","testLimit"
"","0","testBeforeList","","Wed Jul 08 15:59:49 UTC 2026","skipped","Wed Jul 08 15:59:49 UTC 2026","","eu.esdihumboldt.hale.common.filter.ECQLFilterTest","eu.esdihumboldt.hale.common.filter.ECQLFilterTest","testBeforeList"
"","32","testLoadAllGroup","","Wed Jul 08 16:05:38 UTC 2026","passed","Wed Jul 08 16:05:38 UTC 2026","","eu.esdihumboldt.hale.io.gml.reader.internal.GmlInstanceCollectionTest","eu.esdihumboldt.hale.io.gml.reader.internal.GmlInstanceCollectionTest","testLoadAllGroup"
"","0","testSample1","","Wed Jul 08 16:12:50 UTC 2026","passed","Wed Jul 08 16:12:50 UTC 2026","","eu.esdihumboldt.util.geometry.interpolation.grid.GridUtilTest","eu.esdihumboldt.util.geometry.interpolation.grid.GridUtilTest","testSample1"
"","0","testQ1","","Wed Jul 08 16:12:50 UTC 2026","passed","Wed Jul 08 16:12:50 UTC 2026","","eu.esdihumboldt.util.geometry.interpolation.grid.GridUtilTest","eu.esdihumboldt.util.geometry.interpolation.grid.GridUtilTest","testQ1"
"","10187","testFindPropertyIgnoreNamespace","","Wed Jul 08 16:01:22 UTC 2026","passed","Wed Jul 08 16:01:32 UTC 2026","","eu.esdihumboldt.hale.common.schema.helper.DefinitionResolverTest","eu.esdihumboldt.hale.common.schema.helper.DefinitionResolverTest","testFindPropertyIgnoreNamespace"
"","103","testSimpleMerge","","Wed Jul 08 16:02:56 UTC 2026","passed","Wed Jul 08 16:02:57 UTC 2026","","eu.esdihumboldt.cst.internal.ConceptualSchemaTransformerTest","eu.esdihumboldt.cst.internal.ConceptualSchemaTransformerTest","testSimpleMerge"
"","5","testMerge3","","Wed Jul 08 15:59:32 UTC 2026","passed","Wed Jul 08 15:59:32 UTC 2026","","eu.esdihumboldt.hale.common.core.report.util.StatsMergeTest","eu.esdihumboldt.hale.common.core.report.util.StatsMergeTest","testMerge3"
"","69","testWfsResolvedepthResponseStructure","","Wed Jul 08 16:06:21 UTC 2026","passed","Wed Jul 08 16:06:21 UTC 2026","","eu.esdihumboldt.hale.io.gml.reader.internal.StreamGmlReaderTest","eu.esdihumboldt.hale.io.gml.reader.internal.StreamGmlReaderTest","testWfsResolvedepthResponseStructure"
"","59","testWriteSimpleSchemaColOrder","","Wed Jul 08 16:04:50 UTC 2026","passed","Wed Jul 08 16:04:50 UTC 2026","","eu.esdihumboldt.hale.io.csv.writer.CSVInstanceWriterTest","eu.esdihumboldt.hale.io.csv.writer.CSVInstanceWriterTest","testWriteSimpleSchemaColOrder"
"","19","testEnabled","","Wed Jul 08 16:01:35 UTC 2026","passed","Wed Jul 08 16:01:35 UTC 2026","","eu.esdihumboldt.hale.common.schema.model.constraint.factory.type.SkipValidationFactoryTest","eu.esdihumboldt.hale.common.schema.model.constraint.factory.type.SkipValidationFactoryTest","testEnabled"
"","27","testRead_shiporder_divided","","Wed Jul 08 16:12:08 UTC 2026","passed","Wed Jul 08 16:12:08 UTC 2026","","eu.esdihumboldt.hale.io.xsd.reader.XmlSchemaReaderTest","eu.esdihumboldt.hale.io.xsd.reader.XmlSchemaReaderTest","testRead_shiporder_divided"
"","32","testGmlReferencesMultiPart","","Wed Jul 08 16:00:23 UTC 2026","passed","Wed Jul 08 16:00:23 UTC 2026","","eu.esdihumboldt.hale.common.instance.graph.test.ReferenceGraphTest","eu.esdihumboldt.hale.common.instance.graph.test.ReferenceGraphTest","testGmlReferencesMultiPart"
"","1","testHttpAbsolute1","","Wed Jul 08 16:12:06 UTC 2026","passed","Wed Jul 08 16:12:06 UTC 2026","","eu.esdihumboldt.hale.io.xsd.reader.HumboldtURIResolverTest","eu.esdihumboldt.hale.io.xsd.reader.HumboldtURIResolverTest","testHttpAbsolute1"
"","0","testFormatter[6]","","Wed Jul 08 16:12:45 UTC 2026","passed","Wed Jul 08 16:12:45 UTC 2026","","eu.esdihumboldt.util.geometry.DecimalFormatUtilTest","eu.esdihumboldt.util.geometry.DecimalFormatUtilTest","testFormatter[6]"
"","3373","testArgsFileForHydro","","Wed Jul 08 15:57:28 UTC 2026","passed","Wed Jul 08 15:57:31 UTC 2026","","eu.esdihumboldt.hale.app.transform.test.ExecuteTest","eu.esdihumboldt.hale.app.transform.test.ExecuteTest","testArgsFileForHydro"
"","8","testReadEmptySheet","","Wed Jul 08 16:11:47 UTC 2026","passed","Wed Jul 08 16:11:47 UTC 2026","","eu.esdihumboldt.hale.io.xls.test.reader.XLSReaderTest","eu.esdihumboldt.hale.io.xls.test.reader.XLSReaderTest","testReadEmptySheet"
"","176","testThread","","Wed Jul 08 16:13:27 UTC 2026","passed","Wed Jul 08 16:13:27 UTC 2026","","eu.esdihumboldt.util.orient.embedded.LocalDocumentTest","eu.esdihumboldt.util.orient.embedded.LocalDocumentTest","testThread"
"","3351","testArgsFileForMultiTypesSource","","Wed Jul 08 15:56:27 UTC 2026","passed","Wed Jul 08 15:56:30 UTC 2026","","eu.esdihumboldt.hale.app.transform.test.ExecuteTest","eu.esdihumboldt.hale.app.transform.test.ExecuteTest","testArgsFileForMultiTypesSource"
"","85","testBuilder","","Wed Jul 08 16:12:51 UTC 2026","passed","Wed Jul 08 16:12:52 UTC 2026","","eu.esdihumboldt.util.geometry.quadtree.QuadtreeTest","eu.esdihumboldt.util.geometry.quadtree.QuadtreeTest","testBuilder"
"","540","testSaveLoad","","Wed Jul 08 15:57:48 UTC 2026","passed","Wed Jul 08 15:57:48 UTC 2026","","eu.esdihumboldt.hale.common.align.io.CastorAlignmentIOTest","eu.esdihumboldt.hale.common.align.io.CastorAlignmentIOTest","testSaveLoad"
"","0","testLoadShiporderCQL","","Wed Jul 08 15:59:52 UTC 2026","skipped","Wed Jul 08 15:59:52 UTC 2026","","eu.esdihumboldt.hale.common.filter.FilterTest","eu.esdihumboldt.hale.common.filter.FilterTest","testLoadShiporderCQL"
"","8","testInstanceNoValueNullSchema","","Wed Jul 08 15:59:48 UTC 2026","passed","Wed Jul 08 15:59:48 UTC 2026","","eu.esdihumboldt.hale.common.filter.CQLFilterTest","eu.esdihumboldt.hale.common.filter.CQLFilterTest","testInstanceNoValueNullSchema"
"","6","testLoopArrayTypeSafe","","Wed Jul 08 16:13:05 UTC 2026","passed","Wed Jul 08 16:13:05 UTC 2026","","eu.esdihumboldt.util.groovy.json.JsonStreamBuilderTest","eu.esdihumboldt.util.groovy.json.JsonStreamBuilderTest","testLoopArrayTypeSafe"
"","5","testReadString","","Wed Jul 08 16:09:38 UTC 2026","passed","Wed Jul 08 16:09:38 UTC 2026","","eu.esdihumboldt.hale.io.json.test.JsonToInstanceTest","eu.esdihumboldt.hale.io.json.test.JsonToInstanceTest","testReadString"
"","13829","testSha256_String","","Wed Jul 08 16:03:45 UTC 2026","passed","Wed Jul 08 16:03:59 UTC 2026","","eu.esdihumboldt.cst.functions.groovy.helpers.CryptoHelpersTest","eu.esdihumboldt.cst.functions.groovy.helpers.CryptoHelpersTest","testSha256_String"
"","30","testReadXsdInstancesTypenameAmbiguousLocalNameWithNamespace2","","Wed Jul 08 16:10:41 UTC 2026","passed","Wed Jul 08 16:10:41 UTC 2026","","eu.esdihumboldt.hale.io.shp.ShapeInstanceReaderTest","eu.esdihumboldt.hale.io.shp.ShapeInstanceReaderTest","testReadXsdInstancesTypenameAmbiguousLocalNameWithNamespace2"
"","33","testRead_definitive_chapter03","","Wed Jul 08 16:12:08 UTC 2026","passed","Wed Jul 08 16:12:08 UTC 2026","","eu.esdihumboldt.hale.io.xsd.reader.XmlSchemaReaderTest","eu.esdihumboldt.hale.io.xsd.reader.XmlSchemaReaderTest","testRead_definitive_chapter03"
"","5","testMultipleProperties","","Wed Jul 08 16:09:38 UTC 2026","passed","Wed Jul 08 16:09:38 UTC 2026","","eu.esdihumboldt.hale.io.json.test.JsonSchemaReaderTest","eu.esdihumboldt.hale.io.json.test.JsonSchemaReaderTest","testMultipleProperties"
"","95","testCMUnion5","","Wed Jul 08 16:02:58 UTC 2026","passed","Wed Jul 08 16:02:58 UTC 2026","","eu.esdihumboldt.cst.internal.ConceptualSchemaTransformerTest","eu.esdihumboldt.cst.internal.ConceptualSchemaTransformerTest","testCMUnion5"
"","93","testStructuralRename3","","Wed Jul 08 16:03:00 UTC 2026","passed","Wed Jul 08 16:03:00 UTC 2026","","eu.esdihumboldt.cst.internal.ConceptualSchemaTransformerTest","eu.esdihumboldt.cst.internal.ConceptualSchemaTransformerTest","testStructuralRename3"
"","0","testComplexWrite","","Wed Jul 08 16:13:28 UTC 2026","skipped","Wed Jul 08 16:13:28 UTC 2026","","eu.esdihumboldt.util.orient.embedded.LocalDocumentTest","eu.esdihumboldt.util.orient.embedded.LocalDocumentTest","testComplexWrite"
"","21","testReadPointGeoJson","","Wed Jul 08 16:09:38 UTC 2026","passed","Wed Jul 08 16:09:38 UTC 2026","","eu.esdihumboldt.hale.io.json.test.JsonToInstanceTest","eu.esdihumboldt.hale.io.json.test.JsonToInstanceTest","testReadPointGeoJson"
"","7","testGeoBbox","","Wed Jul 08 15:59:49 UTC 2026","passed","Wed Jul 08 15:59:49 UTC 2026","","eu.esdihumboldt.hale.common.filter.ECQLFilterTest","eu.esdihumboldt.hale.common.filter.ECQLFilterTest","testGeoBbox"
"","2","testCW1","","Wed Jul 08 16:12:50 UTC 2026","passed","Wed Jul 08 16:12:50 UTC 2026","","eu.esdihumboldt.util.geometry.interpolation.model.impl.ArcByCenterPointImplTest","eu.esdihumboldt.util.geometry.interpolation.model.impl.ArcByCenterPointImplTest","testCW1"
"","0","testGeometryFlippedOnNULLCRS","","Wed Jul 08 16:12:49 UTC 2026","passed","Wed Jul 08 16:12:49 UTC 2026","","eu.esdihumboldt.util.geometry.WindingOrderTest","eu.esdihumboldt.util.geometry.WindingOrderTest","testGeometryFlippedOnNULLCRS"
"","4","testEqualitySimpleNoSchema","","Wed Jul 08 15:59:48 UTC 2026","passed","Wed Jul 08 15:59:48 UTC 2026","","eu.esdihumboldt.hale.common.filter.CQLFilterTest","eu.esdihumboldt.hale.common.filter.CQLFilterTest","testEqualitySimpleNoSchema"
"","4","testJsonBuilderRawJson","","Wed Jul 08 16:13:05 UTC 2026","passed","Wed Jul 08 16:13:05 UTC 2026","","eu.esdihumboldt.util.groovy.json.JsonStreamBuilderTest","eu.esdihumboldt.util.groovy.json.JsonStreamBuilderTest","testJsonBuilderRawJson"
"","45","testWriteMultipleGeometries","","Wed Jul 08 16:10:50 UTC 2026","passed","Wed Jul 08 16:10:50 UTC 2026","","eu.esdihumboldt.hale.io.shp.ShapefileInstanceWriterTest","eu.esdihumboldt.hale.io.shp.ShapefileInstanceWriterTest","testWriteMultipleGeometries"
"","4059","testExcludeTypeForHydro","","Wed Jul 08 15:57:16 UTC 2026","passed","Wed Jul 08 15:57:20 UTC 2026","","eu.esdihumboldt.hale.app.transform.test.ExecuteTest","eu.esdihumboldt.hale.app.transform.test.ExecuteTest","testExcludeTypeForHydro"
"","2","eu.esdihumboldt.util.blueprints.entities.test.VertexEntityTransformationTest","","Wed Jul 08 16:12:16 UTC 2026","skipped","Wed Jul 08 16:12:16 UTC 2026","","eu.esdihumboldt.util.blueprints.entities.test.VertexEntityTransformationTest","eu.esdihumboldt.util.blueprints.entities.test.VertexEntityTransformationTest","eu.esdihumboldt.util.blueprints.entities.test.VertexEntityTransformationTest"
"","18010","testReadShapeInstances","","Wed Jul 08 16:10:11 UTC 2026","passed","Wed Jul 08 16:10:29 UTC 2026","","eu.esdihumboldt.hale.io.shp.ShapeInstanceReaderTest","eu.esdihumboldt.hale.io.shp.ShapeInstanceReaderTest","testReadShapeInstances"
"","15","testBackwardCompatibilityRead","","Wed Jul 08 16:11:47 UTC 2026","passed","Wed Jul 08 16:11:47 UTC 2026","","eu.esdihumboldt.hale.io.xls.test.reader.XLSReaderTest","eu.esdihumboldt.hale.io.xls.test.reader.XLSReaderTest","testBackwardCompatibilityRead"
"","346","testMatchCondition1","","Wed Jul 08 15:58:43 UTC 2026","passed","Wed Jul 08 15:58:43 UTC 2026","","eu.esdihumboldt.hale.common.align.merge.test.impl.DefaultMergeCellMigratorTest","eu.esdihumboldt.hale.common.align.merge.test.impl.DefaultMergeCellMigratorTest","testMatchCondition1"
"","103","testSqlQuery","","Wed Jul 08 16:13:28 UTC 2026","passed","Wed Jul 08 16:13:28 UTC 2026","","eu.esdihumboldt.util.orient.embedded.MemoryDocumentTest","eu.esdihumboldt.util.orient.embedded.MemoryDocumentTest","testSqlQuery"
"","104","testCMMulti3","","Wed Jul 08 16:02:58 UTC 2026","passed","Wed Jul 08 16:02:58 UTC 2026","","eu.esdihumboldt.cst.internal.ConceptualSchemaTransformerTest","eu.esdihumboldt.cst.internal.ConceptualSchemaTransformerTest","testCMMulti3"
"","0","testInputLookupAndConsume","","Wed Jul 08 15:59:32 UTC 2026","passed","Wed Jul 08 15:59:32 UTC 2026","","eu.esdihumboldt.hale.common.core.io.supplier.LookupStreamResourceTest","eu.esdihumboldt.hale.common.core.io.supplier.LookupStreamResourceTest","testInputLookupAndConsume"
"","1","testFormatter[2]","","Wed Jul 08 16:12:45 UTC 2026","passed","Wed Jul 08 16:12:45 UTC 2026","","eu.esdihumboldt.util.geometry.DecimalFormatUtilTest","eu.esdihumboldt.util.geometry.DecimalFormatUtilTest","testFormatter[2]"
"","13","testNestedDefaultProperties","","Wed Jul 08 16:01:50 UTC 2026","passed","Wed Jul 08 16:01:50 UTC 2026","","eu.esdihumboldt.hale.common.schema.groovy.SchemaBuilderTest","eu.esdihumboldt.hale.common.schema.groovy.SchemaBuilderTest","testNestedDefaultProperties"
"","127","testMethodCallWithNamedArguments","","Wed Jul 08 16:13:05 UTC 2026","passed","Wed Jul 08 16:13:05 UTC 2026","","eu.esdihumboldt.util.groovy.json.JsonStreamBuilderTest","eu.esdihumboldt.util.groovy.json.JsonStreamBuilderTest","testMethodCallWithNamedArguments"
"","267","testReadForceDefaultType","","Wed Jul 08 16:09:38 UTC 2026","passed","Wed Jul 08 16:09:38 UTC 2026","","eu.esdihumboldt.hale.io.json.test.JsonInstanceReaderTest","eu.esdihumboldt.hale.io.json.test.JsonInstanceReaderTest","testReadForceDefaultType"
"","4","testStringBetween","","Wed Jul 08 15:59:48 UTC 2026","passed","Wed Jul 08 15:59:48 UTC 2026","","eu.esdihumboldt.hale.common.filter.CQLFilterTest","eu.esdihumboldt.hale.common.filter.CQLFilterTest","testStringBetween"
"","16103","testWriteTopoJson","","Wed Jul 08 16:10:56 UTC 2026","passed","Wed Jul 08 16:11:12 UTC 2026","","eu.esdihumboldt.hale.io.topojson.test.TopoJsonInstanceWriterTest","eu.esdihumboldt.hale.io.topojson.test.TopoJsonInstanceWriterTest","testWriteTopoJson"
"","17","testReadVersion4","","Wed Jul 08 16:09:15 UTC 2026","passed","Wed Jul 08 16:09:15 UTC 2026","","eu.esdihumboldt.hale.io.jdbc.spatialite.reader.internal.SpatiaLiteInstanceReaderTest","eu.esdihumboldt.hale.io.jdbc.spatialite.reader.internal.SpatiaLiteInstanceReaderTest","testReadVersion4"
"","5","testByPoints1AllGrid","","Wed Jul 08 16:12:50 UTC 2026","passed","Wed Jul 08 16:12:50 UTC 2026","","eu.esdihumboldt.util.geometry.interpolation.grid.GridInterpolationTest","eu.esdihumboldt.util.geometry.interpolation.grid.GridInterpolationTest","testByPoints1AllGrid"
"","6","testComplexStructureFromTheGuardian","","Wed Jul 08 16:13:05 UTC 2026","passed","Wed Jul 08 16:13:05 UTC 2026","","eu.esdihumboldt.util.groovy.json.JsonStreamBuilderTest","eu.esdihumboldt.util.groovy.json.JsonStreamBuilderTest","testComplexStructureFromTheGuardian"
"","1","testStreetHole","","Wed Jul 08 16:03:36 UTC 2026","passed","Wed Jul 08 16:03:36 UTC 2026","","eu.esdihumboldt.cst.functions.geometric.test.InteriorPointTest","eu.esdihumboldt.cst.functions.geometric.test.InteriorPointTest","testStreetHole"
"","3","testTypeBinding","","Wed Jul 08 16:01:34 UTC 2026","passed","Wed Jul 08 16:01:34 UTC 2026","","eu.esdihumboldt.hale.common.schema.model.constraint.factory.type.ElementTypeFactoryTest","eu.esdihumboldt.hale.common.schema.model.constraint.factory.type.ElementTypeFactoryTest","testTypeBinding"
"","4","testFixed","","Wed Jul 08 16:01:50 UTC 2026","passed","Wed Jul 08 16:01:50 UTC 2026","","eu.esdihumboldt.hale.common.schema.groovy.constraints.CardinalityFactoryTest","eu.esdihumboldt.hale.common.schema.groovy.constraints.CardinalityFactoryTest","testFixed"
"","106","testSimpleComplex","","Wed Jul 08 16:02:59 UTC 2026","passed","Wed Jul 08 16:02:59 UTC 2026","","eu.esdihumboldt.cst.internal.ConceptualSchemaTransformerTest","eu.esdihumboldt.cst.internal.ConceptualSchemaTransformerTest","testSimpleComplex"
"","7","testReadComplex","","Wed Jul 08 16:09:38 UTC 2026","passed","Wed Jul 08 16:09:38 UTC 2026","","eu.esdihumboldt.hale.io.json.test.JsonToInstanceTest","eu.esdihumboldt.hale.io.json.test.JsonToInstanceTest","testReadComplex"
"","55","testWriteBigNumbers","","Wed Jul 08 16:05:25 UTC 2026","passed","Wed Jul 08 16:05:25 UTC 2026","","eu.esdihumboldt.hale.io.geopackage.GeopackageInstanceWriterTest","eu.esdihumboldt.hale.io.geopackage.GeopackageInstanceWriterTest","testWriteBigNumbers"
"","24","testClass","","Wed Jul 08 16:01:50 UTC 2026","passed","Wed Jul 08 16:01:50 UTC 2026","","eu.esdihumboldt.hale.common.schema.groovy.constraints.BindingFactoryTest","eu.esdihumboldt.hale.common.schema.groovy.constraints.BindingFactoryTest","testClass"
"","244","testWriteRead","","Wed Jul 08 16:02:07 UTC 2026","passed","Wed Jul 08 16:02:07 UTC 2026","","eu.esdihumboldt.hale.common.schema.persist.hsd.test.json.HaleSchemaWriterJsonTest","eu.esdihumboldt.hale.common.schema.persist.hsd.test.json.HaleSchemaWriterJsonTest","testWriteRead"
"","131","testRetypeConditionRenameTypeFilteredTranslated","","Wed Jul 08 15:58:52 UTC 2026","passed","Wed Jul 08 15:58:52 UTC 2026","","eu.esdihumboldt.hale.common.align.merge.test.impl.JoinRetainConditionsTest","eu.esdihumboldt.hale.common.align.merge.test.impl.JoinRetainConditionsTest","testRetypeConditionRenameTypeFilteredTranslated"
"","8","testReadDefaultTypeOverride","","Wed Jul 08 16:09:38 UTC 2026","passed","Wed Jul 08 16:09:38 UTC 2026","","eu.esdihumboldt.hale.io.json.test.JsonInstanceReaderTest","eu.esdihumboldt.hale.io.json.test.JsonInstanceReaderTest","testReadDefaultTypeOverride"
"","14","testReadModeDefault","","Wed Jul 08 16:09:38 UTC 2026","passed","Wed Jul 08 16:09:38 UTC 2026","","eu.esdihumboldt.hale.io.json.test.JsonInstanceReaderTest","eu.esdihumboldt.hale.io.json.test.JsonInstanceReaderTest","testReadModeDefault"
"","91","testTriangle","","Wed Jul 08 16:03:35 UTC 2026","passed","Wed Jul 08 16:03:36 UTC 2026","","eu.esdihumboldt.cst.functions.geometric.test.InteriorPointTest","eu.esdihumboldt.cst.functions.geometric.test.InteriorPointTest","testTriangle"
"","182","testValueMapJson","","Wed Jul 08 15:59:31 UTC 2026","passed","Wed Jul 08 15:59:31 UTC 2026","","eu.esdihumboldt.hale.common.core.io.impl.ValueMapTypeTest","eu.esdihumboldt.hale.common.core.io.impl.ValueMapTypeTest","testValueMapJson"
"","0","testSimple","","Wed Jul 08 15:59:19 UTC 2026","passed","Wed Jul 08 15:59:19 UTC 2026","","eu.esdihumboldt.hale.common.core.io.PathUpdateTest","eu.esdihumboldt.hale.common.core.io.PathUpdateTest","testSimple"
"","306","testDoesNotExistSchema","","Wed Jul 08 15:59:48 UTC 2026","passed","Wed Jul 08 15:59:48 UTC 2026","","eu.esdihumboldt.hale.common.filter.CQLFilterTest","eu.esdihumboldt.hale.common.filter.CQLFilterTest","testDoesNotExistSchema"
"","84","testPropertyFilter","","Wed Jul 08 16:02:59 UTC 2026","passed","Wed Jul 08 16:02:59 UTC 2026","","eu.esdihumboldt.cst.internal.ConceptualSchemaTransformerTest","eu.esdihumboldt.cst.internal.ConceptualSchemaTransformerTest","testPropertyFilter"
"","1","testRead2","","Wed Jul 08 16:04:38 UTC 2026","passed","Wed Jul 08 16:04:38 UTC 2026","","eu.esdihumboldt.hale.io.csv.CSVSchemaReaderTest","eu.esdihumboldt.hale.io.csv.CSVSchemaReaderTest","testRead2"
"","14","testDefault","","Wed Jul 08 16:01:34 UTC 2026","passed","Wed Jul 08 16:01:34 UTC 2026","","eu.esdihumboldt.hale.common.schema.model.constraint.factory.property.ChoiceFlagFactoryTest","eu.esdihumboldt.hale.common.schema.model.constraint.factory.property.ChoiceFlagFactoryTest","testDefault"
"","395","testGeometryPrimitive_32_MultiPolygon_WindingOrder_CCW","","Wed Jul 08 16:06:40 UTC 2026","passed","Wed Jul 08 16:06:40 UTC 2026","","eu.esdihumboldt.hale.io.gml.writer.internal.StreamGmlWriterTest","eu.esdihumboldt.hale.io.gml.writer.internal.StreamGmlWriterTest","testGeometryPrimitive_32_MultiPolygon_WindingOrder_CCW"
"","9","testSKOSFromRDF4_language_nl","","Wed Jul 08 16:04:25 UTC 2026","passed","Wed Jul 08 16:04:25 UTC 2026","","eu.esdihumboldt.hale.io.codelist.skos.test.SkosCodeListTest","eu.esdihumboldt.hale.io.codelist.skos.test.SkosCodeListTest","testSKOSFromRDF4_language_nl"
"","204","testNotes2","","Wed Jul 08 15:58:48 UTC 2026","passed","Wed Jul 08 15:58:49 UTC 2026","","eu.esdihumboldt.hale.common.align.merge.test.impl.DefaultMergeCellMigratorTest","eu.esdihumboldt.hale.common.align.merge.test.impl.DefaultMergeCellMigratorTest","testNotes2"
"","10","testSKOSFromRDF5_language_nl","","Wed Jul 08 16:04:25 UTC 2026","passed","Wed Jul 08 16:04:25 UTC 2026","","eu.esdihumboldt.hale.io.codelist.skos.test.SkosCodeListTest","eu.esdihumboldt.hale.io.codelist.skos.test.SkosCodeListTest","testSKOSFromRDF5_language_nl"
"","4353","testLoadFilterNoDuplicates","","Wed Jul 08 16:05:38 UTC 2026","passed","Wed Jul 08 16:05:42 UTC 2026","","eu.esdihumboldt.hale.io.gml.reader.internal.GmlInstanceCollectionTest","eu.esdihumboldt.hale.io.gml.reader.internal.GmlInstanceCollectionTest","testLoadFilterNoDuplicates"
"","128","migrateRenameFormattedString","","Wed Jul 08 15:58:49 UTC 2026","passed","Wed Jul 08 15:58:49 UTC 2026","","eu.esdihumboldt.hale.common.align.merge.test.impl.FormattedStringMergeTest","eu.esdihumboldt.hale.common.align.merge.test.impl.FormattedStringMergeTest","migrateRenameFormattedString"
"","3805","testLoadImgeo_Scheiding","","Wed Jul 08 16:05:34 UTC 2026","passed","Wed Jul 08 16:05:38 UTC 2026","","eu.esdihumboldt.hale.io.gml.reader.internal.GmlInstanceCollectionTest","eu.esdihumboldt.hale.io.gml.reader.internal.GmlInstanceCollectionTest","testLoadImgeo_Scheiding"
"","0","testPropertyMerge","","Wed Jul 08 16:02:56 UTC 2026","skipped","Wed Jul 08 16:02:56 UTC 2026","","eu.esdihumboldt.cst.internal.ConceptualSchemaTransformerTest","eu.esdihumboldt.cst.internal.ConceptualSchemaTransformerTest","testPropertyMerge"
"","3","testValues","","Wed Jul 08 16:01:34 UTC 2026","passed","Wed Jul 08 16:01:34 UTC 2026","","eu.esdihumboldt.hale.common.schema.model.constraint.factory.type.EnumerationFactoryTest","eu.esdihumboldt.hale.common.schema.model.constraint.factory.type.EnumerationFactoryTest","testValues"
"","2","testCircle","","Wed Jul 08 16:12:50 UTC 2026","passed","Wed Jul 08 16:12:50 UTC 2026","","eu.esdihumboldt.util.geometry.interpolation.model.impl.ArcByPointsImplTest","eu.esdihumboldt.util.geometry.interpolation.model.impl.ArcByPointsImplTest","testCircle"
"","4","testGetReferencesSimple","","Wed Jul 08 15:59:49 UTC 2026","passed","Wed Jul 08 15:59:49 UTC 2026","","eu.esdihumboldt.hale.common.filter.ECQLFilterTest","eu.esdihumboldt.hale.common.filter.ECQLFilterTest","testGetReferencesSimple"
"","25","testOffsetCircle","","Wed Jul 08 16:12:50 UTC 2026","passed","Wed Jul 08 16:12:50 UTC 2026","","eu.esdihumboldt.util.geometry.interpolation.split.SplitInterpolationTest","eu.esdihumboldt.util.geometry.interpolation.split.SplitInterpolationTest","testOffsetCircle"
"","5","testByPoints3","","Wed Jul 08 16:12:50 UTC 2026","passed","Wed Jul 08 16:12:50 UTC 2026","","eu.esdihumboldt.util.geometry.interpolation.grid.GridInterpolationTest","eu.esdihumboldt.util.geometry.interpolation.grid.GridInterpolationTest","testByPoints3"
"","127","testPropertyJoin","","Wed Jul 08 16:02:58 UTC 2026","passed","Wed Jul 08 16:02:59 UTC 2026","","eu.esdihumboldt.cst.internal.ConceptualSchemaTransformerTest","eu.esdihumboldt.cst.internal.ConceptualSchemaTransformerTest","testPropertyJoin"
"","82","testBaseAlignmentSaveLoad","","Wed Jul 08 15:58:01 UTC 2026","passed","Wed Jul 08 15:58:01 UTC 2026","","eu.esdihumboldt.hale.common.align.io.JaxbAlignmentIOTest","eu.esdihumboldt.hale.common.align.io.JaxbAlignmentIOTest","testBaseAlignmentSaveLoad"
"","1","testDefault","","Wed Jul 08 16:01:35 UTC 2026","passed","Wed Jul 08 16:01:35 UTC 2026","","eu.esdihumboldt.hale.common.schema.model.constraint.factory.type.MappableFlagFactoryTest","eu.esdihumboldt.hale.common.schema.model.constraint.factory.type.MappableFlagFactoryTest","testDefault"
"","0","testUnifyWOHoles","","Wed Jul 08 16:12:49 UTC 2026","passed","Wed Jul 08 16:12:49 UTC 2026","","eu.esdihumboldt.util.geometry.WindingOrderTest","eu.esdihumboldt.util.geometry.WindingOrderTest","testUnifyWOHoles"
"","931","testSkipFeatureCollection","","Wed Jul 08 16:09:36 UTC 2026","passed","Wed Jul 08 16:09:37 UTC 2026","","eu.esdihumboldt.hale.io.json.test.JsonInstanceCollectionTest","eu.esdihumboldt.hale.io.json.test.JsonInstanceCollectionTest","testSkipFeatureCollection"
"","208","testMergeMultiPropKeyWithComplexAtt","","Wed Jul 08 16:02:46 UTC 2026","passed","Wed Jul 08 16:02:46 UTC 2026","","eu.esdihumboldt.cst.internal.ConceptualSchemaTransformerTest","eu.esdihumboldt.cst.internal.ConceptualSchemaTransformerTest","testMergeMultiPropKeyWithComplexAtt"
"","4","testExampleFromTheGep7Page","","Wed Jul 08 16:13:05 UTC 2026","passed","Wed Jul 08 16:13:05 UTC 2026","","eu.esdihumboldt.util.groovy.json.JsonStreamBuilderTest","eu.esdihumboldt.util.groovy.json.JsonStreamBuilderTest","testExampleFromTheGep7Page"
"","80","testRTreeSpatialIndexCreation","","Wed Jul 08 16:05:26 UTC 2026","passed","Wed Jul 08 16:05:26 UTC 2026","","eu.esdihumboldt.hale.io.geopackage.GeopackageInstanceWriterTest","eu.esdihumboldt.hale.io.geopackage.GeopackageInstanceWriterTest","testRTreeSpatialIndexCreation"
"","660","testExportPropertyJoin","","Wed Jul 08 16:07:24 UTC 2026","passed","Wed Jul 08 16:07:25 UTC 2026","","eu.esdihumboldt.hale.io.html.svg.json.JsonMappingExporterTest","eu.esdihumboldt.hale.io.html.svg.json.JsonMappingExporterTest","testExportPropertyJoin"
"","472","testReadInstancesXsdGmlConflict","","Wed Jul 08 16:05:23 UTC 2026","passed","Wed Jul 08 16:05:23 UTC 2026","","eu.esdihumboldt.hale.io.geopackage.GeopackageInstanceReaderTest","eu.esdihumboldt.hale.io.geopackage.GeopackageInstanceReaderTest","testReadInstancesXsdGmlConflict"
"","4","testNullList","","Wed Jul 08 15:59:49 UTC 2026","passed","Wed Jul 08 15:59:49 UTC 2026","","eu.esdihumboldt.hale.common.filter.ECQLFilterTest","eu.esdihumboldt.hale.common.filter.ECQLFilterTest","testNullList"
"","21","testLoopArrayPrettyPrint","","Wed Jul 08 16:13:05 UTC 2026","passed","Wed Jul 08 16:13:05 UTC 2026","","eu.esdihumboldt.util.groovy.json.JsonStreamBuilderTest","eu.esdihumboldt.util.groovy.json.JsonStreamBuilderTest","testLoopArrayPrettyPrint"
"","11","testNumberBetweenList","","Wed Jul 08 15:59:48 UTC 2026","passed","Wed Jul 08 15:59:48 UTC 2026","","eu.esdihumboldt.hale.common.filter.CQLFilterTest","eu.esdihumboldt.hale.common.filter.CQLFilterTest","testNumberBetweenList"
"","0","testUnifyMultiPolygon","","Wed Jul 08 16:12:49 UTC 2026","passed","Wed Jul 08 16:12:49 UTC 2026","","eu.esdihumboldt.util.geometry.WindingOrderTest","eu.esdihumboldt.util.geometry.WindingOrderTest","testUnifyMultiPolygon"
"","393","testReadXsdInstancesName","","Wed Jul 08 16:10:39 UTC 2026","passed","Wed Jul 08 16:10:39 UTC 2026","","eu.esdihumboldt.hale.io.shp.ShapeInstanceReaderTest","eu.esdihumboldt.hale.io.shp.ShapeInstanceReaderTest","testReadXsdInstancesName"
"","94","test2","","Wed Jul 08 16:02:25 UTC 2026","passed","Wed Jul 08 16:02:25 UTC 2026","","eu.esdihumboldt.hale.common.service.helper.test.PopulationCountTest","eu.esdihumboldt.hale.common.service.helper.test.PopulationCountTest","test2"
"","126","testRetypeConditionRenameTypeInherited","","Wed Jul 08 15:58:52 UTC 2026","passed","Wed Jul 08 15:58:52 UTC 2026","","eu.esdihumboldt.hale.common.align.merge.test.impl.JoinRetainConditionsTest","eu.esdihumboldt.hale.common.align.merge.test.impl.JoinRetainConditionsTest","testRetypeConditionRenameTypeInherited"
"","0","testOrigin","","Wed Jul 08 16:12:50 UTC 2026","passed","Wed Jul 08 16:12:50 UTC 2026","","eu.esdihumboldt.util.geometry.interpolation.grid.GridUtilTest","eu.esdihumboldt.util.geometry.interpolation.grid.GridUtilTest","testOrigin"
"","3242","simpleSchemaWriteTest","","Wed Jul 08 16:10:47 UTC 2026","passed","Wed Jul 08 16:10:50 UTC 2026","","eu.esdihumboldt.hale.io.shp.ShapefileInstanceWriterTest","eu.esdihumboldt.hale.io.shp.ShapefileInstanceWriterTest","simpleSchemaWriteTest"
"","158","testFilterSame2","","Wed Jul 08 15:58:44 UTC 2026","passed","Wed Jul 08 15:58:44 UTC 2026","","eu.esdihumboldt.hale.common.align.merge.test.impl.DefaultMergeCellMigratorTest","eu.esdihumboldt.hale.common.align.merge.test.impl.DefaultMergeCellMigratorTest","testFilterSame2"
"","1","testFormatter[5]","","Wed Jul 08 16:12:45 UTC 2026","passed","Wed Jul 08 16:12:45 UTC 2026","","eu.esdihumboldt.util.geometry.DecimalFormatUtilTest","eu.esdihumboldt.util.geometry.DecimalFormatUtilTest","testFormatter[5]"
"","11","testReadMultiPoint","","Wed Jul 08 16:09:39 UTC 2026","passed","Wed Jul 08 16:09:39 UTC 2026","","eu.esdihumboldt.hale.io.json.test.JsonToInstanceTest","eu.esdihumboldt.hale.io.json.test.JsonToInstanceTest","testReadMultiPoint"
"","11","testGeoJsonSimpleMoreThan_14","","Wed Jul 08 16:09:36 UTC 2026","passed","Wed Jul 08 16:09:36 UTC 2026","","eu.esdihumboldt.hale.io.json.test.InstanceToJsonTest","eu.esdihumboldt.hale.io.json.test.InstanceToJsonTest","testGeoJsonSimpleMoreThan_14"
"","291","testGroovy3","","Wed Jul 08 16:02:48 UTC 2026","passed","Wed Jul 08 16:02:48 UTC 2026","","eu.esdihumboldt.cst.internal.ConceptualSchemaTransformerTest","eu.esdihumboldt.cst.internal.ConceptualSchemaTransformerTest","testGroovy3"
"","0","testSimpleContentAttribute","","Wed Jul 08 16:02:56 UTC 2026","skipped","Wed Jul 08 16:02:56 UTC 2026","","eu.esdihumboldt.cst.internal.ConceptualSchemaTransformerTest","eu.esdihumboldt.cst.internal.ConceptualSchemaTransformerTest","testSimpleContentAttribute"
"","84","testCMUnion4","","Wed Jul 08 16:02:58 UTC 2026","passed","Wed Jul 08 16:02:58 UTC 2026","","eu.esdihumboldt.cst.internal.ConceptualSchemaTransformerTest","eu.esdihumboldt.cst.internal.ConceptualSchemaTransformerTest","testCMUnion4"
"","313","testGeometryPrimitive_32_MultiPolygon","","Wed Jul 08 16:06:41 UTC 2026","passed","Wed Jul 08 16:06:42 UTC 2026","","eu.esdihumboldt.hale.io.gml.writer.internal.StreamGmlWriterTest","eu.esdihumboldt.hale.io.gml.writer.internal.StreamGmlWriterTest","testGeometryPrimitive_32_MultiPolygon"
"","701","testWriteRead","","Wed Jul 08 16:02:06 UTC 2026","passed","Wed Jul 08 16:02:07 UTC 2026","","eu.esdihumboldt.hale.common.schema.persist.hsd.test.HaleSchemaWriterTest","eu.esdihumboldt.hale.common.schema.persist.hsd.test.HaleSchemaWriterTest","testWriteRead"
"","8","testNumber","","Wed Jul 08 15:59:48 UTC 2026","passed","Wed Jul 08 15:59:48 UTC 2026","","eu.esdihumboldt.hale.common.filter.CQLFilterTest","eu.esdihumboldt.hale.common.filter.CQLFilterTest","testNumber"
"","4","testLikeNoSchema","","Wed Jul 08 15:59:48 UTC 2026","passed","Wed Jul 08 15:59:48 UTC 2026","","eu.esdihumboldt.hale.common.filter.CQLFilterTest","eu.esdihumboldt.hale.common.filter.CQLFilterTest","testLikeNoSchema"
"","1","testGetVersion","","Wed Jul 08 15:59:19 UTC 2026","skipped","Wed Jul 08 15:59:19 UTC 2026","","eu.esdihumboldt.hale.common.core.HalePlatformTest","eu.esdihumboldt.hale.common.core.HalePlatformTest","testGetVersion"
"","152","testGroovyWarningRetype","","Wed Jul 08 15:58:49 UTC 2026","passed","Wed Jul 08 15:58:49 UTC 2026","","eu.esdihumboldt.hale.common.align.merge.test.impl.DefaultMergeCellMigratorTest","eu.esdihumboldt.hale.common.align.merge.test.impl.DefaultMergeCellMigratorTest","testGroovyWarningRetype"
"","30","testReuse","","Wed Jul 08 15:59:19 UTC 2026","passed","Wed Jul 08 15:59:19 UTC 2026","","eu.esdihumboldt.hale.common.core.io.PathUpdateTest","eu.esdihumboldt.hale.common.core.io.PathUpdateTest","testReuse"
"","12","testMerge2","","Wed Jul 08 15:59:32 UTC 2026","passed","Wed Jul 08 15:59:32 UTC 2026","","eu.esdihumboldt.hale.common.core.report.util.StatsMergeTest","eu.esdihumboldt.hale.common.core.report.util.StatsMergeTest","testMerge2"
"","0","testInstanceValueExistsSchema","","Wed Jul 08 15:59:49 UTC 2026","skipped","Wed Jul 08 15:59:49 UTC 2026","","eu.esdihumboldt.hale.common.filter.ECQLFilterTest","eu.esdihumboldt.hale.common.filter.ECQLFilterTest","testInstanceValueExistsSchema"
"","6","testLoad","","Wed Jul 08 16:12:06 UTC 2026","passed","Wed Jul 08 16:12:06 UTC 2026","","eu.esdihumboldt.hale.io.xsd.anytype.valuetypes.CustomTypeContentConfigurationTypeTest","eu.esdihumboldt.hale.io.xsd.anytype.valuetypes.CustomTypeContentConfigurationTypeTest","testLoad"
"","70","testValidators","","Wed Jul 08 16:01:35 UTC 2026","passed","Wed Jul 08 16:01:35 UTC 2026","","eu.esdihumboldt.hale.common.schema.model.constraint.factory.type.ValidationConstraintFactoryTest","eu.esdihumboldt.hale.common.schema.model.constraint.factory.type.ValidationConstraintFactoryTest","testValidators"
"","6","testSimpleAll","","Wed Jul 08 16:01:50 UTC 2026","passed","Wed Jul 08 16:01:50 UTC 2026","","eu.esdihumboldt.hale.common.schema.groovy.DefinitionAccessorTest","eu.esdihumboldt.hale.common.schema.groovy.DefinitionAccessorTest","testSimpleAll"
"","1","testRead3","","Wed Jul 08 16:04:38 UTC 2026","passed","Wed Jul 08 16:04:38 UTC 2026","","eu.esdihumboldt.hale.io.csv.CSVSchemaReaderTest","eu.esdihumboldt.hale.io.csv.CSVSchemaReaderTest","testRead3"
"","1","testDisabled","","Wed Jul 08 16:01:35 UTC 2026","passed","Wed Jul 08 16:01:35 UTC 2026","","eu.esdihumboldt.hale.common.schema.model.constraint.factory.type.HasValueFlagFactoryTest","eu.esdihumboldt.hale.common.schema.model.constraint.factory.type.HasValueFlagFactoryTest","testDisabled"
"","84","testWriteFeatures","","Wed Jul 08 16:05:25 UTC 2026","passed","Wed Jul 08 16:05:26 UTC 2026","","eu.esdihumboldt.hale.io.geopackage.GeopackageInstanceWriterTest","eu.esdihumboldt.hale.io.geopackage.GeopackageInstanceWriterTest","testWriteFeatures"
"","0","testLookupAndConsumeMark","","Wed Jul 08 15:59:32 UTC 2026","passed","Wed Jul 08 15:59:32 UTC 2026","","eu.esdihumboldt.hale.common.core.io.supplier.LookupStreamResourceTest","eu.esdihumboldt.hale.common.core.io.supplier.LookupStreamResourceTest","testLookupAndConsumeMark"
"","0","testLocalING4479","","Wed Jul 08 15:57:31 UTC 2026","skipped","Wed Jul 08 15:57:31 UTC 2026","","eu.esdihumboldt.hale.app.transform.test.ExecuteTest","eu.esdihumboldt.hale.app.transform.test.ExecuteTest","testLocalING4479"
"","6","testNullSchema","","Wed Jul 08 15:59:48 UTC 2026","passed","Wed Jul 08 15:59:48 UTC 2026","","eu.esdihumboldt.hale.common.filter.CQLFilterTest","eu.esdihumboldt.hale.common.filter.CQLFilterTest","testNullSchema"
"","0","testPropertiesMix2","","Wed Jul 08 16:02:49 UTC 2026","skipped","Wed Jul 08 16:02:49 UTC 2026","","eu.esdihumboldt.cst.internal.ConceptualSchemaTransformerTest","eu.esdihumboldt.cst.internal.ConceptualSchemaTransformerTest","testPropertiesMix2"
"","455","testToFrom","","Wed Jul 08 15:58:01 UTC 2026","passed","Wed Jul 08 15:58:01 UTC 2026","","eu.esdihumboldt.hale.common.align.model.functions.join.JoinParameterTest","eu.esdihumboldt.hale.common.align.model.functions.join.JoinParameterTest","testToFrom"
"","0","testIterateRest","","Wed Jul 08 16:00:03 UTC 2026","passed","Wed Jul 08 16:00:03 UTC 2026","","eu.esdihumboldt.hale.common.instance.tools.impl.SimplePartitionerTest","eu.esdihumboldt.hale.common.instance.tools.impl.SimplePartitionerTest","testIterateRest"
"","0","testDirect","","Wed Jul 08 16:06:42 UTC 2026","skipped","Wed Jul 08 16:06:42 UTC 2026","","eu.esdihumboldt.hale.io.gml.writer.internal.geometry.writers.PatternTest","eu.esdihumboldt.hale.io.gml.writer.internal.geometry.writers.PatternTest","testDirect"
"","4","testTimeEquals","","Wed Jul 08 15:59:49 UTC 2026","passed","Wed Jul 08 15:59:49 UTC 2026","","eu.esdihumboldt.hale.common.filter.ECQLFilterTest","eu.esdihumboldt.hale.common.filter.ECQLFilterTest","testTimeEquals"
"","1","testNoGeom","","Wed Jul 08 16:01:35 UTC 2026","passed","Wed Jul 08 16:01:35 UTC 2026","","eu.esdihumboldt.hale.common.schema.model.constraint.factory.type.GeometryTypeFactoryTest","eu.esdihumboldt.hale.common.schema.model.constraint.factory.type.GeometryTypeFactoryTest","testNoGeom"
"","2","testNoBinding","","Wed Jul 08 16:01:34 UTC 2026","passed","Wed Jul 08 16:01:34 UTC 2026","","eu.esdihumboldt.hale.common.schema.model.constraint.factory.type.ElementTypeFactoryTest","eu.esdihumboldt.hale.common.schema.model.constraint.factory.type.ElementTypeFactoryTest","testNoBinding"
"","4230","testEvaluateSuccess1","","Wed Jul 08 15:57:20 UTC 2026","passed","Wed Jul 08 15:57:24 UTC 2026","","eu.esdihumboldt.hale.app.transform.test.ExecuteTest","eu.esdihumboldt.hale.app.transform.test.ExecuteTest","testEvaluateSuccess1"
"","23","testCallBindung","","Wed Jul 08 16:07:00 UTC 2026","passed","Wed Jul 08 16:07:00 UTC 2026","","eu.esdihumboldt.hale.io.groovy.snippets.GroovySnippetsTest","eu.esdihumboldt.hale.io.groovy.snippets.GroovySnippetsTest","testCallBindung"
"","17","testFormatter[0]","","Wed Jul 08 16:12:44 UTC 2026","passed","Wed Jul 08 16:12:44 UTC 2026","","eu.esdihumboldt.util.geometry.DecimalFormatUtilTest","eu.esdihumboldt.util.geometry.DecimalFormatUtilTest","testFormatter[0]"
"","9","testReadSimpleWithDate","","Wed Jul 08 16:11:47 UTC 2026","passed","Wed Jul 08 16:11:47 UTC 2026","","eu.esdihumboldt.hale.io.xls.test.reader.XLSReaderTest","eu.esdihumboldt.hale.io.xls.test.reader.XLSReaderTest","testReadSimpleWithDate"
"","0","testFormatter[7]","","Wed Jul 08 16:12:45 UTC 2026","passed","Wed Jul 08 16:12:45 UTC 2026","","eu.esdihumboldt.util.geometry.DecimalFormatUtilTest","eu.esdihumboldt.util.geometry.DecimalFormatUtilTest","testFormatter[7]"
"","134","testMergeComplexPropKey","","Wed Jul 08 16:02:56 UTC 2026","passed","Wed Jul 08 16:02:56 UTC 2026","","eu.esdihumboldt.cst.internal.ConceptualSchemaTransformerTest","eu.esdihumboldt.cst.internal.ConceptualSchemaTransformerTest","testMergeComplexPropKey"
"","16","testNumberList","","Wed Jul 08 15:59:48 UTC 2026","passed","Wed Jul 08 15:59:48 UTC 2026","","eu.esdihumboldt.hale.common.filter.CQLFilterTest","eu.esdihumboldt.hale.common.filter.CQLFilterTest","testNumberList"
"","0","testOrderCounterClockwise","","Wed Jul 08 16:12:49 UTC 2026","passed","Wed Jul 08 16:12:49 UTC 2026","","eu.esdihumboldt.util.geometry.WindingOrderTest","eu.esdihumboldt.util.geometry.WindingOrderTest","testOrderCounterClockwise"
"","3","testProblemCase","","Wed Jul 08 16:03:36 UTC 2026","passed","Wed Jul 08 16:03:36 UTC 2026","","eu.esdihumboldt.cst.functions.geometric.test.InteriorPointTest","eu.esdihumboldt.cst.functions.geometric.test.InteriorPointTest","testProblemCase"
"","16","testSimpleSchemaNames","","Wed Jul 08 16:01:50 UTC 2026","passed","Wed Jul 08 16:01:50 UTC 2026","","eu.esdihumboldt.hale.common.schema.groovy.SchemaBuilderTest","eu.esdihumboldt.hale.common.schema.groovy.SchemaBuilderTest","testSimpleSchemaNames"
"","149","testLarge","","Wed Jul 08 16:12:50 UTC 2026","passed","Wed Jul 08 16:12:50 UTC 2026","","eu.esdihumboldt.util.geometry.interpolation.grid.GridInterpolationTest","eu.esdihumboldt.util.geometry.interpolation.grid.GridInterpolationTest","testLarge"
"","0","testChoice","","Wed Jul 08 16:02:59 UTC 2026","skipped","Wed Jul 08 16:02:59 UTC 2026","","eu.esdihumboldt.cst.internal.ConceptualSchemaTransformerTest","eu.esdihumboldt.cst.internal.ConceptualSchemaTransformerTest","testChoice"
"","217","testJoinMultiCond_1","","Wed Jul 08 16:03:00 UTC 2026","passed","Wed Jul 08 16:03:00 UTC 2026","","eu.esdihumboldt.cst.internal.ConceptualSchemaTransformerTest","eu.esdihumboldt.cst.internal.ConceptualSchemaTransformerTest","testJoinMultiCond_1"
"","1466","testRequestCache","","Wed Jul 08 15:58:56 UTC 2026","passed","Wed Jul 08 15:58:57 UTC 2026","","eu.esdihumboldt.hale.common.cache.RequestTest","eu.esdihumboldt.hale.common.cache.RequestTest","testRequestCache"
"","0","testText","","Wed Jul 08 16:01:50 UTC 2026","passed","Wed Jul 08 16:01:50 UTC 2026","","eu.esdihumboldt.hale.common.schema.groovy.constraints.CardinalityFactoryTest","eu.esdihumboldt.hale.common.schema.groovy.constraints.CardinalityFactoryTest","testText"
"","2204","testReadMultiSheetTypeSettingsNamedNoGeneralSkip","","Wed Jul 08 16:11:44 UTC 2026","passed","Wed Jul 08 16:11:47 UTC 2026","","eu.esdihumboldt.hale.io.xls.test.reader.XLSReaderTest","eu.esdihumboldt.hale.io.xls.test.reader.XLSReaderTest","testReadMultiSheetTypeSettingsNamedNoGeneralSkip"
"","22","testOverrideBindung","","Wed Jul 08 16:07:01 UTC 2026","passed","Wed Jul 08 16:07:01 UTC 2026","","eu.esdihumboldt.hale.io.groovy.snippets.GroovySnippetsTest","eu.esdihumboldt.hale.io.groovy.snippets.GroovySnippetsTest","testOverrideBindung"
"","29","testRead_definitive_all","","Wed Jul 08 16:12:08 UTC 2026","passed","Wed Jul 08 16:12:08 UTC 2026","","eu.esdihumboldt.hale.io.xsd.reader.XmlSchemaReaderTest","eu.esdihumboldt.hale.io.xsd.reader.XmlSchemaReaderTest","testRead_definitive_all"
"","0","testHalfmoonThin","","Wed Jul 08 16:03:36 UTC 2026","passed","Wed Jul 08 16:03:36 UTC 2026","","eu.esdihumboldt.cst.functions.geometric.test.InteriorPointTest","eu.esdihumboldt.cst.functions.geometric.test.InteriorPointTest","testHalfmoonThin"
"","0","testReverseGroupsKeysBySharedValue","","Wed Jul 08 16:00:58 UTC 2026","passed","Wed Jul 08 16:00:58 UTC 2026","","eu.esdihumboldt.hale.common.lookup.impl.LookupTableImplTest","eu.esdihumboldt.hale.common.lookup.impl.LookupTableImplTest","testReverseGroupsKeysBySharedValue"
"","2","testNotOrigin","","Wed Jul 08 16:12:50 UTC 2026","passed","Wed Jul 08 16:12:50 UTC 2026","","eu.esdihumboldt.util.geometry.interpolation.model.impl.ArcByPointsImplTest","eu.esdihumboldt.util.geometry.interpolation.model.impl.ArcByPointsImplTest","testNotOrigin"
"","3921","testTransform","","Wed Jul 08 15:57:34 UTC 2026","passed","Wed Jul 08 15:57:38 UTC 2026","","eu.esdihumboldt.hale.app.transform.test.ExecuteTest","eu.esdihumboldt.hale.app.transform.test.ExecuteTest","testTransform"
"","1","testStraight","","Wed Jul 08 16:12:50 UTC 2026","passed","Wed Jul 08 16:12:50 UTC 2026","","eu.esdihumboldt.util.geometry.interpolation.model.impl.ArcByPointsImplTest","eu.esdihumboldt.util.geometry.interpolation.model.impl.ArcByPointsImplTest","testStraight"
"","108","testLoadWVA","","Wed Jul 08 16:05:38 UTC 2026","passed","Wed Jul 08 16:05:38 UTC 2026","","eu.esdihumboldt.hale.io.gml.reader.internal.GmlInstanceCollectionTest","eu.esdihumboldt.hale.io.gml.reader.internal.GmlInstanceCollectionTest","testLoadWVA"
"","13","testMerge4","","Wed Jul 08 15:59:32 UTC 2026","passed","Wed Jul 08 15:59:32 UTC 2026","","eu.esdihumboldt.hale.common.core.report.util.StatsMergeTest","eu.esdihumboldt.hale.common.core.report.util.StatsMergeTest","testMerge4"
"","88","testCardinalityMerge_1","","Wed Jul 08 16:02:57 UTC 2026","passed","Wed Jul 08 16:02:57 UTC 2026","","eu.esdihumboldt.cst.internal.ConceptualSchemaTransformerTest","eu.esdihumboldt.cst.internal.ConceptualSchemaTransformerTest","testCardinalityMerge_1"
"","0","testMethodCallWithNamedArgumentsTypeSafe","","Wed Jul 08 16:13:05 UTC 2026","passed","Wed Jul 08 16:13:05 UTC 2026","","eu.esdihumboldt.util.groovy.json.JsonStreamBuilderTest","eu.esdihumboldt.util.groovy.json.JsonStreamBuilderTest","testMethodCallWithNamedArgumentsTypeSafe"
"","83","testMerge","","Wed Jul 08 15:59:32 UTC 2026","passed","Wed Jul 08 15:59:32 UTC 2026","","eu.esdihumboldt.hale.common.core.report.util.StatsMergeTest","eu.esdihumboldt.hale.common.core.report.util.StatsMergeTest","testMerge"
"","169","testFilterSame3","","Wed Jul 08 15:58:44 UTC 2026","passed","Wed Jul 08 15:58:44 UTC 2026","","eu.esdihumboldt.hale.common.align.merge.test.impl.DefaultMergeCellMigratorTest","eu.esdihumboldt.hale.common.align.merge.test.impl.DefaultMergeCellMigratorTest","testFilterSame3"
"","32","testRead_shiporder_types_reverse","","Wed Jul 08 16:12:08 UTC 2026","passed","Wed Jul 08 16:12:08 UTC 2026","","eu.esdihumboldt.hale.io.xsd.reader.XmlSchemaReaderTest","eu.esdihumboldt.hale.io.xsd.reader.XmlSchemaReaderTest","testRead_shiporder_types_reverse"
"","4427","testReproject","","Wed Jul 08 16:03:37 UTC 2026","passed","Wed Jul 08 16:03:42 UTC 2026","","eu.esdihumboldt.cst.functions.geometric.test.reprojectgeometry.ReprojectGeometryTest","eu.esdihumboldt.cst.functions.geometric.test.reprojectgeometry.ReprojectGeometryTest","testReproject"
"","0","testSubfolder","","Wed Jul 08 15:59:19 UTC 2026","passed","Wed Jul 08 15:59:19 UTC 2026","","eu.esdihumboldt.hale.common.core.io.PathUpdateTest","eu.esdihumboldt.hale.common.core.io.PathUpdateTest","testSubfolder"
"","350","testReadJsonArray","","Wed Jul 08 16:09:37 UTC 2026","passed","Wed Jul 08 16:09:37 UTC 2026","","eu.esdihumboldt.hale.io.json.test.JsonInstanceCollectionTest","eu.esdihumboldt.hale.io.json.test.JsonInstanceCollectionTest","testReadJsonArray"
"","164","migrateJoinGroovyRetype","","Wed Jul 08 15:58:50 UTC 2026","passed","Wed Jul 08 15:58:50 UTC 2026","","eu.esdihumboldt.hale.common.align.merge.test.impl.GroovyRetypeMergeTest","eu.esdihumboldt.hale.common.align.merge.test.impl.GroovyRetypeMergeTest","migrateJoinGroovyRetype"
"","7","testReadFirstArray","","Wed Jul 08 16:09:37 UTC 2026","passed","Wed Jul 08 16:09:37 UTC 2026","","eu.esdihumboldt.hale.io.json.test.JsonInstanceCollectionTest","eu.esdihumboldt.hale.io.json.test.JsonInstanceCollectionTest","testReadFirstArray"
"","4630","testStatistics","","Wed Jul 08 15:56:47 UTC 2026","passed","Wed Jul 08 15:56:51 UTC 2026","","eu.esdihumboldt.hale.app.transform.test.ExecuteTest","eu.esdihumboldt.hale.app.transform.test.ExecuteTest","testStatistics"
"","0","testLoadShiporderECQL","","Wed Jul 08 15:59:52 UTC 2026","skipped","Wed Jul 08 15:59:52 UTC 2026","","eu.esdihumboldt.hale.common.filter.FilterTest","eu.esdihumboldt.hale.common.filter.FilterTest","testLoadShiporderECQL"
"","6","testBasicObject","","Wed Jul 08 16:13:05 UTC 2026","passed","Wed Jul 08 16:13:05 UTC 2026","","eu.esdihumboldt.util.groovy.json.JsonStreamBuilderTest","eu.esdihumboldt.util.groovy.json.JsonStreamBuilderTest","testBasicObject"
"","330","testWfsPagination","","Wed Jul 08 16:06:21 UTC 2026","passed","Wed Jul 08 16:06:21 UTC 2026","","eu.esdihumboldt.hale.io.gml.reader.internal.StreamGmlReaderTest","eu.esdihumboldt.hale.io.gml.reader.internal.StreamGmlReaderTest","testWfsPagination"
"","3109","testFiltersForMultiType3","","Wed Jul 08 15:57:02 UTC 2026","passed","Wed Jul 08 15:57:05 UTC 2026","","eu.esdihumboldt.hale.app.transform.test.ExecuteTest","eu.esdihumboldt.hale.app.transform.test.ExecuteTest","testFiltersForMultiType3"
"","76","testTypeFilter","","Wed Jul 08 16:03:00 UTC 2026","passed","Wed Jul 08 16:03:00 UTC 2026","","eu.esdihumboldt.cst.internal.ConceptualSchemaTransformerTest","eu.esdihumboldt.cst.internal.ConceptualSchemaTransformerTest","testTypeFilter"
"","15","testEnabled","","Wed Jul 08 16:01:34 UTC 2026","passed","Wed Jul 08 16:01:34 UTC 2026","","eu.esdihumboldt.hale.common.schema.model.constraint.factory.property.NillableFlagFactoryTest","eu.esdihumboldt.hale.common.schema.model.constraint.factory.property.NillableFlagFactoryTest","testEnabled"
"","16","testReadSchema","","Wed Jul 08 16:05:26 UTC 2026","passed","Wed Jul 08 16:05:26 UTC 2026","","eu.esdihumboldt.hale.io.geopackage.GeopackageSchemaReaderTest","eu.esdihumboldt.hale.io.geopackage.GeopackageSchemaReaderTest","testReadSchema"
"","7","testStringProperty","","Wed Jul 08 16:09:38 UTC 2026","passed","Wed Jul 08 16:09:38 UTC 2026","","eu.esdihumboldt.hale.io.json.test.JsonSchemaReaderTest","eu.esdihumboldt.hale.io.json.test.JsonSchemaReaderTest","testStringProperty"
"","190","mergeJoinGroovyRetype","","Wed Jul 08 15:58:50 UTC 2026","passed","Wed Jul 08 15:58:50 UTC 2026","","eu.esdihumboldt.hale.common.align.merge.test.impl.GroovyRetypeMergeTest","eu.esdihumboldt.hale.common.align.merge.test.impl.GroovyRetypeMergeTest","mergeJoinGroovyRetype"
"","503","testReadVersion3","","Wed Jul 08 16:09:14 UTC 2026","passed","Wed Jul 08 16:09:15 UTC 2026","","eu.esdihumboldt.hale.io.jdbc.spatialite.reader.internal.SpatiaLiteInstanceReaderTest","eu.esdihumboldt.hale.io.jdbc.spatialite.reader.internal.SpatiaLiteInstanceReaderTest","testReadVersion3"
"","4048","testArrayTypes","","Wed Jul 08 16:08:40 UTC 2026","passed","Wed Jul 08 16:08:44 UTC 2026","","eu.esdihumboldt.hale.io.jdbc.postgresql.test.OneDimensionalArraysIT","eu.esdihumboldt.hale.io.jdbc.postgresql.test.OneDimensionalArraysIT","testArrayTypes"
"","497","testGeometryPrimitive_32_Polygon","","Wed Jul 08 16:06:36 UTC 2026","passed","Wed Jul 08 16:06:37 UTC 2026","","eu.esdihumboldt.hale.io.gml.writer.internal.StreamGmlWriterTest","eu.esdihumboldt.hale.io.gml.writer.internal.StreamGmlWriterTest","testGeometryPrimitive_32_Polygon"
"","1","testStreetOuter","","Wed Jul 08 16:03:36 UTC 2026","passed","Wed Jul 08 16:03:36 UTC 2026","","eu.esdihumboldt.cst.functions.geometric.test.InteriorPointTest","eu.esdihumboldt.cst.functions.geometric.test.InteriorPointTest","testStreetOuter"
"","9183","testAccessNullProperties","","Wed Jul 08 16:00:29 UTC 2026","passed","Wed Jul 08 16:00:38 UTC 2026","","eu.esdihumboldt.hale.common.instance.groovy.InstanceAccessorTest","eu.esdihumboldt.hale.common.instance.groovy.InstanceAccessorTest","testAccessNullProperties"
"","2","testDisabled","","Wed Jul 08 16:01:34 UTC 2026","passed","Wed Jul 08 16:01:34 UTC 2026","","eu.esdihumboldt.hale.common.schema.model.constraint.factory.type.AbstractFlagFactoryTest","eu.esdihumboldt.hale.common.schema.model.constraint.factory.type.AbstractFlagFactoryTest","testDisabled"
"","86","testNullValue","","Wed Jul 08 16:03:00 UTC 2026","passed","Wed Jul 08 16:03:00 UTC 2026","","eu.esdihumboldt.cst.internal.ConceptualSchemaTransformerTest","eu.esdihumboldt.cst.internal.ConceptualSchemaTransformerTest","testNullValue"
"","28","testArcStringAllGrid","","Wed Jul 08 16:12:49 UTC 2026","passed","Wed Jul 08 16:12:49 UTC 2026","","eu.esdihumboldt.util.geometry.interpolation.grid.GridInterpolationTest","eu.esdihumboldt.util.geometry.interpolation.grid.GridInterpolationTest","testArcStringAllGrid"
"","358","testWfsPaginationCountWithFeaturesPerRequest","","Wed Jul 08 16:06:21 UTC 2026","passed","Wed Jul 08 16:06:22 UTC 2026","","eu.esdihumboldt.hale.io.gml.reader.internal.StreamGmlReaderTest","eu.esdihumboldt.hale.io.gml.reader.internal.StreamGmlReaderTest","testWfsPaginationCountWithFeaturesPerRequest"
"","18","testGmlReferences","","Wed Jul 08 16:00:23 UTC 2026","passed","Wed Jul 08 16:00:23 UTC 2026","","eu.esdihumboldt.hale.common.instance.graph.test.ReferenceGraphTest","eu.esdihumboldt.hale.common.instance.graph.test.ReferenceGraphTest","testGmlReferences"
"","6","testValuePropertiesList","","Wed Jul 08 15:59:31 UTC 2026","passed","Wed Jul 08 15:59:31 UTC 2026","","eu.esdihumboldt.hale.common.core.io.impl.ValuePropertiesTypeTest","eu.esdihumboldt.hale.common.core.io.impl.ValuePropertiesTypeTest","testValuePropertiesList"
"","1","testDisabled","","Wed Jul 08 16:01:35 UTC 2026","passed","Wed Jul 08 16:01:35 UTC 2026","","eu.esdihumboldt.hale.common.schema.model.constraint.factory.type.SkipValidationFactoryTest","eu.esdihumboldt.hale.common.schema.model.constraint.factory.type.SkipValidationFactoryTest","testDisabled"
"","2147","testInspireCodespaceAutoAddDefault","","Wed Jul 08 16:06:24 UTC 2026","passed","Wed Jul 08 16:06:26 UTC 2026","","eu.esdihumboldt.hale.io.gml.writer.internal.StreamGmlWriter2Test","eu.esdihumboldt.hale.io.gml.writer.internal.StreamGmlWriter2Test","testInspireCodespaceAutoAddDefault"
"","73","testWriteMultiSchemasWithMultiGeom","","Wed Jul 08 16:10:50 UTC 2026","passed","Wed Jul 08 16:10:50 UTC 2026","","eu.esdihumboldt.hale.io.shp.ShapefileInstanceWriterTest","eu.esdihumboldt.hale.io.shp.ShapefileInstanceWriterTest","testWriteMultiSchemasWithMultiGeom"
"","1","testCCW1","","Wed Jul 08 16:12:50 UTC 2026","passed","Wed Jul 08 16:12:50 UTC 2026","","eu.esdihumboldt.util.geometry.interpolation.model.impl.ArcByCenterPointImplTest","eu.esdihumboldt.util.geometry.interpolation.model.impl.ArcByCenterPointImplTest","testCCW1"
"","1","testDefault","","Wed Jul 08 16:01:35 UTC 2026","passed","Wed Jul 08 16:01:35 UTC 2026","","eu.esdihumboldt.hale.common.schema.model.constraint.factory.type.PrimaryKeyFactoryTest","eu.esdihumboldt.hale.common.schema.model.constraint.factory.type.PrimaryKeyFactoryTest","testDefault"
"","6","testNestedListMap2","","Wed Jul 08 16:13:05 UTC 2026","passed","Wed Jul 08 16:13:05 UTC 2026","","eu.esdihumboldt.util.groovy.json.JsonStreamBuilderTest","eu.esdihumboldt.util.groovy.json.JsonStreamBuilderTest","testNestedListMap2"
"","1","testFindPolygons","","Wed Jul 08 16:03:35 UTC 2026","passed","Wed Jul 08 16:03:35 UTC 2026","","eu.esdihumboldt.cst.functions.geometric.test.GeometryHelperFunctionsTest","eu.esdihumboldt.cst.functions.geometric.test.GeometryHelperFunctionsTest","testFindPolygons"
"","120","testMergeMultiPropKey","","Wed Jul 08 16:02:56 UTC 2026","passed","Wed Jul 08 16:02:56 UTC 2026","","eu.esdihumboldt.cst.internal.ConceptualSchemaTransformerTest","eu.esdihumboldt.cst.internal.ConceptualSchemaTransformerTest","testMergeMultiPropKey"
"","101","testLikeSchema","","Wed Jul 08 15:59:48 UTC 2026","passed","Wed Jul 08 15:59:48 UTC 2026","","eu.esdihumboldt.hale.common.filter.CQLFilterTest","eu.esdihumboldt.hale.common.filter.CQLFilterTest","testLikeSchema"
"","1","testFormatter[11]","","Wed Jul 08 16:12:45 UTC 2026","passed","Wed Jul 08 16:12:45 UTC 2026","","eu.esdihumboldt.util.geometry.DecimalFormatUtilTest","eu.esdihumboldt.util.geometry.DecimalFormatUtilTest","testFormatter[11]"
"","31","testRead_definitive_groups","","Wed Jul 08 16:12:08 UTC 2026","passed","Wed Jul 08 16:12:08 UTC 2026","","eu.esdihumboldt.hale.io.xsd.reader.XmlSchemaReaderTest","eu.esdihumboldt.hale.io.xsd.reader.XmlSchemaReaderTest","testRead_definitive_groups"
"","31","testSinglePolyGeometryWithLongAlphanumericNamesWithMultipleInstancesWithMissingData","","Wed Jul 08 16:10:50 UTC 2026","passed","Wed Jul 08 16:10:50 UTC 2026","","eu.esdihumboldt.hale.io.shp.ShapefileInstanceWriterTest","eu.esdihumboldt.hale.io.shp.ShapefileInstanceWriterTest","testSinglePolyGeometryWithLongAlphanumericNamesWithMultipleInstancesWithMissingData"
"","5","testEqualityList","","Wed Jul 08 15:59:49 UTC 2026","passed","Wed Jul 08 15:59:49 UTC 2026","","eu.esdihumboldt.hale.common.filter.ECQLFilterTest","eu.esdihumboldt.hale.common.filter.ECQLFilterTest","testEqualityList"
"","3958","testEvaluateSuccess2","","Wed Jul 08 15:57:24 UTC 2026","passed","Wed Jul 08 15:57:28 UTC 2026","","eu.esdihumboldt.hale.app.transform.test.ExecuteTest","eu.esdihumboldt.hale.app.transform.test.ExecuteTest","testEvaluateSuccess2"
"","1","testLargeArc","","Wed Jul 08 16:12:50 UTC 2026","passed","Wed Jul 08 16:12:50 UTC 2026","","eu.esdihumboldt.util.geometry.interpolation.model.impl.ArcByPointsImplTest","eu.esdihumboldt.util.geometry.interpolation.model.impl.ArcByPointsImplTest","testLargeArc"
"","179","testComplexLookupJson","","Wed Jul 08 16:01:09 UTC 2026","passed","Wed Jul 08 16:01:09 UTC 2026","","eu.esdihumboldt.hale.common.lookup.internal.LookupTableTypeTest","eu.esdihumboldt.hale.common.lookup.internal.LookupTableTypeTest","testComplexLookupJson"
"","6609","testInnerJoinNas","","Wed Jul 08 16:02:49 UTC 2026","passed","Wed Jul 08 16:02:55 UTC 2026","","eu.esdihumboldt.cst.internal.ConceptualSchemaTransformerTest","eu.esdihumboldt.cst.internal.ConceptualSchemaTransformerTest","testInnerJoinNas"
"","0","testFileRelative1","","Wed Jul 08 16:12:06 UTC 2026","passed","Wed Jul 08 16:12:06 UTC 2026","","eu.esdihumboldt.hale.io.xsd.reader.HumboldtURIResolverTest","eu.esdihumboldt.hale.io.xsd.reader.HumboldtURIResolverTest","testFileRelative1"
"","1","simpleFilterTestCQL","","Wed Jul 08 15:59:51 UTC 2026","passed","Wed Jul 08 15:59:51 UTC 2026","","eu.esdihumboldt.hale.common.filter.FilterTest","eu.esdihumboldt.hale.common.filter.FilterTest","simpleFilterTestCQL"
"","1416","testReadXsdInstancesResultPrefix1","","Wed Jul 08 16:10:40 UTC 2026","passed","Wed Jul 08 16:10:41 UTC 2026","","eu.esdihumboldt.hale.io.shp.ShapeInstanceReaderTest","eu.esdihumboldt.hale.io.shp.ShapeInstanceReaderTest","testReadXsdInstancesResultPrefix1"
"","2","testIntKeys","","Wed Jul 08 16:04:00 UTC 2026","passed","Wed Jul 08 16:04:00 UTC 2026","","eu.esdihumboldt.cst.functions.groovy.helpers.util.CollectorTest","eu.esdihumboldt.cst.functions.groovy.helpers.util.CollectorTest","testIntKeys"
"","220","testTypeFilter2PropertyPresent","","Wed Jul 08 15:58:48 UTC 2026","passed","Wed Jul 08 15:58:48 UTC 2026","","eu.esdihumboldt.hale.common.align.merge.test.impl.DefaultMergeCellMigratorTest","eu.esdihumboldt.hale.common.align.merge.test.impl.DefaultMergeCellMigratorTest","testTypeFilter2PropertyPresent"
"","373","basicClassesAllowed","","Wed Jul 08 16:13:21 UTC 2026","passed","Wed Jul 08 16:13:21 UTC 2026","","eu.esdihumboldt.util.groovy.sandbox.test.internal.GroovySandboxTest","eu.esdihumboldt.util.groovy.sandbox.test.internal.GroovySandboxTest","basicClassesAllowed"
"","4","testSKOSFromRDF1","","Wed Jul 08 16:04:25 UTC 2026","passed","Wed Jul 08 16:04:25 UTC 2026","","eu.esdihumboldt.hale.io.codelist.skos.test.SkosCodeListTest","eu.esdihumboldt.hale.io.codelist.skos.test.SkosCodeListTest","testSKOSFromRDF1"
"","27","testConflict","","Wed Jul 08 16:12:41 UTC 2026","passed","Wed Jul 08 16:12:41 UTC 2026","","eu.esdihumboldt.util.config.ConfigTest","eu.esdihumboldt.util.config.ConfigTest","testConflict"
"","6","testConsumeMap","","Wed Jul 08 16:04:00 UTC 2026","passed","Wed Jul 08 16:04:00 UTC 2026","","eu.esdihumboldt.cst.functions.groovy.helpers.util.CollectorTest","eu.esdihumboldt.cst.functions.groovy.helpers.util.CollectorTest","testConsumeMap"
"","42","testEqualitySimple","","Wed Jul 08 15:59:49 UTC 2026","passed","Wed Jul 08 15:59:49 UTC 2026","","eu.esdihumboldt.hale.common.filter.ECQLFilterTest","eu.esdihumboldt.hale.common.filter.ECQLFilterTest","testEqualitySimple"
"","523","testSaveLoad","","Wed Jul 08 15:59:31 UTC 2026","passed","Wed Jul 08 15:59:32 UTC 2026","","eu.esdihumboldt.hale.common.core.io.project.ProjectTest","eu.esdihumboldt.hale.common.core.io.project.ProjectTest","testSaveLoad"
"","45","testWriteSingleCorrectSchemasWithOneMissingGeom","","Wed Jul 08 16:10:50 UTC 2026","passed","Wed Jul 08 16:10:50 UTC 2026","","eu.esdihumboldt.hale.io.shp.ShapefileInstanceWriterTest","eu.esdihumboldt.hale.io.shp.ShapefileInstanceWriterTest","testWriteSingleCorrectSchemasWithOneMissingGeom"
"","85","testFormatstring","","Wed Jul 08 16:02:58 UTC 2026","passed","Wed Jul 08 16:02:58 UTC 2026","","eu.esdihumboldt.cst.internal.ConceptualSchemaTransformerTest","eu.esdihumboldt.cst.internal.ConceptualSchemaTransformerTest","testFormatstring"
"","0","testString","","Wed Jul 08 16:01:34 UTC 2026","passed","Wed Jul 08 16:01:34 UTC 2026","","eu.esdihumboldt.hale.common.schema.model.constraint.factory.type.BindingFactoryTest","eu.esdihumboldt.hale.common.schema.model.constraint.factory.type.BindingFactoryTest","testString"
"","61","testReadMultiSheetDetectType","","Wed Jul 08 16:11:47 UTC 2026","passed","Wed Jul 08 16:11:47 UTC 2026","","eu.esdihumboldt.hale.io.xls.test.reader.XLSReaderTest","eu.esdihumboldt.hale.io.xls.test.reader.XLSReaderTest","testReadMultiSheetDetectType"
"","1","testSuccessSaveConfig","","Wed Jul 08 16:04:55 UTC 2026","skipped","Wed Jul 08 16:04:55 UTC 2026","","eu.esdihumboldt.hale.io.deegree.mapping.MappingWriterTest","eu.esdihumboldt.hale.io.deegree.mapping.MappingWriterTest","testSuccessSaveConfig"
"","0","testRange","","Wed Jul 08 16:01:50 UTC 2026","passed","Wed Jul 08 16:01:50 UTC 2026","","eu.esdihumboldt.hale.common.schema.groovy.constraints.CardinalityFactoryTest","eu.esdihumboldt.hale.common.schema.groovy.constraints.CardinalityFactoryTest","testRange"
"","0","testReverseSkipsNullValues","","Wed Jul 08 16:00:58 UTC 2026","passed","Wed Jul 08 16:00:58 UTC 2026","","eu.esdihumboldt.hale.common.lookup.impl.LookupTableImplTest","eu.esdihumboldt.hale.common.lookup.impl.LookupTableImplTest","testReverseSkipsNullValues"
"","0","testBeforeList","","Wed Jul 08 15:59:48 UTC 2026","skipped","Wed Jul 08 15:59:48 UTC 2026","","eu.esdihumboldt.hale.common.filter.CQLFilterTest","eu.esdihumboldt.hale.common.filter.CQLFilterTest","testBeforeList"
"","19908","testLists","","Wed Jul 08 16:12:20 UTC 2026","passed","Wed Jul 08 16:12:40 UTC 2026","","eu.esdihumboldt.util.config.ConfigMergerTest","eu.esdihumboldt.util.config.ConfigMergerTest","testLists"
"","2074","testComplexInstancesECQL","","Wed Jul 08 15:59:49 UTC 2026","passed","Wed Jul 08 15:59:51 UTC 2026","","eu.esdihumboldt.hale.common.filter.FilterTest","eu.esdihumboldt.hale.common.filter.FilterTest","testComplexInstancesECQL"
"","259","testTypeFilter1","","Wed Jul 08 15:58:45 UTC 2026","passed","Wed Jul 08 15:58:46 UTC 2026","","eu.esdihumboldt.hale.common.align.merge.test.impl.DefaultMergeCellMigratorTest","eu.esdihumboldt.hale.common.align.merge.test.impl.DefaultMergeCellMigratorTest","testTypeFilter1"
"","164","mergeJoinWithRetype","","Wed Jul 08 15:58:47 UTC 2026","passed","Wed Jul 08 15:58:48 UTC 2026","","eu.esdihumboldt.hale.common.align.merge.test.impl.DefaultMergeCellMigratorTest","eu.esdihumboldt.hale.common.align.merge.test.impl.DefaultMergeCellMigratorTest","mergeJoinWithRetype"
"","869","testWfsPaginationWithResolvedepth","","Wed Jul 08 16:06:22 UTC 2026","passed","Wed Jul 08 16:06:23 UTC 2026","","eu.esdihumboldt.hale.io.gml.reader.internal.StreamGmlReaderTest","eu.esdihumboldt.hale.io.gml.reader.internal.StreamGmlReaderTest","testWfsPaginationWithResolvedepth"
"","2","testRootArrayObjectsFail","","Wed Jul 08 16:13:05 UTC 2026","passed","Wed Jul 08 16:13:05 UTC 2026","","eu.esdihumboldt.util.groovy.json.JsonStreamBuilderTest","eu.esdihumboldt.util.groovy.json.JsonStreamBuilderTest","testRootArrayObjectsFail"
"","0","testFileRelative2","","Wed Jul 08 16:12:06 UTC 2026","passed","Wed Jul 08 16:12:06 UTC 2026","","eu.esdihumboldt.hale.io.xsd.reader.HumboldtURIResolverTest","eu.esdihumboldt.hale.io.xsd.reader.HumboldtURIResolverTest","testFileRelative2"
"","7","testEqualityList","","Wed Jul 08 15:59:48 UTC 2026","passed","Wed Jul 08 15:59:48 UTC 2026","","eu.esdihumboldt.hale.common.filter.CQLFilterTest","eu.esdihumboldt.hale.common.filter.CQLFilterTest","testEqualityList"
"","0","testUnifyGeometryCollection","","Wed Jul 08 16:12:49 UTC 2026","passed","Wed Jul 08 16:12:49 UTC 2026","","eu.esdihumboldt.util.geometry.WindingOrderTest","eu.esdihumboldt.util.geometry.WindingOrderTest","testUnifyGeometryCollection"
"","47","testRead","","Wed Jul 08 15:59:31 UTC 2026","passed","Wed Jul 08 15:59:31 UTC 2026","","eu.esdihumboldt.hale.common.core.io.impl.ValueListTypeTest","eu.esdihumboldt.hale.common.core.io.impl.ValueListTypeTest","testRead"
"","0","testLocales2","","Wed Jul 08 15:58:03 UTC 2026","skipped","Wed Jul 08 15:58:03 UTC 2026","","eu.esdihumboldt.hale.common.align.model.impl.mdexpl.MarkdownCellExplanationTest","eu.esdihumboldt.hale.common.align.model.impl.mdexpl.MarkdownCellExplanationTest","testLocales2"
"","2","testRootArrayEmpty","","Wed Jul 08 16:13:05 UTC 2026","passed","Wed Jul 08 16:13:05 UTC 2026","","eu.esdihumboldt.util.groovy.json.JsonStreamBuilderTest","eu.esdihumboldt.util.groovy.json.JsonStreamBuilderTest","testRootArrayEmpty"
"","86","testCMUnion3","","Wed Jul 08 16:02:58 UTC 2026","passed","Wed Jul 08 16:02:58 UTC 2026","","eu.esdihumboldt.cst.internal.ConceptualSchemaTransformerTest","eu.esdihumboldt.cst.internal.ConceptualSchemaTransformerTest","testCMUnion3"
"","8","testReadSingleObject","","Wed Jul 08 16:09:37 UTC 2026","passed","Wed Jul 08 16:09:37 UTC 2026","","eu.esdihumboldt.hale.io.json.test.JsonInstanceCollectionTest","eu.esdihumboldt.hale.io.json.test.JsonInstanceCollectionTest","testReadSingleObject"
"","0","testExistsSchema","","Wed Jul 08 15:59:48 UTC 2026","skipped","Wed Jul 08 15:59:48 UTC 2026","","eu.esdihumboldt.hale.common.filter.CQLFilterTest","eu.esdihumboldt.hale.common.filter.CQLFilterTest","testExistsSchema"
"","1","testDisabled","","Wed Jul 08 16:01:34 UTC 2026","passed","Wed Jul 08 16:01:34 UTC 2026","","eu.esdihumboldt.hale.common.schema.model.constraint.factory.type.AugmentedValueFlagFactoryTest","eu.esdihumboldt.hale.common.schema.model.constraint.factory.type.AugmentedValueFlagFactoryTest","testDisabled"
"","0","testIterate2","","Wed Jul 08 16:00:03 UTC 2026","passed","Wed Jul 08 16:00:03 UTC 2026","","eu.esdihumboldt.hale.common.instance.tools.impl.SimplePartitionerTest","eu.esdihumboldt.hale.common.instance.tools.impl.SimplePartitionerTest","testIterate2"
"","70","testGetReferencesNested","","Wed Jul 08 15:59:48 UTC 2026","passed","Wed Jul 08 15:59:48 UTC 2026","","eu.esdihumboldt.hale.common.filter.CQLFilterTest","eu.esdihumboldt.hale.common.filter.CQLFilterTest","testGetReferencesNested"
"","1","testQ2","","Wed Jul 08 16:12:50 UTC 2026","passed","Wed Jul 08 16:12:50 UTC 2026","","eu.esdihumboldt.util.geometry.interpolation.grid.GridUtilTest","eu.esdihumboldt.util.geometry.interpolation.grid.GridUtilTest","testQ2"
"","1903","testCount","","Wed Jul 08 16:13:25 UTC 2026","passed","Wed Jul 08 16:13:26 UTC 2026","","eu.esdihumboldt.util.orient.embedded.BrowseClassIterateTest","eu.esdihumboldt.util.orient.embedded.BrowseClassIterateTest","testCount"
"","1759","testLoadChoice","","Wed Jul 08 16:05:32 UTC 2026","passed","Wed Jul 08 16:05:33 UTC 2026","","eu.esdihumboldt.hale.io.gml.reader.internal.GmlInstanceCollectionTest","eu.esdihumboldt.hale.io.gml.reader.internal.GmlInstanceCollectionTest","testLoadChoice"
"","181","testInnerJoinFirstLevel","","Wed Jul 08 16:02:56 UTC 2026","passed","Wed Jul 08 16:02:56 UTC 2026","","eu.esdihumboldt.cst.internal.ConceptualSchemaTransformerTest","eu.esdihumboldt.cst.internal.ConceptualSchemaTransformerTest","testInnerJoinFirstLevel"
"","2","testValuePropertiesListJson","","Wed Jul 08 15:59:31 UTC 2026","passed","Wed Jul 08 15:59:31 UTC 2026","","eu.esdihumboldt.hale.common.core.io.impl.ValuePropertiesTypeTest","eu.esdihumboldt.hale.common.core.io.impl.ValuePropertiesTypeTest","testValuePropertiesListJson"
"","3","testElementHasListOfObjects2","","Wed Jul 08 16:13:05 UTC 2026","passed","Wed Jul 08 16:13:05 UTC 2026","","eu.esdihumboldt.util.groovy.json.JsonStreamBuilderTest","eu.esdihumboldt.util.groovy.json.JsonStreamBuilderTest","testElementHasListOfObjects2"
"","149","testReadSimpleArray","","Wed Jul 08 16:09:38 UTC 2026","passed","Wed Jul 08 16:09:38 UTC 2026","","eu.esdihumboldt.hale.io.json.test.JsonToInstanceTest","eu.esdihumboldt.hale.io.json.test.JsonToInstanceTest","testReadSimpleArray"
"","11477","test","","Wed Jul 08 16:11:32 UTC 2026","passed","Wed Jul 08 16:11:44 UTC 2026","","eu.esdihumboldt.hale.io.xls.test.XLSInstanceIOTest","eu.esdihumboldt.hale.io.xls.test.XLSInstanceIOTest","test"
"","45","testGmlOverflow3","","Wed Jul 08 16:00:23 UTC 2026","passed","Wed Jul 08 16:00:23 UTC 2026","","eu.esdihumboldt.hale.common.instance.graph.test.ReferenceGraphTest","eu.esdihumboldt.hale.common.instance.graph.test.ReferenceGraphTest","testGmlOverflow3"
"","6","testGeoJson","","Wed Jul 08 16:09:38 UTC 2026","passed","Wed Jul 08 16:09:38 UTC 2026","","eu.esdihumboldt.hale.io.json.test.JsonSchemaReaderTest","eu.esdihumboldt.hale.io.json.test.JsonSchemaReaderTest","testGeoJson"
"","5","testFindPropertyNamespace","","Wed Jul 08 16:01:33 UTC 2026","passed","Wed Jul 08 16:01:33 UTC 2026","","eu.esdihumboldt.hale.common.schema.helper.DefinitionResolverTest","eu.esdihumboldt.hale.common.schema.helper.DefinitionResolverTest","testFindPropertyNamespace"
"","296","testWfsNonPaginated","","Wed Jul 08 16:06:23 UTC 2026","passed","Wed Jul 08 16:06:23 UTC 2026","","eu.esdihumboldt.hale.io.gml.reader.internal.StreamGmlReaderTest","eu.esdihumboldt.hale.io.gml.reader.internal.StreamGmlReaderTest","testWfsNonPaginated"
"","306","testGroovy2","","Wed Jul 08 16:02:47 UTC 2026","passed","Wed Jul 08 16:02:48 UTC 2026","","eu.esdihumboldt.cst.internal.ConceptualSchemaTransformerTest","eu.esdihumboldt.cst.internal.ConceptualSchemaTransformerTest","testGroovy2"
"","28","testWriteReadDateTime","","Wed Jul 08 16:10:50 UTC 2026","passed","Wed Jul 08 16:10:50 UTC 2026","","eu.esdihumboldt.hale.io.shp.ShapefileInstanceWriterTest","eu.esdihumboldt.hale.io.shp.ShapefileInstanceWriterTest","testWriteReadDateTime"
"","10","testSchemaLessSafeAPI","","Wed Jul 08 16:00:39 UTC 2026","passed","Wed Jul 08 16:00:39 UTC 2026","","eu.esdihumboldt.hale.common.instance.groovy.InstanceBuilderTest","eu.esdihumboldt.hale.common.instance.groovy.InstanceBuilderTest","testSchemaLessSafeAPI"
"","101","testCMMulti4","","Wed Jul 08 16:02:58 UTC 2026","passed","Wed Jul 08 16:02:58 UTC 2026","","eu.esdihumboldt.cst.internal.ConceptualSchemaTransformerTest","eu.esdihumboldt.cst.internal.ConceptualSchemaTransformerTest","testCMMulti4"
"","2431","testReadXsdInstances","","Wed Jul 08 16:10:30 UTC 2026","passed","Wed Jul 08 16:10:32 UTC 2026","","eu.esdihumboldt.hale.io.shp.ShapeInstanceReaderTest","eu.esdihumboldt.hale.io.shp.ShapeInstanceReaderTest","testReadXsdInstances"
"","84","testStructuralRename1","","Wed Jul 08 16:02:59 UTC 2026","passed","Wed Jul 08 16:02:59 UTC 2026","","eu.esdihumboldt.cst.internal.ConceptualSchemaTransformerTest","eu.esdihumboldt.cst.internal.ConceptualSchemaTransformerTest","testStructuralRename1"
"","56","testTemplate","","Wed Jul 08 15:58:03 UTC 2026","passed","Wed Jul 08 15:58:03 UTC 2026","","eu.esdihumboldt.hale.common.align.model.impl.mdexpl.MarkdownCellExplanationTest","eu.esdihumboldt.hale.common.align.model.impl.mdexpl.MarkdownCellExplanationTest","testTemplate"
"","4","testStringBetween","","Wed Jul 08 15:59:49 UTC 2026","passed","Wed Jul 08 15:59:49 UTC 2026","","eu.esdihumboldt.hale.common.filter.ECQLFilterTest","eu.esdihumboldt.hale.common.filter.ECQLFilterTest","testStringBetween"
"","11","testReadArrayNested","","Wed Jul 08 16:09:38 UTC 2026","passed","Wed Jul 08 16:09:38 UTC 2026","","eu.esdihumboldt.hale.io.json.test.JsonToInstanceTest","eu.esdihumboldt.hale.io.json.test.JsonToInstanceTest","testReadArrayNested"
"","2","testElementHasListOfObjects","","Wed Jul 08 16:13:05 UTC 2026","passed","Wed Jul 08 16:13:05 UTC 2026","","eu.esdihumboldt.util.groovy.json.JsonStreamBuilderTest","eu.esdihumboldt.util.groovy.json.JsonStreamBuilderTest","testElementHasListOfObjects"
"","4","testEnabled","","Wed Jul 08 16:01:34 UTC 2026","passed","Wed Jul 08 16:01:34 UTC 2026","","eu.esdihumboldt.hale.common.schema.model.constraint.factory.property.UniqueConstraintFactoryTest","eu.esdihumboldt.hale.common.schema.model.constraint.factory.property.UniqueConstraintFactoryTest","testEnabled"
"","77","testWriteComplexSchema","","Wed Jul 08 16:11:49 UTC 2026","passed","Wed Jul 08 16:11:49 UTC 2026","","eu.esdihumboldt.hale.io.xls.test.writer.XLSInstanceWriterTest","eu.esdihumboldt.hale.io.xls.test.writer.XLSInstanceWriterTest","testWriteComplexSchema"
"","1","testDisabled","","Wed Jul 08 16:01:35 UTC 2026","passed","Wed Jul 08 16:01:35 UTC 2026","","eu.esdihumboldt.hale.common.schema.model.constraint.factory.type.MappableFlagFactoryTest","eu.esdihumboldt.hale.common.schema.model.constraint.factory.type.MappableFlagFactoryTest","testDisabled"
"","4","testNested","","Wed Jul 08 16:09:38 UTC 2026","passed","Wed Jul 08 16:09:38 UTC 2026","","eu.esdihumboldt.hale.io.json.test.JsonSchemaReaderTest","eu.esdihumboldt.hale.io.json.test.JsonSchemaReaderTest","testNested"
"","1852","testValid","","Wed Jul 08 16:09:50 UTC 2026","passed","Wed Jul 08 16:09:52 UTC 2026","","eu.esdihumboldt.hale.io.schematron.SchematronInstanceValidatorTest","eu.esdihumboldt.hale.io.schematron.SchematronInstanceValidatorTest","testValid"
"","1378","testLoadShiporderWrapped","","Wed Jul 08 16:00:02 UTC 2026","passed","Wed Jul 08 16:00:03 UTC 2026","","eu.esdihumboldt.hale.common.instance.helper.PropertyResolverTest","eu.esdihumboldt.hale.common.instance.helper.PropertyResolverTest","testLoadShiporderWrapped"
"","0","testGeometry_2_Point","","Wed Jul 08 16:06:41 UTC 2026","skipped","Wed Jul 08 16:06:41 UTC 2026","","eu.esdihumboldt.hale.io.gml.writer.internal.StreamGmlWriterTest","eu.esdihumboldt.hale.io.gml.writer.internal.StreamGmlWriterTest","testGeometry_2_Point"
"","5","testAfter","","Wed Jul 08 15:59:49 UTC 2026","passed","Wed Jul 08 15:59:49 UTC 2026","","eu.esdihumboldt.hale.common.filter.ECQLFilterTest","eu.esdihumboldt.hale.common.filter.ECQLFilterTest","testAfter"
"","5","testJsonBuilderPrettyPrint","","Wed Jul 08 16:13:05 UTC 2026","passed","Wed Jul 08 16:13:05 UTC 2026","","eu.esdihumboldt.util.groovy.json.JsonStreamBuilderTest","eu.esdihumboldt.util.groovy.json.JsonStreamBuilderTest","testJsonBuilderPrettyPrint"
"","0","testInstanceNoValueExistsSchema","","Wed Jul 08 15:59:49 UTC 2026","skipped","Wed Jul 08 15:59:49 UTC 2026","","eu.esdihumboldt.hale.common.filter.ECQLFilterTest","eu.esdihumboldt.hale.common.filter.ECQLFilterTest","testInstanceNoValueExistsSchema"
"","338","testWfsPaginationWithStartIndex","","Wed Jul 08 16:06:20 UTC 2026","passed","Wed Jul 08 16:06:21 UTC 2026","","eu.esdihumboldt.hale.io.gml.reader.internal.StreamGmlReaderTest","eu.esdihumboldt.hale.io.gml.reader.internal.StreamGmlReaderTest","testWfsPaginationWithStartIndex"
"","63","testWriteAttributes","","Wed Jul 08 16:05:25 UTC 2026","passed","Wed Jul 08 16:05:25 UTC 2026","","eu.esdihumboldt.hale.io.geopackage.GeopackageInstanceWriterTest","eu.esdihumboldt.hale.io.geopackage.GeopackageInstanceWriterTest","testWriteAttributes"
"","0","testCMUnion2","","Wed Jul 08 16:02:47 UTC 2026","skipped","Wed Jul 08 16:02:47 UTC 2026","","eu.esdihumboldt.cst.internal.ConceptualSchemaTransformerTest","eu.esdihumboldt.cst.internal.ConceptualSchemaTransformerTest","testCMUnion2"
"","1","testHalfmoon","","Wed Jul 08 16:03:36 UTC 2026","passed","Wed Jul 08 16:03:36 UTC 2026","","eu.esdihumboldt.cst.functions.geometric.test.InteriorPointTest","eu.esdihumboldt.cst.functions.geometric.test.InteriorPointTest","testHalfmoon"
"","118","testMergeAdditionalProp","","Wed Jul 08 16:02:56 UTC 2026","passed","Wed Jul 08 16:02:56 UTC 2026","","eu.esdihumboldt.cst.internal.ConceptualSchemaTransformerTest","eu.esdihumboldt.cst.internal.ConceptualSchemaTransformerTest","testMergeAdditionalProp"
"","0","testInstanceExistsSchema","","Wed Jul 08 15:59:49 UTC 2026","skipped","Wed Jul 08 15:59:49 UTC 2026","","eu.esdihumboldt.hale.common.filter.ECQLFilterTest","eu.esdihumboldt.hale.common.filter.ECQLFilterTest","testInstanceExistsSchema"
"","100","testWriteReadDateTime","","Wed Jul 08 16:05:25 UTC 2026","passed","Wed Jul 08 16:05:25 UTC 2026","","eu.esdihumboldt.hale.io.geopackage.GeopackageInstanceWriterTest","eu.esdihumboldt.hale.io.geopackage.GeopackageInstanceWriterTest","testWriteReadDateTime"
"","0","testExistsNoSchema","","Wed Jul 08 15:59:48 UTC 2026","skipped","Wed Jul 08 15:59:48 UTC 2026","","eu.esdihumboldt.hale.common.filter.CQLFilterTest","eu.esdihumboldt.hale.common.filter.CQLFilterTest","testExistsNoSchema"
"","3729","testAdvCrsFactories","","Wed Jul 08 16:01:13 UTC 2026","passed","Wed Jul 08 16:01:17 UTC 2026","","eu.esdihumboldt.hale.common.referencing.factory.CrsAuthorityFactoryTest","eu.esdihumboldt.hale.common.referencing.factory.CrsAuthorityFactoryTest","testAdvCrsFactories"
"","1436","testSKOSFromRDF5_language_de","","Wed Jul 08 16:04:23 UTC 2026","passed","Wed Jul 08 16:04:24 UTC 2026","","eu.esdihumboldt.hale.io.codelist.skos.test.SkosCodeListTest","eu.esdihumboldt.hale.io.codelist.skos.test.SkosCodeListTest","testSKOSFromRDF5_language_de"
"","385","testWfsPaginationIgnoreNumberMatched","","Wed Jul 08 16:06:23 UTC 2026","passed","Wed Jul 08 16:06:24 UTC 2026","","eu.esdihumboldt.hale.io.gml.reader.internal.StreamGmlReaderTest","eu.esdihumboldt.hale.io.gml.reader.internal.StreamGmlReaderTest","testWfsPaginationIgnoreNumberMatched"
"","131","testGmlReferencesMultiPartFill","","Wed Jul 08 16:00:23 UTC 2026","passed","Wed Jul 08 16:00:23 UTC 2026","","eu.esdihumboldt.hale.common.instance.graph.test.ReferenceGraphTest","eu.esdihumboldt.hale.common.instance.graph.test.ReferenceGraphTest","testGmlReferencesMultiPartFill"
"","3107","testFiltersForMultiType2","","Wed Jul 08 15:56:59 UTC 2026","passed","Wed Jul 08 15:57:02 UTC 2026","","eu.esdihumboldt.hale.app.transform.test.ExecuteTest","eu.esdihumboldt.hale.app.transform.test.ExecuteTest","testFiltersForMultiType2"
"","212","testTypeFilter2Present","","Wed Jul 08 15:58:48 UTC 2026","passed","Wed Jul 08 15:58:48 UTC 2026","","eu.esdihumboldt.hale.common.align.merge.test.impl.DefaultMergeCellMigratorTest","eu.esdihumboldt.hale.common.align.merge.test.impl.DefaultMergeCellMigratorTest","testTypeFilter2Present"
"","35","testEnabled","","Wed Jul 08 16:01:34 UTC 2026","passed","Wed Jul 08 16:01:34 UTC 2026","","eu.esdihumboldt.hale.common.schema.model.constraint.factory.property.ChoiceFlagFactoryTest","eu.esdihumboldt.hale.common.schema.model.constraint.factory.property.ChoiceFlagFactoryTest","testEnabled"
"","39","testRead_shiporder_types_cycle","","Wed Jul 08 16:12:08 UTC 2026","passed","Wed Jul 08 16:12:09 UTC 2026","","eu.esdihumboldt.hale.io.xsd.reader.XmlSchemaReaderTest","eu.esdihumboldt.hale.io.xsd.reader.XmlSchemaReaderTest","testRead_shiporder_types_cycle"
"","1","testOrigin","","Wed Jul 08 16:12:50 UTC 2026","passed","Wed Jul 08 16:12:50 UTC 2026","","eu.esdihumboldt.util.geometry.interpolation.model.impl.ArcByPointsImplTest","eu.esdihumboldt.util.geometry.interpolation.model.impl.ArcByPointsImplTest","testOrigin"
"","5","testByPoints2","","Wed Jul 08 16:12:50 UTC 2026","passed","Wed Jul 08 16:12:50 UTC 2026","","eu.esdihumboldt.util.geometry.interpolation.grid.GridInterpolationTest","eu.esdihumboldt.util.geometry.interpolation.grid.GridInterpolationTest","testByPoints2"
"","284","testPropertyJoinNonMatchingTypes","","Wed Jul 08 16:02:46 UTC 2026","passed","Wed Jul 08 16:02:47 UTC 2026","","eu.esdihumboldt.cst.internal.ConceptualSchemaTransformerTest","eu.esdihumboldt.cst.internal.ConceptualSchemaTransformerTest","testPropertyJoinNonMatchingTypes"
"","0","testDuringList","","Wed Jul 08 15:59:49 UTC 2026","skipped","Wed Jul 08 15:59:49 UTC 2026","","eu.esdihumboldt.hale.common.filter.ECQLFilterTest","eu.esdihumboldt.hale.common.filter.ECQLFilterTest","testDuringList"
"","505","testNesting","","Wed Jul 08 15:58:19 UTC 2026","passed","Wed Jul 08 15:58:20 UTC 2026","","eu.esdihumboldt.hale.common.align.groovy.accessor.EntityAccessorTest","eu.esdihumboldt.hale.common.align.groovy.accessor.EntityAccessorTest","testNesting"
"","6","testReadSimple","","Wed Jul 08 16:04:38 UTC 2026","passed","Wed Jul 08 16:04:38 UTC 2026","","eu.esdihumboldt.hale.io.csv.CSVInstanceReaderTest","eu.esdihumboldt.hale.io.csv.CSVInstanceReaderTest","testReadSimple"
"","0","testDescent","","Wed Jul 08 16:06:42 UTC 2026","skipped","Wed Jul 08 16:06:42 UTC 2026","","eu.esdihumboldt.hale.io.gml.writer.internal.geometry.writers.PatternTest","eu.esdihumboldt.hale.io.gml.writer.internal.geometry.writers.PatternTest","testDescent"
"","393","testInspireReferenceAppInfo","","Wed Jul 08 16:12:08 UTC 2026","passed","Wed Jul 08 16:12:08 UTC 2026","","eu.esdihumboldt.hale.io.xsd.reader.XmlSchemaReaderMoreTest","eu.esdihumboldt.hale.io.xsd.reader.XmlSchemaReaderMoreTest","testInspireReferenceAppInfo"
"","1","testMulti1","","Wed Jul 08 16:03:36 UTC 2026","passed","Wed Jul 08 16:03:36 UTC 2026","","eu.esdihumboldt.cst.functions.geometric.test.InteriorPointTest","eu.esdihumboldt.cst.functions.geometric.test.InteriorPointTest","testMulti1"
"","443","testRequestNoCache","","Wed Jul 08 15:58:58 UTC 2026","passed","Wed Jul 08 15:58:59 UTC 2026","","eu.esdihumboldt.hale.common.cache.RequestTest","eu.esdihumboldt.hale.common.cache.RequestTest","testRequestNoCache"
"","66","testRun","","Wed Jul 08 16:07:00 UTC 2026","passed","Wed Jul 08 16:07:00 UTC 2026","","eu.esdihumboldt.hale.io.groovy.snippets.GroovySnippetsTest","eu.esdihumboldt.hale.io.groovy.snippets.GroovySnippetsTest","testRun"
"","3","testStringCompare","","Wed Jul 08 15:59:49 UTC 2026","passed","Wed Jul 08 15:59:49 UTC 2026","","eu.esdihumboldt.hale.common.filter.ECQLFilterTest","eu.esdihumboldt.hale.common.filter.ECQLFilterTest","testStringCompare"
"","1","testDisabled","","Wed Jul 08 16:01:34 UTC 2026","passed","Wed Jul 08 16:01:34 UTC 2026","","eu.esdihumboldt.hale.common.schema.model.constraint.factory.property.NillableFlagFactoryTest","eu.esdihumboldt.hale.common.schema.model.constraint.factory.property.NillableFlagFactoryTest","testDisabled"
"","9","testHalfCircle","","Wed Jul 08 16:12:50 UTC 2026","passed","Wed Jul 08 16:12:50 UTC 2026","","eu.esdihumboldt.util.geometry.interpolation.split.SplitInterpolationTest","eu.esdihumboldt.util.geometry.interpolation.split.SplitInterpolationTest","testHalfCircle"
"","1","testTrueFalse","","Wed Jul 08 16:01:50 UTC 2026","passed","Wed Jul 08 16:01:50 UTC 2026","","eu.esdihumboldt.hale.common.schema.groovy.constraints.NillableFactoryTest","eu.esdihumboldt.hale.common.schema.groovy.constraints.NillableFactoryTest","testTrueFalse"
"","7","testSpecifyType","","Wed Jul 08 16:09:38 UTC 2026","passed","Wed Jul 08 16:09:38 UTC 2026","","eu.esdihumboldt.hale.io.json.test.JsonToInstanceTest","eu.esdihumboldt.hale.io.json.test.JsonToInstanceTest","testSpecifyType"
"","0","testUnifyEmpty","","Wed Jul 08 16:12:49 UTC 2026","passed","Wed Jul 08 16:12:49 UTC 2026","","eu.esdihumboldt.util.geometry.WindingOrderTest","eu.esdihumboldt.util.geometry.WindingOrderTest","testUnifyEmpty"
"","18","testArcString","","Wed Jul 08 16:12:50 UTC 2026","passed","Wed Jul 08 16:12:50 UTC 2026","","eu.esdihumboldt.util.geometry.interpolation.grid.GridInterpolationTest","eu.esdihumboldt.util.geometry.interpolation.grid.GridInterpolationTest","testArcString"
"","0","testHasNext","","Wed Jul 08 16:13:27 UTC 2026","skipped","Wed Jul 08 16:13:27 UTC 2026","","eu.esdihumboldt.util.orient.embedded.BrowseClassIterateTest","eu.esdihumboldt.util.orient.embedded.BrowseClassIterateTest","testHasNext"
"","8","testDuring","","Wed Jul 08 15:59:48 UTC 2026","passed","Wed Jul 08 15:59:48 UTC 2026","","eu.esdihumboldt.hale.common.filter.CQLFilterTest","eu.esdihumboldt.hale.common.filter.CQLFilterTest","testDuring"
"","21","testArcString","","Wed Jul 08 16:12:50 UTC 2026","passed","Wed Jul 08 16:12:50 UTC 2026","","eu.esdihumboldt.util.geometry.interpolation.split.SplitInterpolationTest","eu.esdihumboldt.util.geometry.interpolation.split.SplitInterpolationTest","testArcString"
"","1","testIterateLess","","Wed Jul 08 16:00:03 UTC 2026","passed","Wed Jul 08 16:00:03 UTC 2026","","eu.esdihumboldt.hale.common.instance.tools.impl.SimplePartitionerTest","eu.esdihumboldt.hale.common.instance.tools.impl.SimplePartitionerTest","testIterateLess"
"","40","testBothWays","","Wed Jul 08 16:12:06 UTC 2026","passed","Wed Jul 08 16:12:06 UTC 2026","","eu.esdihumboldt.hale.io.xsd.anytype.valuetypes.CustomTypeContentConfigurationTypeTest","eu.esdihumboldt.hale.io.xsd.anytype.valuetypes.CustomTypeContentConfigurationTypeTest","testBothWays"
"","1","testFootprint","","Wed Jul 08 16:03:36 UTC 2026","passed","Wed Jul 08 16:03:36 UTC 2026","","eu.esdihumboldt.cst.functions.geometric.test.InteriorPointTest","eu.esdihumboldt.cst.functions.geometric.test.InteriorPointTest","testFootprint"
"","1","testCurve","","Wed Jul 08 16:03:36 UTC 2026","passed","Wed Jul 08 16:03:36 UTC 2026","","eu.esdihumboldt.cst.functions.geometric.test.InteriorPointTest","eu.esdihumboldt.cst.functions.geometric.test.InteriorPointTest","testCurve"
"","4","testNullSchema","","Wed Jul 08 15:59:49 UTC 2026","passed","Wed Jul 08 15:59:49 UTC 2026","","eu.esdihumboldt.hale.common.filter.ECQLFilterTest","eu.esdihumboldt.hale.common.filter.ECQLFilterTest","testNullSchema"
"","6469","testNumbers","","Wed Jul 08 16:06:30 UTC 2026","passed","Wed Jul 08 16:06:36 UTC 2026","","eu.esdihumboldt.hale.io.gml.writer.internal.StreamGmlWriter2Test","eu.esdihumboldt.hale.io.gml.writer.internal.StreamGmlWriter2Test","testNumbers"
"","111","testGroovyWarningCreateTarget","","Wed Jul 08 15:58:49 UTC 2026","passed","Wed Jul 08 15:58:49 UTC 2026","","eu.esdihumboldt.hale.common.align.merge.test.impl.DefaultMergeCellMigratorTest","eu.esdihumboldt.hale.common.align.merge.test.impl.DefaultMergeCellMigratorTest","testGroovyWarningCreateTarget"
"","0","testComplexWrite","","Wed Jul 08 16:13:28 UTC 2026","skipped","Wed Jul 08 16:13:28 UTC 2026","","eu.esdihumboldt.util.orient.embedded.MemoryDocumentTest","eu.esdihumboldt.util.orient.embedded.MemoryDocumentTest","testComplexWrite"
"","7","testReadBoolean","","Wed Jul 08 16:09:38 UTC 2026","passed","Wed Jul 08 16:09:38 UTC 2026","","eu.esdihumboldt.hale.io.json.test.JsonToInstanceTest","eu.esdihumboldt.hale.io.json.test.JsonToInstanceTest","testReadBoolean"
"","181","testMultiResult1","","Wed Jul 08 16:02:48 UTC 2026","passed","Wed Jul 08 16:02:48 UTC 2026","","eu.esdihumboldt.cst.internal.ConceptualSchemaTransformerTest","eu.esdihumboldt.cst.internal.ConceptualSchemaTransformerTest","testMultiResult1"
"","620","testWriteFeaturesTargetCRS","","Wed Jul 08 16:10:46 UTC 2026","passed","Wed Jul 08 16:10:46 UTC 2026","","eu.esdihumboldt.hale.io.shp.ShapefileInstanceWriterTest","eu.esdihumboldt.hale.io.shp.ShapefileInstanceWriterTest","testWriteFeaturesTargetCRS"
"","307","testTypeFilter5","","Wed Jul 08 15:58:46 UTC 2026","passed","Wed Jul 08 15:58:47 UTC 2026","","eu.esdihumboldt.hale.common.align.merge.test.impl.DefaultMergeCellMigratorTest","eu.esdihumboldt.hale.common.align.merge.test.impl.DefaultMergeCellMigratorTest","testTypeFilter5"
"","19","testGmlUnresolvableReferences","","Wed Jul 08 16:00:23 UTC 2026","passed","Wed Jul 08 16:00:23 UTC 2026","","eu.esdihumboldt.hale.common.instance.graph.test.ReferenceGraphTest","eu.esdihumboldt.hale.common.instance.graph.test.ReferenceGraphTest","testGmlUnresolvableReferences"
"","2","testStringValueListJson","","Wed Jul 08 15:59:31 UTC 2026","passed","Wed Jul 08 15:59:31 UTC 2026","","eu.esdihumboldt.hale.common.core.io.impl.ValueListTypeTest","eu.esdihumboldt.hale.common.core.io.impl.ValueListTypeTest","testStringValueListJson"
"","67","testOffsetBig","","Wed Jul 08 16:12:50 UTC 2026","passed","Wed Jul 08 16:12:50 UTC 2026","","eu.esdihumboldt.util.geometry.interpolation.split.SplitInterpolationTest","eu.esdihumboldt.util.geometry.interpolation.split.SplitInterpolationTest","testOffsetBig"
"","1","testSimpleOverride","","Wed Jul 08 16:12:40 UTC 2026","passed","Wed Jul 08 16:12:40 UTC 2026","","eu.esdihumboldt.util.config.ConfigMergerTest","eu.esdihumboldt.util.config.ConfigMergerTest","testSimpleOverride"
"","1","testRead4","","Wed Jul 08 16:04:38 UTC 2026","passed","Wed Jul 08 16:04:38 UTC 2026","","eu.esdihumboldt.hale.io.csv.CSVSchemaReaderTest","eu.esdihumboldt.hale.io.csv.CSVSchemaReaderTest","testRead4"
"","2","testLikeNoSchema","","Wed Jul 08 15:59:49 UTC 2026","passed","Wed Jul 08 15:59:49 UTC 2026","","eu.esdihumboldt.hale.common.filter.ECQLFilterTest","eu.esdihumboldt.hale.common.filter.ECQLFilterTest","testLikeNoSchema"
"","7445","testGroovyContextFilterForHydro","","Wed Jul 08 15:56:30 UTC 2026","passed","Wed Jul 08 15:56:38 UTC 2026","","eu.esdihumboldt.hale.app.transform.test.ExecuteTest","eu.esdihumboldt.hale.app.transform.test.ExecuteTest","testGroovyContextFilterForHydro"
"","363","testGeometryPrimitive_32_Point","","Wed Jul 08 16:06:39 UTC 2026","passed","Wed Jul 08 16:06:40 UTC 2026","","eu.esdihumboldt.hale.io.gml.writer.internal.StreamGmlWriterTest","eu.esdihumboldt.hale.io.gml.writer.internal.StreamGmlWriterTest","testGeometryPrimitive_32_Point"
"","12777","testFormattingStringInstance","","Wed Jul 08 16:02:31 UTC 2026","passed","Wed Jul 08 16:02:44 UTC 2026","","eu.esdihumboldt.cst.internal.ConceptualSchemaTransformerTest","eu.esdihumboldt.cst.internal.ConceptualSchemaTransformerTest","testFormattingStringInstance"
"","859","testReadWithCommaDecimal","","Wed Jul 08 16:04:36 UTC 2026","passed","Wed Jul 08 16:04:37 UTC 2026","","eu.esdihumboldt.hale.io.csv.CSVInstanceReaderTest","eu.esdihumboldt.hale.io.csv.CSVInstanceReaderTest","testReadWithCommaDecimal"
"","9344","testAddRemoveMappingMultipleProperties","","Wed Jul 08 16:00:43 UTC 2026","passed","Wed Jul 08 16:00:52 UTC 2026","","eu.esdihumboldt.hale.common.instance.index.MultimapInstanceIndexTest","eu.esdihumboldt.hale.common.instance.index.MultimapInstanceIndexTest","testAddRemoveMappingMultipleProperties"
"","5","testByPoints3","","Wed Jul 08 16:12:50 UTC 2026","passed","Wed Jul 08 16:12:50 UTC 2026","","eu.esdihumboldt.util.geometry.interpolation.split.SplitInterpolationTest","eu.esdihumboldt.util.geometry.interpolation.split.SplitInterpolationTest","testByPoints3"
"","1411","testExplanation","","Wed Jul 08 15:58:01 UTC 2026","passed","Wed Jul 08 15:58:03 UTC 2026","","eu.esdihumboldt.hale.common.align.model.impl.mdexpl.MarkdownCellExplanationTest","eu.esdihumboldt.hale.common.align.model.impl.mdexpl.MarkdownCellExplanationTest","testExplanation"
"","6","testNestedListMap","","Wed Jul 08 16:13:05 UTC 2026","passed","Wed Jul 08 16:13:05 UTC 2026","","eu.esdihumboldt.util.groovy.json.JsonStreamBuilderTest","eu.esdihumboldt.util.groovy.json.JsonStreamBuilderTest","testNestedListMap"
"","10","testNotEqualSimple","","Wed Jul 08 15:59:48 UTC 2026","passed","Wed Jul 08 15:59:48 UTC 2026","","eu.esdihumboldt.hale.common.filter.CQLFilterTest","eu.esdihumboldt.hale.common.filter.CQLFilterTest","testNotEqualSimple"
"","160","testSplitMulti_Singles","","Wed Jul 08 16:03:35 UTC 2026","passed","Wed Jul 08 16:03:35 UTC 2026","","eu.esdihumboldt.cst.functions.geometric.test.GeometryHelperFunctionsTest","eu.esdihumboldt.cst.functions.geometric.test.GeometryHelperFunctionsTest","testSplitMulti_Singles"
"","134","testPropertyCondition1","","Wed Jul 08 16:02:59 UTC 2026","passed","Wed Jul 08 16:02:59 UTC 2026","","eu.esdihumboldt.cst.internal.ConceptualSchemaTransformerTest","eu.esdihumboldt.cst.internal.ConceptualSchemaTransformerTest","testPropertyCondition1"
"","2","testNested","","Wed Jul 08 16:04:00 UTC 2026","passed","Wed Jul 08 16:04:00 UTC 2026","","eu.esdihumboldt.cst.functions.groovy.helpers.util.CollectorTest","eu.esdihumboldt.cst.functions.groovy.helpers.util.CollectorTest","testNested"
"","1","testPrimitiveArray","","Wed Jul 08 16:01:34 UTC 2026","passed","Wed Jul 08 16:01:34 UTC 2026","","eu.esdihumboldt.hale.common.schema.model.constraint.factory.type.BindingFactoryTest","eu.esdihumboldt.hale.common.schema.model.constraint.factory.type.BindingFactoryTest","testPrimitiveArray"
"","5","testReadBlankCells","","Wed Jul 08 16:11:47 UTC 2026","passed","Wed Jul 08 16:11:47 UTC 2026","","eu.esdihumboldt.hale.io.xls.test.reader.XLSReaderTest","eu.esdihumboldt.hale.io.xls.test.reader.XLSReaderTest","testReadBlankCells"
"","11849","testDimensionRule","","Wed Jul 08 16:09:53 UTC 2026","passed","Wed Jul 08 16:10:04 UTC 2026","","eu.esdihumboldt.hale.io.schematron.SchematronInstanceValidatorTest","eu.esdihumboldt.hale.io.schematron.SchematronInstanceValidatorTest","testDimensionRule"
"","6","testDefaultPropertyTypes","","Wed Jul 08 16:01:50 UTC 2026","passed","Wed Jul 08 16:01:50 UTC 2026","","eu.esdihumboldt.hale.common.schema.groovy.SchemaBuilderTest","eu.esdihumboldt.hale.common.schema.groovy.SchemaBuilderTest","testDefaultPropertyTypes"
"","73","testWriteReadBoolean","","Wed Jul 08 16:05:25 UTC 2026","passed","Wed Jul 08 16:05:25 UTC 2026","","eu.esdihumboldt.hale.io.geopackage.GeopackageInstanceWriterTest","eu.esdihumboldt.hale.io.geopackage.GeopackageInstanceWriterTest","testWriteReadBoolean"
"","12998","testFromWKT","","Wed Jul 08 16:03:19 UTC 2026","passed","Wed Jul 08 16:03:32 UTC 2026","","eu.esdihumboldt.cst.functions.geometric.test.CRSHelperFunctionsTest","eu.esdihumboldt.cst.functions.geometric.test.CRSHelperFunctionsTest","testFromWKT"
"","684","testNotInspireCodespaceNotAdd","","Wed Jul 08 16:06:28 UTC 2026","passed","Wed Jul 08 16:06:29 UTC 2026","","eu.esdihumboldt.hale.io.gml.writer.internal.StreamGmlWriter2Test","eu.esdihumboldt.hale.io.gml.writer.internal.StreamGmlWriter2Test","testNotInspireCodespaceNotAdd"
"","7","testEdgeCases","","Wed Jul 08 16:13:05 UTC 2026","passed","Wed Jul 08 16:13:05 UTC 2026","","eu.esdihumboldt.util.groovy.json.JsonStreamBuilderTest","eu.esdihumboldt.util.groovy.json.JsonStreamBuilderTest","testEdgeCases"
"","3","testBooleanProperty","","Wed Jul 08 16:09:38 UTC 2026","passed","Wed Jul 08 16:09:38 UTC 2026","","eu.esdihumboldt.hale.io.json.test.JsonSchemaReaderTest","eu.esdihumboldt.hale.io.json.test.JsonSchemaReaderTest","testBooleanProperty"
"","0","testGeoIntersect","","Wed Jul 08 15:59:48 UTC 2026","skipped","Wed Jul 08 15:59:48 UTC 2026","","eu.esdihumboldt.hale.common.filter.CQLFilterTest","eu.esdihumboldt.hale.common.filter.CQLFilterTest","testGeoIntersect"
"","0","testInnerJoinNasIndexBased","","Wed Jul 08 16:02:47 UTC 2026","skipped","Wed Jul 08 16:02:47 UTC 2026","","eu.esdihumboldt.cst.internal.ConceptualSchemaTransformerTest","eu.esdihumboldt.cst.internal.ConceptualSchemaTransformerTest","testInnerJoinNasIndexBased"
"","0","testSchemaReader","","Wed Jul 08 16:07:43 UTC 2026","skipped","Wed Jul 08 16:07:43 UTC 2026","","eu.esdihumboldt.hale.io.jdbc.mssql.test.MsSqlDataReaderTest","eu.esdihumboldt.hale.io.jdbc.mssql.test.MsSqlDataReaderTest","testSchemaReader"
"","0","testInstanceReader","","Wed Jul 08 16:07:43 UTC 2026","skipped","Wed Jul 08 16:07:43 UTC 2026","","eu.esdihumboldt.hale.io.jdbc.mssql.test.MsSqlDataReaderTest","eu.esdihumboldt.hale.io.jdbc.mssql.test.MsSqlDataReaderTest","testInstanceReader"
"","727","testGroovy1","","Wed Jul 08 16:02:47 UTC 2026","passed","Wed Jul 08 16:02:47 UTC 2026","","eu.esdihumboldt.cst.internal.ConceptualSchemaTransformerTest","eu.esdihumboldt.cst.internal.ConceptualSchemaTransformerTest","testGroovy1"
"","220","testJoinCondition","","Wed Jul 08 15:58:52 UTC 2026","passed","Wed Jul 08 15:58:52 UTC 2026","","eu.esdihumboldt.hale.common.align.merge.test.impl.JoinRetainConditionsTest","eu.esdihumboldt.hale.common.align.merge.test.impl.JoinRetainConditionsTest","testJoinCondition"
"","10756","testToFrom","","Wed Jul 08 15:59:19 UTC 2026","passed","Wed Jul 08 15:59:30 UTC 2026","","eu.esdihumboldt.hale.common.core.io.impl.TextTypeJsonTest","eu.esdihumboldt.hale.common.core.io.impl.TextTypeJsonTest","testToFrom"
"","6","testLoopStartArray","","Wed Jul 08 16:13:05 UTC 2026","passed","Wed Jul 08 16:13:05 UTC 2026","","eu.esdihumboldt.util.groovy.json.JsonStreamBuilderTest","eu.esdihumboldt.util.groovy.json.JsonStreamBuilderTest","testLoopStartArray"
"","4576","testDataTypesSql","","Wed Jul 08 16:08:56 UTC 2026","passed","Wed Jul 08 16:09:00 UTC 2026","","eu.esdihumboldt.hale.io.jdbc.postgresql.test.PostDataTypesIT","eu.esdihumboldt.hale.io.jdbc.postgresql.test.PostDataTypesIT","testDataTypesSql"
"","15","testEnabled","","Wed Jul 08 16:01:35 UTC 2026","passed","Wed Jul 08 16:01:35 UTC 2026","","eu.esdihumboldt.hale.common.schema.model.constraint.factory.type.MappingRelevantFlagFactoryTest","eu.esdihumboldt.hale.common.schema.model.constraint.factory.type.MappingRelevantFlagFactoryTest","testEnabled"
"","4","testNotEqualList","","Wed Jul 08 15:59:49 UTC 2026","passed","Wed Jul 08 15:59:49 UTC 2026","","eu.esdihumboldt.hale.common.filter.ECQLFilterTest","eu.esdihumboldt.hale.common.filter.ECQLFilterTest","testNotEqualList"
"","0","testHasNext2","","Wed Jul 08 16:13:27 UTC 2026","skipped","Wed Jul 08 16:13:27 UTC 2026","","eu.esdihumboldt.util.orient.embedded.BrowseClassIterateTest","eu.esdihumboldt.util.orient.embedded.BrowseClassIterateTest","testHasNext2"
"","1","testObject","","Wed Jul 08 16:01:34 UTC 2026","passed","Wed Jul 08 16:01:34 UTC 2026","","eu.esdihumboldt.hale.common.schema.model.constraint.factory.type.BindingFactoryTest","eu.esdihumboldt.hale.common.schema.model.constraint.factory.type.BindingFactoryTest","testObject"
"","1","testFormatter[3]","","Wed Jul 08 16:12:45 UTC 2026","passed","Wed Jul 08 16:12:45 UTC 2026","","eu.esdihumboldt.util.geometry.DecimalFormatUtilTest","eu.esdihumboldt.util.geometry.DecimalFormatUtilTest","testFormatter[3]"
"","56","testReadMultiSheetTypeSettingsIndex","","Wed Jul 08 16:11:47 UTC 2026","passed","Wed Jul 08 16:11:47 UTC 2026","","eu.esdihumboldt.hale.io.xls.test.reader.XLSReaderTest","eu.esdihumboldt.hale.io.xls.test.reader.XLSReaderTest","testReadMultiSheetTypeSettingsIndex"
"","0","testCMUnion6","","Wed Jul 08 16:02:58 UTC 2026","skipped","Wed Jul 08 16:02:58 UTC 2026","","eu.esdihumboldt.cst.internal.ConceptualSchemaTransformerTest","eu.esdihumboldt.cst.internal.ConceptualSchemaTransformerTest","testCMUnion6"
"","540","testStoreRestoreCustomName","","Wed Jul 08 16:01:33 UTC 2026","passed","Wed Jul 08 16:01:34 UTC 2026","","eu.esdihumboldt.hale.common.schema.model.constraint.factory.DisplayNameFactoryTest","eu.esdihumboldt.hale.common.schema.model.constraint.factory.DisplayNameFactoryTest","testStoreRestoreCustomName"
"","4","testStringLookup","","Wed Jul 08 16:01:10 UTC 2026","passed","Wed Jul 08 16:01:10 UTC 2026","","eu.esdihumboldt.hale.common.lookup.internal.LookupTableTypeTest","eu.esdihumboldt.hale.common.lookup.internal.LookupTableTypeTest","testStringLookup"
"","9","testReadSimplePolygon","","Wed Jul 08 16:09:39 UTC 2026","passed","Wed Jul 08 16:09:39 UTC 2026","","eu.esdihumboldt.hale.io.json.test.JsonToInstanceTest","eu.esdihumboldt.hale.io.json.test.JsonToInstanceTest","testReadSimplePolygon"
"","16408","testTypeFilter2Property","","Wed Jul 08 15:58:26 UTC 2026","passed","Wed Jul 08 15:58:42 UTC 2026","","eu.esdihumboldt.hale.common.align.merge.test.impl.DefaultMergeCellMigratorTest","eu.esdihumboldt.hale.common.align.merge.test.impl.DefaultMergeCellMigratorTest","testTypeFilter2Property"
"","0","testGeoJsonSimple","","Wed Jul 08 16:09:36 UTC 2026","skipped","Wed Jul 08 16:09:36 UTC 2026","","eu.esdihumboldt.hale.io.json.test.InstanceToJsonTest","eu.esdihumboldt.hale.io.json.test.InstanceToJsonTest","testGeoJsonSimple"
"","0","testFootprint2","","Wed Jul 08 16:03:36 UTC 2026","passed","Wed Jul 08 16:03:36 UTC 2026","","eu.esdihumboldt.cst.functions.geometric.test.InteriorPointTest","eu.esdihumboldt.cst.functions.geometric.test.InteriorPointTest","testFootprint2"
"","7","testCycle","","Wed Jul 08 16:12:12 UTC 2026","passed","Wed Jul 08 16:12:12 UTC 2026","","eu.esdihumboldt.util.DependencyOrderedListTest","eu.esdihumboldt.util.DependencyOrderedListTest","testCycle"
"","5","testSimpleSingleLax","","Wed Jul 08 16:01:50 UTC 2026","passed","Wed Jul 08 16:01:50 UTC 2026","","eu.esdihumboldt.hale.common.schema.groovy.DefinitionAccessorTest","eu.esdihumboldt.hale.common.schema.groovy.DefinitionAccessorTest","testSimpleSingleLax"
"","22","testBinding","","Wed Jul 08 16:01:34 UTC 2026","passed","Wed Jul 08 16:01:34 UTC 2026","","eu.esdihumboldt.hale.common.schema.model.constraint.factory.type.ElementTypeFactoryTest","eu.esdihumboldt.hale.common.schema.model.constraint.factory.type.ElementTypeFactoryTest","testBinding"
"","4171","testWriteRead","","Wed Jul 08 16:08:36 UTC 2026","passed","Wed Jul 08 16:08:40 UTC 2026","","eu.esdihumboldt.hale.io.jdbc.postgresql.test.MultiDimensionalArraysIT","eu.esdihumboldt.hale.io.jdbc.postgresql.test.MultiDimensionalArraysIT","testWriteRead"
"","1","simpleFilterTestECQL","","Wed Jul 08 15:59:52 UTC 2026","passed","Wed Jul 08 15:59:52 UTC 2026","","eu.esdihumboldt.hale.common.filter.FilterTest","eu.esdihumboldt.hale.common.filter.FilterTest","simpleFilterTestECQL"
"","0","testInstanceValueExistsSchema","","Wed Jul 08 15:59:48 UTC 2026","skipped","Wed Jul 08 15:59:48 UTC 2026","","eu.esdihumboldt.hale.common.filter.CQLFilterTest","eu.esdihumboldt.hale.common.filter.CQLFilterTest","testInstanceValueExistsSchema"
"","5","testStringLookupJson","","Wed Jul 08 16:01:10 UTC 2026","passed","Wed Jul 08 16:01:10 UTC 2026","","eu.esdihumboldt.hale.common.lookup.internal.LookupTableTypeTest","eu.esdihumboldt.hale.common.lookup.internal.LookupTableTypeTest","testStringLookupJson"
"","162","testFilterSame5","","Wed Jul 08 15:58:44 UTC 2026","passed","Wed Jul 08 15:58:45 UTC 2026","","eu.esdihumboldt.hale.common.align.merge.test.impl.DefaultMergeCellMigratorTest","eu.esdihumboldt.hale.common.align.merge.test.impl.DefaultMergeCellMigratorTest","testFilterSame5"
"","0","testLocales1","","Wed Jul 08 15:58:03 UTC 2026","skipped","Wed Jul 08 15:58:03 UTC 2026","","eu.esdihumboldt.hale.common.align.model.impl.mdexpl.MarkdownCellExplanationTest","eu.esdihumboldt.hale.common.align.model.impl.mdexpl.MarkdownCellExplanationTest","testLocales1"
"","2","testPrimitive","","Wed Jul 08 16:01:34 UTC 2026","passed","Wed Jul 08 16:01:34 UTC 2026","","eu.esdihumboldt.hale.common.schema.model.constraint.factory.type.BindingFactoryTest","eu.esdihumboldt.hale.common.schema.model.constraint.factory.type.BindingFactoryTest","testPrimitive"
"","6","testLikeSchema","","Wed Jul 08 15:59:49 UTC 2026","passed","Wed Jul 08 15:59:49 UTC 2026","","eu.esdihumboldt.hale.common.filter.ECQLFilterTest","eu.esdihumboldt.hale.common.filter.ECQLFilterTest","testLikeSchema"
"","17","testOffsetCircle","","Wed Jul 08 16:12:50 UTC 2026","passed","Wed Jul 08 16:12:50 UTC 2026","","eu.esdihumboldt.util.geometry.interpolation.grid.GridInterpolationTest","eu.esdihumboldt.util.geometry.interpolation.grid.GridInterpolationTest","testOffsetCircle"
"","4241","checkComplexOrder","","Wed Jul 08 16:08:23 UTC 2026","passed","Wed Jul 08 16:08:28 UTC 2026","","eu.esdihumboldt.hale.io.jdbc.postgresql.test.CheckComplexTypeOrderIT","eu.esdihumboldt.hale.io.jdbc.postgresql.test.CheckComplexTypeOrderIT","checkComplexOrder"
"","155","testParentMappingGeometry","","Wed Jul 08 15:58:45 UTC 2026","passed","Wed Jul 08 15:58:45 UTC 2026","","eu.esdihumboldt.hale.common.align.merge.test.impl.DefaultMergeCellMigratorTest","eu.esdihumboldt.hale.common.align.merge.test.impl.DefaultMergeCellMigratorTest","testParentMappingGeometry"
"","22","testEnabled","","Wed Jul 08 16:01:35 UTC 2026","passed","Wed Jul 08 16:01:35 UTC 2026","","eu.esdihumboldt.hale.common.schema.model.constraint.factory.type.HasValueFlagFactoryTest","eu.esdihumboldt.hale.common.schema.model.constraint.factory.type.HasValueFlagFactoryTest","testEnabled"
"","1","testHttpAbsoluteOtherFile","","Wed Jul 08 16:12:06 UTC 2026","passed","Wed Jul 08 16:12:06 UTC 2026","","eu.esdihumboldt.hale.io.xsd.reader.HumboldtURIResolverTest","eu.esdihumboldt.hale.io.xsd.reader.HumboldtURIResolverTest","testHttpAbsoluteOtherFile"
"","9400","testPersonWriteValidate","","Wed Jul 08 16:01:56 UTC 2026","passed","Wed Jul 08 16:02:05 UTC 2026","","eu.esdihumboldt.hale.common.schema.persist.hsd.test.HaleSchemaWriterTest","eu.esdihumboldt.hale.common.schema.persist.hsd.test.HaleSchemaWriterTest","testPersonWriteValidate"
"","0","testTriangleHole","","Wed Jul 08 16:03:36 UTC 2026","passed","Wed Jul 08 16:03:36 UTC 2026","","eu.esdihumboldt.cst.functions.geometric.test.InteriorPointTest","eu.esdihumboldt.cst.functions.geometric.test.InteriorPointTest","testTriangleHole"
"","5","testNullNoSchema","","Wed Jul 08 15:59:48 UTC 2026","passed","Wed Jul 08 15:59:48 UTC 2026","","eu.esdihumboldt.hale.common.filter.CQLFilterTest","eu.esdihumboldt.hale.common.filter.CQLFilterTest","testNullNoSchema"
"","463","testGeometryPrimitive_32_MultiPolygon_WindingOrder_CW","","Wed Jul 08 16:06:38 UTC 2026","passed","Wed Jul 08 16:06:38 UTC 2026","","eu.esdihumboldt.hale.io.gml.writer.internal.StreamGmlWriterTest","eu.esdihumboldt.hale.io.gml.writer.internal.StreamGmlWriterTest","testGeometryPrimitive_32_MultiPolygon_WindingOrder_CW"
"","1","testSimple","","Wed Jul 08 16:12:41 UTC 2026","passed","Wed Jul 08 16:12:41 UTC 2026","","eu.esdihumboldt.util.config.ConfigMergerTest","eu.esdihumboldt.util.config.ConfigMergerTest","testSimple"
"","1","testTrueFalse","","Wed Jul 08 16:01:50 UTC 2026","passed","Wed Jul 08 16:01:50 UTC 2026","","eu.esdihumboldt.hale.common.schema.groovy.constraints.TypeAbstractFactoryTest","eu.esdihumboldt.hale.common.schema.groovy.constraints.TypeAbstractFactoryTest","testTrueFalse"
"","312","testGeometryPrimitive_32_MultiLineString_Curve2","","Wed Jul 08 16:06:37 UTC 2026","passed","Wed Jul 08 16:06:37 UTC 2026","","eu.esdihumboldt.hale.io.gml.writer.internal.StreamGmlWriterTest","eu.esdihumboldt.hale.io.gml.writer.internal.StreamGmlWriterTest","testGeometryPrimitive_32_MultiLineString_Curve2"
"","208","testComplexLookup","","Wed Jul 08 16:01:09 UTC 2026","passed","Wed Jul 08 16:01:10 UTC 2026","","eu.esdihumboldt.hale.common.lookup.internal.LookupTableTypeTest","eu.esdihumboldt.hale.common.lookup.internal.LookupTableTypeTest","testComplexLookup"
"","234","testLarge","","Wed Jul 08 16:12:50 UTC 2026","passed","Wed Jul 08 16:12:50 UTC 2026","","eu.esdihumboldt.util.geometry.interpolation.split.SplitInterpolationTest","eu.esdihumboldt.util.geometry.interpolation.split.SplitInterpolationTest","testLarge"
"","5","testByPoints1","","Wed Jul 08 16:12:50 UTC 2026","passed","Wed Jul 08 16:12:50 UTC 2026","","eu.esdihumboldt.util.geometry.interpolation.split.SplitInterpolationTest","eu.esdihumboldt.util.geometry.interpolation.split.SplitInterpolationTest","testByPoints1"
"","0","testPropertiesMix","","Wed Jul 08 16:02:49 UTC 2026","skipped","Wed Jul 08 16:02:49 UTC 2026","","eu.esdihumboldt.cst.internal.ConceptualSchemaTransformerTest","eu.esdihumboldt.cst.internal.ConceptualSchemaTransformerTest","testPropertiesMix"
"","4","testGeoContains","","Wed Jul 08 15:59:49 UTC 2026","passed","Wed Jul 08 15:59:49 UTC 2026","","eu.esdihumboldt.hale.common.filter.ECQLFilterTest","eu.esdihumboldt.hale.common.filter.ECQLFilterTest","testGeoContains"
"","3471","testMsAccessSchemaReaderForMdbTest","","Wed Jul 08 16:07:35 UTC 2026","passed","Wed Jul 08 16:07:38 UTC 2026","","eu.esdihumboldt.hale.io.jdbc.msaccess.reader.MsAccessInstanceReaderTest","eu.esdihumboldt.hale.io.jdbc.msaccess.reader.MsAccessInstanceReaderTest","testMsAccessSchemaReaderForMdbTest"
"","4","testSchemaLessInstance","","Wed Jul 08 16:00:39 UTC 2026","passed","Wed Jul 08 16:00:39 UTC 2026","","eu.esdihumboldt.hale.common.instance.groovy.InstanceBuilderTest","eu.esdihumboldt.hale.common.instance.groovy.InstanceBuilderTest","testSchemaLessInstance"
"","3","testVirtualRootPrettyPrint","","Wed Jul 08 16:13:05 UTC 2026","passed","Wed Jul 08 16:13:05 UTC 2026","","eu.esdihumboldt.util.groovy.json.JsonStreamBuilderTest","eu.esdihumboldt.util.groovy.json.JsonStreamBuilderTest","testVirtualRootPrettyPrint"
"","43","testSchemaLess","","Wed Jul 08 16:00:39 UTC 2026","passed","Wed Jul 08 16:00:39 UTC 2026","","eu.esdihumboldt.hale.common.instance.groovy.InstanceAccessorTest","eu.esdihumboldt.hale.common.instance.groovy.InstanceAccessorTest","testSchemaLess"
"","12","testValuePropertiesJson","","Wed Jul 08 15:59:31 UTC 2026","passed","Wed Jul 08 15:59:31 UTC 2026","","eu.esdihumboldt.hale.common.core.io.impl.ValuePropertiesTypeTest","eu.esdihumboldt.hale.common.core.io.impl.ValuePropertiesTypeTest","testValuePropertiesJson"
"","2707","testEpsgCrsAxisOrder","","Wed Jul 08 15:59:57 UTC 2026","passed","Wed Jul 08 15:59:59 UTC 2026","","eu.esdihumboldt.hale.common.instance.geometry.CRSDefinitionUtilTest","eu.esdihumboldt.hale.common.instance.geometry.CRSDefinitionUtilTest","testEpsgCrsAxisOrder"
"","54","checkCyclicTypes","","Wed Jul 08 16:08:28 UTC 2026","passed","Wed Jul 08 16:08:28 UTC 2026","","eu.esdihumboldt.hale.io.jdbc.postgresql.test.CheckSortingForCyclicTypesTest","eu.esdihumboldt.hale.io.jdbc.postgresql.test.CheckSortingForCyclicTypesTest","checkCyclicTypes"
"","8","testDefinedTypeReference","","Wed Jul 08 16:01:50 UTC 2026","passed","Wed Jul 08 16:01:50 UTC 2026","","eu.esdihumboldt.hale.common.schema.groovy.SchemaBuilderTest","eu.esdihumboldt.hale.common.schema.groovy.SchemaBuilderTest","testDefinedTypeReference"
"","245","testCondition1","","Wed Jul 08 15:58:43 UTC 2026","passed","Wed Jul 08 15:58:44 UTC 2026","","eu.esdihumboldt.hale.common.align.merge.test.impl.DefaultMergeCellMigratorTest","eu.esdihumboldt.hale.common.align.merge.test.impl.DefaultMergeCellMigratorTest","testCondition1"
"","0","testGeometry_2_Polygon","","Wed Jul 08 16:06:38 UTC 2026","skipped","Wed Jul 08 16:06:38 UTC 2026","","eu.esdihumboldt.hale.io.gml.writer.internal.StreamGmlWriterTest","eu.esdihumboldt.hale.io.gml.writer.internal.StreamGmlWriterTest","testGeometry_2_Polygon"
"","3","testNullNotExistsSchema","","Wed Jul 08 15:59:48 UTC 2026","passed","Wed Jul 08 15:59:48 UTC 2026","","eu.esdihumboldt.hale.common.filter.CQLFilterTest","eu.esdihumboldt.hale.common.filter.CQLFilterTest","testNullNotExistsSchema"
"","83","testSchema","","Wed Jul 08 16:00:39 UTC 2026","passed","Wed Jul 08 16:00:39 UTC 2026","","eu.esdihumboldt.hale.common.instance.groovy.InstanceFamilyAccessorTest","eu.esdihumboldt.hale.common.instance.groovy.InstanceFamilyAccessorTest","testSchema"
"","6","testTrendsFromTwitter","","Wed Jul 08 16:13:05 UTC 2026","passed","Wed Jul 08 16:13:05 UTC 2026","","eu.esdihumboldt.util.groovy.json.JsonStreamBuilderTest","eu.esdihumboldt.util.groovy.json.JsonStreamBuilderTest","testTrendsFromTwitter"
"","28","testRead_definitive_substitution","","Wed Jul 08 16:12:09 UTC 2026","passed","Wed Jul 08 16:12:09 UTC 2026","","eu.esdihumboldt.hale.io.xsd.reader.XmlSchemaReaderTest","eu.esdihumboldt.hale.io.xsd.reader.XmlSchemaReaderTest","testRead_definitive_substitution"
"","177","testPreparedQuery","","Wed Jul 08 16:13:27 UTC 2026","passed","Wed Jul 08 16:13:28 UTC 2026","","eu.esdihumboldt.util.orient.embedded.LocalDocumentTest","eu.esdihumboldt.util.orient.embedded.LocalDocumentTest","testPreparedQuery"
"","920","testWriteFeaturesTargetCRS","","Wed Jul 08 16:05:24 UTC 2026","passed","Wed Jul 08 16:05:25 UTC 2026","","eu.esdihumboldt.hale.io.geopackage.GeopackageInstanceWriterTest","eu.esdihumboldt.hale.io.geopackage.GeopackageInstanceWriterTest","testWriteFeaturesTargetCRS"
"","2","testCCW2","","Wed Jul 08 16:12:50 UTC 2026","passed","Wed Jul 08 16:12:50 UTC 2026","","eu.esdihumboldt.util.geometry.interpolation.model.impl.ArcByCenterPointImplTest","eu.esdihumboldt.util.geometry.interpolation.model.impl.ArcByCenterPointImplTest","testCCW2"
"","100","testWriteMultiSchemasWithDifferentGeometryTypes","","Wed Jul 08 16:10:50 UTC 2026","passed","Wed Jul 08 16:10:50 UTC 2026","","eu.esdihumboldt.hale.io.shp.ShapefileInstanceWriterTest","eu.esdihumboldt.hale.io.shp.ShapefileInstanceWriterTest","testWriteMultiSchemasWithDifferentGeometryTypes"
"","5","testEqualitySimpleNoSchema","","Wed Jul 08 15:59:49 UTC 2026","passed","Wed Jul 08 15:59:49 UTC 2026","","eu.esdihumboldt.hale.common.filter.ECQLFilterTest","eu.esdihumboldt.hale.common.filter.ECQLFilterTest","testEqualitySimpleNoSchema"
"","3","testNullNotExistsSchema","","Wed Jul 08 15:59:49 UTC 2026","passed","Wed Jul 08 15:59:49 UTC 2026","","eu.esdihumboldt.hale.common.filter.ECQLFilterTest","eu.esdihumboldt.hale.common.filter.ECQLFilterTest","testNullNotExistsSchema"
"","84","testPriority","","Wed Jul 08 16:02:58 UTC 2026","passed","Wed Jul 08 16:02:58 UTC 2026","","eu.esdihumboldt.cst.internal.ConceptualSchemaTransformerTest","eu.esdihumboldt.cst.internal.ConceptualSchemaTransformerTest","testPriority"
"","0","testGeometryPrimitive_3_Polygon","","Wed Jul 08 16:06:40 UTC 2026","skipped","Wed Jul 08 16:06:40 UTC 2026","","eu.esdihumboldt.hale.io.gml.writer.internal.StreamGmlWriterTest","eu.esdihumboldt.hale.io.gml.writer.internal.StreamGmlWriterTest","testGeometryPrimitive_3_Polygon"
"","4","testByPoints2","","Wed Jul 08 16:12:50 UTC 2026","passed","Wed Jul 08 16:12:50 UTC 2026","","eu.esdihumboldt.util.geometry.interpolation.split.SplitInterpolationTest","eu.esdihumboldt.util.geometry.interpolation.split.SplitInterpolationTest","testByPoints2"
"","2","testCreateType","","Wed Jul 08 16:01:50 UTC 2026","passed","Wed Jul 08 16:01:50 UTC 2026","","eu.esdihumboldt.hale.common.schema.groovy.SchemaBuilderTest","eu.esdihumboldt.hale.common.schema.groovy.SchemaBuilderTest","testCreateType"
"","4","testInstanceNoValueNullSchema","","Wed Jul 08 15:59:49 UTC 2026","passed","Wed Jul 08 15:59:49 UTC 2026","","eu.esdihumboldt.hale.common.filter.ECQLFilterTest","eu.esdihumboldt.hale.common.filter.ECQLFilterTest","testInstanceNoValueNullSchema"
"","5","testGeoBboxList","","Wed Jul 08 15:59:49 UTC 2026","passed","Wed Jul 08 15:59:49 UTC 2026","","eu.esdihumboldt.hale.common.filter.ECQLFilterTest","eu.esdihumboldt.hale.common.filter.ECQLFilterTest","testGeoBboxList"
"","4","testNumberString","","Wed Jul 08 15:59:49 UTC 2026","passed","Wed Jul 08 15:59:49 UTC 2026","","eu.esdihumboldt.hale.common.filter.ECQLFilterTest","eu.esdihumboldt.hale.common.filter.ECQLFilterTest","testNumberString"
"","2","testIterateEven","","Wed Jul 08 16:00:03 UTC 2026","passed","Wed Jul 08 16:00:03 UTC 2026","","eu.esdihumboldt.hale.common.instance.tools.impl.SimplePartitionerTest","eu.esdihumboldt.hale.common.instance.tools.impl.SimplePartitionerTest","testIterateEven"
"","58","testBaseNameFromFile","","Wed Jul 08 16:10:30 UTC 2026","passed","Wed Jul 08 16:10:30 UTC 2026","","eu.esdihumboldt.hale.io.shp.ShapeInstanceReaderTest","eu.esdihumboldt.hale.io.shp.ShapeInstanceReaderTest","testBaseNameFromFile"
"","188","mergeJoinsWithJoin_abstract1","","Wed Jul 08 15:58:51 UTC 2026","passed","Wed Jul 08 15:58:51 UTC 2026","","eu.esdihumboldt.hale.common.align.merge.test.impl.JoinMergeTest","eu.esdihumboldt.hale.common.align.merge.test.impl.JoinMergeTest","mergeJoinsWithJoin_abstract1"
"","37","testEmpty","","Wed Jul 08 16:01:35 UTC 2026","passed","Wed Jul 08 16:01:35 UTC 2026","","eu.esdihumboldt.hale.common.schema.model.constraint.factory.type.ValidationConstraintFactoryTest","eu.esdihumboldt.hale.common.schema.model.constraint.factory.type.ValidationConstraintFactoryTest","testEmpty"
"","6","testSimpleSingleStrictFail","","Wed Jul 08 15:58:19 UTC 2026","passed","Wed Jul 08 15:58:19 UTC 2026","","eu.esdihumboldt.hale.common.align.groovy.accessor.EntityAccessorTest","eu.esdihumboldt.hale.common.align.groovy.accessor.EntityAccessorTest","testSimpleSingleStrictFail"
"","1","testDefault","","Wed Jul 08 16:01:35 UTC 2026","passed","Wed Jul 08 16:01:35 UTC 2026","","eu.esdihumboldt.hale.common.schema.model.constraint.factory.type.MappingRelevantFlagFactoryTest","eu.esdihumboldt.hale.common.schema.model.constraint.factory.type.MappingRelevantFlagFactoryTest","testDefault"
