"DESCRIPTION","DURATION IN MS","NAME","PARENT SUITE","START TIME","STATUS","STOP TIME","SUB SUITE","SUITE","TEST CLASS","TEST METHOD"
"","490","testToFrom","","Wed Jul 08 13:38:25 UTC 2026","passed","Wed Jul 08 13:38:25 UTC 2026","","eu.esdihumboldt.hale.common.align.model.functions.join.JoinParameterTest","eu.esdihumboldt.hale.common.align.model.functions.join.JoinParameterTest","testToFrom"
"","160","testFilterSame3","","Wed Jul 08 13:39:08 UTC 2026","passed","Wed Jul 08 13:39:08 UTC 2026","","eu.esdihumboldt.hale.common.align.merge.test.impl.DefaultMergeCellMigratorTest","eu.esdihumboldt.hale.common.align.merge.test.impl.DefaultMergeCellMigratorTest","testFilterSame3"
"","1","testFormatter[11]","","Wed Jul 08 13:53:00 UTC 2026","passed","Wed Jul 08 13:53:00 UTC 2026","","eu.esdihumboldt.util.geometry.DecimalFormatUtilTest","eu.esdihumboldt.util.geometry.DecimalFormatUtilTest","testFormatter[11]"
"","0","testOrder","","Wed Jul 08 13:52:39 UTC 2026","passed","Wed Jul 08 13:52:39 UTC 2026","","eu.esdihumboldt.util.DependencyOrderedListTest","eu.esdihumboldt.util.DependencyOrderedListTest","testOrder"
"","195","testTypeFilter6Present","","Wed Jul 08 13:39:11 UTC 2026","passed","Wed Jul 08 13:39:11 UTC 2026","","eu.esdihumboldt.hale.common.align.merge.test.impl.DefaultMergeCellMigratorTest","eu.esdihumboldt.hale.common.align.merge.test.impl.DefaultMergeCellMigratorTest","testTypeFilter6Present"
"","2","testTrueFalse","","Wed Jul 08 13:42:13 UTC 2026","passed","Wed Jul 08 13:42:13 UTC 2026","","eu.esdihumboldt.hale.common.schema.groovy.constraints.TypeAbstractFactoryTest","eu.esdihumboldt.hale.common.schema.groovy.constraints.TypeAbstractFactoryTest","testTrueFalse"
"","18","testValueListValueList","","Wed Jul 08 13:39:55 UTC 2026","passed","Wed Jul 08 13:39:55 UTC 2026","","eu.esdihumboldt.hale.common.core.io.impl.ValueListTypeTest","eu.esdihumboldt.hale.common.core.io.impl.ValueListTypeTest","testValueListValueList"
"","81","testEqualitySimple","","Wed Jul 08 13:40:13 UTC 2026","passed","Wed Jul 08 13:40:13 UTC 2026","","eu.esdihumboldt.hale.common.filter.ECQLFilterTest","eu.esdihumboldt.hale.common.filter.ECQLFilterTest","testEqualitySimple"
"","5","testLoopArrayTypeSafe","","Wed Jul 08 13:53:21 UTC 2026","passed","Wed Jul 08 13:53:21 UTC 2026","","eu.esdihumboldt.util.groovy.json.JsonStreamBuilderTest","eu.esdihumboldt.util.groovy.json.JsonStreamBuilderTest","testLoopArrayTypeSafe"
"","110","testCMUnion3","","Wed Jul 08 13:43:24 UTC 2026","passed","Wed Jul 08 13:43:24 UTC 2026","","eu.esdihumboldt.cst.internal.ConceptualSchemaTransformerTest","eu.esdihumboldt.cst.internal.ConceptualSchemaTransformerTest","testCMUnion3"
"","3","testRootArrayObjectsFail","","Wed Jul 08 13:53:21 UTC 2026","passed","Wed Jul 08 13:53:21 UTC 2026","","eu.esdihumboldt.util.groovy.json.JsonStreamBuilderTest","eu.esdihumboldt.util.groovy.json.JsonStreamBuilderTest","testRootArrayObjectsFail"
"","0","testGeometry_2_MultiPoint","","Wed Jul 08 13:47:11 UTC 2026","skipped","Wed Jul 08 13:47:11 UTC 2026","","eu.esdihumboldt.hale.io.gml.writer.internal.StreamGmlWriterTest","eu.esdihumboldt.hale.io.gml.writer.internal.StreamGmlWriterTest","testGeometry_2_MultiPoint"
"","13","testClass","","Wed Jul 08 13:42:13 UTC 2026","passed","Wed Jul 08 13:42:13 UTC 2026","","eu.esdihumboldt.hale.common.schema.groovy.constraints.BindingFactoryTest","eu.esdihumboldt.hale.common.schema.groovy.constraints.BindingFactoryTest","testClass"
"","5","testNotEqualList","","Wed Jul 08 13:40:13 UTC 2026","passed","Wed Jul 08 13:40:13 UTC 2026","","eu.esdihumboldt.hale.common.filter.CQLFilterTest","eu.esdihumboldt.hale.common.filter.CQLFilterTest","testNotEqualList"
"","5","testJsonBuilderRawJson","","Wed Jul 08 13:53:21 UTC 2026","passed","Wed Jul 08 13:53:21 UTC 2026","","eu.esdihumboldt.util.groovy.json.JsonStreamBuilderTest","eu.esdihumboldt.util.groovy.json.JsonStreamBuilderTest","testJsonBuilderRawJson"
"","127","testRetypeConditionRenameTypeFilteredTranslated","","Wed Jul 08 13:39:16 UTC 2026","passed","Wed Jul 08 13:39:16 UTC 2026","","eu.esdihumboldt.hale.common.align.merge.test.impl.JoinRetainConditionsTest","eu.esdihumboldt.hale.common.align.merge.test.impl.JoinRetainConditionsTest","testRetypeConditionRenameTypeFilteredTranslated"
"","3","testStraight","","Wed Jul 08 13:53:04 UTC 2026","passed","Wed Jul 08 13:53:04 UTC 2026","","eu.esdihumboldt.util.geometry.interpolation.model.impl.ArcByPointsImplTest","eu.esdihumboldt.util.geometry.interpolation.model.impl.ArcByPointsImplTest","testStraight"
"","8865","testComplexLookupJsonGroovy","","Wed Jul 08 13:41:22 UTC 2026","passed","Wed Jul 08 13:41:31 UTC 2026","","eu.esdihumboldt.hale.common.lookup.internal.LookupTableTypeTest","eu.esdihumboldt.hale.common.lookup.internal.LookupTableTypeTest","testComplexLookupJsonGroovy"
"","1","testRead3","","Wed Jul 08 13:45:05 UTC 2026","passed","Wed Jul 08 13:45:05 UTC 2026","","eu.esdihumboldt.hale.io.csv.CSVSchemaReaderTest","eu.esdihumboldt.hale.io.csv.CSVSchemaReaderTest","testRead3"
"","216","testJoinCondition","","Wed Jul 08 13:39:16 UTC 2026","passed","Wed Jul 08 13:39:16 UTC 2026","","eu.esdihumboldt.hale.common.align.merge.test.impl.JoinRetainConditionsTest","eu.esdihumboldt.hale.common.align.merge.test.impl.JoinRetainConditionsTest","testJoinCondition"
"","0","testFormatter[12]","","Wed Jul 08 13:53:00 UTC 2026","passed","Wed Jul 08 13:53:00 UTC 2026","","eu.esdihumboldt.util.geometry.DecimalFormatUtilTest","eu.esdihumboldt.util.geometry.DecimalFormatUtilTest","testFormatter[12]"
"","0","testInputLookupAndConsume","","Wed Jul 08 13:39:56 UTC 2026","passed","Wed Jul 08 13:39:56 UTC 2026","","eu.esdihumboldt.hale.common.core.io.supplier.LookupStreamResourceTest","eu.esdihumboldt.hale.common.core.io.supplier.LookupStreamResourceTest","testInputLookupAndConsume"
"","0","testPropertiesUnMix","","Wed Jul 08 13:43:11 UTC 2026","skipped","Wed Jul 08 13:43:11 UTC 2026","","eu.esdihumboldt.cst.internal.ConceptualSchemaTransformerTest","eu.esdihumboldt.cst.internal.ConceptualSchemaTransformerTest","testPropertiesUnMix"
"","316","testGeometryPrimitive_32_MultiLineString_Curve2","","Wed Jul 08 13:47:08 UTC 2026","passed","Wed Jul 08 13:47:08 UTC 2026","","eu.esdihumboldt.hale.io.gml.writer.internal.StreamGmlWriterTest","eu.esdihumboldt.hale.io.gml.writer.internal.StreamGmlWriterTest","testGeometryPrimitive_32_MultiLineString_Curve2"
"","1","testOrigin","","Wed Jul 08 13:53:04 UTC 2026","passed","Wed Jul 08 13:53:04 UTC 2026","","eu.esdihumboldt.util.geometry.interpolation.model.impl.ArcByPointsImplTest","eu.esdihumboldt.util.geometry.interpolation.model.impl.ArcByPointsImplTest","testOrigin"
"","144","testPreparedQuery","","Wed Jul 08 13:53:45 UTC 2026","passed","Wed Jul 08 13:53:45 UTC 2026","","eu.esdihumboldt.util.orient.embedded.MemoryDocumentTest","eu.esdihumboldt.util.orient.embedded.MemoryDocumentTest","testPreparedQuery"
"","0","testGeometryFlippedOnNULLCRS","","Wed Jul 08 13:53:03 UTC 2026","passed","Wed Jul 08 13:53:03 UTC 2026","","eu.esdihumboldt.util.geometry.WindingOrderTest","eu.esdihumboldt.util.geometry.WindingOrderTest","testGeometryFlippedOnNULLCRS"
"","200","testPropertyJoinIntFloat","","Wed Jul 08 13:43:14 UTC 2026","passed","Wed Jul 08 13:43:15 UTC 2026","","eu.esdihumboldt.cst.internal.ConceptualSchemaTransformerTest","eu.esdihumboldt.cst.internal.ConceptualSchemaTransformerTest","testPropertyJoinIntFloat"
"","5","testEnabled","","Wed Jul 08 13:41:56 UTC 2026","passed","Wed Jul 08 13:41:57 UTC 2026","","eu.esdihumboldt.hale.common.schema.model.constraint.factory.property.UniqueConstraintFactoryTest","eu.esdihumboldt.hale.common.schema.model.constraint.factory.property.UniqueConstraintFactoryTest","testEnabled"
"","116","testMergeWithoutAdditionalProp","","Wed Jul 08 13:43:22 UTC 2026","passed","Wed Jul 08 13:43:22 UTC 2026","","eu.esdihumboldt.cst.internal.ConceptualSchemaTransformerTest","eu.esdihumboldt.cst.internal.ConceptualSchemaTransformerTest","testMergeWithoutAdditionalProp"
"","89","testWriteReadBoolean","","Wed Jul 08 13:45:56 UTC 2026","passed","Wed Jul 08 13:45:56 UTC 2026","","eu.esdihumboldt.hale.io.geopackage.GeopackageInstanceWriterTest","eu.esdihumboldt.hale.io.geopackage.GeopackageInstanceWriterTest","testWriteReadBoolean"
"","7","testTrendsFromTwitter","","Wed Jul 08 13:53:21 UTC 2026","passed","Wed Jul 08 13:53:21 UTC 2026","","eu.esdihumboldt.util.groovy.json.JsonStreamBuilderTest","eu.esdihumboldt.util.groovy.json.JsonStreamBuilderTest","testTrendsFromTwitter"
"","5","testNullSchema","","Wed Jul 08 13:40:13 UTC 2026","passed","Wed Jul 08 13:40:13 UTC 2026","","eu.esdihumboldt.hale.common.filter.ECQLFilterTest","eu.esdihumboldt.hale.common.filter.ECQLFilterTest","testNullSchema"
"","7","testNumberBetweenList","","Wed Jul 08 13:40:13 UTC 2026","passed","Wed Jul 08 13:40:13 UTC 2026","","eu.esdihumboldt.hale.common.filter.CQLFilterTest","eu.esdihumboldt.hale.common.filter.CQLFilterTest","testNumberBetweenList"
"","3","testMixedKeys","","Wed Jul 08 13:44:27 UTC 2026","passed","Wed Jul 08 13:44:27 UTC 2026","","eu.esdihumboldt.cst.functions.groovy.helpers.util.CollectorTest","eu.esdihumboldt.cst.functions.groovy.helpers.util.CollectorTest","testMixedKeys"
"","67","testIDSaveLoad","","Wed Jul 08 13:38:25 UTC 2026","passed","Wed Jul 08 13:38:25 UTC 2026","","eu.esdihumboldt.hale.common.align.io.JaxbAlignmentIOTest","eu.esdihumboldt.hale.common.align.io.JaxbAlignmentIOTest","testIDSaveLoad"
"","139","migrateRenameFormattedString","","Wed Jul 08 13:39:13 UTC 2026","passed","Wed Jul 08 13:39:13 UTC 2026","","eu.esdihumboldt.hale.common.align.merge.test.impl.FormattedStringMergeTest","eu.esdihumboldt.hale.common.align.merge.test.impl.FormattedStringMergeTest","migrateRenameFormattedString"
"","6","testLikeList","","Wed Jul 08 13:40:14 UTC 2026","passed","Wed Jul 08 13:40:14 UTC 2026","","eu.esdihumboldt.hale.common.filter.ECQLFilterTest","eu.esdihumboldt.hale.common.filter.ECQLFilterTest","testLikeList"
"","3585","testTypedFilterForHydro","","Wed Jul 08 13:37:37 UTC 2026","passed","Wed Jul 08 13:37:41 UTC 2026","","eu.esdihumboldt.hale.app.transform.test.ExecuteTest","eu.esdihumboldt.hale.app.transform.test.ExecuteTest","testTypedFilterForHydro"
"","65","testReadMultiSheetDetectType","","Wed Jul 08 13:52:14 UTC 2026","passed","Wed Jul 08 13:52:15 UTC 2026","","eu.esdihumboldt.hale.io.xls.test.reader.XLSReaderTest","eu.esdihumboldt.hale.io.xls.test.reader.XLSReaderTest","testReadMultiSheetDetectType"
"","211","testInnerJoin","","Wed Jul 08 13:43:15 UTC 2026","passed","Wed Jul 08 13:43:15 UTC 2026","","eu.esdihumboldt.cst.internal.ConceptualSchemaTransformerTest","eu.esdihumboldt.cst.internal.ConceptualSchemaTransformerTest","testInnerJoin"
"","1","testFormatter[4]","","Wed Jul 08 13:53:00 UTC 2026","passed","Wed Jul 08 13:53:00 UTC 2026","","eu.esdihumboldt.util.geometry.DecimalFormatUtilTest","eu.esdihumboldt.util.geometry.DecimalFormatUtilTest","testFormatter[4]"
"","0","testUnifyGeometryCollection","","Wed Jul 08 13:53:03 UTC 2026","passed","Wed Jul 08 13:53:03 UTC 2026","","eu.esdihumboldt.util.geometry.WindingOrderTest","eu.esdihumboldt.util.geometry.WindingOrderTest","testUnifyGeometryCollection"
"","332","testReadXsdInstancesName","","Wed Jul 08 13:51:10 UTC 2026","passed","Wed Jul 08 13:51:11 UTC 2026","","eu.esdihumboldt.hale.io.shp.ShapeInstanceReaderTest","eu.esdihumboldt.hale.io.shp.ShapeInstanceReaderTest","testReadXsdInstancesName"
"","2","testNumberProperty","","Wed Jul 08 13:50:11 UTC 2026","passed","Wed Jul 08 13:50:11 UTC 2026","","eu.esdihumboldt.hale.io.json.test.JsonSchemaReaderTest","eu.esdihumboldt.hale.io.json.test.JsonSchemaReaderTest","testNumberProperty"
"","90","testRegexAnalysis","","Wed Jul 08 13:43:26 UTC 2026","passed","Wed Jul 08 13:43:26 UTC 2026","","eu.esdihumboldt.cst.internal.ConceptualSchemaTransformerTest","eu.esdihumboldt.cst.internal.ConceptualSchemaTransformerTest","testRegexAnalysis"
"","5","testInstanceNoValueNullSchema","","Wed Jul 08 13:40:13 UTC 2026","passed","Wed Jul 08 13:40:13 UTC 2026","","eu.esdihumboldt.hale.common.filter.ECQLFilterTest","eu.esdihumboldt.hale.common.filter.ECQLFilterTest","testInstanceNoValueNullSchema"
"","0","testInstanceExistsSchema","","Wed Jul 08 13:40:13 UTC 2026","skipped","Wed Jul 08 13:40:13 UTC 2026","","eu.esdihumboldt.hale.common.filter.CQLFilterTest","eu.esdihumboldt.hale.common.filter.CQLFilterTest","testInstanceExistsSchema"
"","94","testGenerateUID","","Wed Jul 08 13:43:25 UTC 2026","passed","Wed Jul 08 13:43:25 UTC 2026","","eu.esdihumboldt.cst.internal.ConceptualSchemaTransformerTest","eu.esdihumboldt.cst.internal.ConceptualSchemaTransformerTest","testGenerateUID"
"","2","testFixed","","Wed Jul 08 13:42:13 UTC 2026","passed","Wed Jul 08 13:42:13 UTC 2026","","eu.esdihumboldt.hale.common.schema.groovy.constraints.CardinalityFactoryTest","eu.esdihumboldt.hale.common.schema.groovy.constraints.CardinalityFactoryTest","testFixed"
"","4","testGetReferencesSimple","","Wed Jul 08 13:40:13 UTC 2026","passed","Wed Jul 08 13:40:13 UTC 2026","","eu.esdihumboldt.hale.common.filter.ECQLFilterTest","eu.esdihumboldt.hale.common.filter.ECQLFilterTest","testGetReferencesSimple"
"","39","testSKOSFromRDF4_language_de","","Wed Jul 08 13:44:52 UTC 2026","passed","Wed Jul 08 13:44:52 UTC 2026","","eu.esdihumboldt.hale.io.codelist.skos.test.SkosCodeListTest","eu.esdihumboldt.hale.io.codelist.skos.test.SkosCodeListTest","testSKOSFromRDF4_language_de"
"","2","testNested","","Wed Jul 08 13:52:56 UTC 2026","passed","Wed Jul 08 13:52:56 UTC 2026","","eu.esdihumboldt.util.config.ConfigMergerTest","eu.esdihumboldt.util.config.ConfigMergerTest","testNested"
"","7","testRootArrayObjectNested","","Wed Jul 08 13:53:21 UTC 2026","passed","Wed Jul 08 13:53:21 UTC 2026","","eu.esdihumboldt.util.groovy.json.JsonStreamBuilderTest","eu.esdihumboldt.util.groovy.json.JsonStreamBuilderTest","testRootArrayObjectNested"
"","258","testJoinCondition","","Wed Jul 08 13:39:14 UTC 2026","passed","Wed Jul 08 13:39:14 UTC 2026","","eu.esdihumboldt.hale.common.align.merge.test.impl.JoinFocusRetainConditionTest","eu.esdihumboldt.hale.common.align.merge.test.impl.JoinFocusRetainConditionTest","testJoinCondition"
"","160","testSplitMulti_Singles","","Wed Jul 08 13:44:02 UTC 2026","passed","Wed Jul 08 13:44:02 UTC 2026","","eu.esdihumboldt.cst.functions.geometric.test.GeometryHelperFunctionsTest","eu.esdihumboldt.cst.functions.geometric.test.GeometryHelperFunctionsTest","testSplitMulti_Singles"
"","346","testWfsPaginationCountWithFeaturesPerRequest","","Wed Jul 08 13:46:53 UTC 2026","passed","Wed Jul 08 13:46:53 UTC 2026","","eu.esdihumboldt.hale.io.gml.reader.internal.StreamGmlReaderTest","eu.esdihumboldt.hale.io.gml.reader.internal.StreamGmlReaderTest","testWfsPaginationCountWithFeaturesPerRequest"
"","287","testSaveLoad","","Wed Jul 08 13:38:25 UTC 2026","passed","Wed Jul 08 13:38:25 UTC 2026","","eu.esdihumboldt.hale.common.align.io.JaxbAlignmentIOTest","eu.esdihumboldt.hale.common.align.io.JaxbAlignmentIOTest","testSaveLoad"
"","1","testDefault","","Wed Jul 08 13:41:57 UTC 2026","passed","Wed Jul 08 13:41:57 UTC 2026","","eu.esdihumboldt.hale.common.schema.model.constraint.factory.type.HasValueFlagFactoryTest","eu.esdihumboldt.hale.common.schema.model.constraint.factory.type.HasValueFlagFactoryTest","testDefault"
"","48","testOffsetBig","","Wed Jul 08 13:53:04 UTC 2026","passed","Wed Jul 08 13:53:04 UTC 2026","","eu.esdihumboldt.util.geometry.interpolation.grid.GridInterpolationTest","eu.esdihumboldt.util.geometry.interpolation.grid.GridInterpolationTest","testOffsetBig"
"","153","testNotes1","","Wed Jul 08 13:39:12 UTC 2026","passed","Wed Jul 08 13:39:12 UTC 2026","","eu.esdihumboldt.hale.common.align.merge.test.impl.DefaultMergeCellMigratorTest","eu.esdihumboldt.hale.common.align.merge.test.impl.DefaultMergeCellMigratorTest","testNotes1"
"","127","testRetypeConditionRenameTypeFiltered","","Wed Jul 08 13:39:16 UTC 2026","passed","Wed Jul 08 13:39:16 UTC 2026","","eu.esdihumboldt.hale.common.align.merge.test.impl.JoinRetainConditionsTest","eu.esdihumboldt.hale.common.align.merge.test.impl.JoinRetainConditionsTest","testRetypeConditionRenameTypeFiltered"
"","9","testSKOSFromRDF4_language_en","","Wed Jul 08 13:44:52 UTC 2026","passed","Wed Jul 08 13:44:52 UTC 2026","","eu.esdihumboldt.hale.io.codelist.skos.test.SkosCodeListTest","eu.esdihumboldt.hale.io.codelist.skos.test.SkosCodeListTest","testSKOSFromRDF4_language_en"
"","5","testStringBetween","","Wed Jul 08 13:40:14 UTC 2026","passed","Wed Jul 08 13:40:14 UTC 2026","","eu.esdihumboldt.hale.common.filter.ECQLFilterTest","eu.esdihumboldt.hale.common.filter.ECQLFilterTest","testStringBetween"
"","26","testRead_shiporder_divided","","Wed Jul 08 13:52:35 UTC 2026","passed","Wed Jul 08 13:52:35 UTC 2026","","eu.esdihumboldt.hale.io.xsd.reader.XmlSchemaReaderTest","eu.esdihumboldt.hale.io.xsd.reader.XmlSchemaReaderTest","testRead_shiporder_divided"
"","0","testReverseSkipsNullValues","","Wed Jul 08 13:41:22 UTC 2026","passed","Wed Jul 08 13:41:22 UTC 2026","","eu.esdihumboldt.hale.common.lookup.impl.LookupTableImplTest","eu.esdihumboldt.hale.common.lookup.impl.LookupTableImplTest","testReverseSkipsNullValues"
"","0","testLocales1","","Wed Jul 08 13:38:27 UTC 2026","skipped","Wed Jul 08 13:38:27 UTC 2026","","eu.esdihumboldt.hale.common.align.model.impl.mdexpl.MarkdownCellExplanationTest","eu.esdihumboldt.hale.common.align.model.impl.mdexpl.MarkdownCellExplanationTest","testLocales1"
"","8","testHalfCircle","","Wed Jul 08 13:53:04 UTC 2026","passed","Wed Jul 08 13:53:04 UTC 2026","","eu.esdihumboldt.util.geometry.interpolation.split.SplitInterpolationTest","eu.esdihumboldt.util.geometry.interpolation.split.SplitInterpolationTest","testHalfCircle"
"","8129","testLoadWFS2Capabilities","","Wed Jul 08 13:51:45 UTC 2026","passed","Wed Jul 08 13:51:53 UTC 2026","","eu.esdihumboldt.hale.io.wfs.test.capabilities.CapabilitiesHelperTest","eu.esdihumboldt.hale.io.wfs.test.capabilities.CapabilitiesHelperTest","testLoadWFS2Capabilities"
"","39","testEmpty","","Wed Jul 08 13:41:57 UTC 2026","passed","Wed Jul 08 13:41:57 UTC 2026","","eu.esdihumboldt.hale.common.schema.model.constraint.factory.type.ValidationConstraintFactoryTest","eu.esdihumboldt.hale.common.schema.model.constraint.factory.type.ValidationConstraintFactoryTest","testEmpty"
"","52","testRunsInHale","","Wed Jul 08 13:47:31 UTC 2026","passed","Wed Jul 08 13:47:31 UTC 2026","","eu.esdihumboldt.hale.io.groovy.snippets.GroovySnippetsTest","eu.esdihumboldt.hale.io.groovy.snippets.GroovySnippetsTest","testRunsInHale"
"","2573","simpleSchemaWriteTest","","Wed Jul 08 13:51:17 UTC 2026","passed","Wed Jul 08 13:51:20 UTC 2026","","eu.esdihumboldt.hale.io.shp.ShapefileInstanceWriterTest","eu.esdihumboldt.hale.io.shp.ShapefileInstanceWriterTest","simpleSchemaWriteTest"
"","265","testWfsPaginationWithStartIndex","","Wed Jul 08 13:46:51 UTC 2026","passed","Wed Jul 08 13:46:52 UTC 2026","","eu.esdihumboldt.hale.io.gml.reader.internal.StreamGmlReaderTest","eu.esdihumboldt.hale.io.gml.reader.internal.StreamGmlReaderTest","testWfsPaginationWithStartIndex"
"","151","testFilterSame6","","Wed Jul 08 13:39:08 UTC 2026","passed","Wed Jul 08 13:39:08 UTC 2026","","eu.esdihumboldt.hale.common.align.merge.test.impl.DefaultMergeCellMigratorTest","eu.esdihumboldt.hale.common.align.merge.test.impl.DefaultMergeCellMigratorTest","testFilterSame6"
"","8","testPropertyType","","Wed Jul 08 13:52:15 UTC 2026","passed","Wed Jul 08 13:52:15 UTC 2026","","eu.esdihumboldt.hale.io.xls.test.reader.XLSReaderTest","eu.esdihumboldt.hale.io.xls.test.reader.XLSReaderTest","testPropertyType"
"","12","testEqualityListNoSchema","","Wed Jul 08 13:40:12 UTC 2026","passed","Wed Jul 08 13:40:12 UTC 2026","","eu.esdihumboldt.hale.common.filter.CQLFilterTest","eu.esdihumboldt.hale.common.filter.CQLFilterTest","testEqualityListNoSchema"
"","0","simpleFilterTestECQL","","Wed Jul 08 13:40:17 UTC 2026","passed","Wed Jul 08 13:40:17 UTC 2026","","eu.esdihumboldt.hale.common.filter.FilterTest","eu.esdihumboldt.hale.common.filter.FilterTest","simpleFilterTestECQL"
"","116","testCMMulti1","","Wed Jul 08 13:43:24 UTC 2026","passed","Wed Jul 08 13:43:24 UTC 2026","","eu.esdihumboldt.cst.internal.ConceptualSchemaTransformerTest","eu.esdihumboldt.cst.internal.ConceptualSchemaTransformerTest","testCMMulti1"
"","84","testReadGeoJsonArray","","Wed Jul 08 13:50:10 UTC 2026","passed","Wed Jul 08 13:50:10 UTC 2026","","eu.esdihumboldt.hale.io.json.test.JsonInstanceCollectionTest","eu.esdihumboldt.hale.io.json.test.JsonInstanceCollectionTest","testReadGeoJsonArray"
"","2","testDisabled","","Wed Jul 08 13:41:57 UTC 2026","passed","Wed Jul 08 13:41:57 UTC 2026","","eu.esdihumboldt.hale.common.schema.model.constraint.factory.type.AbstractFlagFactoryTest","eu.esdihumboldt.hale.common.schema.model.constraint.factory.type.AbstractFlagFactoryTest","testDisabled"
"","1163","testReadNoNames","","Wed Jul 08 13:44:56 UTC 2026","passed","Wed Jul 08 13:44:57 UTC 2026","","eu.esdihumboldt.hale.io.codelist.xml.reader.XmlCodeListTest","eu.esdihumboldt.hale.io.codelist.xml.reader.XmlCodeListTest","testReadNoNames"
"","2924","testEpsgCrsAxisOrder","","Wed Jul 08 13:40:22 UTC 2026","passed","Wed Jul 08 13:40:25 UTC 2026","","eu.esdihumboldt.hale.common.instance.geometry.CRSDefinitionUtilTest","eu.esdihumboldt.hale.common.instance.geometry.CRSDefinitionUtilTest","testEpsgCrsAxisOrder"
"","333","testGeometryPrimitive_32_MultiPolygon","","Wed Jul 08 13:47:12 UTC 2026","passed","Wed Jul 08 13:47:13 UTC 2026","","eu.esdihumboldt.hale.io.gml.writer.internal.StreamGmlWriterTest","eu.esdihumboldt.hale.io.gml.writer.internal.StreamGmlWriterTest","testGeometryPrimitive_32_MultiPolygon"
"","6","testByPoints1","","Wed Jul 08 13:53:05 UTC 2026","passed","Wed Jul 08 13:53:05 UTC 2026","","eu.esdihumboldt.util.geometry.interpolation.split.SplitInterpolationTest","eu.esdihumboldt.util.geometry.interpolation.split.SplitInterpolationTest","testByPoints1"
"","94","testWfsResolvedepthResponseStructure","","Wed Jul 08 13:46:53 UTC 2026","passed","Wed Jul 08 13:46:53 UTC 2026","","eu.esdihumboldt.hale.io.gml.reader.internal.StreamGmlReaderTest","eu.esdihumboldt.hale.io.gml.reader.internal.StreamGmlReaderTest","testWfsResolvedepthResponseStructure"
"","85","testTypeFilter","","Wed Jul 08 13:43:27 UTC 2026","passed","Wed Jul 08 13:43:27 UTC 2026","","eu.esdihumboldt.cst.internal.ConceptualSchemaTransformerTest","eu.esdihumboldt.cst.internal.ConceptualSchemaTransformerTest","testTypeFilter"
"","2","testMerge5","","Wed Jul 08 13:39:56 UTC 2026","passed","Wed Jul 08 13:39:56 UTC 2026","","eu.esdihumboldt.hale.common.core.report.util.StatsMergeTest","eu.esdihumboldt.hale.common.core.report.util.StatsMergeTest","testMerge5"
"","0","testChoice","","Wed Jul 08 13:43:26 UTC 2026","skipped","Wed Jul 08 13:43:26 UTC 2026","","eu.esdihumboldt.cst.internal.ConceptualSchemaTransformerTest","eu.esdihumboldt.cst.internal.ConceptualSchemaTransformerTest","testChoice"
"","5","testNestedListMap","","Wed Jul 08 13:53:21 UTC 2026","passed","Wed Jul 08 13:53:21 UTC 2026","","eu.esdihumboldt.util.groovy.json.JsonStreamBuilderTest","eu.esdihumboldt.util.groovy.json.JsonStreamBuilderTest","testNestedListMap"
"","6","testLoad","","Wed Jul 08 13:52:33 UTC 2026","passed","Wed Jul 08 13:52:33 UTC 2026","","eu.esdihumboldt.hale.io.xsd.anytype.valuetypes.CustomTypeContentConfigurationTypeTest","eu.esdihumboldt.hale.io.xsd.anytype.valuetypes.CustomTypeContentConfigurationTypeTest","testLoad"
"","1451","testToFrom","","Wed Jul 08 13:44:03 UTC 2026","passed","Wed Jul 08 13:44:04 UTC 2026","","eu.esdihumboldt.cst.functions.geometric.test.join.SpatialJoinParameterTest","eu.esdihumboldt.cst.functions.geometric.test.join.SpatialJoinParameterTest","testToFrom"
"","1829","testCount","","Wed Jul 08 13:53:42 UTC 2026","passed","Wed Jul 08 13:53:44 UTC 2026","","eu.esdihumboldt.util.orient.embedded.BrowseClassIterateTest","eu.esdihumboldt.util.orient.embedded.BrowseClassIterateTest","testCount"
"","0","testExistsSchema","","Wed Jul 08 13:40:13 UTC 2026","skipped","Wed Jul 08 13:40:13 UTC 2026","","eu.esdihumboldt.hale.common.filter.ECQLFilterTest","eu.esdihumboldt.hale.common.filter.ECQLFilterTest","testExistsSchema"
"","84","testStructuralRename2","","Wed Jul 08 13:43:26 UTC 2026","passed","Wed Jul 08 13:43:26 UTC 2026","","eu.esdihumboldt.cst.internal.ConceptualSchemaTransformerTest","eu.esdihumboldt.cst.internal.ConceptualSchemaTransformerTest","testStructuralRename2"
"","0","testLocales2","","Wed Jul 08 13:38:27 UTC 2026","skipped","Wed Jul 08 13:38:27 UTC 2026","","eu.esdihumboldt.hale.common.align.model.impl.mdexpl.MarkdownCellExplanationTest","eu.esdihumboldt.hale.common.align.model.impl.mdexpl.MarkdownCellExplanationTest","testLocales2"
"","0","testGeoIntersect","","Wed Jul 08 13:40:13 UTC 2026","skipped","Wed Jul 08 13:40:13 UTC 2026","","eu.esdihumboldt.hale.common.filter.ECQLFilterTest","eu.esdihumboldt.hale.common.filter.ECQLFilterTest","testGeoIntersect"
"","14302","testWriteTopoJson","","Wed Jul 08 13:51:25 UTC 2026","passed","Wed Jul 08 13:51:40 UTC 2026","","eu.esdihumboldt.hale.io.topojson.test.TopoJsonInstanceWriterTest","eu.esdihumboldt.hale.io.topojson.test.TopoJsonInstanceWriterTest","testWriteTopoJson"
"","1","eu.esdihumboldt.util.blueprints.entities.test.VertexEntityTransformationTest","","Wed Jul 08 13:52:43 UTC 2026","skipped","Wed Jul 08 13:52:43 UTC 2026","","eu.esdihumboldt.util.blueprints.entities.test.VertexEntityTransformationTest","eu.esdihumboldt.util.blueprints.entities.test.VertexEntityTransformationTest","eu.esdihumboldt.util.blueprints.entities.test.VertexEntityTransformationTest"
"","6","testHalfCircleAllGrid","","Wed Jul 08 13:53:04 UTC 2026","passed","Wed Jul 08 13:53:04 UTC 2026","","eu.esdihumboldt.util.geometry.interpolation.grid.GridInterpolationTest","eu.esdihumboldt.util.geometry.interpolation.grid.GridInterpolationTest","testHalfCircleAllGrid"
"","52","testWriteMultiSchemas","","Wed Jul 08 13:51:17 UTC 2026","passed","Wed Jul 08 13:51:17 UTC 2026","","eu.esdihumboldt.hale.io.shp.ShapefileInstanceWriterTest","eu.esdihumboldt.hale.io.shp.ShapefileInstanceWriterTest","testWriteMultiSchemas"
"","62","testGmlOverflow2","","Wed Jul 08 13:40:45 UTC 2026","passed","Wed Jul 08 13:40:45 UTC 2026","","eu.esdihumboldt.hale.common.instance.graph.test.ReferenceGraphTest","eu.esdihumboldt.hale.common.instance.graph.test.ReferenceGraphTest","testGmlOverflow2"
"","0","testGeoCross","","Wed Jul 08 13:40:12 UTC 2026","skipped","Wed Jul 08 13:40:12 UTC 2026","","eu.esdihumboldt.hale.common.filter.CQLFilterTest","eu.esdihumboldt.hale.common.filter.CQLFilterTest","testGeoCross"
"","4","testRange","","Wed Jul 08 13:42:13 UTC 2026","passed","Wed Jul 08 13:42:13 UTC 2026","","eu.esdihumboldt.hale.common.schema.groovy.constraints.EnumerationFactoryTest","eu.esdihumboldt.hale.common.schema.groovy.constraints.EnumerationFactoryTest","testRange"
"","7","testLikeList","","Wed Jul 08 13:40:13 UTC 2026","passed","Wed Jul 08 13:40:13 UTC 2026","","eu.esdihumboldt.hale.common.filter.CQLFilterTest","eu.esdihumboldt.hale.common.filter.CQLFilterTest","testLikeList"
"","3","testExportNullTargetValue","","Wed Jul 08 13:45:18 UTC 2026","passed","Wed Jul 08 13:45:18 UTC 2026","","eu.esdihumboldt.hale.io.csv.writer.CSVLookupWriterTest","eu.esdihumboldt.hale.io.csv.writer.CSVLookupWriterTest","testExportNullTargetValue"
"","280","testMultiResult1","","Wed Jul 08 13:43:15 UTC 2026","passed","Wed Jul 08 13:43:15 UTC 2026","","eu.esdihumboldt.cst.internal.ConceptualSchemaTransformerTest","eu.esdihumboldt.cst.internal.ConceptualSchemaTransformerTest","testMultiResult1"
"","3","testPrimitive","","Wed Jul 08 13:41:57 UTC 2026","passed","Wed Jul 08 13:41:57 UTC 2026","","eu.esdihumboldt.hale.common.schema.model.constraint.factory.type.BindingFactoryTest","eu.esdihumboldt.hale.common.schema.model.constraint.factory.type.BindingFactoryTest","testPrimitive"
"","28","testRead_definitive_sequencegroup","","Wed Jul 08 13:52:35 UTC 2026","passed","Wed Jul 08 13:52:35 UTC 2026","","eu.esdihumboldt.hale.io.xsd.reader.XmlSchemaReaderTest","eu.esdihumboldt.hale.io.xsd.reader.XmlSchemaReaderTest","testRead_definitive_sequencegroup"
"","0","testFormatter[9]","","Wed Jul 08 13:53:00 UTC 2026","passed","Wed Jul 08 13:53:00 UTC 2026","","eu.esdihumboldt.util.geometry.DecimalFormatUtilTest","eu.esdihumboldt.util.geometry.DecimalFormatUtilTest","testFormatter[9]"
"","431","testInspireReferenceAppInfo","","Wed Jul 08 13:52:35 UTC 2026","passed","Wed Jul 08 13:52:35 UTC 2026","","eu.esdihumboldt.hale.io.xsd.reader.XmlSchemaReaderMoreTest","eu.esdihumboldt.hale.io.xsd.reader.XmlSchemaReaderMoreTest","testInspireReferenceAppInfo"
"","0","testFormatter[1]","","Wed Jul 08 13:53:00 UTC 2026","passed","Wed Jul 08 13:53:00 UTC 2026","","eu.esdihumboldt.util.geometry.DecimalFormatUtilTest","eu.esdihumboldt.util.geometry.DecimalFormatUtilTest","testFormatter[1]"
"","30","testRead_definitive_chapter03","","Wed Jul 08 13:52:35 UTC 2026","passed","Wed Jul 08 13:52:35 UTC 2026","","eu.esdihumboldt.hale.io.xsd.reader.XmlSchemaReaderTest","eu.esdihumboldt.hale.io.xsd.reader.XmlSchemaReaderTest","testRead_definitive_chapter03"
"","611","testInspireCodespaceAutoAdd","","Wed Jul 08 13:46:58 UTC 2026","passed","Wed Jul 08 13:46:59 UTC 2026","","eu.esdihumboldt.hale.io.gml.writer.internal.StreamGmlWriter2Test","eu.esdihumboldt.hale.io.gml.writer.internal.StreamGmlWriter2Test","testInspireCodespaceAutoAdd"
"","23","testReadXsdInstancesTypenameAmbiguousLocalNameWithNamespace2","","Wed Jul 08 13:51:12 UTC 2026","passed","Wed Jul 08 13:51:12 UTC 2026","","eu.esdihumboldt.hale.io.shp.ShapeInstanceReaderTest","eu.esdihumboldt.hale.io.shp.ShapeInstanceReaderTest","testReadXsdInstancesTypenameAmbiguousLocalNameWithNamespace2"
"","7","testGeoBboxList","","Wed Jul 08 13:40:13 UTC 2026","passed","Wed Jul 08 13:40:13 UTC 2026","","eu.esdihumboldt.hale.common.filter.CQLFilterTest","eu.esdihumboldt.hale.common.filter.CQLFilterTest","testGeoBboxList"
"","0","testHasNext2","","Wed Jul 08 13:53:44 UTC 2026","skipped","Wed Jul 08 13:53:44 UTC 2026","","eu.esdihumboldt.util.orient.embedded.BrowseClassIterateTest","eu.esdihumboldt.util.orient.embedded.BrowseClassIterateTest","testHasNext2"
"","0","testLoadShiporderECQL","","Wed Jul 08 13:40:17 UTC 2026","skipped","Wed Jul 08 13:40:17 UTC 2026","","eu.esdihumboldt.hale.common.filter.FilterTest","eu.esdihumboldt.hale.common.filter.FilterTest","testLoadShiporderECQL"
"","0","testGeometry_2_Point","","Wed Jul 08 13:47:12 UTC 2026","skipped","Wed Jul 08 13:47:12 UTC 2026","","eu.esdihumboldt.hale.io.gml.writer.internal.StreamGmlWriterTest","eu.esdihumboldt.hale.io.gml.writer.internal.StreamGmlWriterTest","testGeometry_2_Point"
"","18","testEnabled","","Wed Jul 08 13:41:57 UTC 2026","passed","Wed Jul 08 13:41:57 UTC 2026","","eu.esdihumboldt.hale.common.schema.model.constraint.factory.type.SkipValidationFactoryTest","eu.esdihumboldt.hale.common.schema.model.constraint.factory.type.SkipValidationFactoryTest","testEnabled"
"","0","testCopyISOTC211","","Wed Jul 08 13:39:56 UTC 2026","skipped","Wed Jul 08 13:39:56 UTC 2026","","eu.esdihumboldt.hale.common.core.io.project.util.XMLPathUpdaterTest","eu.esdihumboldt.hale.common.core.io.project.util.XMLPathUpdaterTest","testCopyISOTC211"
"","16","testEnabled","","Wed Jul 08 13:41:57 UTC 2026","passed","Wed Jul 08 13:41:57 UTC 2026","","eu.esdihumboldt.hale.common.schema.model.constraint.factory.type.MappableFlagFactoryTest","eu.esdihumboldt.hale.common.schema.model.constraint.factory.type.MappableFlagFactoryTest","testEnabled"
"","1","testSuccessSaveConfig","","Wed Jul 08 13:45:24 UTC 2026","skipped","Wed Jul 08 13:45:24 UTC 2026","","eu.esdihumboldt.hale.io.deegree.mapping.MappingWriterTest","eu.esdihumboldt.hale.io.deegree.mapping.MappingWriterTest","testSuccessSaveConfig"
"","8","testEqualitySimpleNoSchema","","Wed Jul 08 13:40:14 UTC 2026","passed","Wed Jul 08 13:40:14 UTC 2026","","eu.esdihumboldt.hale.common.filter.ECQLFilterTest","eu.esdihumboldt.hale.common.filter.ECQLFilterTest","testEqualitySimpleNoSchema"
"","0","testGeometryPrimitive_32_Curve_MultiLineString","","Wed Jul 08 13:47:01 UTC 2026","skipped","Wed Jul 08 13:47:01 UTC 2026","","eu.esdihumboldt.hale.io.gml.writer.internal.StreamGmlWriter2Test","eu.esdihumboldt.hale.io.gml.writer.internal.StreamGmlWriter2Test","testGeometryPrimitive_32_Curve_MultiLineString"
"","6","testInstanceValueNullSchema","","Wed Jul 08 13:40:13 UTC 2026","passed","Wed Jul 08 13:40:13 UTC 2026","","eu.esdihumboldt.hale.common.filter.CQLFilterTest","eu.esdihumboldt.hale.common.filter.CQLFilterTest","testInstanceValueNullSchema"
"","27","testSingleGeometry","","Wed Jul 08 13:51:20 UTC 2026","passed","Wed Jul 08 13:51:20 UTC 2026","","eu.esdihumboldt.hale.io.shp.ShapefileInstanceWriterTest","eu.esdihumboldt.hale.io.shp.ShapefileInstanceWriterTest","testSingleGeometry"
"","0","testRange","","Wed Jul 08 13:42:13 UTC 2026","passed","Wed Jul 08 13:42:13 UTC 2026","","eu.esdihumboldt.hale.common.schema.groovy.constraints.CardinalityFactoryTest","eu.esdihumboldt.hale.common.schema.groovy.constraints.CardinalityFactoryTest","testRange"
"","161","testReadSimpleArray","","Wed Jul 08 13:50:11 UTC 2026","passed","Wed Jul 08 13:50:11 UTC 2026","","eu.esdihumboldt.hale.io.json.test.JsonToInstanceTest","eu.esdihumboldt.hale.io.json.test.JsonToInstanceTest","testReadSimpleArray"
"","14","testValuePropertiesJson","","Wed Jul 08 13:39:56 UTC 2026","passed","Wed Jul 08 13:39:56 UTC 2026","","eu.esdihumboldt.hale.common.core.io.impl.ValuePropertiesTypeTest","eu.esdihumboldt.hale.common.core.io.impl.ValuePropertiesTypeTest","testValuePropertiesJson"
"","12146","gstringIntercepted","","Wed Jul 08 13:53:25 UTC 2026","passed","Wed Jul 08 13:53:37 UTC 2026","","eu.esdihumboldt.util.groovy.sandbox.test.internal.GroovySandboxTest","eu.esdihumboldt.util.groovy.sandbox.test.internal.GroovySandboxTest","gstringIntercepted"
"","21","testReadSchema","","Wed Jul 08 13:45:56 UTC 2026","passed","Wed Jul 08 13:45:56 UTC 2026","","eu.esdihumboldt.hale.io.geopackage.GeopackageSchemaReaderTest","eu.esdihumboldt.hale.io.geopackage.GeopackageSchemaReaderTest","testReadSchema"
"","1","testIterateEven","","Wed Jul 08 13:40:28 UTC 2026","passed","Wed Jul 08 13:40:28 UTC 2026","","eu.esdihumboldt.hale.common.instance.tools.impl.SimplePartitionerTest","eu.esdihumboldt.hale.common.instance.tools.impl.SimplePartitionerTest","testIterateEven"
"","12253","testParentBindung","","Wed Jul 08 13:47:18 UTC 2026","passed","Wed Jul 08 13:47:30 UTC 2026","","eu.esdihumboldt.hale.io.groovy.snippets.GroovySnippetsTest","eu.esdihumboldt.hale.io.groovy.snippets.GroovySnippetsTest","testParentBindung"
"","41","testOffsetCircle","","Wed Jul 08 13:53:05 UTC 2026","passed","Wed Jul 08 13:53:05 UTC 2026","","eu.esdihumboldt.util.geometry.interpolation.split.SplitInterpolationTest","eu.esdihumboldt.util.geometry.interpolation.split.SplitInterpolationTest","testOffsetCircle"
"","71","testGetReferencesNested","","Wed Jul 08 13:40:13 UTC 2026","passed","Wed Jul 08 13:40:13 UTC 2026","","eu.esdihumboldt.hale.common.filter.CQLFilterTest","eu.esdihumboldt.hale.common.filter.CQLFilterTest","testGetReferencesNested"
"","344","testMatchCondition1","","Wed Jul 08 13:39:07 UTC 2026","passed","Wed Jul 08 13:39:07 UTC 2026","","eu.esdihumboldt.hale.common.align.merge.test.impl.DefaultMergeCellMigratorTest","eu.esdihumboldt.hale.common.align.merge.test.impl.DefaultMergeCellMigratorTest","testMatchCondition1"
"","10379","testSimpleAll","","Wed Jul 08 13:38:32 UTC 2026","passed","Wed Jul 08 13:38:43 UTC 2026","","eu.esdihumboldt.hale.common.align.groovy.accessor.EntityAccessorTest","eu.esdihumboldt.hale.common.align.groovy.accessor.EntityAccessorTest","testSimpleAll"
"","166","testGroovyWarningRetype","","Wed Jul 08 13:39:12 UTC 2026","passed","Wed Jul 08 13:39:12 UTC 2026","","eu.esdihumboldt.hale.common.align.merge.test.impl.DefaultMergeCellMigratorTest","eu.esdihumboldt.hale.common.align.merge.test.impl.DefaultMergeCellMigratorTest","testGroovyWarningRetype"
"","24","testLoadMixed","","Wed Jul 08 13:46:13 UTC 2026","passed","Wed Jul 08 13:46:13 UTC 2026","","eu.esdihumboldt.hale.io.gml.reader.internal.GmlInstanceCollectionTest","eu.esdihumboldt.hale.io.gml.reader.internal.GmlInstanceCollectionTest","testLoadMixed"
"","3","testValues","","Wed Jul 08 13:41:57 UTC 2026","passed","Wed Jul 08 13:41:57 UTC 2026","","eu.esdihumboldt.hale.common.schema.model.constraint.factory.type.EnumerationFactoryTest","eu.esdihumboldt.hale.common.schema.model.constraint.factory.type.EnumerationFactoryTest","testValues"
"","217","mergeJoinGroovyRetype","","Wed Jul 08 13:39:13 UTC 2026","passed","Wed Jul 08 13:39:13 UTC 2026","","eu.esdihumboldt.hale.common.align.merge.test.impl.GroovyRetypeMergeTest","eu.esdihumboldt.hale.common.align.merge.test.impl.GroovyRetypeMergeTest","mergeJoinGroovyRetype"
"","0","testCMUnion6","","Wed Jul 08 13:43:25 UTC 2026","skipped","Wed Jul 08 13:43:25 UTC 2026","","eu.esdihumboldt.cst.internal.ConceptualSchemaTransformerTest","eu.esdihumboldt.cst.internal.ConceptualSchemaTransformerTest","testCMUnion6"
"","4","testNumberString","","Wed Jul 08 13:40:13 UTC 2026","passed","Wed Jul 08 13:40:13 UTC 2026","","eu.esdihumboldt.hale.common.filter.CQLFilterTest","eu.esdihumboldt.hale.common.filter.CQLFilterTest","testNumberString"
"","36","testRead_shiporder_types_reverse","","Wed Jul 08 13:52:35 UTC 2026","passed","Wed Jul 08 13:52:35 UTC 2026","","eu.esdihumboldt.hale.io.xsd.reader.XmlSchemaReaderTest","eu.esdihumboldt.hale.io.xsd.reader.XmlSchemaReaderTest","testRead_shiporder_types_reverse"
"","6","testGeoContains","","Wed Jul 08 13:40:14 UTC 2026","passed","Wed Jul 08 13:40:14 UTC 2026","","eu.esdihumboldt.hale.common.filter.ECQLFilterTest","eu.esdihumboldt.hale.common.filter.ECQLFilterTest","testGeoContains"
"","366","testGeometryPrimitive_32_MultiPolygon_WindingOrder","","Wed Jul 08 13:47:10 UTC 2026","passed","Wed Jul 08 13:47:10 UTC 2026","","eu.esdihumboldt.hale.io.gml.writer.internal.StreamGmlWriterTest","eu.esdihumboldt.hale.io.gml.writer.internal.StreamGmlWriterTest","testGeometryPrimitive_32_MultiPolygon_WindingOrder"
"","5","testSchemaLessInstance","","Wed Jul 08 13:41:02 UTC 2026","passed","Wed Jul 08 13:41:02 UTC 2026","","eu.esdihumboldt.hale.common.instance.groovy.InstanceBuilderTest","eu.esdihumboldt.hale.common.instance.groovy.InstanceBuilderTest","testSchemaLessInstance"
"","9","testReadFeatureCollection","","Wed Jul 08 13:50:10 UTC 2026","passed","Wed Jul 08 13:50:10 UTC 2026","","eu.esdihumboldt.hale.io.json.test.JsonInstanceCollectionTest","eu.esdihumboldt.hale.io.json.test.JsonInstanceCollectionTest","testReadFeatureCollection"
"","161","testImplicitAssign","","Wed Jul 08 13:43:23 UTC 2026","passed","Wed Jul 08 13:43:23 UTC 2026","","eu.esdihumboldt.cst.internal.ConceptualSchemaTransformerTest","eu.esdihumboldt.cst.internal.ConceptualSchemaTransformerTest","testImplicitAssign"
"","6","testSimpleAll","","Wed Jul 08 13:42:13 UTC 2026","passed","Wed Jul 08 13:42:13 UTC 2026","","eu.esdihumboldt.hale.common.schema.groovy.DefinitionAccessorTest","eu.esdihumboldt.hale.common.schema.groovy.DefinitionAccessorTest","testSimpleAll"
"","5","testNamespaceIndex","","Wed Jul 08 13:38:43 UTC 2026","passed","Wed Jul 08 13:38:43 UTC 2026","","eu.esdihumboldt.hale.common.align.groovy.accessor.EntityAccessorTest","eu.esdihumboldt.hale.common.align.groovy.accessor.EntityAccessorTest","testNamespaceIndex"
"","1","simpleFilterTestCQL","","Wed Jul 08 13:40:16 UTC 2026","passed","Wed Jul 08 13:40:16 UTC 2026","","eu.esdihumboldt.hale.common.filter.FilterTest","eu.esdihumboldt.hale.common.filter.FilterTest","simpleFilterTestCQL"
"","97","testReadFromFolder","","Wed Jul 08 13:51:15 UTC 2026","passed","Wed Jul 08 13:51:15 UTC 2026","","eu.esdihumboldt.hale.io.shp.ShapeInstanceReaderTest","eu.esdihumboldt.hale.io.shp.ShapeInstanceReaderTest","testReadFromFolder"
"","5","testStringCompare","","Wed Jul 08 13:40:13 UTC 2026","passed","Wed Jul 08 13:40:13 UTC 2026","","eu.esdihumboldt.hale.common.filter.ECQLFilterTest","eu.esdihumboldt.hale.common.filter.ECQLFilterTest","testStringCompare"
"","180","testWriteDocument","","Wed Jul 08 13:53:45 UTC 2026","passed","Wed Jul 08 13:53:45 UTC 2026","","eu.esdihumboldt.util.orient.embedded.LocalDocumentTest","eu.esdihumboldt.util.orient.embedded.LocalDocumentTest","testWriteDocument"
"","0","testComplexWrite","","Wed Jul 08 13:53:45 UTC 2026","skipped","Wed Jul 08 13:53:45 UTC 2026","","eu.esdihumboldt.util.orient.embedded.LocalDocumentTest","eu.esdihumboldt.util.orient.embedded.LocalDocumentTest","testComplexWrite"
"","8","testGeoBbox","","Wed Jul 08 13:40:13 UTC 2026","passed","Wed Jul 08 13:40:13 UTC 2026","","eu.esdihumboldt.hale.common.filter.ECQLFilterTest","eu.esdihumboldt.hale.common.filter.ECQLFilterTest","testGeoBbox"
"","204","testNgaSpatialIndexCreation","","Wed Jul 08 13:45:55 UTC 2026","passed","Wed Jul 08 13:45:56 UTC 2026","","eu.esdihumboldt.hale.io.geopackage.GeopackageInstanceWriterTest","eu.esdihumboldt.hale.io.geopackage.GeopackageInstanceWriterTest","testNgaSpatialIndexCreation"
"","0","testLimit","","Wed Jul 08 13:39:56 UTC 2026","passed","Wed Jul 08 13:39:56 UTC 2026","","eu.esdihumboldt.hale.common.core.io.supplier.LookupStreamResourceTest","eu.esdihumboldt.hale.common.core.io.supplier.LookupStreamResourceTest","testLimit"
"","314","testGeometryAggregate_32_MultiPoint","","Wed Jul 08 13:47:13 UTC 2026","passed","Wed Jul 08 13:47:13 UTC 2026","","eu.esdihumboldt.hale.io.gml.writer.internal.StreamGmlWriterTest","eu.esdihumboldt.hale.io.gml.writer.internal.StreamGmlWriterTest","testGeometryAggregate_32_MultiPoint"
"","2","testCircle2","","Wed Jul 08 13:53:04 UTC 2026","passed","Wed Jul 08 13:53:04 UTC 2026","","eu.esdihumboldt.util.geometry.interpolation.model.impl.ArcByCenterPointImplTest","eu.esdihumboldt.util.geometry.interpolation.model.impl.ArcByCenterPointImplTest","testCircle2"
"","175","testMergeMultiPropKey","","Wed Jul 08 13:43:22 UTC 2026","passed","Wed Jul 08 13:43:22 UTC 2026","","eu.esdihumboldt.cst.internal.ConceptualSchemaTransformerTest","eu.esdihumboldt.cst.internal.ConceptualSchemaTransformerTest","testMergeMultiPropKey"
"","929","testReadWithCommaDecimal","","Wed Jul 08 13:45:03 UTC 2026","passed","Wed Jul 08 13:45:04 UTC 2026","","eu.esdihumboldt.hale.io.csv.CSVInstanceReaderTest","eu.esdihumboldt.hale.io.csv.CSVInstanceReaderTest","testReadWithCommaDecimal"
"","40","testGeom","","Wed Jul 08 13:41:57 UTC 2026","passed","Wed Jul 08 13:41:57 UTC 2026","","eu.esdihumboldt.hale.common.schema.model.constraint.factory.type.GeometryTypeFactoryTest","eu.esdihumboldt.hale.common.schema.model.constraint.factory.type.GeometryTypeFactoryTest","testGeom"
"","7135","testGroovyContextFilterForHydro","","Wed Jul 08 13:36:56 UTC 2026","passed","Wed Jul 08 13:37:03 UTC 2026","","eu.esdihumboldt.hale.app.transform.test.ExecuteTest","eu.esdihumboldt.hale.app.transform.test.ExecuteTest","testGroovyContextFilterForHydro"
"","5","testNullNotExistsSchema","","Wed Jul 08 13:40:13 UTC 2026","passed","Wed Jul 08 13:40:13 UTC 2026","","eu.esdihumboldt.hale.common.filter.CQLFilterTest","eu.esdihumboldt.hale.common.filter.CQLFilterTest","testNullNotExistsSchema"
"","251","testTypeFilter4","","Wed Jul 08 13:39:10 UTC 2026","passed","Wed Jul 08 13:39:10 UTC 2026","","eu.esdihumboldt.hale.common.align.merge.test.impl.DefaultMergeCellMigratorTest","eu.esdihumboldt.hale.common.align.merge.test.impl.DefaultMergeCellMigratorTest","testTypeFilter4"
"","13","testSKOSFromRDF5_language_en","","Wed Jul 08 13:44:52 UTC 2026","passed","Wed Jul 08 13:44:52 UTC 2026","","eu.esdihumboldt.hale.io.codelist.skos.test.SkosCodeListTest","eu.esdihumboldt.hale.io.codelist.skos.test.SkosCodeListTest","testSKOSFromRDF5_language_en"
"","9","testGeoIntersects","","Wed Jul 08 13:40:13 UTC 2026","passed","Wed Jul 08 13:40:13 UTC 2026","","eu.esdihumboldt.hale.common.filter.ECQLFilterTest","eu.esdihumboldt.hale.common.filter.ECQLFilterTest","testGeoIntersects"
"","0","testExistsSchema","","Wed Jul 08 13:40:13 UTC 2026","skipped","Wed Jul 08 13:40:13 UTC 2026","","eu.esdihumboldt.hale.common.filter.CQLFilterTest","eu.esdihumboldt.hale.common.filter.CQLFilterTest","testExistsSchema"
"","181","testThread","","Wed Jul 08 13:53:44 UTC 2026","passed","Wed Jul 08 13:53:45 UTC 2026","","eu.esdihumboldt.util.orient.embedded.LocalDocumentTest","eu.esdihumboldt.util.orient.embedded.LocalDocumentTest","testThread"
"","126","testGroovyWarningCreateTarget","","Wed Jul 08 13:39:13 UTC 2026","passed","Wed Jul 08 13:39:13 UTC 2026","","eu.esdihumboldt.hale.common.align.merge.test.impl.DefaultMergeCellMigratorTest","eu.esdihumboldt.hale.common.align.merge.test.impl.DefaultMergeCellMigratorTest","testGroovyWarningCreateTarget"
"","0","testQ3","","Wed Jul 08 13:53:04 UTC 2026","passed","Wed Jul 08 13:53:04 UTC 2026","","eu.esdihumboldt.util.geometry.interpolation.grid.GridUtilTest","eu.esdihumboldt.util.geometry.interpolation.grid.GridUtilTest","testQ3"
"","1776","testMerge","","Wed Jul 08 13:43:11 UTC 2026","passed","Wed Jul 08 13:43:12 UTC 2026","","eu.esdihumboldt.cst.internal.ConceptualSchemaTransformerTest","eu.esdihumboldt.cst.internal.ConceptualSchemaTransformerTest","testMerge"
"","16","testConstraints","","Wed Jul 08 13:42:13 UTC 2026","passed","Wed Jul 08 13:42:13 UTC 2026","","eu.esdihumboldt.hale.common.schema.groovy.SchemaBuilderTest","eu.esdihumboldt.hale.common.schema.groovy.SchemaBuilderTest","testConstraints"
"","5","testNullNoSchema","","Wed Jul 08 13:40:13 UTC 2026","passed","Wed Jul 08 13:40:13 UTC 2026","","eu.esdihumboldt.hale.common.filter.CQLFilterTest","eu.esdihumboldt.hale.common.filter.CQLFilterTest","testNullNoSchema"
"","1","testCurve","","Wed Jul 08 13:44:03 UTC 2026","passed","Wed Jul 08 13:44:03 UTC 2026","","eu.esdihumboldt.cst.functions.geometric.test.InteriorPointTest","eu.esdihumboldt.cst.functions.geometric.test.InteriorPointTest","testCurve"
"","183","testNativeQuery","","Wed Jul 08 13:53:45 UTC 2026","passed","Wed Jul 08 13:53:45 UTC 2026","","eu.esdihumboldt.util.orient.embedded.LocalDocumentTest","eu.esdihumboldt.util.orient.embedded.LocalDocumentTest","testNativeQuery"
"","143","testPropertyJoin","","Wed Jul 08 13:43:25 UTC 2026","passed","Wed Jul 08 13:43:25 UTC 2026","","eu.esdihumboldt.cst.internal.ConceptualSchemaTransformerTest","eu.esdihumboldt.cst.internal.ConceptualSchemaTransformerTest","testPropertyJoin"
"","5","testDoesNotExistSchema","","Wed Jul 08 13:40:13 UTC 2026","passed","Wed Jul 08 13:40:13 UTC 2026","","eu.esdihumboldt.hale.common.filter.ECQLFilterTest","eu.esdihumboldt.hale.common.filter.ECQLFilterTest","testDoesNotExistSchema"
"","3581","testGroovyFilterForHydro","","Wed Jul 08 13:37:34 UTC 2026","passed","Wed Jul 08 13:37:37 UTC 2026","","eu.esdihumboldt.hale.app.transform.test.ExecuteTest","eu.esdihumboldt.hale.app.transform.test.ExecuteTest","testGroovyFilterForHydro"
"","15","testEnabled","","Wed Jul 08 13:41:56 UTC 2026","passed","Wed Jul 08 13:41:56 UTC 2026","","eu.esdihumboldt.hale.common.schema.model.constraint.factory.property.NillableFlagFactoryTest","eu.esdihumboldt.hale.common.schema.model.constraint.factory.property.NillableFlagFactoryTest","testEnabled"
"","254","mergeJoinsWithJoin_abstract2","","Wed Jul 08 13:39:15 UTC 2026","passed","Wed Jul 08 13:39:15 UTC 2026","","eu.esdihumboldt.hale.common.align.merge.test.impl.JoinMergeTest","eu.esdihumboldt.hale.common.align.merge.test.impl.JoinMergeTest","mergeJoinsWithJoin_abstract2"
"","6","testReadBlankCells","","Wed Jul 08 13:52:15 UTC 2026","passed","Wed Jul 08 13:52:15 UTC 2026","","eu.esdihumboldt.hale.io.xls.test.reader.XLSReaderTest","eu.esdihumboldt.hale.io.xls.test.reader.XLSReaderTest","testReadBlankCells"
"","477","testInnerJoinConditions","","Wed Jul 08 13:43:22 UTC 2026","passed","Wed Jul 08 13:43:22 UTC 2026","","eu.esdihumboldt.cst.internal.ConceptualSchemaTransformerTest","eu.esdihumboldt.cst.internal.ConceptualSchemaTransformerTest","testInnerJoinConditions"
"","99","testStructuralRename3","","Wed Jul 08 13:43:26 UTC 2026","passed","Wed Jul 08 13:43:26 UTC 2026","","eu.esdihumboldt.cst.internal.ConceptualSchemaTransformerTest","eu.esdihumboldt.cst.internal.ConceptualSchemaTransformerTest","testStructuralRename3"
"","232","testValueMapJson","","Wed Jul 08 13:39:55 UTC 2026","passed","Wed Jul 08 13:39:56 UTC 2026","","eu.esdihumboldt.hale.common.core.io.impl.ValueMapTypeTest","eu.esdihumboldt.hale.common.core.io.impl.ValueMapTypeTest","testValueMapJson"
"","3","testVirtualRootPrettyPrint","","Wed Jul 08 13:53:21 UTC 2026","passed","Wed Jul 08 13:53:21 UTC 2026","","eu.esdihumboldt.util.groovy.json.JsonStreamBuilderTest","eu.esdihumboldt.util.groovy.json.JsonStreamBuilderTest","testVirtualRootPrettyPrint"
"","1","testGeometryFlippedOnCRS","","Wed Jul 08 13:53:03 UTC 2026","passed","Wed Jul 08 13:53:03 UTC 2026","","eu.esdihumboldt.util.geometry.WindingOrderTest","eu.esdihumboldt.util.geometry.WindingOrderTest","testGeometryFlippedOnCRS"
"","203","testInnerJoinFirstLevel","","Wed Jul 08 13:43:22 UTC 2026","passed","Wed Jul 08 13:43:23 UTC 2026","","eu.esdihumboldt.cst.internal.ConceptualSchemaTransformerTest","eu.esdihumboldt.cst.internal.ConceptualSchemaTransformerTest","testInnerJoinFirstLevel"
"","244","testWfsPaginationIgnoreNumberMatched","","Wed Jul 08 13:46:54 UTC 2026","passed","Wed Jul 08 13:46:55 UTC 2026","","eu.esdihumboldt.hale.io.gml.reader.internal.StreamGmlReaderTest","eu.esdihumboldt.hale.io.gml.reader.internal.StreamGmlReaderTest","testWfsPaginationIgnoreNumberMatched"
"","8","testReadLineString","","Wed Jul 08 13:50:11 UTC 2026","passed","Wed Jul 08 13:50:11 UTC 2026","","eu.esdihumboldt.hale.io.json.test.JsonToInstanceTest","eu.esdihumboldt.hale.io.json.test.JsonToInstanceTest","testReadLineString"
"","5","testMultiType","","Wed Jul 08 13:50:11 UTC 2026","passed","Wed Jul 08 13:50:11 UTC 2026","","eu.esdihumboldt.hale.io.json.test.JsonSchemaReaderTest","eu.esdihumboldt.hale.io.json.test.JsonSchemaReaderTest","testMultiType"
"","360","testGeometryPrimitive_32_Point","","Wed Jul 08 13:47:10 UTC 2026","passed","Wed Jul 08 13:47:11 UTC 2026","","eu.esdihumboldt.hale.io.gml.writer.internal.StreamGmlWriterTest","eu.esdihumboldt.hale.io.gml.writer.internal.StreamGmlWriterTest","testGeometryPrimitive_32_Point"
"","4","testEmptyObject","","Wed Jul 08 13:53:21 UTC 2026","passed","Wed Jul 08 13:53:21 UTC 2026","","eu.esdihumboldt.util.groovy.json.JsonStreamBuilderTest","eu.esdihumboldt.util.groovy.json.JsonStreamBuilderTest","testEmptyObject"
"","3","testHttpRelative1","","Wed Jul 08 13:52:33 UTC 2026","passed","Wed Jul 08 13:52:33 UTC 2026","","eu.esdihumboldt.hale.io.xsd.reader.HumboldtURIResolverTest","eu.esdihumboldt.hale.io.xsd.reader.HumboldtURIResolverTest","testHttpRelative1"
"","37","testWriteSimpleSchemaColOrder","","Wed Jul 08 13:52:18 UTC 2026","passed","Wed Jul 08 13:52:18 UTC 2026","","eu.esdihumboldt.hale.io.xls.test.writer.XLSInstanceWriterTest","eu.esdihumboldt.hale.io.xls.test.writer.XLSInstanceWriterTest","testWriteSimpleSchemaColOrder"
"","0","testDuringList","","Wed Jul 08 13:40:13 UTC 2026","skipped","Wed Jul 08 13:40:13 UTC 2026","","eu.esdihumboldt.hale.common.filter.ECQLFilterTest","eu.esdihumboldt.hale.common.filter.ECQLFilterTest","testDuringList"
"","1","testQ4","","Wed Jul 08 13:53:04 UTC 2026","passed","Wed Jul 08 13:53:04 UTC 2026","","eu.esdihumboldt.util.geometry.interpolation.grid.GridUtilTest","eu.esdihumboldt.util.geometry.interpolation.grid.GridUtilTest","testQ4"
"","3","testPath2","","Wed Jul 08 13:41:57 UTC 2026","passed","Wed Jul 08 13:41:57 UTC 2026","","eu.esdihumboldt.hale.common.schema.model.constraint.factory.type.PrimaryKeyFactoryTest","eu.esdihumboldt.hale.common.schema.model.constraint.factory.type.PrimaryKeyFactoryTest","testPath2"
"","1304","testLoadShiporderWrapped","","Wed Jul 08 13:40:27 UTC 2026","passed","Wed Jul 08 13:40:28 UTC 2026","","eu.esdihumboldt.hale.common.instance.helper.PropertyResolverTest","eu.esdihumboldt.hale.common.instance.helper.PropertyResolverTest","testLoadShiporderWrapped"
"","400","testWfsPagination","","Wed Jul 08 13:46:52 UTC 2026","passed","Wed Jul 08 13:46:53 UTC 2026","","eu.esdihumboldt.hale.io.gml.reader.internal.StreamGmlReaderTest","eu.esdihumboldt.hale.io.gml.reader.internal.StreamGmlReaderTest","testWfsPagination"
"","0","testLookupAndConsumeMark","","Wed Jul 08 13:39:56 UTC 2026","passed","Wed Jul 08 13:39:56 UTC 2026","","eu.esdihumboldt.hale.common.core.io.supplier.LookupStreamResourceTest","eu.esdihumboldt.hale.common.core.io.supplier.LookupStreamResourceTest","testLookupAndConsumeMark"
"","0","testRead4","","Wed Jul 08 13:45:05 UTC 2026","passed","Wed Jul 08 13:45:05 UTC 2026","","eu.esdihumboldt.hale.io.csv.CSVSchemaReaderTest","eu.esdihumboldt.hale.io.csv.CSVSchemaReaderTest","testRead4"
"","90","testWriteComplexSchema","","Wed Jul 08 13:52:18 UTC 2026","passed","Wed Jul 08 13:52:18 UTC 2026","","eu.esdihumboldt.hale.io.xls.test.writer.XLSInstanceWriterTest","eu.esdihumboldt.hale.io.xls.test.writer.XLSInstanceWriterTest","testWriteComplexSchema"
"","1","testDisabled","","Wed Jul 08 13:41:57 UTC 2026","passed","Wed Jul 08 13:41:57 UTC 2026","","eu.esdihumboldt.hale.common.schema.model.constraint.factory.type.AugmentedValueFlagFactoryTest","eu.esdihumboldt.hale.common.schema.model.constraint.factory.type.AugmentedValueFlagFactoryTest","testDisabled"
"","0","testOrderClockwise","","Wed Jul 08 13:53:03 UTC 2026","passed","Wed Jul 08 13:53:03 UTC 2026","","eu.esdihumboldt.util.geometry.WindingOrderTest","eu.esdihumboldt.util.geometry.WindingOrderTest","testOrderClockwise"
"","0","testSimpleContentAttribute","","Wed Jul 08 13:43:22 UTC 2026","skipped","Wed Jul 08 13:43:22 UTC 2026","","eu.esdihumboldt.cst.internal.ConceptualSchemaTransformerTest","eu.esdihumboldt.cst.internal.ConceptualSchemaTransformerTest","testSimpleContentAttribute"
"","260","testTypeFilter5","","Wed Jul 08 13:39:10 UTC 2026","passed","Wed Jul 08 13:39:10 UTC 2026","","eu.esdihumboldt.hale.common.align.merge.test.impl.DefaultMergeCellMigratorTest","eu.esdihumboldt.hale.common.align.merge.test.impl.DefaultMergeCellMigratorTest","testTypeFilter5"
"","1","testSimple","","Wed Jul 08 13:52:56 UTC 2026","passed","Wed Jul 08 13:52:56 UTC 2026","","eu.esdihumboldt.util.config.ConfigMergerTest","eu.esdihumboldt.util.config.ConfigMergerTest","testSimple"
"","9883","testNestingAll","","Wed Jul 08 13:42:03 UTC 2026","passed","Wed Jul 08 13:42:13 UTC 2026","","eu.esdihumboldt.hale.common.schema.groovy.DefinitionAccessorTest","eu.esdihumboldt.hale.common.schema.groovy.DefinitionAccessorTest","testNestingAll"
"","82","testSimpleRename","","Wed Jul 08 13:43:25 UTC 2026","passed","Wed Jul 08 13:43:25 UTC 2026","","eu.esdihumboldt.cst.internal.ConceptualSchemaTransformerTest","eu.esdihumboldt.cst.internal.ConceptualSchemaTransformerTest","testSimpleRename"
"","0","testReverseGroupsKeysBySharedValue","","Wed Jul 08 13:41:22 UTC 2026","passed","Wed Jul 08 13:41:22 UTC 2026","","eu.esdihumboldt.hale.common.lookup.impl.LookupTableImplTest","eu.esdihumboldt.hale.common.lookup.impl.LookupTableImplTest","testReverseGroupsKeysBySharedValue"
"","33","testReadSimple","","Wed Jul 08 13:52:15 UTC 2026","passed","Wed Jul 08 13:52:15 UTC 2026","","eu.esdihumboldt.hale.io.xls.test.reader.XLSReaderTest","eu.esdihumboldt.hale.io.xls.test.reader.XLSReaderTest","testReadSimple"
"","90","testCMUnion5","","Wed Jul 08 13:43:25 UTC 2026","passed","Wed Jul 08 13:43:25 UTC 2026","","eu.esdihumboldt.cst.internal.ConceptualSchemaTransformerTest","eu.esdihumboldt.cst.internal.ConceptualSchemaTransformerTest","testCMUnion5"
"","1","testTriangleHole","","Wed Jul 08 13:44:03 UTC 2026","passed","Wed Jul 08 13:44:03 UTC 2026","","eu.esdihumboldt.cst.functions.geometric.test.InteriorPointTest","eu.esdihumboldt.cst.functions.geometric.test.InteriorPointTest","testTriangleHole"
"","0","testComplexWrite","","Wed Jul 08 13:53:46 UTC 2026","skipped","Wed Jul 08 13:53:46 UTC 2026","","eu.esdihumboldt.util.orient.embedded.MemoryDocumentTest","eu.esdihumboldt.util.orient.embedded.MemoryDocumentTest","testComplexWrite"
"","629","testWriteRead","","Wed Jul 08 13:42:29 UTC 2026","passed","Wed Jul 08 13:42:30 UTC 2026","","eu.esdihumboldt.hale.common.schema.persist.hsd.test.HaleSchemaWriterTest","eu.esdihumboldt.hale.common.schema.persist.hsd.test.HaleSchemaWriterTest","testWriteRead"
"","15835","testUnconditionalFilterForHydro","","Wed Jul 08 13:36:37 UTC 2026","passed","Wed Jul 08 13:36:52 UTC 2026","","eu.esdihumboldt.hale.app.transform.test.ExecuteTest","eu.esdihumboldt.hale.app.transform.test.ExecuteTest","testUnconditionalFilterForHydro"
"","13","testEachCollector","","Wed Jul 08 13:44:27 UTC 2026","passed","Wed Jul 08 13:44:27 UTC 2026","","eu.esdihumboldt.cst.functions.groovy.helpers.util.CollectorTest","eu.esdihumboldt.cst.functions.groovy.helpers.util.CollectorTest","testEachCollector"
"","6","testInstanceNullSchema","","Wed Jul 08 13:40:13 UTC 2026","passed","Wed Jul 08 13:40:13 UTC 2026","","eu.esdihumboldt.hale.common.filter.ECQLFilterTest","eu.esdihumboldt.hale.common.filter.ECQLFilterTest","testInstanceNullSchema"
"","40","testOffsetCircle","","Wed Jul 08 13:53:04 UTC 2026","passed","Wed Jul 08 13:53:04 UTC 2026","","eu.esdihumboldt.util.geometry.interpolation.grid.GridInterpolationTest","eu.esdihumboldt.util.geometry.interpolation.grid.GridInterpolationTest","testOffsetCircle"
"","20","testGmlReferences","","Wed Jul 08 13:40:45 UTC 2026","passed","Wed Jul 08 13:40:45 UTC 2026","","eu.esdihumboldt.hale.common.instance.graph.test.ReferenceGraphTest","eu.esdihumboldt.hale.common.instance.graph.test.ReferenceGraphTest","testGmlReferences"
"","1","testDefault","","Wed Jul 08 13:41:57 UTC 2026","passed","Wed Jul 08 13:41:57 UTC 2026","","eu.esdihumboldt.hale.common.schema.model.constraint.factory.type.MappingRelevantFlagFactoryTest","eu.esdihumboldt.hale.common.schema.model.constraint.factory.type.MappingRelevantFlagFactoryTest","testDefault"
"","7","testNullProperties","","Wed Jul 08 13:41:01 UTC 2026","passed","Wed Jul 08 13:41:01 UTC 2026","","eu.esdihumboldt.hale.common.instance.groovy.InstanceAccessorTest","eu.esdihumboldt.hale.common.instance.groovy.InstanceAccessorTest","testNullProperties"
"","49","testWriteDocument","","Wed Jul 08 13:53:46 UTC 2026","passed","Wed Jul 08 13:53:46 UTC 2026","","eu.esdihumboldt.util.orient.embedded.MemoryDocumentTest","eu.esdihumboldt.util.orient.embedded.MemoryDocumentTest","testWriteDocument"
"","15","testEnabled","","Wed Jul 08 13:41:57 UTC 2026","passed","Wed Jul 08 13:41:57 UTC 2026","","eu.esdihumboldt.hale.common.schema.model.constraint.factory.type.MappingRelevantFlagFactoryTest","eu.esdihumboldt.hale.common.schema.model.constraint.factory.type.MappingRelevantFlagFactoryTest","testEnabled"
"","220","testTypeFilter3","","Wed Jul 08 13:39:10 UTC 2026","passed","Wed Jul 08 13:39:10 UTC 2026","","eu.esdihumboldt.hale.common.align.merge.test.impl.DefaultMergeCellMigratorTest","eu.esdihumboldt.hale.common.align.merge.test.impl.DefaultMergeCellMigratorTest","testTypeFilter3"
"","87","testRTreeSpatialIndexCreation","","Wed Jul 08 13:45:56 UTC 2026","passed","Wed Jul 08 13:45:56 UTC 2026","","eu.esdihumboldt.hale.io.geopackage.GeopackageInstanceWriterTest","eu.esdihumboldt.hale.io.geopackage.GeopackageInstanceWriterTest","testRTreeSpatialIndexCreation"
"","2","testTrueFalse","","Wed Jul 08 13:42:13 UTC 2026","passed","Wed Jul 08 13:42:13 UTC 2026","","eu.esdihumboldt.hale.common.schema.groovy.constraints.ChoiceFactoryTest","eu.esdihumboldt.hale.common.schema.groovy.constraints.ChoiceFactoryTest","testTrueFalse"
"","185","testTypeFilter2Present","","Wed Jul 08 13:39:11 UTC 2026","passed","Wed Jul 08 13:39:11 UTC 2026","","eu.esdihumboldt.hale.common.align.merge.test.impl.DefaultMergeCellMigratorTest","eu.esdihumboldt.hale.common.align.merge.test.impl.DefaultMergeCellMigratorTest","testTypeFilter2Present"
"","16","testComplexInstancesCQL","","Wed Jul 08 13:40:17 UTC 2026","passed","Wed Jul 08 13:40:17 UTC 2026","","eu.esdihumboldt.hale.common.filter.FilterTest","eu.esdihumboldt.hale.common.filter.FilterTest","testComplexInstancesCQL"
"","7","testDoubleObject","","Wed Jul 08 13:53:21 UTC 2026","passed","Wed Jul 08 13:53:21 UTC 2026","","eu.esdihumboldt.util.groovy.json.JsonStreamBuilderTest","eu.esdihumboldt.util.groovy.json.JsonStreamBuilderTest","testDoubleObject"
"","0","testUnifyCCWSimple","","Wed Jul 08 13:53:03 UTC 2026","passed","Wed Jul 08 13:53:03 UTC 2026","","eu.esdihumboldt.util.geometry.WindingOrderTest","eu.esdihumboldt.util.geometry.WindingOrderTest","testUnifyCCWSimple"
"","9198","testAccessNullProperties","","Wed Jul 08 13:40:51 UTC 2026","passed","Wed Jul 08 13:41:00 UTC 2026","","eu.esdihumboldt.hale.common.instance.groovy.InstanceAccessorTest","eu.esdihumboldt.hale.common.instance.groovy.InstanceAccessorTest","testAccessNullProperties"
"","245","testPersonWriteValidate","","Wed Jul 08 13:42:30 UTC 2026","passed","Wed Jul 08 13:42:30 UTC 2026","","eu.esdihumboldt.hale.common.schema.persist.hsd.test.json.HaleSchemaWriterJsonTest","eu.esdihumboldt.hale.common.schema.persist.hsd.test.json.HaleSchemaWriterJsonTest","testPersonWriteValidate"
"","8","testReadSingleObject","","Wed Jul 08 13:50:10 UTC 2026","passed","Wed Jul 08 13:50:10 UTC 2026","","eu.esdihumboldt.hale.io.json.test.JsonInstanceCollectionTest","eu.esdihumboldt.hale.io.json.test.JsonInstanceCollectionTest","testReadSingleObject"
"","49","testLoadChoice2","","Wed Jul 08 13:46:08 UTC 2026","passed","Wed Jul 08 13:46:08 UTC 2026","","eu.esdihumboldt.hale.io.gml.reader.internal.GmlInstanceCollectionTest","eu.esdihumboldt.hale.io.gml.reader.internal.GmlInstanceCollectionTest","testLoadChoice2"
"","6","testStringBetween","","Wed Jul 08 13:40:13 UTC 2026","passed","Wed Jul 08 13:40:13 UTC 2026","","eu.esdihumboldt.hale.common.filter.CQLFilterTest","eu.esdihumboldt.hale.common.filter.CQLFilterTest","testStringBetween"
"","153","testFilterSame2","","Wed Jul 08 13:39:08 UTC 2026","passed","Wed Jul 08 13:39:08 UTC 2026","","eu.esdihumboldt.hale.common.align.merge.test.impl.DefaultMergeCellMigratorTest","eu.esdihumboldt.hale.common.align.merge.test.impl.DefaultMergeCellMigratorTest","testFilterSame2"
"","955","testReadXsdInstancesTypenameWithNamespace","","Wed Jul 08 13:51:14 UTC 2026","passed","Wed Jul 08 13:51:15 UTC 2026","","eu.esdihumboldt.hale.io.shp.ShapeInstanceReaderTest","eu.esdihumboldt.hale.io.shp.ShapeInstanceReaderTest","testReadXsdInstancesTypenameWithNamespace"
"","14","testDefault","","Wed Jul 08 13:41:56 UTC 2026","passed","Wed Jul 08 13:41:56 UTC 2026","","eu.esdihumboldt.hale.common.schema.model.constraint.factory.property.ChoiceFlagFactoryTest","eu.esdihumboldt.hale.common.schema.model.constraint.factory.property.ChoiceFlagFactoryTest","testDefault"
"","4028","testArrayTypes","","Wed Jul 08 13:49:14 UTC 2026","passed","Wed Jul 08 13:49:18 UTC 2026","","eu.esdihumboldt.hale.io.jdbc.postgresql.test.OneDimensionalArraysIT","eu.esdihumboldt.hale.io.jdbc.postgresql.test.OneDimensionalArraysIT","testArrayTypes"
"","23","testOverrideBindung","","Wed Jul 08 13:47:31 UTC 2026","passed","Wed Jul 08 13:47:31 UTC 2026","","eu.esdihumboldt.hale.io.groovy.snippets.GroovySnippetsTest","eu.esdihumboldt.hale.io.groovy.snippets.GroovySnippetsTest","testOverrideBindung"
"","0","testCMUnion1","","Wed Jul 08 13:43:13 UTC 2026","skipped","Wed Jul 08 13:43:13 UTC 2026","","eu.esdihumboldt.cst.internal.ConceptualSchemaTransformerTest","eu.esdihumboldt.cst.internal.ConceptualSchemaTransformerTest","testCMUnion1"
"","835","testInspireCodespaceAutoAddNoOverride","","Wed Jul 08 13:46:57 UTC 2026","passed","Wed Jul 08 13:46:58 UTC 2026","","eu.esdihumboldt.hale.io.gml.writer.internal.StreamGmlWriter2Test","eu.esdihumboldt.hale.io.gml.writer.internal.StreamGmlWriter2Test","testInspireCodespaceAutoAddNoOverride"
"","9582","testEqualitySimple","","Wed Jul 08 13:40:02 UTC 2026","passed","Wed Jul 08 13:40:12 UTC 2026","","eu.esdihumboldt.hale.common.filter.CQLFilterTest","eu.esdihumboldt.hale.common.filter.CQLFilterTest","testEqualitySimple"
"","35449","testReferenceWriting","","Wed Jul 08 13:48:21 UTC 2026","passed","Wed Jul 08 13:48:57 UTC 2026","","eu.esdihumboldt.hale.io.jdbc.postgresql.test.AutoGenKeyReferenceIT","eu.esdihumboldt.hale.io.jdbc.postgresql.test.AutoGenKeyReferenceIT","testReferenceWriting"
"","5","testNullNotExistsNoSchema","","Wed Jul 08 13:40:13 UTC 2026","passed","Wed Jul 08 13:40:13 UTC 2026","","eu.esdihumboldt.hale.common.filter.CQLFilterTest","eu.esdihumboldt.hale.common.filter.CQLFilterTest","testNullNotExistsNoSchema"
"","5","testByPoints1","","Wed Jul 08 13:53:04 UTC 2026","passed","Wed Jul 08 13:53:04 UTC 2026","","eu.esdihumboldt.util.geometry.interpolation.grid.GridInterpolationTest","eu.esdihumboldt.util.geometry.interpolation.grid.GridInterpolationTest","testByPoints1"
"","4","testNestedObjectsPrettyPrint","","Wed Jul 08 13:53:21 UTC 2026","passed","Wed Jul 08 13:53:21 UTC 2026","","eu.esdihumboldt.util.groovy.json.JsonStreamBuilderTest","eu.esdihumboldt.util.groovy.json.JsonStreamBuilderTest","testNestedObjectsPrettyPrint"
"","12821","testFromWKT","","Wed Jul 08 13:43:46 UTC 2026","passed","Wed Jul 08 13:43:59 UTC 2026","","eu.esdihumboldt.cst.functions.geometric.test.CRSHelperFunctionsTest","eu.esdihumboldt.cst.functions.geometric.test.CRSHelperFunctionsTest","testFromWKT"
"","12","testGeoJsonSimple_7_andLess","","Wed Jul 08 13:50:08 UTC 2026","passed","Wed Jul 08 13:50:08 UTC 2026","","eu.esdihumboldt.hale.io.json.test.InstanceToJsonTest","eu.esdihumboldt.hale.io.json.test.InstanceToJsonTest","testGeoJsonSimple_7_andLess"
"","8","testReadBoolean","","Wed Jul 08 13:50:11 UTC 2026","passed","Wed Jul 08 13:50:11 UTC 2026","","eu.esdihumboldt.hale.io.json.test.JsonToInstanceTest","eu.esdihumboldt.hale.io.json.test.JsonToInstanceTest","testReadBoolean"
"","434","testGeometryPrimitive_32_Curve_LineString","","Wed Jul 08 13:47:00 UTC 2026","passed","Wed Jul 08 13:47:01 UTC 2026","","eu.esdihumboldt.hale.io.gml.writer.internal.StreamGmlWriter2Test","eu.esdihumboldt.hale.io.gml.writer.internal.StreamGmlWriter2Test","testGeometryPrimitive_32_Curve_LineString"
"","253","testGroovy2","","Wed Jul 08 13:43:14 UTC 2026","passed","Wed Jul 08 13:43:14 UTC 2026","","eu.esdihumboldt.cst.internal.ConceptualSchemaTransformerTest","eu.esdihumboldt.cst.internal.ConceptualSchemaTransformerTest","testGroovy2"
"","7","testNamespace","","Wed Jul 08 13:42:13 UTC 2026","passed","Wed Jul 08 13:42:13 UTC 2026","","eu.esdihumboldt.hale.common.schema.groovy.DefinitionAccessorTest","eu.esdihumboldt.hale.common.schema.groovy.DefinitionAccessorTest","testNamespace"
"","15","testGeoJsonSimple_2","","Wed Jul 08 13:50:08 UTC 2026","passed","Wed Jul 08 13:50:08 UTC 2026","","eu.esdihumboldt.hale.io.json.test.InstanceToJsonTest","eu.esdihumboldt.hale.io.json.test.InstanceToJsonTest","testGeoJsonSimple_2"
"","5","testByPoints2","","Wed Jul 08 13:53:04 UTC 2026","passed","Wed Jul 08 13:53:04 UTC 2026","","eu.esdihumboldt.util.geometry.interpolation.grid.GridInterpolationTest","eu.esdihumboldt.util.geometry.interpolation.grid.GridInterpolationTest","testByPoints2"
"","125","mergeRenameFormattedString","","Wed Jul 08 13:39:13 UTC 2026","passed","Wed Jul 08 13:39:13 UTC 2026","","eu.esdihumboldt.hale.common.align.merge.test.impl.FormattedStringMergeTest","eu.esdihumboldt.hale.common.align.merge.test.impl.FormattedStringMergeTest","mergeRenameFormattedString"
"","140","testExportMultiFeatureToExcel","","Wed Jul 08 13:52:18 UTC 2026","passed","Wed Jul 08 13:52:18 UTC 2026","","eu.esdihumboldt.hale.io.xls.test.writer.XLSInstanceWriterTest","eu.esdihumboldt.hale.io.xls.test.writer.XLSInstanceWriterTest","testExportMultiFeatureToExcel"
"","0","testExistsNoSchema","","Wed Jul 08 13:40:13 UTC 2026","skipped","Wed Jul 08 13:40:13 UTC 2026","","eu.esdihumboldt.hale.common.filter.CQLFilterTest","eu.esdihumboldt.hale.common.filter.CQLFilterTest","testExistsNoSchema"
"","8","testInstanceNoValueNullSchema","","Wed Jul 08 13:40:12 UTC 2026","passed","Wed Jul 08 13:40:13 UTC 2026","","eu.esdihumboldt.hale.common.filter.CQLFilterTest","eu.esdihumboldt.hale.common.filter.CQLFilterTest","testInstanceNoValueNullSchema"
"","509","testGeometryPrimitive_32_CompositeCurve_LineString","","Wed Jul 08 13:46:57 UTC 2026","passed","Wed Jul 08 13:46:57 UTC 2026","","eu.esdihumboldt.hale.io.gml.writer.internal.StreamGmlWriter2Test","eu.esdihumboldt.hale.io.gml.writer.internal.StreamGmlWriter2Test","testGeometryPrimitive_32_CompositeCurve_LineString"
"","0","testLimit2","","Wed Jul 08 13:39:56 UTC 2026","passed","Wed Jul 08 13:39:56 UTC 2026","","eu.esdihumboldt.hale.common.core.io.supplier.LookupStreamResourceTest","eu.esdihumboldt.hale.common.core.io.supplier.LookupStreamResourceTest","testLimit2"
"","2","testDisabled","","Wed Jul 08 13:41:57 UTC 2026","passed","Wed Jul 08 13:41:57 UTC 2026","","eu.esdihumboldt.hale.common.schema.model.constraint.factory.type.SkipValidationFactoryTest","eu.esdihumboldt.hale.common.schema.model.constraint.factory.type.SkipValidationFactoryTest","testDisabled"
"","1","testFormatter[7]","","Wed Jul 08 13:53:00 UTC 2026","passed","Wed Jul 08 13:53:00 UTC 2026","","eu.esdihumboldt.util.geometry.DecimalFormatUtilTest","eu.esdihumboldt.util.geometry.DecimalFormatUtilTest","testFormatter[7]"
"","5","testExampleFromTheGep7Page","","Wed Jul 08 13:53:21 UTC 2026","passed","Wed Jul 08 13:53:21 UTC 2026","","eu.esdihumboldt.util.groovy.json.JsonStreamBuilderTest","eu.esdihumboldt.util.groovy.json.JsonStreamBuilderTest","testExampleFromTheGep7Page"
"","3382","testArgsFileForHydro","","Wed Jul 08 13:37:53 UTC 2026","passed","Wed Jul 08 13:37:57 UTC 2026","","eu.esdihumboldt.hale.app.transform.test.ExecuteTest","eu.esdihumboldt.hale.app.transform.test.ExecuteTest","testArgsFileForHydro"
"","5","testByPoints3AllGrid","","Wed Jul 08 13:53:04 UTC 2026","passed","Wed Jul 08 13:53:04 UTC 2026","","eu.esdihumboldt.util.geometry.interpolation.grid.GridInterpolationTest","eu.esdihumboldt.util.geometry.interpolation.grid.GridInterpolationTest","testByPoints3AllGrid"
"","32","notAllowedClassesDisallowed","","Wed Jul 08 13:53:38 UTC 2026","passed","Wed Jul 08 13:53:39 UTC 2026","","eu.esdihumboldt.util.groovy.sandbox.test.internal.GroovySandboxTest","eu.esdihumboldt.util.groovy.sandbox.test.internal.GroovySandboxTest","notAllowedClassesDisallowed"
"","10","testDoubleObject2","","Wed Jul 08 13:53:21 UTC 2026","passed","Wed Jul 08 13:53:21 UTC 2026","","eu.esdihumboldt.util.groovy.json.JsonStreamBuilderTest","eu.esdihumboldt.util.groovy.json.JsonStreamBuilderTest","testDoubleObject2"
"","5","testEqualityListNoSchema","","Wed Jul 08 13:40:13 UTC 2026","passed","Wed Jul 08 13:40:13 UTC 2026","","eu.esdihumboldt.hale.common.filter.ECQLFilterTest","eu.esdihumboldt.hale.common.filter.ECQLFilterTest","testEqualityListNoSchema"
"","2","testNoBinding","","Wed Jul 08 13:41:57 UTC 2026","passed","Wed Jul 08 13:41:57 UTC 2026","","eu.esdihumboldt.hale.common.schema.model.constraint.factory.type.ElementTypeFactoryTest","eu.esdihumboldt.hale.common.schema.model.constraint.factory.type.ElementTypeFactoryTest","testNoBinding"
"","15","testReadNestedGeometryGeoJson","","Wed Jul 08 13:50:11 UTC 2026","passed","Wed Jul 08 13:50:11 UTC 2026","","eu.esdihumboldt.hale.io.json.test.JsonToInstanceTest","eu.esdihumboldt.hale.io.json.test.JsonToInstanceTest","testReadNestedGeometryGeoJson"
"","334","testGeometryAggregate_32_Point","","Wed Jul 08 13:47:10 UTC 2026","passed","Wed Jul 08 13:47:10 UTC 2026","","eu.esdihumboldt.hale.io.gml.writer.internal.StreamGmlWriterTest","eu.esdihumboldt.hale.io.gml.writer.internal.StreamGmlWriterTest","testGeometryAggregate_32_Point"
"","4355","checkComplexOrder","","Wed Jul 08 13:48:57 UTC 2026","passed","Wed Jul 08 13:49:02 UTC 2026","","eu.esdihumboldt.hale.io.jdbc.postgresql.test.CheckComplexTypeOrderIT","eu.esdihumboldt.hale.io.jdbc.postgresql.test.CheckComplexTypeOrderIT","checkComplexOrder"
"","316","testGeometryAggregate_32_MultiPolygon","","Wed Jul 08 13:47:08 UTC 2026","passed","Wed Jul 08 13:47:09 UTC 2026","","eu.esdihumboldt.hale.io.gml.writer.internal.StreamGmlWriterTest","eu.esdihumboldt.hale.io.gml.writer.internal.StreamGmlWriterTest","testGeometryAggregate_32_MultiPolygon"
"","99","testCardinalityMove","","Wed Jul 08 13:43:25 UTC 2026","passed","Wed Jul 08 13:43:25 UTC 2026","","eu.esdihumboldt.cst.internal.ConceptualSchemaTransformerTest","eu.esdihumboldt.cst.internal.ConceptualSchemaTransformerTest","testCardinalityMove"
"","5","test90Deegrees","","Wed Jul 08 13:53:05 UTC 2026","passed","Wed Jul 08 13:53:05 UTC 2026","","eu.esdihumboldt.util.geometry.interpolation.split.SplitInterpolationTest","eu.esdihumboldt.util.geometry.interpolation.split.SplitInterpolationTest","test90Deegrees"
"","65","testNoSpatialIndexCreation","","Wed Jul 08 13:45:56 UTC 2026","passed","Wed Jul 08 13:45:56 UTC 2026","","eu.esdihumboldt.hale.io.geopackage.GeopackageInstanceWriterTest","eu.esdihumboldt.hale.io.geopackage.GeopackageInstanceWriterTest","testNoSpatialIndexCreation"
"","1273","testShapefileInstanceFromNginxUrlWithoutFixFile","","Wed Jul 08 13:51:12 UTC 2026","passed","Wed Jul 08 13:51:14 UTC 2026","","eu.esdihumboldt.hale.io.shp.ShapeInstanceReaderTest","eu.esdihumboldt.hale.io.shp.ShapeInstanceReaderTest","testShapefileInstanceFromNginxUrlWithoutFixFile"
"","2","testBooleanProperty","","Wed Jul 08 13:50:11 UTC 2026","passed","Wed Jul 08 13:50:11 UTC 2026","","eu.esdihumboldt.hale.io.json.test.JsonSchemaReaderTest","eu.esdihumboldt.hale.io.json.test.JsonSchemaReaderTest","testBooleanProperty"
"","4449","testStatistics","","Wed Jul 08 13:37:12 UTC 2026","passed","Wed Jul 08 13:37:17 UTC 2026","","eu.esdihumboldt.hale.app.transform.test.ExecuteTest","eu.esdihumboldt.hale.app.transform.test.ExecuteTest","testStatistics"
"","1","testOptional","","Wed Jul 08 13:41:56 UTC 2026","passed","Wed Jul 08 13:41:56 UTC 2026","","eu.esdihumboldt.hale.common.schema.model.constraint.factory.property.CardinalityFactoryTest","eu.esdihumboldt.hale.common.schema.model.constraint.factory.property.CardinalityFactoryTest","testOptional"
"","2672","testReadXsdInstances","","Wed Jul 08 13:51:01 UTC 2026","passed","Wed Jul 08 13:51:04 UTC 2026","","eu.esdihumboldt.hale.io.shp.ShapeInstanceReaderTest","eu.esdihumboldt.hale.io.shp.ShapeInstanceReaderTest","testReadXsdInstances"
"","2","testBackwardCompatibilityRead","","Wed Jul 08 13:45:05 UTC 2026","passed","Wed Jul 08 13:45:05 UTC 2026","","eu.esdihumboldt.hale.io.csv.CSVInstanceReaderTest","eu.esdihumboldt.hale.io.csv.CSVInstanceReaderTest","testBackwardCompatibilityRead"
"","2","testIntKeys","","Wed Jul 08 13:44:27 UTC 2026","passed","Wed Jul 08 13:44:27 UTC 2026","","eu.esdihumboldt.cst.functions.groovy.helpers.util.CollectorTest","eu.esdihumboldt.cst.functions.groovy.helpers.util.CollectorTest","testIntKeys"
"","8","testReadFirstArray","","Wed Jul 08 13:50:10 UTC 2026","passed","Wed Jul 08 13:50:10 UTC 2026","","eu.esdihumboldt.hale.io.json.test.JsonInstanceCollectionTest","eu.esdihumboldt.hale.io.json.test.JsonInstanceCollectionTest","testReadFirstArray"
"","892","testWfsPaginationWithResolvedepth","","Wed Jul 08 13:46:53 UTC 2026","passed","Wed Jul 08 13:46:54 UTC 2026","","eu.esdihumboldt.hale.io.gml.reader.internal.StreamGmlReaderTest","eu.esdihumboldt.hale.io.gml.reader.internal.StreamGmlReaderTest","testWfsPaginationWithResolvedepth"
"","461","testGeometryPrimitive_32_Polygon","","Wed Jul 08 13:47:07 UTC 2026","passed","Wed Jul 08 13:47:08 UTC 2026","","eu.esdihumboldt.hale.io.gml.writer.internal.StreamGmlWriterTest","eu.esdihumboldt.hale.io.gml.writer.internal.StreamGmlWriterTest","testGeometryPrimitive_32_Polygon"
"","2","testCCW","","Wed Jul 08 13:53:04 UTC 2026","passed","Wed Jul 08 13:53:04 UTC 2026","","eu.esdihumboldt.util.geometry.interpolation.model.impl.ArcByPointsImplTest","eu.esdihumboldt.util.geometry.interpolation.model.impl.ArcByPointsImplTest","testCCW"
"","88","testPropertyFilter","","Wed Jul 08 13:43:26 UTC 2026","passed","Wed Jul 08 13:43:26 UTC 2026","","eu.esdihumboldt.cst.internal.ConceptualSchemaTransformerTest","eu.esdihumboldt.cst.internal.ConceptualSchemaTransformerTest","testPropertyFilter"
"","1","testText","","Wed Jul 08 13:42:13 UTC 2026","passed","Wed Jul 08 13:42:13 UTC 2026","","eu.esdihumboldt.hale.common.schema.groovy.constraints.CardinalityFactoryTest","eu.esdihumboldt.hale.common.schema.groovy.constraints.CardinalityFactoryTest","testText"
"","1","testDefault","","Wed Jul 08 13:41:57 UTC 2026","passed","Wed Jul 08 13:41:57 UTC 2026","","eu.esdihumboldt.hale.common.schema.model.constraint.factory.property.UniqueConstraintFactoryTest","eu.esdihumboldt.hale.common.schema.model.constraint.factory.property.UniqueConstraintFactoryTest","testDefault"
"","12","testReadDefaultTypeOverride","","Wed Jul 08 13:50:11 UTC 2026","passed","Wed Jul 08 13:50:11 UTC 2026","","eu.esdihumboldt.hale.io.json.test.JsonInstanceReaderTest","eu.esdihumboldt.hale.io.json.test.JsonInstanceReaderTest","testReadDefaultTypeOverride"
"","8","testReadModeDefault","","Wed Jul 08 13:50:11 UTC 2026","passed","Wed Jul 08 13:50:11 UTC 2026","","eu.esdihumboldt.hale.io.json.test.JsonInstanceReaderTest","eu.esdihumboldt.hale.io.json.test.JsonInstanceReaderTest","testReadModeDefault"
"","5","testInvalidKey2","","Wed Jul 08 13:52:56 UTC 2026","passed","Wed Jul 08 13:52:56 UTC 2026","","eu.esdihumboldt.util.config.ConfigTest","eu.esdihumboldt.util.config.ConfigTest","testInvalidKey2"
"","212","testComplexLookupJson","","Wed Jul 08 13:41:31 UTC 2026","passed","Wed Jul 08 13:41:31 UTC 2026","","eu.esdihumboldt.hale.common.lookup.internal.LookupTableTypeTest","eu.esdihumboldt.hale.common.lookup.internal.LookupTableTypeTest","testComplexLookupJson"
"","7","testSize","","Wed Jul 08 13:40:28 UTC 2026","passed","Wed Jul 08 13:40:28 UTC 2026","","eu.esdihumboldt.hale.common.instance.tools.impl.SimplePartitionerTest","eu.esdihumboldt.hale.common.instance.tools.impl.SimplePartitionerTest","testSize"
"","11609","test","","Wed Jul 08 13:52:00 UTC 2026","passed","Wed Jul 08 13:52:12 UTC 2026","","eu.esdihumboldt.hale.io.xls.test.XLSInstanceIOTest","eu.esdihumboldt.hale.io.xls.test.XLSInstanceIOTest","test"
"","34","testLoopArrayPrettyPrint","","Wed Jul 08 13:53:20 UTC 2026","passed","Wed Jul 08 13:53:20 UTC 2026","","eu.esdihumboldt.util.groovy.json.JsonStreamBuilderTest","eu.esdihumboldt.util.groovy.json.JsonStreamBuilderTest","testLoopArrayPrettyPrint"
"","16","testEnabled","","Wed Jul 08 13:41:57 UTC 2026","passed","Wed Jul 08 13:41:57 UTC 2026","","eu.esdihumboldt.hale.common.schema.model.constraint.factory.type.HasValueFlagFactoryTest","eu.esdihumboldt.hale.common.schema.model.constraint.factory.type.HasValueFlagFactoryTest","testEnabled"
"","0","testQ2","","Wed Jul 08 13:53:04 UTC 2026","passed","Wed Jul 08 13:53:04 UTC 2026","","eu.esdihumboldt.util.geometry.interpolation.grid.GridUtilTest","eu.esdihumboldt.util.geometry.interpolation.grid.GridUtilTest","testQ2"
"","7","testBefore","","Wed Jul 08 13:40:13 UTC 2026","passed","Wed Jul 08 13:40:13 UTC 2026","","eu.esdihumboldt.hale.common.filter.CQLFilterTest","eu.esdihumboldt.hale.common.filter.CQLFilterTest","testBefore"
"","5","testUsage","","Wed Jul 08 13:36:56 UTC 2026","passed","Wed Jul 08 13:36:56 UTC 2026","","eu.esdihumboldt.hale.app.transform.test.ExecuteTest","eu.esdihumboldt.hale.app.transform.test.ExecuteTest","testUsage"
"","4539","testDataTypesSql","","Wed Jul 08 13:49:30 UTC 2026","passed","Wed Jul 08 13:49:34 UTC 2026","","eu.esdihumboldt.hale.io.jdbc.postgresql.test.PostDataTypesIT","eu.esdihumboldt.hale.io.jdbc.postgresql.test.PostDataTypesIT","testDataTypesSql"
"","5","testBefore","","Wed Jul 08 13:40:13 UTC 2026","passed","Wed Jul 08 13:40:13 UTC 2026","","eu.esdihumboldt.hale.common.filter.ECQLFilterTest","eu.esdihumboldt.hale.common.filter.ECQLFilterTest","testBefore"
"","26","testReadPointGeoJson","","Wed Jul 08 13:50:11 UTC 2026","passed","Wed Jul 08 13:50:11 UTC 2026","","eu.esdihumboldt.hale.io.json.test.JsonToInstanceTest","eu.esdihumboldt.hale.io.json.test.JsonToInstanceTest","testReadPointGeoJson"
"","1","testNoGeom","","Wed Jul 08 13:41:57 UTC 2026","passed","Wed Jul 08 13:41:57 UTC 2026","","eu.esdihumboldt.hale.common.schema.model.constraint.factory.type.GeometryTypeFactoryTest","eu.esdihumboldt.hale.common.schema.model.constraint.factory.type.GeometryTypeFactoryTest","testNoGeom"
"","348","testGeometryPrimitive_32_MultiLineString_Curve1","","Wed Jul 08 13:47:08 UTC 2026","passed","Wed Jul 08 13:47:08 UTC 2026","","eu.esdihumboldt.hale.io.gml.writer.internal.StreamGmlWriterTest","eu.esdihumboldt.hale.io.gml.writer.internal.StreamGmlWriterTest","testGeometryPrimitive_32_MultiLineString_Curve1"
"","4","testGeoJson","","Wed Jul 08 13:50:11 UTC 2026","passed","Wed Jul 08 13:50:11 UTC 2026","","eu.esdihumboldt.hale.io.json.test.JsonSchemaReaderTest","eu.esdihumboldt.hale.io.json.test.JsonSchemaReaderTest","testGeoJson"
"","0","testOrderCounterClockwise","","Wed Jul 08 13:53:03 UTC 2026","passed","Wed Jul 08 13:53:03 UTC 2026","","eu.esdihumboldt.util.geometry.WindingOrderTest","eu.esdihumboldt.util.geometry.WindingOrderTest","testOrderCounterClockwise"
"","3312","testArgsFileForMultiTypesSource","","Wed Jul 08 13:36:53 UTC 2026","passed","Wed Jul 08 13:36:56 UTC 2026","","eu.esdihumboldt.hale.app.transform.test.ExecuteTest","eu.esdihumboldt.hale.app.transform.test.ExecuteTest","testArgsFileForMultiTypesSource"
"","648","testNotInspireCodespaceNotAdd","","Wed Jul 08 13:46:59 UTC 2026","passed","Wed Jul 08 13:46:59 UTC 2026","","eu.esdihumboldt.hale.io.gml.writer.internal.StreamGmlWriter2Test","eu.esdihumboldt.hale.io.gml.writer.internal.StreamGmlWriter2Test","testNotInspireCodespaceNotAdd"
"","6","testDefaultPropertyTypes","","Wed Jul 08 13:42:13 UTC 2026","passed","Wed Jul 08 13:42:13 UTC 2026","","eu.esdihumboldt.hale.common.schema.groovy.SchemaBuilderTest","eu.esdihumboldt.hale.common.schema.groovy.SchemaBuilderTest","testDefaultPropertyTypes"
"","105","testWriteMultiSchemasWithOneMissingGeom","","Wed Jul 08 13:51:17 UTC 2026","passed","Wed Jul 08 13:51:17 UTC 2026","","eu.esdihumboldt.hale.io.shp.ShapefileInstanceWriterTest","eu.esdihumboldt.hale.io.shp.ShapefileInstanceWriterTest","testWriteMultiSchemasWithOneMissingGeom"
"","164","testTypeFilter2PropertyPresent","","Wed Jul 08 13:39:12 UTC 2026","passed","Wed Jul 08 13:39:12 UTC 2026","","eu.esdihumboldt.hale.common.align.merge.test.impl.DefaultMergeCellMigratorTest","eu.esdihumboldt.hale.common.align.merge.test.impl.DefaultMergeCellMigratorTest","testTypeFilter2PropertyPresent"
"","19278","testReadShapeInstances","","Wed Jul 08 13:50:42 UTC 2026","passed","Wed Jul 08 13:51:01 UTC 2026","","eu.esdihumboldt.hale.io.shp.ShapeInstanceReaderTest","eu.esdihumboldt.hale.io.shp.ShapeInstanceReaderTest","testReadShapeInstances"
"","10","testDescriptions","","Wed Jul 08 13:42:13 UTC 2026","passed","Wed Jul 08 13:42:13 UTC 2026","","eu.esdihumboldt.hale.common.schema.groovy.SchemaBuilderTest","eu.esdihumboldt.hale.common.schema.groovy.SchemaBuilderTest","testDescriptions"
"","15","testBackwardCompatibilityRead","","Wed Jul 08 13:52:15 UTC 2026","passed","Wed Jul 08 13:52:15 UTC 2026","","eu.esdihumboldt.hale.io.xls.test.reader.XLSReaderTest","eu.esdihumboldt.hale.io.xls.test.reader.XLSReaderTest","testBackwardCompatibilityRead"
"","8","testSKOSFromRDF3","","Wed Jul 08 13:44:52 UTC 2026","passed","Wed Jul 08 13:44:52 UTC 2026","","eu.esdihumboldt.hale.io.codelist.skos.test.SkosCodeListTest","eu.esdihumboldt.hale.io.codelist.skos.test.SkosCodeListTest","testSKOSFromRDF3"
"","49","testReadDouble","","Wed Jul 08 13:50:11 UTC 2026","passed","Wed Jul 08 13:50:11 UTC 2026","","eu.esdihumboldt.hale.io.json.test.JsonToInstanceTest","eu.esdihumboldt.hale.io.json.test.JsonToInstanceTest","testReadDouble"
"","1514","testLoadChoice","","Wed Jul 08 13:46:02 UTC 2026","passed","Wed Jul 08 13:46:04 UTC 2026","","eu.esdihumboldt.hale.io.gml.reader.internal.GmlInstanceCollectionTest","eu.esdihumboldt.hale.io.gml.reader.internal.GmlInstanceCollectionTest","testLoadChoice"
"","89","testWriteComplexSchema","","Wed Jul 08 13:45:18 UTC 2026","passed","Wed Jul 08 13:45:18 UTC 2026","","eu.esdihumboldt.hale.io.csv.writer.CSVInstanceWriterTest","eu.esdihumboldt.hale.io.csv.writer.CSVInstanceWriterTest","testWriteComplexSchema"
"","71","testWriteSimpleSchema","","Wed Jul 08 13:45:18 UTC 2026","passed","Wed Jul 08 13:45:18 UTC 2026","","eu.esdihumboldt.hale.io.csv.writer.CSVInstanceWriterTest","eu.esdihumboldt.hale.io.csv.writer.CSVInstanceWriterTest","testWriteSimpleSchema"
"","489","testReadVersion3","","Wed Jul 08 13:49:48 UTC 2026","passed","Wed Jul 08 13:49:49 UTC 2026","","eu.esdihumboldt.hale.io.jdbc.spatialite.reader.internal.SpatiaLiteInstanceReaderTest","eu.esdihumboldt.hale.io.jdbc.spatialite.reader.internal.SpatiaLiteInstanceReaderTest","testReadVersion3"
"","87","testWriteSimpleSchemaColOrder","","Wed Jul 08 13:45:18 UTC 2026","passed","Wed Jul 08 13:45:18 UTC 2026","","eu.esdihumboldt.hale.io.csv.writer.CSVInstanceWriterTest","eu.esdihumboldt.hale.io.csv.writer.CSVInstanceWriterTest","testWriteSimpleSchemaColOrder"
"","250","closureStuffDisallowed","","Wed Jul 08 13:53:38 UTC 2026","passed","Wed Jul 08 13:53:38 UTC 2026","","eu.esdihumboldt.util.groovy.sandbox.test.internal.GroovySandboxTest","eu.esdihumboldt.util.groovy.sandbox.test.internal.GroovySandboxTest","closureStuffDisallowed"
"","2","testCCW1","","Wed Jul 08 13:53:04 UTC 2026","passed","Wed Jul 08 13:53:04 UTC 2026","","eu.esdihumboldt.util.geometry.interpolation.model.impl.ArcByCenterPointImplTest","eu.esdihumboldt.util.geometry.interpolation.model.impl.ArcByCenterPointImplTest","testCCW1"
"","17","testBinding","","Wed Jul 08 13:41:57 UTC 2026","passed","Wed Jul 08 13:41:57 UTC 2026","","eu.esdihumboldt.hale.common.schema.model.constraint.factory.type.ElementTypeFactoryTest","eu.esdihumboldt.hale.common.schema.model.constraint.factory.type.ElementTypeFactoryTest","testBinding"
"","9","testReadDefaultType","","Wed Jul 08 13:50:10 UTC 2026","passed","Wed Jul 08 13:50:11 UTC 2026","","eu.esdihumboldt.hale.io.json.test.JsonInstanceReaderTest","eu.esdihumboldt.hale.io.json.test.JsonInstanceReaderTest","testReadDefaultType"
"","8","testGetReferencesSimple","","Wed Jul 08 13:40:13 UTC 2026","passed","Wed Jul 08 13:40:13 UTC 2026","","eu.esdihumboldt.hale.common.filter.CQLFilterTest","eu.esdihumboldt.hale.common.filter.CQLFilterTest","testGetReferencesSimple"
"","63","testSchema","","Wed Jul 08 13:41:02 UTC 2026","passed","Wed Jul 08 13:41:02 UTC 2026","","eu.esdihumboldt.hale.common.instance.groovy.InstanceFamilyAccessorTest","eu.esdihumboldt.hale.common.instance.groovy.InstanceFamilyAccessorTest","testSchema"
"","0","testPropertiesMix","","Wed Jul 08 13:43:15 UTC 2026","skipped","Wed Jul 08 13:43:15 UTC 2026","","eu.esdihumboldt.cst.internal.ConceptualSchemaTransformerTest","eu.esdihumboldt.cst.internal.ConceptualSchemaTransformerTest","testPropertiesMix"
"","9","testReadEmptySheet","","Wed Jul 08 13:52:15 UTC 2026","passed","Wed Jul 08 13:52:15 UTC 2026","","eu.esdihumboldt.hale.io.xls.test.reader.XLSReaderTest","eu.esdihumboldt.hale.io.xls.test.reader.XLSReaderTest","testReadEmptySheet"
"","108","testSchemaCollection","","Wed Jul 08 13:41:02 UTC 2026","passed","Wed Jul 08 13:41:02 UTC 2026","","eu.esdihumboldt.hale.common.instance.groovy.InstanceBuilderTest","eu.esdihumboldt.hale.common.instance.groovy.InstanceBuilderTest","testSchemaCollection"
"","0","testGeometry_2_LineString","","Wed Jul 08 13:47:07 UTC 2026","skipped","Wed Jul 08 13:47:07 UTC 2026","","eu.esdihumboldt.hale.io.gml.writer.internal.StreamGmlWriterTest","eu.esdihumboldt.hale.io.gml.writer.internal.StreamGmlWriterTest","testGeometry_2_LineString"
"","0","testDirect","","Wed Jul 08 13:47:13 UTC 2026","skipped","Wed Jul 08 13:47:13 UTC 2026","","eu.esdihumboldt.hale.io.gml.writer.internal.geometry.writers.PatternTest","eu.esdihumboldt.hale.io.gml.writer.internal.geometry.writers.PatternTest","testDirect"
"","622","testBadEnvelope","","Wed Jul 08 13:53:05 UTC 2026","passed","Wed Jul 08 13:53:06 UTC 2026","","eu.esdihumboldt.util.geometry.quadtree.QuadtreeTest","eu.esdihumboldt.util.geometry.quadtree.QuadtreeTest","testBadEnvelope"
"","2","testNestedKey","","Wed Jul 08 13:52:56 UTC 2026","passed","Wed Jul 08 13:52:56 UTC 2026","","eu.esdihumboldt.util.config.ConfigTest","eu.esdihumboldt.util.config.ConfigTest","testNestedKey"
"","179","testFilterSame4","","Wed Jul 08 13:39:08 UTC 2026","passed","Wed Jul 08 13:39:08 UTC 2026","","eu.esdihumboldt.hale.common.align.merge.test.impl.DefaultMergeCellMigratorTest","eu.esdihumboldt.hale.common.align.merge.test.impl.DefaultMergeCellMigratorTest","testFilterSame4"
"","6","testValuePropertiesList","","Wed Jul 08 13:39:56 UTC 2026","passed","Wed Jul 08 13:39:56 UTC 2026","","eu.esdihumboldt.hale.common.core.io.impl.ValuePropertiesTypeTest","eu.esdihumboldt.hale.common.core.io.impl.ValuePropertiesTypeTest","testValuePropertiesList"
"","4292","testWriteRead","","Wed Jul 08 13:49:10 UTC 2026","passed","Wed Jul 08 13:49:14 UTC 2026","","eu.esdihumboldt.hale.io.jdbc.postgresql.test.MultiDimensionalArraysIT","eu.esdihumboldt.hale.io.jdbc.postgresql.test.MultiDimensionalArraysIT","testWriteRead"
"","1981","testInspireCodespaceAutoAddDefault","","Wed Jul 08 13:46:55 UTC 2026","passed","Wed Jul 08 13:46:57 UTC 2026","","eu.esdihumboldt.hale.io.gml.writer.internal.StreamGmlWriter2Test","eu.esdihumboldt.hale.io.gml.writer.internal.StreamGmlWriter2Test","testInspireCodespaceAutoAddDefault"
"","14","testValuesAllowOthers","","Wed Jul 08 13:41:57 UTC 2026","passed","Wed Jul 08 13:41:57 UTC 2026","","eu.esdihumboldt.hale.common.schema.model.constraint.factory.type.EnumerationFactoryTest","eu.esdihumboldt.hale.common.schema.model.constraint.factory.type.EnumerationFactoryTest","testValuesAllowOthers"
"","5","testFindPropertyNamespace","","Wed Jul 08 13:41:55 UTC 2026","passed","Wed Jul 08 13:41:55 UTC 2026","","eu.esdihumboldt.hale.common.schema.helper.DefinitionResolverTest","eu.esdihumboldt.hale.common.schema.helper.DefinitionResolverTest","testFindPropertyNamespace"
"","1","testFormatter[2]","","Wed Jul 08 13:53:00 UTC 2026","passed","Wed Jul 08 13:53:00 UTC 2026","","eu.esdihumboldt.util.geometry.DecimalFormatUtilTest","eu.esdihumboldt.util.geometry.DecimalFormatUtilTest","testFormatter[2]"
"","1","testRead2","","Wed Jul 08 13:45:05 UTC 2026","passed","Wed Jul 08 13:45:05 UTC 2026","","eu.esdihumboldt.hale.io.csv.CSVSchemaReaderTest","eu.esdihumboldt.hale.io.csv.CSVSchemaReaderTest","testRead2"
"","7","testPath1","","Wed Jul 08 13:41:57 UTC 2026","passed","Wed Jul 08 13:41:57 UTC 2026","","eu.esdihumboldt.hale.common.schema.model.constraint.factory.type.PrimaryKeyFactoryTest","eu.esdihumboldt.hale.common.schema.model.constraint.factory.type.PrimaryKeyFactoryTest","testPath1"
"","132","testCMMulti4","","Wed Jul 08 13:43:24 UTC 2026","passed","Wed Jul 08 13:43:24 UTC 2026","","eu.esdihumboldt.cst.internal.ConceptualSchemaTransformerTest","eu.esdihumboldt.cst.internal.ConceptualSchemaTransformerTest","testCMMulti4"
"","0","testGroup","","Wed Jul 08 13:43:11 UTC 2026","skipped","Wed Jul 08 13:43:11 UTC 2026","","eu.esdihumboldt.cst.internal.ConceptualSchemaTransformerTest","eu.esdihumboldt.cst.internal.ConceptualSchemaTransformerTest","testGroup"
"","39","testNullMixed","","Wed Jul 08 13:41:01 UTC 2026","passed","Wed Jul 08 13:41:01 UTC 2026","","eu.esdihumboldt.hale.common.instance.groovy.InstanceAccessorTest","eu.esdihumboldt.hale.common.instance.groovy.InstanceAccessorTest","testNullMixed"
"","50","testReadMultiSheetTypeSkipSettings","","Wed Jul 08 13:52:15 UTC 2026","passed","Wed Jul 08 13:52:15 UTC 2026","","eu.esdihumboldt.hale.io.xls.test.reader.XLSReaderTest","eu.esdihumboldt.hale.io.xls.test.reader.XLSReaderTest","testReadMultiSheetTypeSkipSettings"
"","46","testGmlOverflow","","Wed Jul 08 13:40:45 UTC 2026","passed","Wed Jul 08 13:40:45 UTC 2026","","eu.esdihumboldt.hale.common.instance.graph.test.ReferenceGraphTest","eu.esdihumboldt.hale.common.instance.graph.test.ReferenceGraphTest","testGmlOverflow"
"","9","testReadSimpleWithDate","","Wed Jul 08 13:52:15 UTC 2026","passed","Wed Jul 08 13:52:15 UTC 2026","","eu.esdihumboldt.hale.io.xls.test.reader.XLSReaderTest","eu.esdihumboldt.hale.io.xls.test.reader.XLSReaderTest","testReadSimpleWithDate"
"","1","testQ1","","Wed Jul 08 13:53:04 UTC 2026","passed","Wed Jul 08 13:53:04 UTC 2026","","eu.esdihumboldt.util.geometry.interpolation.grid.GridUtilTest","eu.esdihumboldt.util.geometry.interpolation.grid.GridUtilTest","testQ1"
"","151","migrateJoinGroovyRetype","","Wed Jul 08 13:39:13 UTC 2026","passed","Wed Jul 08 13:39:14 UTC 2026","","eu.esdihumboldt.hale.common.align.merge.test.impl.GroovyRetypeMergeTest","eu.esdihumboldt.hale.common.align.merge.test.impl.GroovyRetypeMergeTest","migrateJoinGroovyRetype"
"","5","testStringLookup","","Wed Jul 08 13:41:31 UTC 2026","passed","Wed Jul 08 13:41:31 UTC 2026","","eu.esdihumboldt.hale.common.lookup.internal.LookupTableTypeTest","eu.esdihumboldt.hale.common.lookup.internal.LookupTableTypeTest","testStringLookup"
"","4","testGetReferencesNested","","Wed Jul 08 13:40:13 UTC 2026","passed","Wed Jul 08 13:40:13 UTC 2026","","eu.esdihumboldt.hale.common.filter.ECQLFilterTest","eu.esdihumboldt.hale.common.filter.ECQLFilterTest","testGetReferencesNested"
"","1","testHalfmoon","","Wed Jul 08 13:44:03 UTC 2026","passed","Wed Jul 08 13:44:03 UTC 2026","","eu.esdihumboldt.cst.functions.geometric.test.InteriorPointTest","eu.esdihumboldt.cst.functions.geometric.test.InteriorPointTest","testHalfmoon"
"","0","testHttpAbsoluteOtherJar","","Wed Jul 08 13:52:33 UTC 2026","passed","Wed Jul 08 13:52:33 UTC 2026","","eu.esdihumboldt.hale.io.xsd.reader.HumboldtURIResolverTest","eu.esdihumboldt.hale.io.xsd.reader.HumboldtURIResolverTest","testHttpAbsoluteOtherJar"
"","0","testGeometryNormalOnCRS","","Wed Jul 08 13:53:03 UTC 2026","passed","Wed Jul 08 13:53:03 UTC 2026","","eu.esdihumboldt.util.geometry.WindingOrderTest","eu.esdihumboldt.util.geometry.WindingOrderTest","testGeometryNormalOnCRS"
"","4","testNullNotExistsNoSchema","","Wed Jul 08 13:40:13 UTC 2026","passed","Wed Jul 08 13:40:13 UTC 2026","","eu.esdihumboldt.hale.common.filter.ECQLFilterTest","eu.esdihumboldt.hale.common.filter.ECQLFilterTest","testNullNotExistsNoSchema"
"","0","testFormatter[5]","","Wed Jul 08 13:53:00 UTC 2026","passed","Wed Jul 08 13:53:00 UTC 2026","","eu.esdihumboldt.util.geometry.DecimalFormatUtilTest","eu.esdihumboldt.util.geometry.DecimalFormatUtilTest","testFormatter[5]"
"","6","testNestedListMap2","","Wed Jul 08 13:53:21 UTC 2026","passed","Wed Jul 08 13:53:21 UTC 2026","","eu.esdihumboldt.util.groovy.json.JsonStreamBuilderTest","eu.esdihumboldt.util.groovy.json.JsonStreamBuilderTest","testNestedListMap2"
"","0","testPropertyMerge","","Wed Jul 08 13:43:22 UTC 2026","skipped","Wed Jul 08 13:43:22 UTC 2026","","eu.esdihumboldt.cst.internal.ConceptualSchemaTransformerTest","eu.esdihumboldt.cst.internal.ConceptualSchemaTransformerTest","testPropertyMerge"
"","112","testIDSaveLoad","","Wed Jul 08 13:38:13 UTC 2026","passed","Wed Jul 08 13:38:14 UTC 2026","","eu.esdihumboldt.hale.common.align.io.CastorAlignmentIOTest","eu.esdihumboldt.hale.common.align.io.CastorAlignmentIOTest","testIDSaveLoad"
"","0","testTimeEqualsList","","Wed Jul 08 13:40:14 UTC 2026","skipped","Wed Jul 08 13:40:14 UTC 2026","","eu.esdihumboldt.hale.common.filter.ECQLFilterTest","eu.esdihumboldt.hale.common.filter.ECQLFilterTest","testTimeEqualsList"
"","3","testReadWithPointDecimal","","Wed Jul 08 13:45:05 UTC 2026","passed","Wed Jul 08 13:45:05 UTC 2026","","eu.esdihumboldt.hale.io.csv.CSVInstanceReaderTest","eu.esdihumboldt.hale.io.csv.CSVInstanceReaderTest","testReadWithPointDecimal"
"","51","testCustomClass","","Wed Jul 08 13:47:31 UTC 2026","passed","Wed Jul 08 13:47:31 UTC 2026","","eu.esdihumboldt.hale.io.groovy.snippets.GroovySnippetsTest","eu.esdihumboldt.hale.io.groovy.snippets.GroovySnippetsTest","testCustomClass"
"","0","testSimple","","Wed Jul 08 13:39:44 UTC 2026","passed","Wed Jul 08 13:39:44 UTC 2026","","eu.esdihumboldt.hale.common.core.io.PathUpdateTest","eu.esdihumboldt.hale.common.core.io.PathUpdateTest","testSimple"
"","0","testCurve2","","Wed Jul 08 13:44:03 UTC 2026","passed","Wed Jul 08 13:44:03 UTC 2026","","eu.esdihumboldt.cst.functions.geometric.test.InteriorPointTest","eu.esdihumboldt.cst.functions.geometric.test.InteriorPointTest","testCurve2"
"","231","testTypeFilter1","","Wed Jul 08 13:39:09 UTC 2026","passed","Wed Jul 08 13:39:09 UTC 2026","","eu.esdihumboldt.hale.common.align.merge.test.impl.DefaultMergeCellMigratorTest","eu.esdihumboldt.hale.common.align.merge.test.impl.DefaultMergeCellMigratorTest","testTypeFilter1"
"","1","testSame","","Wed Jul 08 13:39:44 UTC 2026","passed","Wed Jul 08 13:39:44 UTC 2026","","eu.esdihumboldt.hale.common.core.io.PathUpdateTest","eu.esdihumboldt.hale.common.core.io.PathUpdateTest","testSame"
"","4","testWith","","Wed Jul 08 13:44:02 UTC 2026","passed","Wed Jul 08 13:44:02 UTC 2026","","eu.esdihumboldt.cst.functions.geometric.test.GeometryHelperFunctionsTest","eu.esdihumboldt.cst.functions.geometric.test.GeometryHelperFunctionsTest","testWith"
"","99","testWriteMultiSchemasWithDifferentGeometryTypes","","Wed Jul 08 13:51:20 UTC 2026","passed","Wed Jul 08 13:51:20 UTC 2026","","eu.esdihumboldt.hale.io.shp.ShapefileInstanceWriterTest","eu.esdihumboldt.hale.io.shp.ShapefileInstanceWriterTest","testWriteMultiSchemasWithDifferentGeometryTypes"
"","0","testOrderHolesCCW","","Wed Jul 08 13:53:03 UTC 2026","passed","Wed Jul 08 13:53:03 UTC 2026","","eu.esdihumboldt.util.geometry.WindingOrderTest","eu.esdihumboldt.util.geometry.WindingOrderTest","testOrderHolesCCW"
"","320","testGeometryPrimitive_32_LineString","","Wed Jul 08 13:47:11 UTC 2026","passed","Wed Jul 08 13:47:11 UTC 2026","","eu.esdihumboldt.hale.io.gml.writer.internal.StreamGmlWriterTest","eu.esdihumboldt.hale.io.gml.writer.internal.StreamGmlWriterTest","testGeometryPrimitive_32_LineString"
"","377","testJoinsCondition","","Wed Jul 08 13:39:14 UTC 2026","passed","Wed Jul 08 13:39:14 UTC 2026","","eu.esdihumboldt.hale.common.align.merge.test.impl.JoinFocusRetainConditionTest","eu.esdihumboldt.hale.common.align.merge.test.impl.JoinFocusRetainConditionTest","testJoinsCondition"
"","1721","testAppInfo","","Wed Jul 08 13:52:33 UTC 2026","passed","Wed Jul 08 13:52:35 UTC 2026","","eu.esdihumboldt.hale.io.xsd.reader.XmlSchemaReaderMoreTest","eu.esdihumboldt.hale.io.xsd.reader.XmlSchemaReaderMoreTest","testAppInfo"
"","6","testNotEqualList","","Wed Jul 08 13:40:14 UTC 2026","passed","Wed Jul 08 13:40:14 UTC 2026","","eu.esdihumboldt.hale.common.filter.ECQLFilterTest","eu.esdihumboldt.hale.common.filter.ECQLFilterTest","testNotEqualList"
"","37","testConflict","","Wed Jul 08 13:52:56 UTC 2026","passed","Wed Jul 08 13:52:56 UTC 2026","","eu.esdihumboldt.util.config.ConfigTest","eu.esdihumboldt.util.config.ConfigTest","testConflict"
"","108","testCardinalityRename","","Wed Jul 08 13:43:27 UTC 2026","passed","Wed Jul 08 13:43:27 UTC 2026","","eu.esdihumboldt.cst.internal.ConceptualSchemaTransformerTest","eu.esdihumboldt.cst.internal.ConceptualSchemaTransformerTest","testCardinalityRename"
"","244","testWriteRead","","Wed Jul 08 13:42:30 UTC 2026","passed","Wed Jul 08 13:42:30 UTC 2026","","eu.esdihumboldt.hale.common.schema.persist.hsd.test.json.HaleSchemaWriterJsonTest","eu.esdihumboldt.hale.common.schema.persist.hsd.test.json.HaleSchemaWriterJsonTest","testWriteRead"
"","2","testInstanceReader","","Wed Jul 08 13:48:15 UTC 2026","skipped","Wed Jul 08 13:48:15 UTC 2026","","eu.esdihumboldt.hale.io.jdbc.mssql.test.MsSQLServer14Test","eu.esdihumboldt.hale.io.jdbc.mssql.test.MsSQLServer14Test","testInstanceReader"
"","90","testClassification3","","Wed Jul 08 13:43:24 UTC 2026","passed","Wed Jul 08 13:43:24 UTC 2026","","eu.esdihumboldt.cst.internal.ConceptualSchemaTransformerTest","eu.esdihumboldt.cst.internal.ConceptualSchemaTransformerTest","testClassification3"
"","111","testMethodCallWithNamedArguments","","Wed Jul 08 13:53:20 UTC 2026","passed","Wed Jul 08 13:53:20 UTC 2026","","eu.esdihumboldt.util.groovy.json.JsonStreamBuilderTest","eu.esdihumboldt.util.groovy.json.JsonStreamBuilderTest","testMethodCallWithNamedArguments"
"","360","testWfsPaginationBasinFeatures","","Wed Jul 08 13:46:50 UTC 2026","passed","Wed Jul 08 13:46:51 UTC 2026","","eu.esdihumboldt.hale.io.gml.reader.internal.StreamGmlReaderTest","eu.esdihumboldt.hale.io.gml.reader.internal.StreamGmlReaderTest","testWfsPaginationBasinFeatures"
"","260","testTypeFilter3Present","","Wed Jul 08 13:39:08 UTC 2026","passed","Wed Jul 08 13:39:09 UTC 2026","","eu.esdihumboldt.hale.common.align.merge.test.impl.DefaultMergeCellMigratorTest","eu.esdihumboldt.hale.common.align.merge.test.impl.DefaultMergeCellMigratorTest","testTypeFilter3Present"
"","27","testSinglePolyGeometryWithLongAlphanumericNamesWithMultipleInstances","","Wed Jul 08 13:51:20 UTC 2026","passed","Wed Jul 08 13:51:20 UTC 2026","","eu.esdihumboldt.hale.io.shp.ShapefileInstanceWriterTest","eu.esdihumboldt.hale.io.shp.ShapefileInstanceWriterTest","testSinglePolyGeometryWithLongAlphanumericNamesWithMultipleInstances"
"","225","testGroovyRetypeCondition","","Wed Jul 08 13:39:14 UTC 2026","passed","Wed Jul 08 13:39:14 UTC 2026","","eu.esdihumboldt.hale.common.align.merge.test.impl.JoinFocusRetainConditionTest","eu.esdihumboldt.hale.common.align.merge.test.impl.JoinFocusRetainConditionTest","testGroovyRetypeCondition"
"","5","testStringLookupJson","","Wed Jul 08 13:41:31 UTC 2026","passed","Wed Jul 08 13:41:31 UTC 2026","","eu.esdihumboldt.hale.common.lookup.internal.LookupTableTypeTest","eu.esdihumboldt.hale.common.lookup.internal.LookupTableTypeTest","testStringLookupJson"
"","9","testNullList","","Wed Jul 08 13:40:12 UTC 2026","passed","Wed Jul 08 13:40:12 UTC 2026","","eu.esdihumboldt.hale.common.filter.CQLFilterTest","eu.esdihumboldt.hale.common.filter.CQLFilterTest","testNullList"
"","1","testName","","Wed Jul 08 13:42:13 UTC 2026","passed","Wed Jul 08 13:42:13 UTC 2026","","eu.esdihumboldt.hale.common.schema.groovy.constraints.DisplayNameFactoryTest","eu.esdihumboldt.hale.common.schema.groovy.constraints.DisplayNameFactoryTest","testName"
"","7","testEqualityList","","Wed Jul 08 13:40:13 UTC 2026","passed","Wed Jul 08 13:40:13 UTC 2026","","eu.esdihumboldt.hale.common.filter.CQLFilterTest","eu.esdihumboldt.hale.common.filter.CQLFilterTest","testEqualityList"
"","0","testJarURI","","Wed Jul 08 13:52:33 UTC 2026","passed","Wed Jul 08 13:52:33 UTC 2026","","eu.esdihumboldt.hale.io.xsd.reader.HumboldtURIResolverTest","eu.esdihumboldt.hale.io.xsd.reader.HumboldtURIResolverTest","testJarURI"
"","4","testStringProperty","","Wed Jul 08 13:50:11 UTC 2026","passed","Wed Jul 08 13:50:11 UTC 2026","","eu.esdihumboldt.hale.io.json.test.JsonSchemaReaderTest","eu.esdihumboldt.hale.io.json.test.JsonSchemaReaderTest","testStringProperty"
"","17863","testReadInstancesXSDQualified","","Wed Jul 08 13:45:32 UTC 2026","passed","Wed Jul 08 13:45:50 UTC 2026","","eu.esdihumboldt.hale.io.geopackage.GeopackageInstanceReaderTest","eu.esdihumboldt.hale.io.geopackage.GeopackageInstanceReaderTest","testReadInstancesXSDQualified"
"","2","testElements","","Wed Jul 08 13:52:33 UTC 2026","passed","Wed Jul 08 13:52:33 UTC 2026","","eu.esdihumboldt.hale.io.xsd.anytype.valuetypes.CustomTypeContentTypeTest","eu.esdihumboldt.hale.io.xsd.anytype.valuetypes.CustomTypeContentTypeTest","testElements"
"","240","testPropertyJoinNonMatchingTypes","","Wed Jul 08 13:43:13 UTC 2026","passed","Wed Jul 08 13:43:13 UTC 2026","","eu.esdihumboldt.cst.internal.ConceptualSchemaTransformerTest","eu.esdihumboldt.cst.internal.ConceptualSchemaTransformerTest","testPropertyJoinNonMatchingTypes"
"","61","testRun","","Wed Jul 08 13:47:31 UTC 2026","passed","Wed Jul 08 13:47:31 UTC 2026","","eu.esdihumboldt.hale.io.groovy.snippets.GroovySnippetsTest","eu.esdihumboldt.hale.io.groovy.snippets.GroovySnippetsTest","testRun"
"","4","testDefault","","Wed Jul 08 13:41:57 UTC 2026","passed","Wed Jul 08 13:41:57 UTC 2026","","eu.esdihumboldt.hale.common.schema.model.constraint.factory.type.SkipValidationFactoryTest","eu.esdihumboldt.hale.common.schema.model.constraint.factory.type.SkipValidationFactoryTest","testDefault"
"","42","testWriteMultipleGeometries","","Wed Jul 08 13:51:20 UTC 2026","passed","Wed Jul 08 13:51:20 UTC 2026","","eu.esdihumboldt.hale.io.shp.ShapefileInstanceWriterTest","eu.esdihumboldt.hale.io.shp.ShapefileInstanceWriterTest","testWriteMultipleGeometries"
"","157","testNullValue","","Wed Jul 08 13:43:26 UTC 2026","passed","Wed Jul 08 13:43:27 UTC 2026","","eu.esdihumboldt.cst.internal.ConceptualSchemaTransformerTest","eu.esdihumboldt.cst.internal.ConceptualSchemaTransformerTest","testNullValue"
"","80","testBaseNameFromFile","","Wed Jul 08 13:51:01 UTC 2026","passed","Wed Jul 08 13:51:01 UTC 2026","","eu.esdihumboldt.hale.io.shp.ShapeInstanceReaderTest","eu.esdihumboldt.hale.io.shp.ShapeInstanceReaderTest","testBaseNameFromFile"
"","97","testSimpleMerge","","Wed Jul 08 13:43:23 UTC 2026","passed","Wed Jul 08 13:43:23 UTC 2026","","eu.esdihumboldt.cst.internal.ConceptualSchemaTransformerTest","eu.esdihumboldt.cst.internal.ConceptualSchemaTransformerTest","testSimpleMerge"
"","1","testDefault","","Wed Jul 08 13:41:56 UTC 2026","passed","Wed Jul 08 13:41:56 UTC 2026","","eu.esdihumboldt.hale.common.schema.model.constraint.factory.property.NillableFlagFactoryTest","eu.esdihumboldt.hale.common.schema.model.constraint.factory.property.NillableFlagFactoryTest","testDefault"
"","7","testRefTypes","","Wed Jul 08 13:41:56 UTC 2026","passed","Wed Jul 08 13:41:56 UTC 2026","","eu.esdihumboldt.hale.common.schema.model.constraint.factory.property.ReferenceFactoryTest","eu.esdihumboldt.hale.common.schema.model.constraint.factory.property.ReferenceFactoryTest","testRefTypes"
"","266","testTypeFilter2","","Wed Jul 08 13:39:09 UTC 2026","passed","Wed Jul 08 13:39:10 UTC 2026","","eu.esdihumboldt.hale.common.align.merge.test.impl.DefaultMergeCellMigratorTest","eu.esdihumboldt.hale.common.align.merge.test.impl.DefaultMergeCellMigratorTest","testTypeFilter2"
"","146","testGroovyWarningMergeTarget","","Wed Jul 08 13:39:11 UTC 2026","passed","Wed Jul 08 13:39:12 UTC 2026","","eu.esdihumboldt.hale.common.align.merge.test.impl.DefaultMergeCellMigratorTest","eu.esdihumboldt.hale.common.align.merge.test.impl.DefaultMergeCellMigratorTest","testGroovyWarningMergeTarget"
"","368","testGeometryPrimitive_32_MultiPolygon_WindingOrder_CCW","","Wed Jul 08 13:47:11 UTC 2026","passed","Wed Jul 08 13:47:11 UTC 2026","","eu.esdihumboldt.hale.io.gml.writer.internal.StreamGmlWriterTest","eu.esdihumboldt.hale.io.gml.writer.internal.StreamGmlWriterTest","testGeometryPrimitive_32_MultiPolygon_WindingOrder_CCW"
"","6608","testNumbers","","Wed Jul 08 13:47:01 UTC 2026","passed","Wed Jul 08 13:47:07 UTC 2026","","eu.esdihumboldt.hale.io.gml.writer.internal.StreamGmlWriter2Test","eu.esdihumboldt.hale.io.gml.writer.internal.StreamGmlWriter2Test","testNumbers"
"","0","testInstanceValueExistsSchema","","Wed Jul 08 13:40:13 UTC 2026","skipped","Wed Jul 08 13:40:13 UTC 2026","","eu.esdihumboldt.hale.common.filter.ECQLFilterTest","eu.esdihumboldt.hale.common.filter.ECQLFilterTest","testInstanceValueExistsSchema"
"","0","testInstanceValueExistsSchema","","Wed Jul 08 13:40:12 UTC 2026","skipped","Wed Jul 08 13:40:12 UTC 2026","","eu.esdihumboldt.hale.common.filter.CQLFilterTest","eu.esdihumboldt.hale.common.filter.CQLFilterTest","testInstanceValueExistsSchema"
"","143","testPropertyCondition1","","Wed Jul 08 13:43:25 UTC 2026","passed","Wed Jul 08 13:43:25 UTC 2026","","eu.esdihumboldt.cst.internal.ConceptualSchemaTransformerTest","eu.esdihumboldt.cst.internal.ConceptualSchemaTransformerTest","testPropertyCondition1"
"","1","testFileRelative1","","Wed Jul 08 13:52:33 UTC 2026","passed","Wed Jul 08 13:52:33 UTC 2026","","eu.esdihumboldt.hale.io.xsd.reader.HumboldtURIResolverTest","eu.esdihumboldt.hale.io.xsd.reader.HumboldtURIResolverTest","testFileRelative1"
"","4743","testTransformXmlInline","","Wed Jul 08 13:37:20 UTC 2026","passed","Wed Jul 08 13:37:24 UTC 2026","","eu.esdihumboldt.hale.app.transform.test.ExecuteTest","eu.esdihumboldt.hale.app.transform.test.ExecuteTest","testTransformXmlInline"
"","13","testReadSimpleChoice","","Wed Jul 08 13:50:11 UTC 2026","passed","Wed Jul 08 13:50:11 UTC 2026","","eu.esdihumboldt.hale.io.json.test.JsonToInstanceTest","eu.esdihumboldt.hale.io.json.test.JsonToInstanceTest","testReadSimpleChoice"
"","6","testLikeNoSchema","","Wed Jul 08 13:40:13 UTC 2026","passed","Wed Jul 08 13:40:13 UTC 2026","","eu.esdihumboldt.hale.common.filter.CQLFilterTest","eu.esdihumboldt.hale.common.filter.CQLFilterTest","testLikeNoSchema"
"","0","testDefault","","Wed Jul 08 13:41:57 UTC 2026","passed","Wed Jul 08 13:41:57 UTC 2026","","eu.esdihumboldt.hale.common.schema.model.constraint.factory.type.PrimaryKeyFactoryTest","eu.esdihumboldt.hale.common.schema.model.constraint.factory.type.PrimaryKeyFactoryTest","testDefault"
"","37","testGroup","","Wed Jul 08 13:42:13 UTC 2026","passed","Wed Jul 08 13:42:13 UTC 2026","","eu.esdihumboldt.hale.common.schema.groovy.SchemaBuilderTest","eu.esdihumboldt.hale.common.schema.groovy.SchemaBuilderTest","testGroup"
"","170","testMultiResult2","","Wed Jul 08 13:43:15 UTC 2026","passed","Wed Jul 08 13:43:15 UTC 2026","","eu.esdihumboldt.cst.internal.ConceptualSchemaTransformerTest","eu.esdihumboldt.cst.internal.ConceptualSchemaTransformerTest","testMultiResult2"
"","54","testTemplate","","Wed Jul 08 13:38:27 UTC 2026","passed","Wed Jul 08 13:38:27 UTC 2026","","eu.esdihumboldt.hale.common.align.model.impl.mdexpl.MarkdownCellExplanationTest","eu.esdihumboldt.hale.common.align.model.impl.mdexpl.MarkdownCellExplanationTest","testTemplate"
"","2","testCW2","","Wed Jul 08 13:53:04 UTC 2026","passed","Wed Jul 08 13:53:04 UTC 2026","","eu.esdihumboldt.util.geometry.interpolation.model.impl.ArcByCenterPointImplTest","eu.esdihumboldt.util.geometry.interpolation.model.impl.ArcByCenterPointImplTest","testCW2"
"","3127","testFiltersForMultiType3","","Wed Jul 08 13:37:27 UTC 2026","passed","Wed Jul 08 13:37:31 UTC 2026","","eu.esdihumboldt.hale.app.transform.test.ExecuteTest","eu.esdihumboldt.hale.app.transform.test.ExecuteTest","testFiltersForMultiType3"
"","6","testRootArrayObjects","","Wed Jul 08 13:53:21 UTC 2026","passed","Wed Jul 08 13:53:21 UTC 2026","","eu.esdihumboldt.util.groovy.json.JsonStreamBuilderTest","eu.esdihumboldt.util.groovy.json.JsonStreamBuilderTest","testRootArrayObjects"
"","1","testFormatter[10]","","Wed Jul 08 13:53:00 UTC 2026","passed","Wed Jul 08 13:53:00 UTC 2026","","eu.esdihumboldt.util.geometry.DecimalFormatUtilTest","eu.esdihumboldt.util.geometry.DecimalFormatUtilTest","testFormatter[10]"
"","168","testParentMappingGeometry","","Wed Jul 08 13:39:09 UTC 2026","passed","Wed Jul 08 13:39:09 UTC 2026","","eu.esdihumboldt.hale.common.align.merge.test.impl.DefaultMergeCellMigratorTest","eu.esdihumboldt.hale.common.align.merge.test.impl.DefaultMergeCellMigratorTest","testParentMappingGeometry"
"","2","testNested","","Wed Jul 08 13:50:11 UTC 2026","passed","Wed Jul 08 13:50:11 UTC 2026","","eu.esdihumboldt.hale.io.json.test.JsonSchemaReaderTest","eu.esdihumboldt.hale.io.json.test.JsonSchemaReaderTest","testNested"
"","2","testMixedProperty","","Wed Jul 08 13:50:11 UTC 2026","passed","Wed Jul 08 13:50:11 UTC 2026","","eu.esdihumboldt.hale.io.json.test.JsonSchemaReaderTest","eu.esdihumboldt.hale.io.json.test.JsonSchemaReaderTest","testMixedProperty"
"","29","testWriteRead","","Wed Jul 08 13:53:21 UTC 2026","passed","Wed Jul 08 13:53:21 UTC 2026","","eu.esdihumboldt.util.groovy.xml.NSDOMBuilderTest","eu.esdihumboldt.util.groovy.xml.NSDOMBuilderTest","testWriteRead"
"","5","testNumber","","Wed Jul 08 13:40:14 UTC 2026","passed","Wed Jul 08 13:40:14 UTC 2026","","eu.esdihumboldt.hale.common.filter.ECQLFilterTest","eu.esdihumboldt.hale.common.filter.ECQLFilterTest","testNumber"
"","9","testSimpleSingleStrictFail","","Wed Jul 08 13:38:43 UTC 2026","passed","Wed Jul 08 13:38:43 UTC 2026","","eu.esdihumboldt.hale.common.align.groovy.accessor.EntityAccessorTest","eu.esdihumboldt.hale.common.align.groovy.accessor.EntityAccessorTest","testSimpleSingleStrictFail"
"","923","testWriteFeaturesTargetCRS","","Wed Jul 08 13:45:54 UTC 2026","passed","Wed Jul 08 13:45:55 UTC 2026","","eu.esdihumboldt.hale.io.geopackage.GeopackageInstanceWriterTest","eu.esdihumboldt.hale.io.geopackage.GeopackageInstanceWriterTest","testWriteFeaturesTargetCRS"
"","70","testGeoIntersects","","Wed Jul 08 13:40:13 UTC 2026","passed","Wed Jul 08 13:40:13 UTC 2026","","eu.esdihumboldt.hale.common.filter.CQLFilterTest","eu.esdihumboldt.hale.common.filter.CQLFilterTest","testGeoIntersects"
"","0","testLoadShiporderCQL","","Wed Jul 08 13:40:17 UTC 2026","skipped","Wed Jul 08 13:40:17 UTC 2026","","eu.esdihumboldt.hale.common.filter.FilterTest","eu.esdihumboldt.hale.common.filter.FilterTest","testLoadShiporderCQL"
"","1","testObject","","Wed Jul 08 13:41:57 UTC 2026","passed","Wed Jul 08 13:41:57 UTC 2026","","eu.esdihumboldt.hale.common.schema.model.constraint.factory.type.BindingFactoryTest","eu.esdihumboldt.hale.common.schema.model.constraint.factory.type.BindingFactoryTest","testObject"
"","1","testValueListValueListJsonGroovy","","Wed Jul 08 13:39:55 UTC 2026","passed","Wed Jul 08 13:39:55 UTC 2026","","eu.esdihumboldt.hale.common.core.io.impl.ValueListTypeTest","eu.esdihumboldt.hale.common.core.io.impl.ValueListTypeTest","testValueListValueListJsonGroovy"
"","1","testFindPolygons","","Wed Jul 08 13:44:02 UTC 2026","passed","Wed Jul 08 13:44:02 UTC 2026","","eu.esdihumboldt.cst.functions.geometric.test.GeometryHelperFunctionsTest","eu.esdihumboldt.cst.functions.geometric.test.GeometryHelperFunctionsTest","testFindPolygons"
"","1","testNull","","Wed Jul 08 13:41:01 UTC 2026","passed","Wed Jul 08 13:41:01 UTC 2026","","eu.esdihumboldt.hale.common.instance.groovy.InstanceAccessorTest","eu.esdihumboldt.hale.common.instance.groovy.InstanceAccessorTest","testNull"
"","4112","testInstanceWriteOrder","","Wed Jul 08 13:49:38 UTC 2026","passed","Wed Jul 08 13:49:42 UTC 2026","","eu.esdihumboldt.hale.io.jdbc.postgresql.test.WriteInstanceOrderIT","eu.esdihumboldt.hale.io.jdbc.postgresql.test.WriteInstanceOrderIT","testInstanceWriteOrder"
"","207","testGroovyWarningMerge","","Wed Jul 08 13:39:09 UTC 2026","passed","Wed Jul 08 13:39:09 UTC 2026","","eu.esdihumboldt.hale.common.align.merge.test.impl.DefaultMergeCellMigratorTest","eu.esdihumboldt.hale.common.align.merge.test.impl.DefaultMergeCellMigratorTest","testGroovyWarningMerge"
"","100","testGmlReferencesMultiPartFill","","Wed Jul 08 13:40:44 UTC 2026","passed","Wed Jul 08 13:40:45 UTC 2026","","eu.esdihumboldt.hale.common.instance.graph.test.ReferenceGraphTest","eu.esdihumboldt.hale.common.instance.graph.test.ReferenceGraphTest","testGmlReferencesMultiPartFill"
"","60","testReadMultiSheetTypeSettingsIndex","","Wed Jul 08 13:52:15 UTC 2026","passed","Wed Jul 08 13:52:15 UTC 2026","","eu.esdihumboldt.hale.io.xls.test.reader.XLSReaderTest","eu.esdihumboldt.hale.io.xls.test.reader.XLSReaderTest","testReadMultiSheetTypeSettingsIndex"
"","43","testWriteVersion3","","Wed Jul 08 13:49:49 UTC 2026","passed","Wed Jul 08 13:49:49 UTC 2026","","eu.esdihumboldt.hale.io.jdbc.spatialite.writer.internal.SpatiaLiteInstanceWriterTest","eu.esdihumboldt.hale.io.jdbc.spatialite.writer.internal.SpatiaLiteInstanceWriterTest","testWriteVersion3"
"","3754","testAdvCrsFactories","","Wed Jul 08 13:41:35 UTC 2026","passed","Wed Jul 08 13:41:39 UTC 2026","","eu.esdihumboldt.hale.common.referencing.factory.CrsAuthorityFactoryTest","eu.esdihumboldt.hale.common.referencing.factory.CrsAuthorityFactoryTest","testAdvCrsFactories"
"","0","testNullTargetValueIsPreserved","","Wed Jul 08 13:41:22 UTC 2026","passed","Wed Jul 08 13:41:22 UTC 2026","","eu.esdihumboldt.hale.common.lookup.impl.LookupTableImplTest","eu.esdihumboldt.hale.common.lookup.impl.LookupTableImplTest","testNullTargetValueIsPreserved"
"","563","testStoreRestoreCustomName","","Wed Jul 08 13:41:56 UTC 2026","passed","Wed Jul 08 13:41:56 UTC 2026","","eu.esdihumboldt.hale.common.schema.model.constraint.factory.DisplayNameFactoryTest","eu.esdihumboldt.hale.common.schema.model.constraint.factory.DisplayNameFactoryTest","testStoreRestoreCustomName"
"","99","testMergeAdditionalProp","","Wed Jul 08 13:43:23 UTC 2026","passed","Wed Jul 08 13:43:23 UTC 2026","","eu.esdihumboldt.cst.internal.ConceptualSchemaTransformerTest","eu.esdihumboldt.cst.internal.ConceptualSchemaTransformerTest","testMergeAdditionalProp"
"","25","testSinglePolyGeometry","","Wed Jul 08 13:51:20 UTC 2026","passed","Wed Jul 08 13:51:20 UTC 2026","","eu.esdihumboldt.hale.io.shp.ShapefileInstanceWriterTest","eu.esdihumboldt.hale.io.shp.ShapefileInstanceWriterTest","testSinglePolyGeometry"
"","38","testWriteBigNumbers","","Wed Jul 08 13:51:20 UTC 2026","passed","Wed Jul 08 13:51:20 UTC 2026","","eu.esdihumboldt.hale.io.shp.ShapefileInstanceWriterTest","eu.esdihumboldt.hale.io.shp.ShapefileInstanceWriterTest","testWriteBigNumbers"
"","11","testSchemaLessSafeAPI","","Wed Jul 08 13:41:02 UTC 2026","passed","Wed Jul 08 13:41:02 UTC 2026","","eu.esdihumboldt.hale.common.instance.groovy.InstanceBuilderTest","eu.esdihumboldt.hale.common.instance.groovy.InstanceBuilderTest","testSchemaLessSafeAPI"
"","3","testLikeNoSchema","","Wed Jul 08 13:40:14 UTC 2026","passed","Wed Jul 08 13:40:14 UTC 2026","","eu.esdihumboldt.hale.common.filter.ECQLFilterTest","eu.esdihumboldt.hale.common.filter.ECQLFilterTest","testLikeNoSchema"
"","192","testJoinFilter","","Wed Jul 08 13:39:15 UTC 2026","passed","Wed Jul 08 13:39:15 UTC 2026","","eu.esdihumboldt.hale.common.align.merge.test.impl.JoinMergeTest","eu.esdihumboldt.hale.common.align.merge.test.impl.JoinMergeTest","testJoinFilter"
"","7","testSimpleSingleStrictFail","","Wed Jul 08 13:42:13 UTC 2026","passed","Wed Jul 08 13:42:13 UTC 2026","","eu.esdihumboldt.hale.common.schema.groovy.DefinitionAccessorTest","eu.esdihumboldt.hale.common.schema.groovy.DefinitionAccessorTest","testSimpleSingleStrictFail"
"","4","testSerializeCompact","","Wed Jul 08 13:53:20 UTC 2026","passed","Wed Jul 08 13:53:20 UTC 2026","","eu.esdihumboldt.util.groovy.collector.StatsCollectorTest","eu.esdihumboldt.util.groovy.collector.StatsCollectorTest","testSerializeCompact"
"","7","testMerge2","","Wed Jul 08 13:39:56 UTC 2026","passed","Wed Jul 08 13:39:56 UTC 2026","","eu.esdihumboldt.hale.common.core.report.util.StatsMergeTest","eu.esdihumboldt.hale.common.core.report.util.StatsMergeTest","testMerge2"
"","10","testJsonSimple","","Wed Jul 08 13:50:08 UTC 2026","passed","Wed Jul 08 13:50:08 UTC 2026","","eu.esdihumboldt.hale.io.json.test.InstanceToJsonTest","eu.esdihumboldt.hale.io.json.test.InstanceToJsonTest","testJsonSimple"
"","7","testReadComplex","","Wed Jul 08 13:50:11 UTC 2026","passed","Wed Jul 08 13:50:11 UTC 2026","","eu.esdihumboldt.hale.io.json.test.JsonToInstanceTest","eu.esdihumboldt.hale.io.json.test.JsonToInstanceTest","testReadComplex"
"","32","testAlias","","Wed Jul 08 13:48:01 UTC 2026","passed","Wed Jul 08 13:48:01 UTC 2026","","eu.esdihumboldt.hale.io.jdbc.test.constraints.factory.GeometryMetadataFactoryTest","eu.esdihumboldt.hale.io.jdbc.test.constraints.factory.GeometryMetadataFactoryTest","testAlias"
"","66","testSchemaLess","","Wed Jul 08 13:41:01 UTC 2026","passed","Wed Jul 08 13:41:01 UTC 2026","","eu.esdihumboldt.hale.common.instance.groovy.InstanceAccessorTest","eu.esdihumboldt.hale.common.instance.groovy.InstanceAccessorTest","testSchemaLess"
"","9146","testWriteRead","","Wed Jul 08 13:43:32 UTC 2026","passed","Wed Jul 08 13:43:41 UTC 2026","","eu.esdihumboldt.cst.functions.custom.test.internal.DefaultCustomPropertyFunctionTypeTest","eu.esdihumboldt.cst.functions.custom.test.internal.DefaultCustomPropertyFunctionTypeTest","testWriteRead"
"","26","testRead_definitive_annotated","","Wed Jul 08 13:52:35 UTC 2026","passed","Wed Jul 08 13:52:35 UTC 2026","","eu.esdihumboldt.hale.io.xsd.reader.XmlSchemaReaderTest","eu.esdihumboldt.hale.io.xsd.reader.XmlSchemaReaderTest","testRead_definitive_annotated"
"","2658","testWriteNotNestedProperties","","Wed Jul 08 13:52:15 UTC 2026","passed","Wed Jul 08 13:52:18 UTC 2026","","eu.esdihumboldt.hale.io.xls.test.writer.XLSInstanceWriterTest","eu.esdihumboldt.hale.io.xls.test.writer.XLSInstanceWriterTest","testWriteNotNestedProperties"
"","7286","testDataTypes","","Wed Jul 08 13:49:22 UTC 2026","passed","Wed Jul 08 13:49:29 UTC 2026","","eu.esdihumboldt.hale.io.jdbc.postgresql.test.PostDataTypesIT","eu.esdihumboldt.hale.io.jdbc.postgresql.test.PostDataTypesIT","testDataTypes"
"","0","testOrigin","","Wed Jul 08 13:53:04 UTC 2026","passed","Wed Jul 08 13:53:04 UTC 2026","","eu.esdihumboldt.util.geometry.interpolation.grid.GridUtilTest","eu.esdihumboldt.util.geometry.interpolation.grid.GridUtilTest","testOrigin"
"","22","testRead_shiporder_types_cycle","","Wed Jul 08 13:52:35 UTC 2026","passed","Wed Jul 08 13:52:35 UTC 2026","","eu.esdihumboldt.hale.io.xsd.reader.XmlSchemaReaderTest","eu.esdihumboldt.hale.io.xsd.reader.XmlSchemaReaderTest","testRead_shiporder_types_cycle"
"","10","testRootArrayObjectNestedPrettyPrint","","Wed Jul 08 13:53:21 UTC 2026","passed","Wed Jul 08 13:53:21 UTC 2026","","eu.esdihumboldt.util.groovy.json.JsonStreamBuilderTest","eu.esdihumboldt.util.groovy.json.JsonStreamBuilderTest","testRootArrayObjectNestedPrettyPrint"
"","0","testUnifyMultiPolygon","","Wed Jul 08 13:53:03 UTC 2026","passed","Wed Jul 08 13:53:03 UTC 2026","","eu.esdihumboldt.util.geometry.WindingOrderTest","eu.esdihumboldt.util.geometry.WindingOrderTest","testUnifyMultiPolygon"
"","3074","testFiltersForMultiType","","Wed Jul 08 13:37:57 UTC 2026","passed","Wed Jul 08 13:38:00 UTC 2026","","eu.esdihumboldt.hale.app.transform.test.ExecuteTest","eu.esdihumboldt.hale.app.transform.test.ExecuteTest","testFiltersForMultiType"
"","1","testMerge3","","Wed Jul 08 13:39:56 UTC 2026","passed","Wed Jul 08 13:39:56 UTC 2026","","eu.esdihumboldt.hale.common.core.report.util.StatsMergeTest","eu.esdihumboldt.hale.common.core.report.util.StatsMergeTest","testMerge3"
"","2","testValuePropertiesListJson","","Wed Jul 08 13:39:56 UTC 2026","passed","Wed Jul 08 13:39:56 UTC 2026","","eu.esdihumboldt.hale.common.core.io.impl.ValuePropertiesTypeTest","eu.esdihumboldt.hale.common.core.io.impl.ValuePropertiesTypeTest","testValuePropertiesListJson"
"","9106","testConvert","","Wed Jul 08 13:39:29 UTC 2026","passed","Wed Jul 08 13:39:38 UTC 2026","","eu.esdihumboldt.hale.common.config.ConfigValueTest","eu.esdihumboldt.hale.common.config.ConfigValueTest","testConvert"
"","3","testNamespaceIndexChildContext","","Wed Jul 08 13:38:43 UTC 2026","passed","Wed Jul 08 13:38:43 UTC 2026","","eu.esdihumboldt.hale.common.align.groovy.accessor.EntityAccessorTest","eu.esdihumboldt.hale.common.align.groovy.accessor.EntityAccessorTest","testNamespaceIndexChildContext"
"","202","testMergeMultiPropKeyWithComplexAtt","","Wed Jul 08 13:43:13 UTC 2026","passed","Wed Jul 08 13:43:13 UTC 2026","","eu.esdihumboldt.cst.internal.ConceptualSchemaTransformerTest","eu.esdihumboldt.cst.internal.ConceptualSchemaTransformerTest","testMergeMultiPropKeyWithComplexAtt"
"","10","testNestedArrayPrettyPrint","","Wed Jul 08 13:53:21 UTC 2026","passed","Wed Jul 08 13:53:21 UTC 2026","","eu.esdihumboldt.util.groovy.json.JsonStreamBuilderTest","eu.esdihumboldt.util.groovy.json.JsonStreamBuilderTest","testNestedArrayPrettyPrint"
"","0","testUnifyEmpty","","Wed Jul 08 13:53:03 UTC 2026","passed","Wed Jul 08 13:53:03 UTC 2026","","eu.esdihumboldt.util.geometry.WindingOrderTest","eu.esdihumboldt.util.geometry.WindingOrderTest","testUnifyEmpty"
"","5","testByPoints2","","Wed Jul 08 13:53:05 UTC 2026","passed","Wed Jul 08 13:53:05 UTC 2026","","eu.esdihumboldt.util.geometry.interpolation.split.SplitInterpolationTest","eu.esdihumboldt.util.geometry.interpolation.split.SplitInterpolationTest","testByPoints2"
"","11","testReadModeSingleObject","","Wed Jul 08 13:50:11 UTC 2026","passed","Wed Jul 08 13:50:11 UTC 2026","","eu.esdihumboldt.hale.io.json.test.JsonInstanceReaderTest","eu.esdihumboldt.hale.io.json.test.JsonInstanceReaderTest","testReadModeSingleObject"
"","9434","testPersonWriteValidate","","Wed Jul 08 13:42:19 UTC 2026","passed","Wed Jul 08 13:42:29 UTC 2026","","eu.esdihumboldt.hale.common.schema.persist.hsd.test.HaleSchemaWriterTest","eu.esdihumboldt.hale.common.schema.persist.hsd.test.HaleSchemaWriterTest","testPersonWriteValidate"
"","183","mergeJoinsWithJoin_abstract1","","Wed Jul 08 13:39:15 UTC 2026","passed","Wed Jul 08 13:39:15 UTC 2026","","eu.esdihumboldt.hale.common.align.merge.test.impl.JoinMergeTest","eu.esdihumboldt.hale.common.align.merge.test.impl.JoinMergeTest","mergeJoinsWithJoin_abstract1"
"","0","testGeometry_2_MultiLineString","","Wed Jul 08 13:47:07 UTC 2026","skipped","Wed Jul 08 13:47:07 UTC 2026","","eu.esdihumboldt.hale.io.gml.writer.internal.StreamGmlWriterTest","eu.esdihumboldt.hale.io.gml.writer.internal.StreamGmlWriterTest","testGeometry_2_MultiLineString"
"","7","testNumberList","","Wed Jul 08 13:40:13 UTC 2026","passed","Wed Jul 08 13:40:13 UTC 2026","","eu.esdihumboldt.hale.common.filter.ECQLFilterTest","eu.esdihumboldt.hale.common.filter.ECQLFilterTest","testNumberList"
"","21","testRead_definitive_attributegroup","","Wed Jul 08 13:52:35 UTC 2026","passed","Wed Jul 08 13:52:35 UTC 2026","","eu.esdihumboldt.hale.io.xsd.reader.XmlSchemaReaderTest","eu.esdihumboldt.hale.io.xsd.reader.XmlSchemaReaderTest","testRead_definitive_attributegroup"
"","5","testNullSchema","","Wed Jul 08 13:40:13 UTC 2026","passed","Wed Jul 08 13:40:13 UTC 2026","","eu.esdihumboldt.hale.common.filter.CQLFilterTest","eu.esdihumboldt.hale.common.filter.CQLFilterTest","testNullSchema"
"","36","testSingleGeometryWithMissingProperties","","Wed Jul 08 13:51:17 UTC 2026","passed","Wed Jul 08 13:51:17 UTC 2026","","eu.esdihumboldt.hale.io.shp.ShapefileInstanceWriterTest","eu.esdihumboldt.hale.io.shp.ShapefileInstanceWriterTest","testSingleGeometryWithMissingProperties"
"","312","testLarge","","Wed Jul 08 13:53:04 UTC 2026","passed","Wed Jul 08 13:53:05 UTC 2026","","eu.esdihumboldt.util.geometry.interpolation.split.SplitInterpolationTest","eu.esdihumboldt.util.geometry.interpolation.split.SplitInterpolationTest","testLarge"
"","4516","testTransformXml","","Wed Jul 08 13:37:08 UTC 2026","passed","Wed Jul 08 13:37:12 UTC 2026","","eu.esdihumboldt.hale.app.transform.test.ExecuteTest","eu.esdihumboldt.hale.app.transform.test.ExecuteTest","testTransformXml"
"","7","testReadSimplePolygon","","Wed Jul 08 13:50:11 UTC 2026","passed","Wed Jul 08 13:50:11 UTC 2026","","eu.esdihumboldt.hale.io.json.test.JsonToInstanceTest","eu.esdihumboldt.hale.io.json.test.JsonToInstanceTest","testReadSimplePolygon"
"","1","testDisabled","","Wed Jul 08 13:41:56 UTC 2026","passed","Wed Jul 08 13:41:56 UTC 2026","","eu.esdihumboldt.hale.common.schema.model.constraint.factory.property.ChoiceFlagFactoryTest","eu.esdihumboldt.hale.common.schema.model.constraint.factory.property.ChoiceFlagFactoryTest","testDisabled"
"","1","testHalfmoonThin","","Wed Jul 08 13:44:03 UTC 2026","passed","Wed Jul 08 13:44:03 UTC 2026","","eu.esdihumboldt.cst.functions.geometric.test.InteriorPointTest","eu.esdihumboldt.cst.functions.geometric.test.InteriorPointTest","testHalfmoonThin"
"","0","testGeometryPrimitive_32_CompositeCurve_MultiLineString","","Wed Jul 08 13:47:01 UTC 2026","skipped","Wed Jul 08 13:47:01 UTC 2026","","eu.esdihumboldt.hale.io.gml.writer.internal.StreamGmlWriter2Test","eu.esdihumboldt.hale.io.gml.writer.internal.StreamGmlWriter2Test","testGeometryPrimitive_32_CompositeCurve_MultiLineString"
"","1572","testRequestCache","","Wed Jul 08 13:39:20 UTC 2026","passed","Wed Jul 08 13:39:22 UTC 2026","","eu.esdihumboldt.hale.common.cache.RequestTest","eu.esdihumboldt.hale.common.cache.RequestTest","testRequestCache"
"","1","testSimple","","Wed Jul 08 13:52:33 UTC 2026","passed","Wed Jul 08 13:52:33 UTC 2026","","eu.esdihumboldt.hale.io.xsd.anytype.valuetypes.CustomTypeContentTypeTest","eu.esdihumboldt.hale.io.xsd.anytype.valuetypes.CustomTypeContentTypeTest","testSimple"
"","24","testRead_definitive_choice","","Wed Jul 08 13:52:35 UTC 2026","passed","Wed Jul 08 13:52:35 UTC 2026","","eu.esdihumboldt.hale.io.xsd.reader.XmlSchemaReaderTest","eu.esdihumboldt.hale.io.xsd.reader.XmlSchemaReaderTest","testRead_definitive_choice"
"","296","testCondition1","","Wed Jul 08 13:39:07 UTC 2026","passed","Wed Jul 08 13:39:07 UTC 2026","","eu.esdihumboldt.hale.common.align.merge.test.impl.DefaultMergeCellMigratorTest","eu.esdihumboldt.hale.common.align.merge.test.impl.DefaultMergeCellMigratorTest","testCondition1"
"","0","testInstanceExistsSchema","","Wed Jul 08 13:40:14 UTC 2026","skipped","Wed Jul 08 13:40:14 UTC 2026","","eu.esdihumboldt.hale.common.filter.ECQLFilterTest","eu.esdihumboldt.hale.common.filter.ECQLFilterTest","testInstanceExistsSchema"
"","1","testSubfolder2","","Wed Jul 08 13:39:44 UTC 2026","passed","Wed Jul 08 13:39:44 UTC 2026","","eu.esdihumboldt.hale.common.core.io.PathUpdateTest","eu.esdihumboldt.hale.common.core.io.PathUpdateTest","testSubfolder2"
"","8766","testLists","","Wed Jul 08 13:52:47 UTC 2026","passed","Wed Jul 08 13:52:55 UTC 2026","","eu.esdihumboldt.util.config.ConfigMergerTest","eu.esdihumboldt.util.config.ConfigMergerTest","testLists"
"","0","testFileRelative2","","Wed Jul 08 13:52:33 UTC 2026","passed","Wed Jul 08 13:52:33 UTC 2026","","eu.esdihumboldt.hale.io.xsd.reader.HumboldtURIResolverTest","eu.esdihumboldt.hale.io.xsd.reader.HumboldtURIResolverTest","testFileRelative2"
"","4106","testEvaluateSuccess2","","Wed Jul 08 13:37:49 UTC 2026","passed","Wed Jul 08 13:37:53 UTC 2026","","eu.esdihumboldt.hale.app.transform.test.ExecuteTest","eu.esdihumboldt.hale.app.transform.test.ExecuteTest","testEvaluateSuccess2"
"","2373","testValid","","Wed Jul 08 13:50:22 UTC 2026","passed","Wed Jul 08 13:50:25 UTC 2026","","eu.esdihumboldt.hale.io.schematron.SchematronInstanceValidatorTest","eu.esdihumboldt.hale.io.schematron.SchematronInstanceValidatorTest","testValid"
"","108","testStructuralRename1","","Wed Jul 08 13:43:26 UTC 2026","passed","Wed Jul 08 13:43:26 UTC 2026","","eu.esdihumboldt.cst.internal.ConceptualSchemaTransformerTest","eu.esdihumboldt.cst.internal.ConceptualSchemaTransformerTest","testStructuralRename1"
"","107","testCMMulti2","","Wed Jul 08 13:43:24 UTC 2026","passed","Wed Jul 08 13:43:24 UTC 2026","","eu.esdihumboldt.cst.internal.ConceptualSchemaTransformerTest","eu.esdihumboldt.cst.internal.ConceptualSchemaTransformerTest","testCMMulti2"
"","35","testAllChildren","","Wed Jul 08 13:41:01 UTC 2026","passed","Wed Jul 08 13:41:01 UTC 2026","","eu.esdihumboldt.hale.common.instance.groovy.InstanceAccessorTest","eu.esdihumboldt.hale.common.instance.groovy.InstanceAccessorTest","testAllChildren"
"","3110","testArgsFileWOFilterForMultiTypesSource","","Wed Jul 08 13:37:17 UTC 2026","passed","Wed Jul 08 13:37:20 UTC 2026","","eu.esdihumboldt.hale.app.transform.test.ExecuteTest","eu.esdihumboldt.hale.app.transform.test.ExecuteTest","testArgsFileWOFilterForMultiTypesSource"
"","1","testCW3","","Wed Jul 08 13:53:04 UTC 2026","passed","Wed Jul 08 13:53:04 UTC 2026","","eu.esdihumboldt.util.geometry.interpolation.model.impl.ArcByCenterPointImplTest","eu.esdihumboldt.util.geometry.interpolation.model.impl.ArcByCenterPointImplTest","testCW3"
"","5","testNumberBetweenList","","Wed Jul 08 13:40:13 UTC 2026","passed","Wed Jul 08 13:40:13 UTC 2026","","eu.esdihumboldt.hale.common.filter.ECQLFilterTest","eu.esdihumboldt.hale.common.filter.ECQLFilterTest","testNumberBetweenList"
"","84","testFormatstring","","Wed Jul 08 13:43:25 UTC 2026","passed","Wed Jul 08 13:43:25 UTC 2026","","eu.esdihumboldt.cst.internal.ConceptualSchemaTransformerTest","eu.esdihumboldt.cst.internal.ConceptualSchemaTransformerTest","testFormatstring"
"","12966","testWriteSimpleSchemaDelimiter","","Wed Jul 08 13:45:05 UTC 2026","passed","Wed Jul 08 13:45:18 UTC 2026","","eu.esdihumboldt.hale.io.csv.writer.CSVInstanceWriterTest","eu.esdihumboldt.hale.io.csv.writer.CSVInstanceWriterTest","testWriteSimpleSchemaDelimiter"
"","77","testOffsetBig","","Wed Jul 08 13:53:04 UTC 2026","passed","Wed Jul 08 13:53:04 UTC 2026","","eu.esdihumboldt.util.geometry.interpolation.split.SplitInterpolationTest","eu.esdihumboldt.util.geometry.interpolation.split.SplitInterpolationTest","testOffsetBig"
"","639","testWfsPaginationInstanceContent","","Wed Jul 08 13:46:51 UTC 2026","passed","Wed Jul 08 13:46:51 UTC 2026","","eu.esdihumboldt.hale.io.gml.reader.internal.StreamGmlReaderTest","eu.esdihumboldt.hale.io.gml.reader.internal.StreamGmlReaderTest","testWfsPaginationInstanceContent"
"","28","testShapefileInstanceFromFile","","Wed Jul 08 13:51:11 UTC 2026","passed","Wed Jul 08 13:51:11 UTC 2026","","eu.esdihumboldt.hale.io.shp.ShapeInstanceReaderTest","eu.esdihumboldt.hale.io.shp.ShapeInstanceReaderTest","testShapefileInstanceFromFile"
"","4319","testGroovyContextFilterExclusionForHydro","","Wed Jul 08 13:37:03 UTC 2026","passed","Wed Jul 08 13:37:08 UTC 2026","","eu.esdihumboldt.hale.app.transform.test.ExecuteTest","eu.esdihumboldt.hale.app.transform.test.ExecuteTest","testGroovyContextFilterExclusionForHydro"
"","1","testMerge6","","Wed Jul 08 13:39:56 UTC 2026","passed","Wed Jul 08 13:39:56 UTC 2026","","eu.esdihumboldt.hale.common.core.report.util.StatsMergeTest","eu.esdihumboldt.hale.common.core.report.util.StatsMergeTest","testMerge6"
"","91","testSrs","","Wed Jul 08 13:46:51 UTC 2026","passed","Wed Jul 08 13:46:51 UTC 2026","","eu.esdihumboldt.hale.io.gml.reader.internal.StreamGmlReaderTest","eu.esdihumboldt.hale.io.gml.reader.internal.StreamGmlReaderTest","testSrs"
"","623","testNesting","","Wed Jul 08 13:38:43 UTC 2026","passed","Wed Jul 08 13:38:44 UTC 2026","","eu.esdihumboldt.hale.common.align.groovy.accessor.EntityAccessorTest","eu.esdihumboldt.hale.common.align.groovy.accessor.EntityAccessorTest","testNesting"
"","6","testDuring","","Wed Jul 08 13:40:14 UTC 2026","passed","Wed Jul 08 13:40:14 UTC 2026","","eu.esdihumboldt.hale.common.filter.ECQLFilterTest","eu.esdihumboldt.hale.common.filter.ECQLFilterTest","testDuring"
"","23","testCallBindung","","Wed Jul 08 13:47:31 UTC 2026","passed","Wed Jul 08 13:47:31 UTC 2026","","eu.esdihumboldt.hale.io.groovy.snippets.GroovySnippetsTest","eu.esdihumboldt.hale.io.groovy.snippets.GroovySnippetsTest","testCallBindung"
"","6","test90Deegrees","","Wed Jul 08 13:53:04 UTC 2026","passed","Wed Jul 08 13:53:04 UTC 2026","","eu.esdihumboldt.util.geometry.interpolation.grid.GridInterpolationTest","eu.esdihumboldt.util.geometry.interpolation.grid.GridInterpolationTest","test90Deegrees"
"","109","testWriteFeatures","","Wed Jul 08 13:45:56 UTC 2026","passed","Wed Jul 08 13:45:56 UTC 2026","","eu.esdihumboldt.hale.io.geopackage.GeopackageInstanceWriterTest","eu.esdihumboldt.hale.io.geopackage.GeopackageInstanceWriterTest","testWriteFeatures"
"","21","testRead_shiporder_types","","Wed Jul 08 13:52:35 UTC 2026","passed","Wed Jul 08 13:52:35 UTC 2026","","eu.esdihumboldt.hale.io.xsd.reader.XmlSchemaReaderTest","eu.esdihumboldt.hale.io.xsd.reader.XmlSchemaReaderTest","testRead_shiporder_types"
"","0","testFormatter[8]","","Wed Jul 08 13:53:00 UTC 2026","passed","Wed Jul 08 13:53:00 UTC 2026","","eu.esdihumboldt.util.geometry.DecimalFormatUtilTest","eu.esdihumboldt.util.geometry.DecimalFormatUtilTest","testFormatter[8]"
"","250","testNotes2","","Wed Jul 08 13:39:12 UTC 2026","passed","Wed Jul 08 13:39:12 UTC 2026","","eu.esdihumboldt.hale.common.align.merge.test.impl.DefaultMergeCellMigratorTest","eu.esdihumboldt.hale.common.align.merge.test.impl.DefaultMergeCellMigratorTest","testNotes2"
"","0","testIterateRest","","Wed Jul 08 13:40:28 UTC 2026","passed","Wed Jul 08 13:40:28 UTC 2026","","eu.esdihumboldt.hale.common.instance.tools.impl.SimplePartitionerTest","eu.esdihumboldt.hale.common.instance.tools.impl.SimplePartitionerTest","testIterateRest"
"","2744","testFromCode","","Wed Jul 08 13:43:59 UTC 2026","passed","Wed Jul 08 13:44:02 UTC 2026","","eu.esdihumboldt.cst.functions.geometric.test.CRSHelperFunctionsTest","eu.esdihumboldt.cst.functions.geometric.test.CRSHelperFunctionsTest","testFromCode"
"","3928","testTransform","","Wed Jul 08 13:38:00 UTC 2026","passed","Wed Jul 08 13:38:04 UTC 2026","","eu.esdihumboldt.hale.app.transform.test.ExecuteTest","eu.esdihumboldt.hale.app.transform.test.ExecuteTest","testTransform"
"","6","testNumberBetween","","Wed Jul 08 13:40:13 UTC 2026","passed","Wed Jul 08 13:40:13 UTC 2026","","eu.esdihumboldt.hale.common.filter.CQLFilterTest","eu.esdihumboldt.hale.common.filter.CQLFilterTest","testNumberBetween"
"","1124","testReadXsdInstancesResultPrefix1","","Wed Jul 08 13:51:11 UTC 2026","passed","Wed Jul 08 13:51:12 UTC 2026","","eu.esdihumboldt.hale.io.shp.ShapeInstanceReaderTest","eu.esdihumboldt.hale.io.shp.ShapeInstanceReaderTest","testReadXsdInstancesResultPrefix1"
"","2","testCircle1","","Wed Jul 08 13:53:04 UTC 2026","passed","Wed Jul 08 13:53:04 UTC 2026","","eu.esdihumboldt.util.geometry.interpolation.model.impl.ArcByCenterPointImplTest","eu.esdihumboldt.util.geometry.interpolation.model.impl.ArcByCenterPointImplTest","testCircle1"
"","0","testMsAccessSchemaReaderForAccdbTest","","Wed Jul 08 13:48:11 UTC 2026","skipped","Wed Jul 08 13:48:11 UTC 2026","","eu.esdihumboldt.hale.io.jdbc.msaccess.reader.MsAccessSchemaReaderTest","eu.esdihumboldt.hale.io.jdbc.msaccess.reader.MsAccessSchemaReaderTest","testMsAccessSchemaReaderForAccdbTest"
"","62","testConsumeList","","Wed Jul 08 13:44:27 UTC 2026","passed","Wed Jul 08 13:44:27 UTC 2026","","eu.esdihumboldt.cst.functions.groovy.helpers.util.CollectorTest","eu.esdihumboldt.cst.functions.groovy.helpers.util.CollectorTest","testConsumeList"
"","523","testGeometryPrimitive_32_MultiPolygon_WindingOrder_CW","","Wed Jul 08 13:47:09 UTC 2026","passed","Wed Jul 08 13:47:09 UTC 2026","","eu.esdihumboldt.hale.io.gml.writer.internal.StreamGmlWriterTest","eu.esdihumboldt.hale.io.gml.writer.internal.StreamGmlWriterTest","testGeometryPrimitive_32_MultiPolygon_WindingOrder_CW"
"","17","testReadVersion3","","Wed Jul 08 13:49:49 UTC 2026","passed","Wed Jul 08 13:49:49 UTC 2026","","eu.esdihumboldt.hale.io.jdbc.spatialite.reader.internal.SpatiaLiteSchemaReaderTest","eu.esdihumboldt.hale.io.jdbc.spatialite.reader.internal.SpatiaLiteSchemaReaderTest","testReadVersion3"
"","4109","testArrayTypes","","Wed Jul 08 13:49:06 UTC 2026","passed","Wed Jul 08 13:49:10 UTC 2026","","eu.esdihumboldt.hale.io.jdbc.postgresql.test.MultiDimensionalArraysIT","eu.esdihumboldt.hale.io.jdbc.postgresql.test.MultiDimensionalArraysIT","testArrayTypes"
"","0","testDescent","","Wed Jul 08 13:47:13 UTC 2026","skipped","Wed Jul 08 13:47:13 UTC 2026","","eu.esdihumboldt.hale.io.gml.writer.internal.geometry.writers.PatternTest","eu.esdihumboldt.hale.io.gml.writer.internal.geometry.writers.PatternTest","testDescent"
"","25","testRead_shiporder_unqualified","","Wed Jul 08 13:52:35 UTC 2026","passed","Wed Jul 08 13:52:35 UTC 2026","","eu.esdihumboldt.hale.io.xsd.reader.XmlSchemaReaderTest","eu.esdihumboldt.hale.io.xsd.reader.XmlSchemaReaderTest","testRead_shiporder_unqualified"
"","1","testCircle","","Wed Jul 08 13:53:04 UTC 2026","passed","Wed Jul 08 13:53:04 UTC 2026","","eu.esdihumboldt.util.geometry.interpolation.model.impl.ArcByPointsImplTest","eu.esdihumboldt.util.geometry.interpolation.model.impl.ArcByPointsImplTest","testCircle"
"","159","testLoadWVA","","Wed Jul 08 13:46:09 UTC 2026","passed","Wed Jul 08 13:46:09 UTC 2026","","eu.esdihumboldt.hale.io.gml.reader.internal.GmlInstanceCollectionTest","eu.esdihumboldt.hale.io.gml.reader.internal.GmlInstanceCollectionTest","testLoadWVA"
"","87","testCMUnion4","","Wed Jul 08 13:43:24 UTC 2026","passed","Wed Jul 08 13:43:25 UTC 2026","","eu.esdihumboldt.cst.internal.ConceptualSchemaTransformerTest","eu.esdihumboldt.cst.internal.ConceptualSchemaTransformerTest","testCMUnion4"
"","315","testReadForceDefaultType","","Wed Jul 08 13:50:10 UTC 2026","passed","Wed Jul 08 13:50:10 UTC 2026","","eu.esdihumboldt.hale.io.json.test.JsonInstanceReaderTest","eu.esdihumboldt.hale.io.json.test.JsonInstanceReaderTest","testReadForceDefaultType"
"","0","testIterateEmpty","","Wed Jul 08 13:40:28 UTC 2026","passed","Wed Jul 08 13:40:28 UTC 2026","","eu.esdihumboldt.hale.common.instance.tools.impl.SimplePartitionerTest","eu.esdihumboldt.hale.common.instance.tools.impl.SimplePartitionerTest","testIterateEmpty"
"","4194","testExcludeTypeForHydro","","Wed Jul 08 13:37:41 UTC 2026","passed","Wed Jul 08 13:37:45 UTC 2026","","eu.esdihumboldt.hale.app.transform.test.ExecuteTest","eu.esdihumboldt.hale.app.transform.test.ExecuteTest","testExcludeTypeForHydro"
"","85","testPriority","","Wed Jul 08 13:43:25 UTC 2026","passed","Wed Jul 08 13:43:25 UTC 2026","","eu.esdihumboldt.cst.internal.ConceptualSchemaTransformerTest","eu.esdihumboldt.cst.internal.ConceptualSchemaTransformerTest","testPriority"
"","1","testFootprint","","Wed Jul 08 13:44:03 UTC 2026","passed","Wed Jul 08 13:44:03 UTC 2026","","eu.esdihumboldt.cst.functions.geometric.test.InteriorPointTest","eu.esdihumboldt.cst.functions.geometric.test.InteriorPointTest","testFootprint"
"","240","testJoinMultiCond_1","","Wed Jul 08 13:43:27 UTC 2026","passed","Wed Jul 08 13:43:27 UTC 2026","","eu.esdihumboldt.cst.internal.ConceptualSchemaTransformerTest","eu.esdihumboldt.cst.internal.ConceptualSchemaTransformerTest","testJoinMultiCond_1"
"","0","testGeoIntersect","","Wed Jul 08 13:40:12 UTC 2026","skipped","Wed Jul 08 13:40:12 UTC 2026","","eu.esdihumboldt.hale.common.filter.CQLFilterTest","eu.esdihumboldt.hale.common.filter.CQLFilterTest","testGeoIntersect"
"","1","testNotOrigin","","Wed Jul 08 13:53:04 UTC 2026","passed","Wed Jul 08 13:53:04 UTC 2026","","eu.esdihumboldt.util.geometry.interpolation.model.impl.ArcByPointsImplTest","eu.esdihumboldt.util.geometry.interpolation.model.impl.ArcByPointsImplTest","testNotOrigin"
"","13","testFormatter[0]","","Wed Jul 08 13:53:00 UTC 2026","passed","Wed Jul 08 13:53:00 UTC 2026","","eu.esdihumboldt.util.geometry.DecimalFormatUtilTest","eu.esdihumboldt.util.geometry.DecimalFormatUtilTest","testFormatter[0]"
"","0","testStoreRestoreDefault","","Wed Jul 08 13:41:56 UTC 2026","passed","Wed Jul 08 13:41:56 UTC 2026","","eu.esdihumboldt.hale.common.schema.model.constraint.factory.DisplayNameFactoryTest","eu.esdihumboldt.hale.common.schema.model.constraint.factory.DisplayNameFactoryTest","testStoreRestoreDefault"
"","69","testWriteMultiSchemasWithMultiGeom","","Wed Jul 08 13:51:20 UTC 2026","passed","Wed Jul 08 13:51:20 UTC 2026","","eu.esdihumboldt.hale.io.shp.ShapefileInstanceWriterTest","eu.esdihumboldt.hale.io.shp.ShapefileInstanceWriterTest","testWriteMultiSchemasWithMultiGeom"
"","27","testCallMethod","","Wed Jul 08 13:47:31 UTC 2026","passed","Wed Jul 08 13:47:31 UTC 2026","","eu.esdihumboldt.hale.io.groovy.snippets.GroovySnippetsTest","eu.esdihumboldt.hale.io.groovy.snippets.GroovySnippetsTest","testCallMethod"
"","3","testStandardBuilderStyle","","Wed Jul 08 13:53:21 UTC 2026","passed","Wed Jul 08 13:53:21 UTC 2026","","eu.esdihumboldt.util.groovy.json.JsonStreamBuilderTest","eu.esdihumboldt.util.groovy.json.JsonStreamBuilderTest","testStandardBuilderStyle"
"","43","testLoadAllGroup","","Wed Jul 08 13:46:08 UTC 2026","passed","Wed Jul 08 13:46:08 UTC 2026","","eu.esdihumboldt.hale.io.gml.reader.internal.GmlInstanceCollectionTest","eu.esdihumboldt.hale.io.gml.reader.internal.GmlInstanceCollectionTest","testLoadAllGroup"
"","2","testDefault","","Wed Jul 08 13:41:57 UTC 2026","passed","Wed Jul 08 13:41:57 UTC 2026","","eu.esdihumboldt.hale.common.schema.model.constraint.factory.type.AugmentedValueFlagFactoryTest","eu.esdihumboldt.hale.common.schema.model.constraint.factory.type.AugmentedValueFlagFactoryTest","testDefault"
"","1815","testLoadFile","","Wed Jul 08 13:45:29 UTC 2026","passed","Wed Jul 08 13:45:30 UTC 2026","","eu.esdihumboldt.hale.io.geopackage.GeopackageApiTest","eu.esdihumboldt.hale.io.geopackage.GeopackageApiTest","testLoadFile"
"","35","testReuse","","Wed Jul 08 13:39:44 UTC 2026","passed","Wed Jul 08 13:39:44 UTC 2026","","eu.esdihumboldt.hale.common.core.io.PathUpdateTest","eu.esdihumboldt.hale.common.core.io.PathUpdateTest","testReuse"
"","69","testAfter","","Wed Jul 08 13:40:12 UTC 2026","passed","Wed Jul 08 13:40:12 UTC 2026","","eu.esdihumboldt.hale.common.filter.CQLFilterTest","eu.esdihumboldt.hale.common.filter.CQLFilterTest","testAfter"
"","1","testUnifyHoles","","Wed Jul 08 13:53:03 UTC 2026","passed","Wed Jul 08 13:53:03 UTC 2026","","eu.esdihumboldt.util.geometry.WindingOrderTest","eu.esdihumboldt.util.geometry.WindingOrderTest","testUnifyHoles"
"","84","testSimpleComplex","","Wed Jul 08 13:43:26 UTC 2026","passed","Wed Jul 08 13:43:26 UTC 2026","","eu.esdihumboldt.cst.internal.ConceptualSchemaTransformerTest","eu.esdihumboldt.cst.internal.ConceptualSchemaTransformerTest","testSimpleComplex"
"","118","testArray","","Wed Jul 08 13:50:11 UTC 2026","passed","Wed Jul 08 13:50:11 UTC 2026","","eu.esdihumboldt.hale.io.json.test.JsonSchemaReaderTest","eu.esdihumboldt.hale.io.json.test.JsonSchemaReaderTest","testArray"
"","258","mergeJoinWithRetypeDef","","Wed Jul 08 13:39:11 UTC 2026","passed","Wed Jul 08 13:39:11 UTC 2026","","eu.esdihumboldt.hale.common.align.merge.test.impl.DefaultMergeCellMigratorTest","eu.esdihumboldt.hale.common.align.merge.test.impl.DefaultMergeCellMigratorTest","mergeJoinWithRetypeDef"
"","64","testWriteAttributes","","Wed Jul 08 13:45:56 UTC 2026","passed","Wed Jul 08 13:45:56 UTC 2026","","eu.esdihumboldt.hale.io.geopackage.GeopackageInstanceWriterTest","eu.esdihumboldt.hale.io.geopackage.GeopackageInstanceWriterTest","testWriteAttributes"
"","6","testReadSameFileDiffSheet","","Wed Jul 08 13:52:15 UTC 2026","passed","Wed Jul 08 13:52:15 UTC 2026","","eu.esdihumboldt.hale.io.xls.test.reader.XLSReaderTest","eu.esdihumboldt.hale.io.xls.test.reader.XLSReaderTest","testReadSameFileDiffSheet"
"","0","testPropertiesMix2","","Wed Jul 08 13:43:15 UTC 2026","skipped","Wed Jul 08 13:43:15 UTC 2026","","eu.esdihumboldt.cst.internal.ConceptualSchemaTransformerTest","eu.esdihumboldt.cst.internal.ConceptualSchemaTransformerTest","testPropertiesMix2"
"","1","testDefault","","Wed Jul 08 13:41:57 UTC 2026","passed","Wed Jul 08 13:41:57 UTC 2026","","eu.esdihumboldt.hale.common.schema.model.constraint.factory.type.MappableFlagFactoryTest","eu.esdihumboldt.hale.common.schema.model.constraint.factory.type.MappableFlagFactoryTest","testDefault"
"","0","testCenter","","Wed Jul 08 13:53:04 UTC 2026","passed","Wed Jul 08 13:53:04 UTC 2026","","eu.esdihumboldt.util.geometry.interpolation.grid.GridUtilTest","eu.esdihumboldt.util.geometry.interpolation.grid.GridUtilTest","testCenter"
"","5","testInstanceNoValueNullNoSchema","","Wed Jul 08 13:40:13 UTC 2026","passed","Wed Jul 08 13:40:13 UTC 2026","","eu.esdihumboldt.hale.common.filter.CQLFilterTest","eu.esdihumboldt.hale.common.filter.CQLFilterTest","testInstanceNoValueNullNoSchema"
"","4","testJsonBuilderPrettyPrint","","Wed Jul 08 13:53:20 UTC 2026","passed","Wed Jul 08 13:53:20 UTC 2026","","eu.esdihumboldt.util.groovy.json.JsonStreamBuilderTest","eu.esdihumboldt.util.groovy.json.JsonStreamBuilderTest","testJsonBuilderPrettyPrint"
"","85","testBaseAlignmentSaveLoad","","Wed Jul 08 13:38:25 UTC 2026","passed","Wed Jul 08 13:38:25 UTC 2026","","eu.esdihumboldt.hale.common.align.io.JaxbAlignmentIOTest","eu.esdihumboldt.hale.common.align.io.JaxbAlignmentIOTest","testBaseAlignmentSaveLoad"
"","9","testWriteReadTypeSafe","","Wed Jul 08 13:53:21 UTC 2026","passed","Wed Jul 08 13:53:21 UTC 2026","","eu.esdihumboldt.util.groovy.xml.NSDOMBuilderTest","eu.esdihumboldt.util.groovy.xml.NSDOMBuilderTest","testWriteReadTypeSafe"
"","38","testGeoCrosses","","Wed Jul 08 13:40:13 UTC 2026","passed","Wed Jul 08 13:40:13 UTC 2026","","eu.esdihumboldt.hale.common.filter.CQLFilterTest","eu.esdihumboldt.hale.common.filter.CQLFilterTest","testGeoCrosses"
"","99","testSimpleAssign","","Wed Jul 08 13:43:24 UTC 2026","passed","Wed Jul 08 13:43:24 UTC 2026","","eu.esdihumboldt.cst.internal.ConceptualSchemaTransformerTest","eu.esdihumboldt.cst.internal.ConceptualSchemaTransformerTest","testSimpleAssign"
"","19","testArcString","","Wed Jul 08 13:53:04 UTC 2026","passed","Wed Jul 08 13:53:04 UTC 2026","","eu.esdihumboldt.util.geometry.interpolation.grid.GridInterpolationTest","eu.esdihumboldt.util.geometry.interpolation.grid.GridInterpolationTest","testArcString"
"","115","testCardinalityMerge_1","","Wed Jul 08 13:43:23 UTC 2026","passed","Wed Jul 08 13:43:23 UTC 2026","","eu.esdihumboldt.cst.internal.ConceptualSchemaTransformerTest","eu.esdihumboldt.cst.internal.ConceptualSchemaTransformerTest","testCardinalityMerge_1"
"","4","testElementHasListOfObjects","","Wed Jul 08 13:53:21 UTC 2026","passed","Wed Jul 08 13:53:21 UTC 2026","","eu.esdihumboldt.util.groovy.json.JsonStreamBuilderTest","eu.esdihumboldt.util.groovy.json.JsonStreamBuilderTest","testElementHasListOfObjects"
"","0","testGeoJsonSimple","","Wed Jul 08 13:50:08 UTC 2026","skipped","Wed Jul 08 13:50:08 UTC 2026","","eu.esdihumboldt.hale.io.json.test.InstanceToJsonTest","eu.esdihumboldt.hale.io.json.test.InstanceToJsonTest","testGeoJsonSimple"
"","30","testCallClosure","","Wed Jul 08 13:47:31 UTC 2026","passed","Wed Jul 08 13:47:31 UTC 2026","","eu.esdihumboldt.hale.io.groovy.snippets.GroovySnippetsTest","eu.esdihumboldt.hale.io.groovy.snippets.GroovySnippetsTest","testCallClosure"
"","8","testInstanceNoValueNullNoSchema","","Wed Jul 08 13:40:13 UTC 2026","passed","Wed Jul 08 13:40:13 UTC 2026","","eu.esdihumboldt.hale.common.filter.ECQLFilterTest","eu.esdihumboldt.hale.common.filter.ECQLFilterTest","testInstanceNoValueNullNoSchema"
"","310","testWfsPaginationPageSizeLargerThanTotal","","Wed Jul 08 13:46:54 UTC 2026","passed","Wed Jul 08 13:46:54 UTC 2026","","eu.esdihumboldt.hale.io.gml.reader.internal.StreamGmlReaderTest","eu.esdihumboldt.hale.io.gml.reader.internal.StreamGmlReaderTest","testWfsPaginationPageSizeLargerThanTotal"
"","196","testGroovyWarningScript","","Wed Jul 08 13:39:12 UTC 2026","passed","Wed Jul 08 13:39:13 UTC 2026","","eu.esdihumboldt.hale.common.align.merge.test.impl.DefaultMergeCellMigratorTest","eu.esdihumboldt.hale.common.align.merge.test.impl.DefaultMergeCellMigratorTest","testGroovyWarningScript"
"","0","testInstanceReader","","Wed Jul 08 13:48:16 UTC 2026","skipped","Wed Jul 08 13:48:16 UTC 2026","","eu.esdihumboldt.hale.io.jdbc.mssql.test.MsSqlDataReaderTest","eu.esdihumboldt.hale.io.jdbc.mssql.test.MsSqlDataReaderTest","testInstanceReader"
"","15554","testTypeFilter2Property","","Wed Jul 08 13:38:50 UTC 2026","passed","Wed Jul 08 13:39:06 UTC 2026","","eu.esdihumboldt.hale.common.align.merge.test.impl.DefaultMergeCellMigratorTest","eu.esdihumboldt.hale.common.align.merge.test.impl.DefaultMergeCellMigratorTest","testTypeFilter2Property"
"","0","testSubfolder","","Wed Jul 08 13:39:44 UTC 2026","passed","Wed Jul 08 13:39:44 UTC 2026","","eu.esdihumboldt.hale.common.core.io.PathUpdateTest","eu.esdihumboldt.hale.common.core.io.PathUpdateTest","testSubfolder"
"","345","testDoesNotExistSchema","","Wed Jul 08 13:40:13 UTC 2026","passed","Wed Jul 08 13:40:13 UTC 2026","","eu.esdihumboldt.hale.common.filter.CQLFilterTest","eu.esdihumboldt.hale.common.filter.CQLFilterTest","testDoesNotExistSchema"
"","17312","testExportPropertyJoin","","Wed Jul 08 13:47:37 UTC 2026","passed","Wed Jul 08 13:47:54 UTC 2026","","eu.esdihumboldt.hale.io.html.svg.MappingExporterTest","eu.esdihumboldt.hale.io.html.svg.MappingExporterTest","testExportPropertyJoin"
"","30","testPrimitive2","","Wed Jul 08 13:41:57 UTC 2026","passed","Wed Jul 08 13:41:57 UTC 2026","","eu.esdihumboldt.hale.common.schema.model.constraint.factory.type.BindingFactoryTest","eu.esdihumboldt.hale.common.schema.model.constraint.factory.type.BindingFactoryTest","testPrimitive2"
"","3","testMetaClass","","Wed Jul 08 13:42:13 UTC 2026","passed","Wed Jul 08 13:42:13 UTC 2026","","eu.esdihumboldt.hale.common.schema.groovy.DefinitionAccessorTest","eu.esdihumboldt.hale.common.schema.groovy.DefinitionAccessorTest","testMetaClass"
"","7","testEmpty","","Wed Jul 08 13:41:57 UTC 2026","passed","Wed Jul 08 13:41:57 UTC 2026","","eu.esdihumboldt.hale.common.schema.model.constraint.factory.type.EnumerationFactoryTest","eu.esdihumboldt.hale.common.schema.model.constraint.factory.type.EnumerationFactoryTest","testEmpty"
"","81","testMathExpression","","Wed Jul 08 13:43:26 UTC 2026","passed","Wed Jul 08 13:43:26 UTC 2026","","eu.esdihumboldt.cst.internal.ConceptualSchemaTransformerTest","eu.esdihumboldt.cst.internal.ConceptualSchemaTransformerTest","testMathExpression"
"","24","testJsonBuilderSameNameFail","","Wed Jul 08 13:53:20 UTC 2026","passed","Wed Jul 08 13:53:20 UTC 2026","","eu.esdihumboldt.util.groovy.json.JsonStreamBuilderTest","eu.esdihumboldt.util.groovy.json.JsonStreamBuilderTest","testJsonBuilderSameNameFail"
"","18","testNumberList","","Wed Jul 08 13:40:12 UTC 2026","passed","Wed Jul 08 13:40:12 UTC 2026","","eu.esdihumboldt.hale.common.filter.CQLFilterTest","eu.esdihumboldt.hale.common.filter.CQLFilterTest","testNumberList"
"","32","testValueMap","","Wed Jul 08 13:39:56 UTC 2026","passed","Wed Jul 08 13:39:56 UTC 2026","","eu.esdihumboldt.hale.common.core.io.impl.ValueMapTypeTest","eu.esdihumboldt.hale.common.core.io.impl.ValueMapTypeTest","testValueMap"
"","1","testLookupAndConsume","","Wed Jul 08 13:39:56 UTC 2026","passed","Wed Jul 08 13:39:56 UTC 2026","","eu.esdihumboldt.hale.common.core.io.supplier.LookupStreamResourceTest","eu.esdihumboldt.hale.common.core.io.supplier.LookupStreamResourceTest","testLookupAndConsume"
"","105","testSimpleAttribute","","Wed Jul 08 13:43:23 UTC 2026","passed","Wed Jul 08 13:43:23 UTC 2026","","eu.esdihumboldt.cst.internal.ConceptualSchemaTransformerTest","eu.esdihumboldt.cst.internal.ConceptualSchemaTransformerTest","testSimpleAttribute"
"","0","testSuccessSaveDDL","","Wed Jul 08 13:45:25 UTC 2026","skipped","Wed Jul 08 13:45:25 UTC 2026","","eu.esdihumboldt.hale.io.deegree.mapping.MappingWriterTest","eu.esdihumboldt.hale.io.deegree.mapping.MappingWriterTest","testSuccessSaveDDL"
"","9","testByPoints3","","Wed Jul 08 13:53:05 UTC 2026","passed","Wed Jul 08 13:53:05 UTC 2026","","eu.esdihumboldt.util.geometry.interpolation.split.SplitInterpolationTest","eu.esdihumboldt.util.geometry.interpolation.split.SplitInterpolationTest","testByPoints3"
"","16","testReadComplexNested","","Wed Jul 08 13:50:11 UTC 2026","passed","Wed Jul 08 13:50:11 UTC 2026","","eu.esdihumboldt.hale.io.json.test.JsonToInstanceTest","eu.esdihumboldt.hale.io.json.test.JsonToInstanceTest","testReadComplexNested"
"","210","testDuplicateRule","","Wed Jul 08 13:50:25 UTC 2026","passed","Wed Jul 08 13:50:25 UTC 2026","","eu.esdihumboldt.hale.io.schematron.SchematronInstanceValidatorTest","eu.esdihumboldt.hale.io.schematron.SchematronInstanceValidatorTest","testDuplicateRule"
"","2241","testReadMultiSheetTypeSettingsNamedNoGeneralSkip","","Wed Jul 08 13:52:12 UTC 2026","passed","Wed Jul 08 13:52:14 UTC 2026","","eu.esdihumboldt.hale.io.xls.test.reader.XLSReaderTest","eu.esdihumboldt.hale.io.xls.test.reader.XLSReaderTest","testReadMultiSheetTypeSettingsNamedNoGeneralSkip"
"","42","testReadXsdInstancesTypenameAmbiguousLocalName","","Wed Jul 08 13:51:11 UTC 2026","passed","Wed Jul 08 13:51:11 UTC 2026","","eu.esdihumboldt.hale.io.shp.ShapeInstanceReaderTest","eu.esdihumboldt.hale.io.shp.ShapeInstanceReaderTest","testReadXsdInstancesTypenameAmbiguousLocalName"
"","322","testGeometryAggregate_32_MultiLineString","","Wed Jul 08 13:47:11 UTC 2026","passed","Wed Jul 08 13:47:12 UTC 2026","","eu.esdihumboldt.hale.io.gml.writer.internal.StreamGmlWriterTest","eu.esdihumboldt.hale.io.gml.writer.internal.StreamGmlWriterTest","testGeometryAggregate_32_MultiLineString"
"","1","testBox","","Wed Jul 08 13:47:13 UTC 2026","passed","Wed Jul 08 13:47:13 UTC 2026","","eu.esdihumboldt.hale.io.gml.writer.internal.geometry.converters.PolygonToLineStringTest","eu.esdihumboldt.hale.io.gml.writer.internal.geometry.converters.PolygonToLineStringTest","testBox"
"","8","testUnifyCCWWithHoles","","Wed Jul 08 13:53:03 UTC 2026","passed","Wed Jul 08 13:53:03 UTC 2026","","eu.esdihumboldt.util.geometry.WindingOrderTest","eu.esdihumboldt.util.geometry.WindingOrderTest","testUnifyCCWWithHoles"
"","70","testLoadShiporder","","Wed Jul 08 13:40:28 UTC 2026","passed","Wed Jul 08 13:40:28 UTC 2026","","eu.esdihumboldt.hale.common.instance.helper.PropertyResolverTest","eu.esdihumboldt.hale.common.instance.helper.PropertyResolverTest","testLoadShiporder"
"","26","testArray","","Wed Jul 08 13:41:57 UTC 2026","passed","Wed Jul 08 13:41:57 UTC 2026","","eu.esdihumboldt.hale.common.schema.model.constraint.factory.type.BindingFactoryTest","eu.esdihumboldt.hale.common.schema.model.constraint.factory.type.BindingFactoryTest","testArray"
"","21","testRead_definitive_substitution","","Wed Jul 08 13:52:35 UTC 2026","passed","Wed Jul 08 13:52:35 UTC 2026","","eu.esdihumboldt.hale.io.xsd.reader.XmlSchemaReaderTest","eu.esdihumboldt.hale.io.xsd.reader.XmlSchemaReaderTest","testRead_definitive_substitution"
"","46","testWriteDates","","Wed Jul 08 13:51:17 UTC 2026","passed","Wed Jul 08 13:51:17 UTC 2026","","eu.esdihumboldt.hale.io.shp.ShapefileInstanceWriterTest","eu.esdihumboldt.hale.io.shp.ShapefileInstanceWriterTest","testWriteDates"
"","218","testPropertyCondition2","","Wed Jul 08 13:43:25 UTC 2026","passed","Wed Jul 08 13:43:26 UTC 2026","","eu.esdihumboldt.cst.internal.ConceptualSchemaTransformerTest","eu.esdihumboldt.cst.internal.ConceptualSchemaTransformerTest","testPropertyCondition2"
"","1320","testExplanation","","Wed Jul 08 13:38:26 UTC 2026","passed","Wed Jul 08 13:38:27 UTC 2026","","eu.esdihumboldt.hale.common.align.model.impl.mdexpl.MarkdownCellExplanationTest","eu.esdihumboldt.hale.common.align.model.impl.mdexpl.MarkdownCellExplanationTest","testExplanation"
"","5","testReadString","","Wed Jul 08 13:50:11 UTC 2026","passed","Wed Jul 08 13:50:11 UTC 2026","","eu.esdihumboldt.hale.io.json.test.JsonToInstanceTest","eu.esdihumboldt.hale.io.json.test.JsonToInstanceTest","testReadString"
"","3","testJsonBuilderSameNameFail2","","Wed Jul 08 13:53:21 UTC 2026","passed","Wed Jul 08 13:53:21 UTC 2026","","eu.esdihumboldt.util.groovy.json.JsonStreamBuilderTest","eu.esdihumboldt.util.groovy.json.JsonStreamBuilderTest","testJsonBuilderSameNameFail2"
"","12","testReadMultiPoint","","Wed Jul 08 13:50:11 UTC 2026","passed","Wed Jul 08 13:50:11 UTC 2026","","eu.esdihumboldt.hale.io.json.test.JsonToInstanceTest","eu.esdihumboldt.hale.io.json.test.JsonToInstanceTest","testReadMultiPoint"
"","11942","testFormattingStringInstance","","Wed Jul 08 13:42:59 UTC 2026","passed","Wed Jul 08 13:43:11 UTC 2026","","eu.esdihumboldt.cst.internal.ConceptualSchemaTransformerTest","eu.esdihumboldt.cst.internal.ConceptualSchemaTransformerTest","testFormattingStringInstance"
"","0","testBeforeList","","Wed Jul 08 13:40:13 UTC 2026","skipped","Wed Jul 08 13:40:13 UTC 2026","","eu.esdihumboldt.hale.common.filter.CQLFilterTest","eu.esdihumboldt.hale.common.filter.CQLFilterTest","testBeforeList"
"","1769","testSKOSFromRDF5_language_de","","Wed Jul 08 13:44:50 UTC 2026","passed","Wed Jul 08 13:44:51 UTC 2026","","eu.esdihumboldt.hale.io.codelist.skos.test.SkosCodeListTest","eu.esdihumboldt.hale.io.codelist.skos.test.SkosCodeListTest","testSKOSFromRDF5_language_de"
"","10790","testCellDisableSaveLoad","","Wed Jul 08 13:38:14 UTC 2026","passed","Wed Jul 08 13:38:25 UTC 2026","","eu.esdihumboldt.hale.common.align.io.JaxbAlignmentIOTest","eu.esdihumboldt.hale.common.align.io.JaxbAlignmentIOTest","testCellDisableSaveLoad"
"","0","testSchemaReader","","Wed Jul 08 13:48:16 UTC 2026","skipped","Wed Jul 08 13:48:16 UTC 2026","","eu.esdihumboldt.hale.io.jdbc.mssql.test.MsSqlDataReaderTest","eu.esdihumboldt.hale.io.jdbc.mssql.test.MsSqlDataReaderTest","testSchemaReader"
"","519","testJoin","","Wed Jul 08 13:43:12 UTC 2026","passed","Wed Jul 08 13:43:13 UTC 2026","","eu.esdihumboldt.cst.internal.ConceptualSchemaTransformerTest","eu.esdihumboldt.cst.internal.ConceptualSchemaTransformerTest","testJoin"
"","1","testString","","Wed Jul 08 13:41:57 UTC 2026","passed","Wed Jul 08 13:41:57 UTC 2026","","eu.esdihumboldt.hale.common.schema.model.constraint.factory.type.BindingFactoryTest","eu.esdihumboldt.hale.common.schema.model.constraint.factory.type.BindingFactoryTest","testString"
"","6","testSpecifyTypeGeojson","","Wed Jul 08 13:50:11 UTC 2026","passed","Wed Jul 08 13:50:11 UTC 2026","","eu.esdihumboldt.hale.io.json.test.JsonToInstanceTest","eu.esdihumboldt.hale.io.json.test.JsonToInstanceTest","testSpecifyTypeGeojson"
"","0","testLocalING4479","","Wed Jul 08 13:37:57 UTC 2026","skipped","Wed Jul 08 13:37:57 UTC 2026","","eu.esdihumboldt.hale.app.transform.test.ExecuteTest","eu.esdihumboldt.hale.app.transform.test.ExecuteTest","testLocalING4479"
"","36","testGString","","Wed Jul 08 13:44:27 UTC 2026","passed","Wed Jul 08 13:44:27 UTC 2026","","eu.esdihumboldt.cst.functions.groovy.helpers.util.CollectorTest","eu.esdihumboldt.cst.functions.groovy.helpers.util.CollectorTest","testGString"
"","57","groovyStuffDisallowed","","Wed Jul 08 13:53:39 UTC 2026","passed","Wed Jul 08 13:53:39 UTC 2026","","eu.esdihumboldt.util.groovy.sandbox.test.internal.GroovySandboxTest","eu.esdihumboldt.util.groovy.sandbox.test.internal.GroovySandboxTest","groovyStuffDisallowed"
"","1","testSimpleOverride","","Wed Jul 08 13:52:56 UTC 2026","passed","Wed Jul 08 13:52:56 UTC 2026","","eu.esdihumboldt.util.config.ConfigMergerTest","eu.esdihumboldt.util.config.ConfigMergerTest","testSimpleOverride"
"","23","testWriteVersion4","","Wed Jul 08 13:49:49 UTC 2026","passed","Wed Jul 08 13:49:49 UTC 2026","","eu.esdihumboldt.hale.io.jdbc.spatialite.writer.internal.SpatiaLiteInstanceWriterTest","eu.esdihumboldt.hale.io.jdbc.spatialite.writer.internal.SpatiaLiteInstanceWriterTest","testWriteVersion4"
"","13","testGeoJsonSimpleMoreThan_14","","Wed Jul 08 13:50:08 UTC 2026","passed","Wed Jul 08 13:50:08 UTC 2026","","eu.esdihumboldt.hale.io.json.test.InstanceToJsonTest","eu.esdihumboldt.hale.io.json.test.InstanceToJsonTest","testGeoJsonSimpleMoreThan_14"
"","22","testReadXsdInstancesTypenameAmbiguousLocalNameWithNamespace","","Wed Jul 08 13:51:15 UTC 2026","passed","Wed Jul 08 13:51:15 UTC 2026","","eu.esdihumboldt.hale.io.shp.ShapeInstanceReaderTest","eu.esdihumboldt.hale.io.shp.ShapeInstanceReaderTest","testReadXsdInstancesTypenameAmbiguousLocalNameWithNamespace"
"","5","testBasicObject","","Wed Jul 08 13:53:20 UTC 2026","passed","Wed Jul 08 13:53:21 UTC 2026","","eu.esdihumboldt.util.groovy.json.JsonStreamBuilderTest","eu.esdihumboldt.util.groovy.json.JsonStreamBuilderTest","testBasicObject"
"","4","testProblemCase","","Wed Jul 08 13:44:03 UTC 2026","passed","Wed Jul 08 13:44:03 UTC 2026","","eu.esdihumboldt.cst.functions.geometric.test.InteriorPointTest","eu.esdihumboldt.cst.functions.geometric.test.InteriorPointTest","testProblemCase"
"","3104","testFiltersForMultiType2","","Wed Jul 08 13:37:24 UTC 2026","passed","Wed Jul 08 13:37:27 UTC 2026","","eu.esdihumboldt.hale.app.transform.test.ExecuteTest","eu.esdihumboldt.hale.app.transform.test.ExecuteTest","testFiltersForMultiType2"
"","54","testValidators","","Wed Jul 08 13:41:57 UTC 2026","passed","Wed Jul 08 13:41:57 UTC 2026","","eu.esdihumboldt.hale.common.schema.model.constraint.factory.type.ValidationConstraintFactoryTest","eu.esdihumboldt.hale.common.schema.model.constraint.factory.type.ValidationConstraintFactoryTest","testValidators"
"","7","testList","","Wed Jul 08 13:44:27 UTC 2026","passed","Wed Jul 08 13:44:27 UTC 2026","","eu.esdihumboldt.cst.functions.groovy.helpers.util.CollectorTest","eu.esdihumboldt.cst.functions.groovy.helpers.util.CollectorTest","testList"
"","2","testTrueFalse","","Wed Jul 08 13:42:13 UTC 2026","passed","Wed Jul 08 13:42:13 UTC 2026","","eu.esdihumboldt.hale.common.schema.groovy.constraints.NillableFactoryTest","eu.esdihumboldt.hale.common.schema.groovy.constraints.NillableFactoryTest","testTrueFalse"
"","1073","simpleSchemaTestCQL","","Wed Jul 08 13:40:16 UTC 2026","passed","Wed Jul 08 13:40:17 UTC 2026","","eu.esdihumboldt.hale.common.filter.FilterTest","eu.esdihumboldt.hale.common.filter.FilterTest","simpleSchemaTestCQL"
"","3361","testReadInstances","","Wed Jul 08 13:45:50 UTC 2026","passed","Wed Jul 08 13:45:53 UTC 2026","","eu.esdihumboldt.hale.io.geopackage.GeopackageInstanceReaderTest","eu.esdihumboldt.hale.io.geopackage.GeopackageInstanceReaderTest","testReadInstances"
"","166","testPreparedQuery","","Wed Jul 08 13:53:45 UTC 2026","passed","Wed Jul 08 13:53:45 UTC 2026","","eu.esdihumboldt.util.orient.embedded.LocalDocumentTest","eu.esdihumboldt.util.orient.embedded.LocalDocumentTest","testPreparedQuery"
"","334","testReadXsdInstancesResultPrefix2","","Wed Jul 08 13:51:12 UTC 2026","passed","Wed Jul 08 13:51:12 UTC 2026","","eu.esdihumboldt.hale.io.shp.ShapeInstanceReaderTest","eu.esdihumboldt.hale.io.shp.ShapeInstanceReaderTest","testReadXsdInstancesResultPrefix2"
"","29","testInvalidKey1","","Wed Jul 08 13:52:56 UTC 2026","passed","Wed Jul 08 13:52:56 UTC 2026","","eu.esdihumboldt.util.config.ConfigTest","eu.esdihumboldt.util.config.ConfigTest","testInvalidKey1"
"","483","testGmlIndependent","","Wed Jul 08 13:40:43 UTC 2026","passed","Wed Jul 08 13:40:44 UTC 2026","","eu.esdihumboldt.hale.common.instance.graph.test.ReferenceGraphTest","eu.esdihumboldt.hale.common.instance.graph.test.ReferenceGraphTest","testGmlIndependent"
"","18","testSimpleSchemaNames","","Wed Jul 08 13:42:13 UTC 2026","passed","Wed Jul 08 13:42:13 UTC 2026","","eu.esdihumboldt.hale.common.schema.groovy.SchemaBuilderTest","eu.esdihumboldt.hale.common.schema.groovy.SchemaBuilderTest","testSimpleSchemaNames"
"","300","testMsAccessSchemaReaderForMdbTest","","Wed Jul 08 13:48:11 UTC 2026","passed","Wed Jul 08 13:48:11 UTC 2026","","eu.esdihumboldt.hale.io.jdbc.msaccess.reader.MsAccessSchemaReaderTest","eu.esdihumboldt.hale.io.jdbc.msaccess.reader.MsAccessSchemaReaderTest","testMsAccessSchemaReaderForMdbTest"
"","288","testReadJsonArray","","Wed Jul 08 13:50:10 UTC 2026","passed","Wed Jul 08 13:50:10 UTC 2026","","eu.esdihumboldt.hale.io.json.test.JsonInstanceCollectionTest","eu.esdihumboldt.hale.io.json.test.JsonInstanceCollectionTest","testReadJsonArray"
"","45","testWriteSingleCorrectSchemasWithOneMissingGeom","","Wed Jul 08 13:51:20 UTC 2026","passed","Wed Jul 08 13:51:20 UTC 2026","","eu.esdihumboldt.hale.io.shp.ShapefileInstanceWriterTest","eu.esdihumboldt.hale.io.shp.ShapefileInstanceWriterTest","testWriteSingleCorrectSchemasWithOneMissingGeom"
"","11","testNumber","","Wed Jul 08 13:40:13 UTC 2026","passed","Wed Jul 08 13:40:13 UTC 2026","","eu.esdihumboldt.hale.common.filter.CQLFilterTest","eu.esdihumboldt.hale.common.filter.CQLFilterTest","testNumber"
"","801","testInspireCodespaceNoAutoAdd","","Wed Jul 08 13:46:59 UTC 2026","passed","Wed Jul 08 13:47:00 UTC 2026","","eu.esdihumboldt.hale.io.gml.writer.internal.StreamGmlWriter2Test","eu.esdihumboldt.hale.io.gml.writer.internal.StreamGmlWriter2Test","testInspireCodespaceNoAutoAdd"
"","44","testSKOSFromRDF2","","Wed Jul 08 13:44:52 UTC 2026","passed","Wed Jul 08 13:44:52 UTC 2026","","eu.esdihumboldt.hale.io.codelist.skos.test.SkosCodeListTest","eu.esdihumboldt.hale.io.codelist.skos.test.SkosCodeListTest","testSKOSFromRDF2"
"","9","testDefinedTypeReference","","Wed Jul 08 13:42:13 UTC 2026","passed","Wed Jul 08 13:42:13 UTC 2026","","eu.esdihumboldt.hale.common.schema.groovy.SchemaBuilderTest","eu.esdihumboldt.hale.common.schema.groovy.SchemaBuilderTest","testDefinedTypeReference"
"","3125","testFiltersForMultiType4","","Wed Jul 08 13:37:31 UTC 2026","passed","Wed Jul 08 13:37:34 UTC 2026","","eu.esdihumboldt.hale.app.transform.test.ExecuteTest","eu.esdihumboldt.hale.app.transform.test.ExecuteTest","testFiltersForMultiType4"
"","4","testByPoints3","","Wed Jul 08 13:53:04 UTC 2026","passed","Wed Jul 08 13:53:04 UTC 2026","","eu.esdihumboldt.util.geometry.interpolation.grid.GridInterpolationTest","eu.esdihumboldt.util.geometry.interpolation.grid.GridInterpolationTest","testByPoints3"
"","158","testGeometryPrimitive_32_MultiLineString","","Wed Jul 08 13:47:12 UTC 2026","passed","Wed Jul 08 13:47:12 UTC 2026","","eu.esdihumboldt.hale.io.gml.writer.internal.StreamGmlWriterTest","eu.esdihumboldt.hale.io.gml.writer.internal.StreamGmlWriterTest","testGeometryPrimitive_32_MultiLineString"
"","1","testTrueFalse","","Wed Jul 08 13:42:13 UTC 2026","passed","Wed Jul 08 13:42:13 UTC 2026","","eu.esdihumboldt.hale.common.schema.groovy.constraints.AugmentedValueFactoryTest","eu.esdihumboldt.hale.common.schema.groovy.constraints.AugmentedValueFactoryTest","testTrueFalse"
"","119","testWriteReadDateTime","","Wed Jul 08 13:45:56 UTC 2026","passed","Wed Jul 08 13:45:56 UTC 2026","","eu.esdihumboldt.hale.io.geopackage.GeopackageInstanceWriterTest","eu.esdihumboldt.hale.io.geopackage.GeopackageInstanceWriterTest","testWriteReadDateTime"
"","11","testStringCompare","","Wed Jul 08 13:40:12 UTC 2026","passed","Wed Jul 08 13:40:12 UTC 2026","","eu.esdihumboldt.hale.common.filter.CQLFilterTest","eu.esdihumboldt.hale.common.filter.CQLFilterTest","testStringCompare"
"","46","testGmlOverflow3","","Wed Jul 08 13:40:45 UTC 2026","passed","Wed Jul 08 13:40:45 UTC 2026","","eu.esdihumboldt.hale.common.instance.graph.test.ReferenceGraphTest","eu.esdihumboldt.hale.common.instance.graph.test.ReferenceGraphTest","testGmlOverflow3"
"","86","testLikeSchema","","Wed Jul 08 13:40:12 UTC 2026","passed","Wed Jul 08 13:40:12 UTC 2026","","eu.esdihumboldt.hale.common.filter.CQLFilterTest","eu.esdihumboldt.hale.common.filter.CQLFilterTest","testLikeSchema"
"","62","testGeoBbox","","Wed Jul 08 13:40:12 UTC 2026","passed","Wed Jul 08 13:40:12 UTC 2026","","eu.esdihumboldt.hale.common.filter.CQLFilterTest","eu.esdihumboldt.hale.common.filter.CQLFilterTest","testGeoBbox"
"","246","testReadMultipleValues","","Wed Jul 08 13:52:15 UTC 2026","passed","Wed Jul 08 13:52:15 UTC 2026","","eu.esdihumboldt.hale.io.xls.test.reader.XLSReaderTest","eu.esdihumboldt.hale.io.xls.test.reader.XLSReaderTest","testReadMultipleValues"
"","624","testExportPropertyJoin","","Wed Jul 08 13:47:55 UTC 2026","passed","Wed Jul 08 13:47:56 UTC 2026","","eu.esdihumboldt.hale.io.html.svg.json.JsonMappingExporterTest","eu.esdihumboldt.hale.io.html.svg.json.JsonMappingExporterTest","testExportPropertyJoin"
"","5","testNumberString","","Wed Jul 08 13:40:14 UTC 2026","passed","Wed Jul 08 13:40:14 UTC 2026","","eu.esdihumboldt.hale.common.filter.ECQLFilterTest","eu.esdihumboldt.hale.common.filter.ECQLFilterTest","testNumberString"
"","14429","testGeoJsonSimpleMixed_7_and_14","","Wed Jul 08 13:49:53 UTC 2026","passed","Wed Jul 08 13:50:08 UTC 2026","","eu.esdihumboldt.hale.io.json.test.InstanceToJsonTest","eu.esdihumboldt.hale.io.json.test.InstanceToJsonTest","testGeoJsonSimpleMixed_7_and_14"
"","1","testPrimitiveArray2","","Wed Jul 08 13:41:57 UTC 2026","passed","Wed Jul 08 13:41:57 UTC 2026","","eu.esdihumboldt.hale.common.schema.model.constraint.factory.type.BindingFactoryTest","eu.esdihumboldt.hale.common.schema.model.constraint.factory.type.BindingFactoryTest","testPrimitiveArray2"
"","374","testGeometryAggregate_32_LineString","","Wed Jul 08 13:47:09 UTC 2026","passed","Wed Jul 08 13:47:10 UTC 2026","","eu.esdihumboldt.hale.io.gml.writer.internal.StreamGmlWriterTest","eu.esdihumboldt.hale.io.gml.writer.internal.StreamGmlWriterTest","testGeometryAggregate_32_LineString"
"","6305","testInnerJoinNas","","Wed Jul 08 13:43:15 UTC 2026","passed","Wed Jul 08 13:43:22 UTC 2026","","eu.esdihumboldt.cst.internal.ConceptualSchemaTransformerTest","eu.esdihumboldt.cst.internal.ConceptualSchemaTransformerTest","testInnerJoinNas"
"","6","testEqualitySimpleNoSchema","","Wed Jul 08 13:40:13 UTC 2026","passed","Wed Jul 08 13:40:13 UTC 2026","","eu.esdihumboldt.hale.common.filter.CQLFilterTest","eu.esdihumboldt.hale.common.filter.CQLFilterTest","testEqualitySimpleNoSchema"
"","4","testNoRef","","Wed Jul 08 13:41:56 UTC 2026","passed","Wed Jul 08 13:41:56 UTC 2026","","eu.esdihumboldt.hale.common.schema.model.constraint.factory.property.ReferenceFactoryTest","eu.esdihumboldt.hale.common.schema.model.constraint.factory.property.ReferenceFactoryTest","testNoRef"
"","53","testMerge","","Wed Jul 08 13:39:56 UTC 2026","passed","Wed Jul 08 13:39:56 UTC 2026","","eu.esdihumboldt.hale.common.core.report.util.StatsMergeTest","eu.esdihumboldt.hale.common.core.report.util.StatsMergeTest","testMerge"
"","2","testCW1","","Wed Jul 08 13:53:04 UTC 2026","passed","Wed Jul 08 13:53:04 UTC 2026","","eu.esdihumboldt.util.geometry.interpolation.model.impl.ArcByCenterPointImplTest","eu.esdihumboldt.util.geometry.interpolation.model.impl.ArcByCenterPointImplTest","testCW1"
"","0","testFormatter[6]","","Wed Jul 08 13:53:00 UTC 2026","passed","Wed Jul 08 13:53:00 UTC 2026","","eu.esdihumboldt.util.geometry.DecimalFormatUtilTest","eu.esdihumboldt.util.geometry.DecimalFormatUtilTest","testFormatter[6]"
"","1","testRead","","Wed Jul 08 13:45:05 UTC 2026","passed","Wed Jul 08 13:45:05 UTC 2026","","eu.esdihumboldt.hale.io.csv.CSVSchemaReaderTest","eu.esdihumboldt.hale.io.csv.CSVSchemaReaderTest","testRead"
"","28","testWriteReadDateTime","","Wed Jul 08 13:51:20 UTC 2026","passed","Wed Jul 08 13:51:20 UTC 2026","","eu.esdihumboldt.hale.io.shp.ShapefileInstanceWriterTest","eu.esdihumboldt.hale.io.shp.ShapefileInstanceWriterTest","testWriteReadDateTime"
"","301","testValueListValueListJson","","Wed Jul 08 13:39:55 UTC 2026","passed","Wed Jul 08 13:39:55 UTC 2026","","eu.esdihumboldt.hale.common.core.io.impl.ValueListTypeTest","eu.esdihumboldt.hale.common.core.io.impl.ValueListTypeTest","testValueListValueListJson"
"","545","testSaveLoad","","Wed Jul 08 13:39:56 UTC 2026","passed","Wed Jul 08 13:39:56 UTC 2026","","eu.esdihumboldt.hale.common.core.io.project.ProjectTest","eu.esdihumboldt.hale.common.core.io.project.ProjectTest","testSaveLoad"
"","5","testNotEqualSimple","","Wed Jul 08 13:40:13 UTC 2026","passed","Wed Jul 08 13:40:13 UTC 2026","","eu.esdihumboldt.hale.common.filter.ECQLFilterTest","eu.esdihumboldt.hale.common.filter.ECQLFilterTest","testNotEqualSimple"
"","170","testTypeFilter5Present","","Wed Jul 08 13:39:13 UTC 2026","passed","Wed Jul 08 13:39:13 UTC 2026","","eu.esdihumboldt.hale.common.align.merge.test.impl.DefaultMergeCellMigratorTest","eu.esdihumboldt.hale.common.align.merge.test.impl.DefaultMergeCellMigratorTest","testTypeFilter5Present"
"","4","testElementHasListOfObjects2","","Wed Jul 08 13:53:21 UTC 2026","passed","Wed Jul 08 13:53:21 UTC 2026","","eu.esdihumboldt.util.groovy.json.JsonStreamBuilderTest","eu.esdihumboldt.util.groovy.json.JsonStreamBuilderTest","testElementHasListOfObjects2"
"","4","testUnbounded","","Wed Jul 08 13:41:56 UTC 2026","passed","Wed Jul 08 13:41:56 UTC 2026","","eu.esdihumboldt.hale.common.schema.model.constraint.factory.property.CardinalityFactoryTest","eu.esdihumboldt.hale.common.schema.model.constraint.factory.property.CardinalityFactoryTest","testUnbounded"
"","1","testDisabled","","Wed Jul 08 13:41:57 UTC 2026","passed","Wed Jul 08 13:41:57 UTC 2026","","eu.esdihumboldt.hale.common.schema.model.constraint.factory.type.HasValueFlagFactoryTest","eu.esdihumboldt.hale.common.schema.model.constraint.factory.type.HasValueFlagFactoryTest","testDisabled"
"","1","testStreetOuter","","Wed Jul 08 13:44:03 UTC 2026","passed","Wed Jul 08 13:44:03 UTC 2026","","eu.esdihumboldt.cst.functions.geometric.test.InteriorPointTest","eu.esdihumboldt.cst.functions.geometric.test.InteriorPointTest","testStreetOuter"
"","2","testFormatter[3]","","Wed Jul 08 13:53:00 UTC 2026","passed","Wed Jul 08 13:53:00 UTC 2026","","eu.esdihumboldt.util.geometry.DecimalFormatUtilTest","eu.esdihumboldt.util.geometry.DecimalFormatUtilTest","testFormatter[3]"
"","6","testNumberBetween","","Wed Jul 08 13:40:14 UTC 2026","passed","Wed Jul 08 13:40:14 UTC 2026","","eu.esdihumboldt.hale.common.filter.ECQLFilterTest","eu.esdihumboldt.hale.common.filter.ECQLFilterTest","testNumberBetween"
"","1","testDisabled","","Wed Jul 08 13:41:57 UTC 2026","passed","Wed Jul 08 13:41:57 UTC 2026","","eu.esdihumboldt.hale.common.schema.model.constraint.factory.type.MappableFlagFactoryTest","eu.esdihumboldt.hale.common.schema.model.constraint.factory.type.MappableFlagFactoryTest","testDisabled"
"","20","testConsumeMap","","Wed Jul 08 13:44:27 UTC 2026","passed","Wed Jul 08 13:44:27 UTC 2026","","eu.esdihumboldt.cst.functions.groovy.helpers.util.CollectorTest","eu.esdihumboldt.cst.functions.groovy.helpers.util.CollectorTest","testConsumeMap"
"","108","testCardinalityMerge_2","","Wed Jul 08 13:43:23 UTC 2026","passed","Wed Jul 08 13:43:23 UTC 2026","","eu.esdihumboldt.cst.internal.ConceptualSchemaTransformerTest","eu.esdihumboldt.cst.internal.ConceptualSchemaTransformerTest","testCardinalityMerge_2"
"","18","testEnabled","","Wed Jul 08 13:41:57 UTC 2026","passed","Wed Jul 08 13:41:57 UTC 2026","","eu.esdihumboldt.hale.common.schema.model.constraint.factory.type.AugmentedValueFlagFactoryTest","eu.esdihumboldt.hale.common.schema.model.constraint.factory.type.AugmentedValueFlagFactoryTest","testEnabled"
"","13","testGeoBboxList","","Wed Jul 08 13:40:13 UTC 2026","passed","Wed Jul 08 13:40:13 UTC 2026","","eu.esdihumboldt.hale.common.filter.ECQLFilterTest","eu.esdihumboldt.hale.common.filter.ECQLFilterTest","testGeoBboxList"
"","2","testMultipleProperties","","Wed Jul 08 13:50:11 UTC 2026","passed","Wed Jul 08 13:50:11 UTC 2026","","eu.esdihumboldt.hale.io.json.test.JsonSchemaReaderTest","eu.esdihumboldt.hale.io.json.test.JsonSchemaReaderTest","testMultipleProperties"
"","8","testCycle","","Wed Jul 08 13:52:39 UTC 2026","passed","Wed Jul 08 13:52:39 UTC 2026","","eu.esdihumboldt.util.DependencyOrderedListTest","eu.esdihumboldt.util.DependencyOrderedListTest","testCycle"
"","681","testSaveLoad","","Wed Jul 08 13:38:13 UTC 2026","passed","Wed Jul 08 13:38:13 UTC 2026","","eu.esdihumboldt.hale.common.align.io.CastorAlignmentIOTest","eu.esdihumboldt.hale.common.align.io.CastorAlignmentIOTest","testSaveLoad"
"","6","testByPoints1AllGrid","","Wed Jul 08 13:53:04 UTC 2026","passed","Wed Jul 08 13:53:04 UTC 2026","","eu.esdihumboldt.util.geometry.interpolation.grid.GridInterpolationTest","eu.esdihumboldt.util.geometry.interpolation.grid.GridInterpolationTest","testByPoints1AllGrid"
"","10451","testFindPropertyIgnoreNamespace","","Wed Jul 08 13:41:44 UTC 2026","passed","Wed Jul 08 13:41:55 UTC 2026","","eu.esdihumboldt.hale.common.schema.helper.DefinitionResolverTest","eu.esdihumboldt.hale.common.schema.helper.DefinitionResolverTest","testFindPropertyIgnoreNamespace"
"","0","testAschemaReader","","Wed Jul 08 13:48:16 UTC 2026","skipped","Wed Jul 08 13:48:16 UTC 2026","","eu.esdihumboldt.hale.io.jdbc.mssql.test.MsSQLServer14Test","eu.esdihumboldt.hale.io.jdbc.mssql.test.MsSQLServer14Test","testAschemaReader"
"","143","testNonNullValuesUnaffectedByNullEntry","","Wed Jul 08 13:41:21 UTC 2026","passed","Wed Jul 08 13:41:21 UTC 2026","","eu.esdihumboldt.hale.common.lookup.impl.LookupTableImplTest","eu.esdihumboldt.hale.common.lookup.impl.LookupTableImplTest","testNonNullValuesUnaffectedByNullEntry"
"","6","testExportNullTargetValue","","Wed Jul 08 13:52:18 UTC 2026","passed","Wed Jul 08 13:52:18 UTC 2026","","eu.esdihumboldt.hale.io.xls.test.writer.XLSLookupTableWriterTest","eu.esdihumboldt.hale.io.xls.test.writer.XLSLookupTableWriterTest","testExportNullTargetValue"
"","23","testFindPropertyCached","","Wed Jul 08 13:41:55 UTC 2026","passed","Wed Jul 08 13:41:55 UTC 2026","","eu.esdihumboldt.hale.common.schema.helper.DefinitionResolverTest","eu.esdihumboldt.hale.common.schema.helper.DefinitionResolverTest","testFindPropertyCached"
"","2","testListAndValue","","Wed Jul 08 13:52:56 UTC 2026","passed","Wed Jul 08 13:52:56 UTC 2026","","eu.esdihumboldt.util.config.ConfigMergerTest","eu.esdihumboldt.util.config.ConfigMergerTest","testListAndValue"
"","4052","testWriteRead","","Wed Jul 08 13:49:18 UTC 2026","passed","Wed Jul 08 13:49:22 UTC 2026","","eu.esdihumboldt.hale.io.jdbc.postgresql.test.OneDimensionalArraysIT","eu.esdihumboldt.hale.io.jdbc.postgresql.test.OneDimensionalArraysIT","testWriteRead"
"","8","testSpecifyType","","Wed Jul 08 13:50:11 UTC 2026","passed","Wed Jul 08 13:50:11 UTC 2026","","eu.esdihumboldt.hale.io.json.test.JsonToInstanceTest","eu.esdihumboldt.hale.io.json.test.JsonToInstanceTest","testSpecifyType"
"","10123","testAddRemoveMappingMultipleProperties","","Wed Jul 08 13:41:05 UTC 2026","passed","Wed Jul 08 13:41:15 UTC 2026","","eu.esdihumboldt.hale.common.instance.index.MultimapInstanceIndexTest","eu.esdihumboldt.hale.common.instance.index.MultimapInstanceIndexTest","testAddRemoveMappingMultipleProperties"
"","0","testCMUnion2","","Wed Jul 08 13:43:13 UTC 2026","skipped","Wed Jul 08 13:43:13 UTC 2026","","eu.esdihumboldt.cst.internal.ConceptualSchemaTransformerTest","eu.esdihumboldt.cst.internal.ConceptualSchemaTransformerTest","testCMUnion2"
"","132","testRetypeConditionRenameTypeInherited","","Wed Jul 08 13:39:16 UTC 2026","passed","Wed Jul 08 13:39:16 UTC 2026","","eu.esdihumboldt.hale.common.align.merge.test.impl.JoinRetainConditionsTest","eu.esdihumboldt.hale.common.align.merge.test.impl.JoinRetainConditionsTest","testRetypeConditionRenameTypeInherited"
"","3","testRootArrayEmpty","","Wed Jul 08 13:53:21 UTC 2026","passed","Wed Jul 08 13:53:21 UTC 2026","","eu.esdihumboldt.util.groovy.json.JsonStreamBuilderTest","eu.esdihumboldt.util.groovy.json.JsonStreamBuilderTest","testRootArrayEmpty"
"","62","testLoadWVAIgnoreNamespace","","Wed Jul 08 13:46:09 UTC 2026","passed","Wed Jul 08 13:46:09 UTC 2026","","eu.esdihumboldt.hale.io.gml.reader.internal.GmlInstanceCollectionTest","eu.esdihumboldt.hale.io.gml.reader.internal.GmlInstanceCollectionTest","testLoadWVAIgnoreNamespace"
"","4","testNullNotExistsSchema","","Wed Jul 08 13:40:14 UTC 2026","passed","Wed Jul 08 13:40:14 UTC 2026","","eu.esdihumboldt.hale.common.filter.ECQLFilterTest","eu.esdihumboldt.hale.common.filter.ECQLFilterTest","testNullNotExistsSchema"
"","7","testLoopStartArray","","Wed Jul 08 13:53:21 UTC 2026","passed","Wed Jul 08 13:53:21 UTC 2026","","eu.esdihumboldt.util.groovy.json.JsonStreamBuilderTest","eu.esdihumboldt.util.groovy.json.JsonStreamBuilderTest","testLoopStartArray"
"","0","testExistsNoSchema","","Wed Jul 08 13:40:13 UTC 2026","skipped","Wed Jul 08 13:40:13 UTC 2026","","eu.esdihumboldt.hale.common.filter.ECQLFilterTest","eu.esdihumboldt.hale.common.filter.ECQLFilterTest","testExistsNoSchema"
"","3","testSKOSFromRDF1","","Wed Jul 08 13:44:52 UTC 2026","passed","Wed Jul 08 13:44:52 UTC 2026","","eu.esdihumboldt.hale.io.codelist.skos.test.SkosCodeListTest","eu.esdihumboldt.hale.io.codelist.skos.test.SkosCodeListTest","testSKOSFromRDF1"
"","2","testCreateType","","Wed Jul 08 13:42:13 UTC 2026","passed","Wed Jul 08 13:42:13 UTC 2026","","eu.esdihumboldt.hale.common.schema.groovy.SchemaBuilderTest","eu.esdihumboldt.hale.common.schema.groovy.SchemaBuilderTest","testCreateType"
"","17","testEnabled","","Wed Jul 08 13:41:57 UTC 2026","passed","Wed Jul 08 13:41:57 UTC 2026","","eu.esdihumboldt.hale.common.schema.model.constraint.factory.type.AbstractFlagFactoryTest","eu.esdihumboldt.hale.common.schema.model.constraint.factory.type.AbstractFlagFactoryTest","testEnabled"
"","1601","testConvertJson2PB","","Wed Jul 08 13:50:15 UTC 2026","passed","Wed Jul 08 13:50:16 UTC 2026","","eu.esdihumboldt.hale.io.pb.test.ProtocolBufferInstanceWriterTest","eu.esdihumboldt.hale.io.pb.test.ProtocolBufferInstanceWriterTest","testConvertJson2PB"
"","109","testCMMulti3","","Wed Jul 08 13:43:24 UTC 2026","passed","Wed Jul 08 13:43:24 UTC 2026","","eu.esdihumboldt.cst.internal.ConceptualSchemaTransformerTest","eu.esdihumboldt.cst.internal.ConceptualSchemaTransformerTest","testCMMulti3"
"","1","testDisabled","","Wed Jul 08 13:41:57 UTC 2026","passed","Wed Jul 08 13:41:57 UTC 2026","","eu.esdihumboldt.hale.common.schema.model.constraint.factory.type.MappingRelevantFlagFactoryTest","eu.esdihumboldt.hale.common.schema.model.constraint.factory.type.MappingRelevantFlagFactoryTest","testDisabled"
"","0","testSplitMulti_Mixed","","Wed Jul 08 13:44:02 UTC 2026","passed","Wed Jul 08 13:44:02 UTC 2026","","eu.esdihumboldt.cst.functions.geometric.test.GeometryHelperFunctionsTest","eu.esdihumboldt.cst.functions.geometric.test.GeometryHelperFunctionsTest","testSplitMulti_Mixed"
"","7","testJsonBuilderConstructor","","Wed Jul 08 13:53:21 UTC 2026","passed","Wed Jul 08 13:53:21 UTC 2026","","eu.esdihumboldt.util.groovy.json.JsonStreamBuilderTest","eu.esdihumboldt.util.groovy.json.JsonStreamBuilderTest","testJsonBuilderConstructor"
"","12903","migrateRenameFormattedString","","Wed Jul 08 13:44:32 UTC 2026","passed","Wed Jul 08 13:44:45 UTC 2026","","eu.esdihumboldt.hale.adv.merge.test.AdVMeasurementMergeTest","eu.esdihumboldt.hale.adv.merge.test.AdVMeasurementMergeTest","migrateRenameFormattedString"
"","8625","testBothWays","","Wed Jul 08 13:52:24 UTC 2026","passed","Wed Jul 08 13:52:32 UTC 2026","","eu.esdihumboldt.hale.io.xsd.anytype.valuetypes.CustomTypeContentAssociationTypeTest","eu.esdihumboldt.hale.io.xsd.anytype.valuetypes.CustomTypeContentAssociationTypeTest","testBothWays"
"","24","testRead_shiporder_one","","Wed Jul 08 13:52:35 UTC 2026","passed","Wed Jul 08 13:52:35 UTC 2026","","eu.esdihumboldt.hale.io.xsd.reader.XmlSchemaReaderTest","eu.esdihumboldt.hale.io.xsd.reader.XmlSchemaReaderTest","testRead_shiporder_one"
"","2","testFindPoints","","Wed Jul 08 13:44:02 UTC 2026","passed","Wed Jul 08 13:44:02 UTC 2026","","eu.esdihumboldt.cst.functions.geometric.test.GeometryHelperFunctionsTest","eu.esdihumboldt.cst.functions.geometric.test.GeometryHelperFunctionsTest","testFindPoints"
"","17","testArcString","","Wed Jul 08 13:53:04 UTC 2026","passed","Wed Jul 08 13:53:04 UTC 2026","","eu.esdihumboldt.util.geometry.interpolation.split.SplitInterpolationTest","eu.esdihumboldt.util.geometry.interpolation.split.SplitInterpolationTest","testArcString"
"","2","testCMNested1","","Wed Jul 08 13:42:58 UTC 2026","skipped","Wed Jul 08 13:42:58 UTC 2026","","eu.esdihumboldt.cst.internal.ConceptualSchemaTransformerTest","eu.esdihumboldt.cst.internal.ConceptualSchemaTransformerTest","testCMNested1"
"","68","testWriteSimpleSchemaWithByteArrayOutputStream","","Wed Jul 08 13:45:18 UTC 2026","passed","Wed Jul 08 13:45:18 UTC 2026","","eu.esdihumboldt.hale.io.csv.writer.CSVInstanceWriterTest","eu.esdihumboldt.hale.io.csv.writer.CSVInstanceWriterTest","testWriteSimpleSchemaWithByteArrayOutputStream"
"","115","testDupeAssign","","Wed Jul 08 13:43:24 UTC 2026","passed","Wed Jul 08 13:43:24 UTC 2026","","eu.esdihumboldt.cst.internal.ConceptualSchemaTransformerTest","eu.esdihumboldt.cst.internal.ConceptualSchemaTransformerTest","testDupeAssign"
"","34","testGmlReferencesMultiPart","","Wed Jul 08 13:40:45 UTC 2026","passed","Wed Jul 08 13:40:45 UTC 2026","","eu.esdihumboldt.hale.common.instance.graph.test.ReferenceGraphTest","eu.esdihumboldt.hale.common.instance.graph.test.ReferenceGraphTest","testGmlReferencesMultiPart"
"","0","testTimeEqualsList","","Wed Jul 08 13:40:13 UTC 2026","skipped","Wed Jul 08 13:40:13 UTC 2026","","eu.esdihumboldt.hale.common.filter.CQLFilterTest","eu.esdihumboldt.hale.common.filter.CQLFilterTest","testTimeEqualsList"
"","53","simpleSchemaTestECQL","","Wed Jul 08 13:40:17 UTC 2026","passed","Wed Jul 08 13:40:17 UTC 2026","","eu.esdihumboldt.hale.common.filter.FilterTest","eu.esdihumboldt.hale.common.filter.FilterTest","simpleSchemaTestECQL"
"","1230","testBaseNameFromURL","","Wed Jul 08 13:51:15 UTC 2026","passed","Wed Jul 08 13:51:16 UTC 2026","","eu.esdihumboldt.hale.io.shp.ShapeInstanceReaderTest","eu.esdihumboldt.hale.io.shp.ShapeInstanceReaderTest","testBaseNameFromURL"
"","10471","testToFrom","","Wed Jul 08 13:39:44 UTC 2026","passed","Wed Jul 08 13:39:54 UTC 2026","","eu.esdihumboldt.hale.common.core.io.impl.TextTypeJsonTest","eu.esdihumboldt.hale.common.core.io.impl.TextTypeJsonTest","testToFrom"
"","1","testFootprint3","","Wed Jul 08 13:44:03 UTC 2026","passed","Wed Jul 08 13:44:03 UTC 2026","","eu.esdihumboldt.cst.functions.geometric.test.InteriorPointTest","eu.esdihumboldt.cst.functions.geometric.test.InteriorPointTest","testFootprint3"
"","1","testStreetHole","","Wed Jul 08 13:44:03 UTC 2026","passed","Wed Jul 08 13:44:03 UTC 2026","","eu.esdihumboldt.cst.functions.geometric.test.InteriorPointTest","eu.esdihumboldt.cst.functions.geometric.test.InteriorPointTest","testStreetHole"
"","0","testHttpAbsolute1","","Wed Jul 08 13:52:33 UTC 2026","passed","Wed Jul 08 13:52:33 UTC 2026","","eu.esdihumboldt.hale.io.xsd.reader.HumboldtURIResolverTest","eu.esdihumboldt.hale.io.xsd.reader.HumboldtURIResolverTest","testHttpAbsolute1"
"","5","testEqualityList","","Wed Jul 08 13:40:13 UTC 2026","passed","Wed Jul 08 13:40:13 UTC 2026","","eu.esdihumboldt.hale.common.filter.ECQLFilterTest","eu.esdihumboldt.hale.common.filter.ECQLFilterTest","testEqualityList"
"","5","testReadSimple","","Wed Jul 08 13:45:05 UTC 2026","passed","Wed Jul 08 13:45:05 UTC 2026","","eu.esdihumboldt.hale.io.csv.CSVInstanceReaderTest","eu.esdihumboldt.hale.io.csv.CSVInstanceReaderTest","testReadSimple"
"","0","testDuringList","","Wed Jul 08 13:40:12 UTC 2026","skipped","Wed Jul 08 13:40:12 UTC 2026","","eu.esdihumboldt.hale.common.filter.CQLFilterTest","eu.esdihumboldt.hale.common.filter.CQLFilterTest","testDuringList"
"","4289","writeRead","","Wed Jul 08 13:49:34 UTC 2026","passed","Wed Jul 08 13:49:38 UTC 2026","","eu.esdihumboldt.hale.io.jdbc.postgresql.test.ReadWriteIT","eu.esdihumboldt.hale.io.jdbc.postgresql.test.ReadWriteIT","writeRead"
"","1","testDefault","","Wed Jul 08 13:41:57 UTC 2026","passed","Wed Jul 08 13:41:57 UTC 2026","","eu.esdihumboldt.hale.common.schema.model.constraint.factory.type.AbstractFlagFactoryTest","eu.esdihumboldt.hale.common.schema.model.constraint.factory.type.AbstractFlagFactoryTest","testDefault"
"","56","testReadMultiSheetTypeNames","","Wed Jul 08 13:52:15 UTC 2026","passed","Wed Jul 08 13:52:15 UTC 2026","","eu.esdihumboldt.hale.io.xls.test.reader.XLSReaderTest","eu.esdihumboldt.hale.io.xls.test.reader.XLSReaderTest","testReadMultiSheetTypeNames"
"","695","testWriteFeaturesTargetCRS","","Wed Jul 08 13:51:16 UTC 2026","passed","Wed Jul 08 13:51:17 UTC 2026","","eu.esdihumboldt.hale.io.shp.ShapefileInstanceWriterTest","eu.esdihumboldt.hale.io.shp.ShapefileInstanceWriterTest","testWriteFeaturesTargetCRS"
"","5","testTypeBinding","","Wed Jul 08 13:41:57 UTC 2026","passed","Wed Jul 08 13:41:57 UTC 2026","","eu.esdihumboldt.hale.common.schema.model.constraint.factory.type.ElementTypeFactoryTest","eu.esdihumboldt.hale.common.schema.model.constraint.factory.type.ElementTypeFactoryTest","testTypeBinding"
"","187","testRef","","Wed Jul 08 13:41:56 UTC 2026","passed","Wed Jul 08 13:41:56 UTC 2026","","eu.esdihumboldt.hale.common.schema.model.constraint.factory.property.ReferenceFactoryTest","eu.esdihumboldt.hale.common.schema.model.constraint.factory.property.ReferenceFactoryTest","testRef"
"","1","testGetVersion","","Wed Jul 08 13:39:43 UTC 2026","skipped","Wed Jul 08 13:39:43 UTC 2026","","eu.esdihumboldt.hale.common.core.HalePlatformTest","eu.esdihumboldt.hale.common.core.HalePlatformTest","testGetVersion"
"","0","testHasNext","","Wed Jul 08 13:53:44 UTC 2026","skipped","Wed Jul 08 13:53:44 UTC 2026","","eu.esdihumboldt.util.orient.embedded.BrowseClassIterateTest","eu.esdihumboldt.util.orient.embedded.BrowseClassIterateTest","testHasNext"
"","11","testComplexStructureFromTheGuardian","","Wed Jul 08 13:53:21 UTC 2026","passed","Wed Jul 08 13:53:21 UTC 2026","","eu.esdihumboldt.util.groovy.json.JsonStreamBuilderTest","eu.esdihumboldt.util.groovy.json.JsonStreamBuilderTest","testComplexStructureFromTheGuardian"
"","31","testNestedObjects","","Wed Jul 08 13:53:20 UTC 2026","passed","Wed Jul 08 13:53:20 UTC 2026","","eu.esdihumboldt.util.groovy.json.JsonStreamBuilderTest","eu.esdihumboldt.util.groovy.json.JsonStreamBuilderTest","testNestedObjects"
"","0","testCRSFlipped","","Wed Jul 08 13:53:03 UTC 2026","passed","Wed Jul 08 13:53:03 UTC 2026","","eu.esdihumboldt.util.geometry.WindingOrderTest","eu.esdihumboldt.util.geometry.WindingOrderTest","testCRSFlipped"
"","6","testAfter","","Wed Jul 08 13:40:13 UTC 2026","passed","Wed Jul 08 13:40:13 UTC 2026","","eu.esdihumboldt.hale.common.filter.ECQLFilterTest","eu.esdihumboldt.hale.common.filter.ECQLFilterTest","testAfter"
"","0","testFootprint2","","Wed Jul 08 13:44:03 UTC 2026","passed","Wed Jul 08 13:44:03 UTC 2026","","eu.esdihumboldt.cst.functions.geometric.test.InteriorPointTest","eu.esdihumboldt.cst.functions.geometric.test.InteriorPointTest","testFootprint2"
"","8","testTimeEquals","","Wed Jul 08 13:40:13 UTC 2026","passed","Wed Jul 08 13:40:13 UTC 2026","","eu.esdihumboldt.hale.common.filter.CQLFilterTest","eu.esdihumboldt.hale.common.filter.CQLFilterTest","testTimeEquals"
"","0","testDirectFail","","Wed Jul 08 13:47:13 UTC 2026","passed","Wed Jul 08 13:47:13 UTC 2026","","eu.esdihumboldt.hale.io.gml.writer.internal.geometry.writers.PatternTest","eu.esdihumboldt.hale.io.gml.writer.internal.geometry.writers.PatternTest","testDirectFail"
"","133","testGroovyWarningRetypeTarget","","Wed Jul 08 13:39:11 UTC 2026","passed","Wed Jul 08 13:39:11 UTC 2026","","eu.esdihumboldt.hale.common.align.merge.test.impl.DefaultMergeCellMigratorTest","eu.esdihumboldt.hale.common.align.merge.test.impl.DefaultMergeCellMigratorTest","testGroovyWarningRetypeTarget"
"","1","testMulti1","","Wed Jul 08 13:44:03 UTC 2026","passed","Wed Jul 08 13:44:03 UTC 2026","","eu.esdihumboldt.cst.functions.geometric.test.InteriorPointTest","eu.esdihumboldt.cst.functions.geometric.test.InteriorPointTest","testMulti1"
"","176","mergeJoinWithRetype","","Wed Jul 08 13:39:11 UTC 2026","passed","Wed Jul 08 13:39:11 UTC 2026","","eu.esdihumboldt.hale.common.align.merge.test.impl.DefaultMergeCellMigratorTest","eu.esdihumboldt.hale.common.align.merge.test.impl.DefaultMergeCellMigratorTest","mergeJoinWithRetype"
"","626","testInvalidMaxNodes","","Wed Jul 08 13:53:05 UTC 2026","passed","Wed Jul 08 13:53:05 UTC 2026","","eu.esdihumboldt.util.geometry.quadtree.QuadtreeTest","eu.esdihumboldt.util.geometry.quadtree.QuadtreeTest","testInvalidMaxNodes"
"","6593","testShapefileInstanceFromNginxUrl","","Wed Jul 08 13:51:04 UTC 2026","passed","Wed Jul 08 13:51:10 UTC 2026","","eu.esdihumboldt.hale.io.shp.ShapeInstanceReaderTest","eu.esdihumboldt.hale.io.shp.ShapeInstanceReaderTest","testShapefileInstanceFromNginxUrl"
"","0","testGeometry_2_MultiPolygon","","Wed Jul 08 13:47:11 UTC 2026","skipped","Wed Jul 08 13:47:11 UTC 2026","","eu.esdihumboldt.hale.io.gml.writer.internal.StreamGmlWriterTest","eu.esdihumboldt.hale.io.gml.writer.internal.StreamGmlWriterTest","testGeometry_2_MultiPolygon"
"","461","testReadInstancesXsdGmlConflict","","Wed Jul 08 13:45:53 UTC 2026","passed","Wed Jul 08 13:45:54 UTC 2026","","eu.esdihumboldt.hale.io.geopackage.GeopackageInstanceReaderTest","eu.esdihumboldt.hale.io.geopackage.GeopackageInstanceReaderTest","testReadInstancesXsdGmlConflict"
"","304","testGeometryPrimitive_31_Polygon","","Wed Jul 08 13:47:12 UTC 2026","passed","Wed Jul 08 13:47:12 UTC 2026","","eu.esdihumboldt.hale.io.gml.writer.internal.StreamGmlWriterTest","eu.esdihumboldt.hale.io.gml.writer.internal.StreamGmlWriterTest","testGeometryPrimitive_31_Polygon"
"","98","testTriangle","","Wed Jul 08 13:44:02 UTC 2026","passed","Wed Jul 08 13:44:03 UTC 2026","","eu.esdihumboldt.cst.functions.geometric.test.InteriorPointTest","eu.esdihumboldt.cst.functions.geometric.test.InteriorPointTest","testTriangle"
"","0","testProjectSubfolder","","Wed Jul 08 13:39:44 UTC 2026","passed","Wed Jul 08 13:39:44 UTC 2026","","eu.esdihumboldt.hale.common.core.io.PathUpdateTest","eu.esdihumboldt.hale.common.core.io.PathUpdateTest","testProjectSubfolder"
"","6","testByPoints2AllGrid","","Wed Jul 08 13:53:04 UTC 2026","passed","Wed Jul 08 13:53:04 UTC 2026","","eu.esdihumboldt.util.geometry.interpolation.grid.GridInterpolationTest","eu.esdihumboldt.util.geometry.interpolation.grid.GridInterpolationTest","testByPoints2AllGrid"
"","12","testReadArrayNested","","Wed Jul 08 13:50:11 UTC 2026","passed","Wed Jul 08 13:50:11 UTC 2026","","eu.esdihumboldt.hale.io.json.test.JsonToInstanceTest","eu.esdihumboldt.hale.io.json.test.JsonToInstanceTest","testReadArrayNested"
"","4","testNullList","","Wed Jul 08 13:40:13 UTC 2026","passed","Wed Jul 08 13:40:13 UTC 2026","","eu.esdihumboldt.hale.common.filter.ECQLFilterTest","eu.esdihumboldt.hale.common.filter.ECQLFilterTest","testNullList"
"","5","testGeoCrosses","","Wed Jul 08 13:40:13 UTC 2026","passed","Wed Jul 08 13:40:14 UTC 2026","","eu.esdihumboldt.hale.common.filter.ECQLFilterTest","eu.esdihumboldt.hale.common.filter.ECQLFilterTest","testGeoCrosses"
"","1","testFindLines","","Wed Jul 08 13:44:02 UTC 2026","passed","Wed Jul 08 13:44:02 UTC 2026","","eu.esdihumboldt.cst.functions.geometric.test.GeometryHelperFunctionsTest","eu.esdihumboldt.cst.functions.geometric.test.GeometryHelperFunctionsTest","testFindLines"
"","3578","testMsAccessSchemaReaderForMdbTest","","Wed Jul 08 13:48:06 UTC 2026","passed","Wed Jul 08 13:48:10 UTC 2026","","eu.esdihumboldt.hale.io.jdbc.msaccess.reader.MsAccessInstanceReaderTest","eu.esdihumboldt.hale.io.jdbc.msaccess.reader.MsAccessInstanceReaderTest","testMsAccessSchemaReaderForMdbTest"
"","126","testStructuralRetype1","","Wed Jul 08 13:43:26 UTC 2026","passed","Wed Jul 08 13:43:26 UTC 2026","","eu.esdihumboldt.cst.internal.ConceptualSchemaTransformerTest","eu.esdihumboldt.cst.internal.ConceptualSchemaTransformerTest","testStructuralRetype1"
"","84","testWriteFeaturesPrimaryKey","","Wed Jul 08 13:45:56 UTC 2026","passed","Wed Jul 08 13:45:56 UTC 2026","","eu.esdihumboldt.hale.io.geopackage.GeopackageInstanceWriterTest","eu.esdihumboldt.hale.io.geopackage.GeopackageInstanceWriterTest","testWriteFeaturesPrimaryKey"
"","5","testInstanceValueNullSchema","","Wed Jul 08 13:40:13 UTC 2026","passed","Wed Jul 08 13:40:13 UTC 2026","","eu.esdihumboldt.hale.common.filter.ECQLFilterTest","eu.esdihumboldt.hale.common.filter.ECQLFilterTest","testInstanceValueNullSchema"
"","165","testGroovy3","","Wed Jul 08 13:43:14 UTC 2026","passed","Wed Jul 08 13:43:14 UTC 2026","","eu.esdihumboldt.cst.internal.ConceptualSchemaTransformerTest","eu.esdihumboldt.cst.internal.ConceptualSchemaTransformerTest","testGroovy3"
"","63","testSqlQuery","","Wed Jul 08 13:53:45 UTC 2026","passed","Wed Jul 08 13:53:46 UTC 2026","","eu.esdihumboldt.util.orient.embedded.MemoryDocumentTest","eu.esdihumboldt.util.orient.embedded.MemoryDocumentTest","testSqlQuery"
"","454","testReadInstancesXSD","","Wed Jul 08 13:45:54 UTC 2026","passed","Wed Jul 08 13:45:54 UTC 2026","","eu.esdihumboldt.hale.io.geopackage.GeopackageInstanceReaderTest","eu.esdihumboldt.hale.io.geopackage.GeopackageInstanceReaderTest","testReadInstancesXSD"
"","3","testNestedOverride","","Wed Jul 08 13:52:56 UTC 2026","passed","Wed Jul 08 13:52:56 UTC 2026","","eu.esdihumboldt.util.config.ConfigMergerTest","eu.esdihumboldt.util.config.ConfigMergerTest","testNestedOverride"
"","2","testCCW2","","Wed Jul 08 13:53:04 UTC 2026","passed","Wed Jul 08 13:53:04 UTC 2026","","eu.esdihumboldt.util.geometry.interpolation.model.impl.ArcByCenterPointImplTest","eu.esdihumboldt.util.geometry.interpolation.model.impl.ArcByCenterPointImplTest","testCCW2"
"","2","failTest2","","Wed Jul 08 13:45:05 UTC 2026","passed","Wed Jul 08 13:45:05 UTC 2026","","eu.esdihumboldt.hale.io.csv.CSVSchemaReaderTest","eu.esdihumboldt.hale.io.csv.CSVSchemaReaderTest","failTest2"
"","2215","testComplexInstancesECQL","","Wed Jul 08 13:40:14 UTC 2026","passed","Wed Jul 08 13:40:16 UTC 2026","","eu.esdihumboldt.hale.common.filter.FilterTest","eu.esdihumboldt.hale.common.filter.FilterTest","testComplexInstancesECQL"
"","4","testNullNoSchema","","Wed Jul 08 13:40:14 UTC 2026","passed","Wed Jul 08 13:40:14 UTC 2026","","eu.esdihumboldt.hale.common.filter.ECQLFilterTest","eu.esdihumboldt.hale.common.filter.ECQLFilterTest","testNullNoSchema"
"","62","testWriteBigNumbers","","Wed Jul 08 13:45:56 UTC 2026","passed","Wed Jul 08 13:45:56 UTC 2026","","eu.esdihumboldt.hale.io.geopackage.GeopackageInstanceWriterTest","eu.esdihumboldt.hale.io.geopackage.GeopackageInstanceWriterTest","testWriteBigNumbers"
"","426","testByPointsToCenterAllGrid","","Wed Jul 08 13:53:03 UTC 2026","passed","Wed Jul 08 13:53:04 UTC 2026","","eu.esdihumboldt.util.geometry.interpolation.grid.GridInterpolationTest","eu.esdihumboldt.util.geometry.interpolation.grid.GridInterpolationTest","testByPointsToCenterAllGrid"
"","5","testSimpleSingleLax","","Wed Jul 08 13:42:13 UTC 2026","passed","Wed Jul 08 13:42:13 UTC 2026","","eu.esdihumboldt.hale.common.schema.groovy.DefinitionAccessorTest","eu.esdihumboldt.hale.common.schema.groovy.DefinitionAccessorTest","testSimpleSingleLax"
"","43","testLoadShiporder","","Wed Jul 08 13:46:08 UTC 2026","passed","Wed Jul 08 13:46:09 UTC 2026","","eu.esdihumboldt.hale.io.gml.reader.internal.GmlInstanceCollectionTest","eu.esdihumboldt.hale.io.gml.reader.internal.GmlInstanceCollectionTest","testLoadShiporder"
"","0","testHttpAbsoluteOtherHttp","","Wed Jul 08 13:52:33 UTC 2026","passed","Wed Jul 08 13:52:33 UTC 2026","","eu.esdihumboldt.hale.io.xsd.reader.HumboldtURIResolverTest","eu.esdihumboldt.hale.io.xsd.reader.HumboldtURIResolverTest","testHttpAbsoluteOtherHttp"
"","317","testReadXsdInstancesTypenameWithoutNamespace","","Wed Jul 08 13:51:15 UTC 2026","passed","Wed Jul 08 13:51:15 UTC 2026","","eu.esdihumboldt.hale.io.shp.ShapeInstanceReaderTest","eu.esdihumboldt.hale.io.shp.ShapeInstanceReaderTest","testReadXsdInstancesTypenameWithoutNamespace"
"","320","basicClassesAllowed","","Wed Jul 08 13:53:38 UTC 2026","passed","Wed Jul 08 13:53:38 UTC 2026","","eu.esdihumboldt.util.groovy.sandbox.test.internal.GroovySandboxTest","eu.esdihumboldt.util.groovy.sandbox.test.internal.GroovySandboxTest","basicClassesAllowed"
"","32","testSinglePolyGeometryWithLongAlphanumericNamesWithMultipleInstancesWithMissingData","","Wed Jul 08 13:51:20 UTC 2026","passed","Wed Jul 08 13:51:20 UTC 2026","","eu.esdihumboldt.hale.io.shp.ShapefileInstanceWriterTest","eu.esdihumboldt.hale.io.shp.ShapefileInstanceWriterTest","testSinglePolyGeometryWithLongAlphanumericNamesWithMultipleInstancesWithMissingData"
"","6","testReadInteger","","Wed Jul 08 13:50:11 UTC 2026","passed","Wed Jul 08 13:50:11 UTC 2026","","eu.esdihumboldt.hale.io.json.test.JsonToInstanceTest","eu.esdihumboldt.hale.io.json.test.JsonToInstanceTest","testReadInteger"
"","9444","testSerialize","","Wed Jul 08 13:53:10 UTC 2026","passed","Wed Jul 08 13:53:20 UTC 2026","","eu.esdihumboldt.util.groovy.collector.StatsCollectorTest","eu.esdihumboldt.util.groovy.collector.StatsCollectorTest","testSerialize"
"","10","testReadVersion4","","Wed Jul 08 13:49:49 UTC 2026","passed","Wed Jul 08 13:49:49 UTC 2026","","eu.esdihumboldt.hale.io.jdbc.spatialite.reader.internal.SpatiaLiteSchemaReaderTest","eu.esdihumboldt.hale.io.jdbc.spatialite.reader.internal.SpatiaLiteSchemaReaderTest","testReadVersion4"
"","105","testClassification2","","Wed Jul 08 13:43:23 UTC 2026","passed","Wed Jul 08 13:43:24 UTC 2026","","eu.esdihumboldt.cst.internal.ConceptualSchemaTransformerTest","eu.esdihumboldt.cst.internal.ConceptualSchemaTransformerTest","testClassification2"
"","137","testOverwriteFailsWhenFileCannotBeDeleted","","Wed Jul 08 13:45:56 UTC 2026","passed","Wed Jul 08 13:45:56 UTC 2026","","eu.esdihumboldt.hale.io.geopackage.GeopackageInstanceWriterTest","eu.esdihumboldt.hale.io.geopackage.GeopackageInstanceWriterTest","testOverwriteFailsWhenFileCannotBeDeleted"
"","45","testBothWays","","Wed Jul 08 13:52:33 UTC 2026","passed","Wed Jul 08 13:52:33 UTC 2026","","eu.esdihumboldt.hale.io.xsd.anytype.valuetypes.CustomTypeContentConfigurationTypeTest","eu.esdihumboldt.hale.io.xsd.anytype.valuetypes.CustomTypeContentConfigurationTypeTest","testBothWays"
"","252","testWfsNonPaginated","","Wed Jul 08 13:46:54 UTC 2026","passed","Wed Jul 08 13:46:54 UTC 2026","","eu.esdihumboldt.hale.io.gml.reader.internal.StreamGmlReaderTest","eu.esdihumboldt.hale.io.gml.reader.internal.StreamGmlReaderTest","testWfsNonPaginated"
"","75","testBuilder","","Wed Jul 08 13:53:06 UTC 2026","passed","Wed Jul 08 13:53:06 UTC 2026","","eu.esdihumboldt.util.geometry.quadtree.QuadtreeTest","eu.esdihumboldt.util.geometry.quadtree.QuadtreeTest","testBuilder"
"","121","testSinglePolyGeometryWithLongAttributeNamesWithSingleInstance","","Wed Jul 08 13:51:17 UTC 2026","passed","Wed Jul 08 13:51:17 UTC 2026","","eu.esdihumboldt.hale.io.shp.ShapefileInstanceWriterTest","eu.esdihumboldt.hale.io.shp.ShapefileInstanceWriterTest","testSinglePolyGeometryWithLongAttributeNamesWithSingleInstance"
"","1","testHttpAbsoluteOtherFile","","Wed Jul 08 13:52:33 UTC 2026","passed","Wed Jul 08 13:52:33 UTC 2026","","eu.esdihumboldt.hale.io.xsd.reader.HumboldtURIResolverTest","eu.esdihumboldt.hale.io.xsd.reader.HumboldtURIResolverTest","testHttpAbsoluteOtherFile"
"","12","testReadNestedGeometry","","Wed Jul 08 13:50:11 UTC 2026","passed","Wed Jul 08 13:50:11 UTC 2026","","eu.esdihumboldt.hale.io.json.test.JsonToInstanceTest","eu.esdihumboldt.hale.io.json.test.JsonToInstanceTest","testReadNestedGeometry"
"","20","testGmlUnresolvableReferences","","Wed Jul 08 13:40:45 UTC 2026","passed","Wed Jul 08 13:40:45 UTC 2026","","eu.esdihumboldt.hale.common.instance.graph.test.ReferenceGraphTest","eu.esdihumboldt.hale.common.instance.graph.test.ReferenceGraphTest","testGmlUnresolvableReferences"
"","0","testBeforeList","","Wed Jul 08 13:40:13 UTC 2026","skipped","Wed Jul 08 13:40:13 UTC 2026","","eu.esdihumboldt.hale.common.filter.ECQLFilterTest","eu.esdihumboldt.hale.common.filter.ECQLFilterTest","testBeforeList"
"","1","testFootprint2Hole","","Wed Jul 08 13:44:03 UTC 2026","passed","Wed Jul 08 13:44:03 UTC 2026","","eu.esdihumboldt.cst.functions.geometric.test.InteriorPointTest","eu.esdihumboldt.cst.functions.geometric.test.InteriorPointTest","testFootprint2Hole"
"","1","testStringValueListJson","","Wed Jul 08 13:39:55 UTC 2026","passed","Wed Jul 08 13:39:55 UTC 2026","","eu.esdihumboldt.hale.common.core.io.impl.ValueListTypeTest","eu.esdihumboldt.hale.common.core.io.impl.ValueListTypeTest","testStringValueListJson"
"","0","testGeoCross","","Wed Jul 08 13:40:13 UTC 2026","skipped","Wed Jul 08 13:40:13 UTC 2026","","eu.esdihumboldt.hale.common.filter.ECQLFilterTest","eu.esdihumboldt.hale.common.filter.ECQLFilterTest","testGeoCross"
"","4182","testEvaluateSuccess1","","Wed Jul 08 13:37:45 UTC 2026","passed","Wed Jul 08 13:37:49 UTC 2026","","eu.esdihumboldt.hale.app.transform.test.ExecuteTest","eu.esdihumboldt.hale.app.transform.test.ExecuteTest","testEvaluateSuccess1"
"","11","testCreateTypeIndex","","Wed Jul 08 13:42:13 UTC 2026","passed","Wed Jul 08 13:42:13 UTC 2026","","eu.esdihumboldt.hale.common.schema.groovy.SchemaBuilderTest","eu.esdihumboldt.hale.common.schema.groovy.SchemaBuilderTest","testCreateTypeIndex"
"","0","testInstanceNoValueExistsSchema","","Wed Jul 08 13:40:13 UTC 2026","skipped","Wed Jul 08 13:40:13 UTC 2026","","eu.esdihumboldt.hale.common.filter.CQLFilterTest","eu.esdihumboldt.hale.common.filter.CQLFilterTest","testInstanceNoValueExistsSchema"
"","663","testGroovy1","","Wed Jul 08 13:43:13 UTC 2026","passed","Wed Jul 08 13:43:14 UTC 2026","","eu.esdihumboldt.cst.internal.ConceptualSchemaTransformerTest","eu.esdihumboldt.cst.internal.ConceptualSchemaTransformerTest","testGroovy1"
"","202","testFilterSame1","","Wed Jul 08 13:39:07 UTC 2026","passed","Wed Jul 08 13:39:08 UTC 2026","","eu.esdihumboldt.hale.common.align.merge.test.impl.DefaultMergeCellMigratorTest","eu.esdihumboldt.hale.common.align.merge.test.impl.DefaultMergeCellMigratorTest","testFilterSame1"
"","252","testComplexLookup","","Wed Jul 08 13:41:31 UTC 2026","passed","Wed Jul 08 13:41:31 UTC 2026","","eu.esdihumboldt.hale.common.lookup.internal.LookupTableTypeTest","eu.esdihumboldt.hale.common.lookup.internal.LookupTableTypeTest","testComplexLookup"
"","3946","testLoadFilterNoDuplicates","","Wed Jul 08 13:46:09 UTC 2026","passed","Wed Jul 08 13:46:13 UTC 2026","","eu.esdihumboldt.hale.io.gml.reader.internal.GmlInstanceCollectionTest","eu.esdihumboldt.hale.io.gml.reader.internal.GmlInstanceCollectionTest","testLoadFilterNoDuplicates"
"","114","testMergeComplexPropKey","","Wed Jul 08 13:43:23 UTC 2026","passed","Wed Jul 08 13:43:23 UTC 2026","","eu.esdihumboldt.cst.internal.ConceptualSchemaTransformerTest","eu.esdihumboldt.cst.internal.ConceptualSchemaTransformerTest","testMergeComplexPropKey"
"","13","testJsonBuilderTypeSafe","","Wed Jul 08 13:53:21 UTC 2026","passed","Wed Jul 08 13:53:21 UTC 2026","","eu.esdihumboldt.util.groovy.json.JsonStreamBuilderTest","eu.esdihumboldt.util.groovy.json.JsonStreamBuilderTest","testJsonBuilderTypeSafe"
"","7","testHalfCircle","","Wed Jul 08 13:53:04 UTC 2026","passed","Wed Jul 08 13:53:04 UTC 2026","","eu.esdihumboldt.util.geometry.interpolation.grid.GridInterpolationTest","eu.esdihumboldt.util.geometry.interpolation.grid.GridInterpolationTest","testHalfCircle"
"","1","testPrimitiveArray","","Wed Jul 08 13:41:57 UTC 2026","passed","Wed Jul 08 13:41:57 UTC 2026","","eu.esdihumboldt.hale.common.schema.model.constraint.factory.type.BindingFactoryTest","eu.esdihumboldt.hale.common.schema.model.constraint.factory.type.BindingFactoryTest","testPrimitiveArray"
"","73","checkCyclicTypes","","Wed Jul 08 13:49:02 UTC 2026","passed","Wed Jul 08 13:49:02 UTC 2026","","eu.esdihumboldt.hale.io.jdbc.postgresql.test.CheckSortingForCyclicTypesTest","eu.esdihumboldt.hale.io.jdbc.postgresql.test.CheckSortingForCyclicTypesTest","checkCyclicTypes"
"","42","testNativeQuery","","Wed Jul 08 13:53:46 UTC 2026","passed","Wed Jul 08 13:53:46 UTC 2026","","eu.esdihumboldt.util.orient.embedded.MemoryDocumentTest","eu.esdihumboldt.util.orient.embedded.MemoryDocumentTest","testNativeQuery"
"","112","test2","","Wed Jul 08 13:42:49 UTC 2026","passed","Wed Jul 08 13:42:49 UTC 2026","","eu.esdihumboldt.hale.common.service.helper.test.PopulationCountTest","eu.esdihumboldt.hale.common.service.helper.test.PopulationCountTest","test2"
"","5","testTimeEquals","","Wed Jul 08 13:40:13 UTC 2026","passed","Wed Jul 08 13:40:13 UTC 2026","","eu.esdihumboldt.hale.common.filter.ECQLFilterTest","eu.esdihumboldt.hale.common.filter.ECQLFilterTest","testTimeEquals"
"","31","testEnabled","","Wed Jul 08 13:41:56 UTC 2026","passed","Wed Jul 08 13:41:56 UTC 2026","","eu.esdihumboldt.hale.common.schema.model.constraint.factory.property.ChoiceFlagFactoryTest","eu.esdihumboldt.hale.common.schema.model.constraint.factory.property.ChoiceFlagFactoryTest","testEnabled"
"","9","testComplexStructureFromTheGuardianTypeSafe","","Wed Jul 08 13:53:21 UTC 2026","passed","Wed Jul 08 13:53:21 UTC 2026","","eu.esdihumboldt.util.groovy.json.JsonStreamBuilderTest","eu.esdihumboldt.util.groovy.json.JsonStreamBuilderTest","testComplexStructureFromTheGuardianTypeSafe"
"","270","mergeJoinsWithJoin_sample_hydro","","Wed Jul 08 13:39:14 UTC 2026","passed","Wed Jul 08 13:39:15 UTC 2026","","eu.esdihumboldt.hale.common.align.merge.test.impl.JoinMergeTest","eu.esdihumboldt.hale.common.align.merge.test.impl.JoinMergeTest","mergeJoinsWithJoin_sample_hydro"
"","473","testSchema","","Wed Jul 08 13:41:01 UTC 2026","passed","Wed Jul 08 13:41:02 UTC 2026","","eu.esdihumboldt.hale.common.instance.groovy.InstanceAccessorTest","eu.esdihumboldt.hale.common.instance.groovy.InstanceAccessorTest","testSchema"
"","1","testIterateLess","","Wed Jul 08 13:40:28 UTC 2026","passed","Wed Jul 08 13:40:28 UTC 2026","","eu.esdihumboldt.hale.common.instance.tools.impl.SimplePartitionerTest","eu.esdihumboldt.hale.common.instance.tools.impl.SimplePartitionerTest","testIterateLess"
"","57","testReadMultiSheetTypeSettingsNamed","","Wed Jul 08 13:52:15 UTC 2026","passed","Wed Jul 08 13:52:15 UTC 2026","","eu.esdihumboldt.hale.io.xls.test.reader.XLSReaderTest","eu.esdihumboldt.hale.io.xls.test.reader.XLSReaderTest","testReadMultiSheetTypeSettingsNamed"
"","50","testPolygon","","Wed Jul 08 13:42:13 UTC 2026","passed","Wed Jul 08 13:42:13 UTC 2026","","eu.esdihumboldt.hale.common.schema.groovy.constraints.GeometryFactoryTest","eu.esdihumboldt.hale.common.schema.groovy.constraints.GeometryFactoryTest","testPolygon"
"","4140","testLoadImgeo_Scheiding","","Wed Jul 08 13:46:04 UTC 2026","passed","Wed Jul 08 13:46:08 UTC 2026","","eu.esdihumboldt.hale.io.gml.reader.internal.GmlInstanceCollectionTest","eu.esdihumboldt.hale.io.gml.reader.internal.GmlInstanceCollectionTest","testLoadImgeo_Scheiding"
"","1","testUnifyWOHoles","","Wed Jul 08 13:53:03 UTC 2026","passed","Wed Jul 08 13:53:03 UTC 2026","","eu.esdihumboldt.util.geometry.WindingOrderTest","eu.esdihumboldt.util.geometry.WindingOrderTest","testUnifyWOHoles"
"","4764","testReproject","","Wed Jul 08 13:44:05 UTC 2026","passed","Wed Jul 08 13:44:09 UTC 2026","","eu.esdihumboldt.cst.functions.geometric.test.reprojectgeometry.ReprojectGeometryTest","eu.esdihumboldt.cst.functions.geometric.test.reprojectgeometry.ReprojectGeometryTest","testReproject"
"","19","testReadPolygonWithHole","","Wed Jul 08 13:50:11 UTC 2026","passed","Wed Jul 08 13:50:11 UTC 2026","","eu.esdihumboldt.hale.io.json.test.JsonToInstanceTest","eu.esdihumboldt.hale.io.json.test.JsonToInstanceTest","testReadPolygonWithHole"
"","2","testValueProperties","","Wed Jul 08 13:39:56 UTC 2026","passed","Wed Jul 08 13:39:56 UTC 2026","","eu.esdihumboldt.hale.common.core.io.impl.ValuePropertiesTypeTest","eu.esdihumboldt.hale.common.core.io.impl.ValuePropertiesTypeTest","testValueProperties"
"","2","testReadSimpleWithDate","","Wed Jul 08 13:45:05 UTC 2026","passed","Wed Jul 08 13:45:05 UTC 2026","","eu.esdihumboldt.hale.io.csv.CSVInstanceReaderTest","eu.esdihumboldt.hale.io.csv.CSVInstanceReaderTest","testReadSimpleWithDate"
"","11","testDoubleConsume","","Wed Jul 08 13:39:56 UTC 2026","passed","Wed Jul 08 13:39:56 UTC 2026","","eu.esdihumboldt.hale.common.core.io.supplier.LookupStreamResourceTest","eu.esdihumboldt.hale.common.core.io.supplier.LookupStreamResourceTest","testDoubleConsume"
"","7","testGeoContains","","Wed Jul 08 13:40:13 UTC 2026","passed","Wed Jul 08 13:40:13 UTC 2026","","eu.esdihumboldt.hale.common.filter.CQLFilterTest","eu.esdihumboldt.hale.common.filter.CQLFilterTest","testGeoContains"
"","55","testNamespaceIndexChildContextType","","Wed Jul 08 13:38:43 UTC 2026","passed","Wed Jul 08 13:38:43 UTC 2026","","eu.esdihumboldt.hale.common.align.groovy.accessor.EntityAccessorTest","eu.esdihumboldt.hale.common.align.groovy.accessor.EntityAccessorTest","testNamespaceIndexChildContextType"
"","2","testMethodCallWithNamedArgumentsTypeSafe","","Wed Jul 08 13:53:21 UTC 2026","passed","Wed Jul 08 13:53:21 UTC 2026","","eu.esdihumboldt.util.groovy.json.JsonStreamBuilderTest","eu.esdihumboldt.util.groovy.json.JsonStreamBuilderTest","testMethodCallWithNamedArgumentsTypeSafe"
"","34","testArcStringAllGrid","","Wed Jul 08 13:53:04 UTC 2026","passed","Wed Jul 08 13:53:04 UTC 2026","","eu.esdihumboldt.util.geometry.interpolation.grid.GridInterpolationTest","eu.esdihumboldt.util.geometry.interpolation.grid.GridInterpolationTest","testArcStringAllGrid"
"","0","testInstanceNoValueExistsSchema","","Wed Jul 08 13:40:13 UTC 2026","skipped","Wed Jul 08 13:40:13 UTC 2026","","eu.esdihumboldt.hale.common.filter.ECQLFilterTest","eu.esdihumboldt.hale.common.filter.ECQLFilterTest","testInstanceNoValueExistsSchema"
"","214","testRetypeCondition","","Wed Jul 08 13:39:15 UTC 2026","passed","Wed Jul 08 13:39:16 UTC 2026","","eu.esdihumboldt.hale.common.align.merge.test.impl.JoinRetainConditionsTest","eu.esdihumboldt.hale.common.align.merge.test.impl.JoinRetainConditionsTest","testRetypeCondition"
"","15","testGeoJsonSimple_14","","Wed Jul 08 13:50:08 UTC 2026","passed","Wed Jul 08 13:50:08 UTC 2026","","eu.esdihumboldt.hale.io.json.test.InstanceToJsonTest","eu.esdihumboldt.hale.io.json.test.InstanceToJsonTest","testGeoJsonSimple_14"
"","54","testDefaultSrs","","Wed Jul 08 13:46:52 UTC 2026","passed","Wed Jul 08 13:46:52 UTC 2026","","eu.esdihumboldt.hale.io.gml.reader.internal.StreamGmlReaderTest","eu.esdihumboldt.hale.io.gml.reader.internal.StreamGmlReaderTest","testDefaultSrs"
"","13","testNestedDefaultProperties","","Wed Jul 08 13:42:13 UTC 2026","passed","Wed Jul 08 13:42:13 UTC 2026","","eu.esdihumboldt.hale.common.schema.groovy.SchemaBuilderTest","eu.esdihumboldt.hale.common.schema.groovy.SchemaBuilderTest","testNestedDefaultProperties"
"","2","testNested","","Wed Jul 08 13:44:27 UTC 2026","passed","Wed Jul 08 13:44:27 UTC 2026","","eu.esdihumboldt.cst.functions.groovy.helpers.util.CollectorTest","eu.esdihumboldt.cst.functions.groovy.helpers.util.CollectorTest","testNested"
"","446","testRequestNoCache","","Wed Jul 08 13:39:22 UTC 2026","passed","Wed Jul 08 13:39:23 UTC 2026","","eu.esdihumboldt.hale.common.cache.RequestTest","eu.esdihumboldt.hale.common.cache.RequestTest","testRequestNoCache"
"","9617","testDimensionRule","","Wed Jul 08 13:50:25 UTC 2026","passed","Wed Jul 08 13:50:35 UTC 2026","","eu.esdihumboldt.hale.io.schematron.SchematronInstanceValidatorTest","eu.esdihumboldt.hale.io.schematron.SchematronInstanceValidatorTest","testDimensionRule"
"","1","testSample1","","Wed Jul 08 13:53:04 UTC 2026","passed","Wed Jul 08 13:53:04 UTC 2026","","eu.esdihumboldt.util.geometry.interpolation.grid.GridUtilTest","eu.esdihumboldt.util.geometry.interpolation.grid.GridUtilTest","testSample1"
"","0","testIterate2","","Wed Jul 08 13:40:28 UTC 2026","passed","Wed Jul 08 13:40:28 UTC 2026","","eu.esdihumboldt.hale.common.instance.tools.impl.SimplePartitionerTest","eu.esdihumboldt.hale.common.instance.tools.impl.SimplePartitionerTest","testIterate2"
"","39","testMetaClass","","Wed Jul 08 13:38:43 UTC 2026","passed","Wed Jul 08 13:38:43 UTC 2026","","eu.esdihumboldt.hale.common.align.groovy.accessor.EntityAccessorTest","eu.esdihumboldt.hale.common.align.groovy.accessor.EntityAccessorTest","testMetaClass"
"","10","testDuring","","Wed Jul 08 13:40:13 UTC 2026","passed","Wed Jul 08 13:40:13 UTC 2026","","eu.esdihumboldt.hale.common.filter.CQLFilterTest","eu.esdihumboldt.hale.common.filter.CQLFilterTest","testDuring"
"","26","testRead_definitive_groups","","Wed Jul 08 13:52:35 UTC 2026","passed","Wed Jul 08 13:52:35 UTC 2026","","eu.esdihumboldt.hale.io.xsd.reader.XmlSchemaReaderTest","eu.esdihumboldt.hale.io.xsd.reader.XmlSchemaReaderTest","testRead_definitive_groups"
"","9","testEdgeCases","","Wed Jul 08 13:53:21 UTC 2026","passed","Wed Jul 08 13:53:21 UTC 2026","","eu.esdihumboldt.util.groovy.json.JsonStreamBuilderTest","eu.esdihumboldt.util.groovy.json.JsonStreamBuilderTest","testEdgeCases"
"","1","testLargeArc","","Wed Jul 08 13:53:04 UTC 2026","passed","Wed Jul 08 13:53:04 UTC 2026","","eu.esdihumboldt.util.geometry.interpolation.model.impl.ArcByPointsImplTest","eu.esdihumboldt.util.geometry.interpolation.model.impl.ArcByPointsImplTest","testLargeArc"
"","0","testGeometry_2_Polygon","","Wed Jul 08 13:47:09 UTC 2026","skipped","Wed Jul 08 13:47:09 UTC 2026","","eu.esdihumboldt.hale.io.gml.writer.internal.StreamGmlWriterTest","eu.esdihumboldt.hale.io.gml.writer.internal.StreamGmlWriterTest","testGeometry_2_Polygon"
"","11968","test1","","Wed Jul 08 13:42:36 UTC 2026","passed","Wed Jul 08 13:42:48 UTC 2026","","eu.esdihumboldt.hale.common.service.helper.test.PopulationCountTest","eu.esdihumboldt.hale.common.service.helper.test.PopulationCountTest","test1"
"","155","testSqlQuery","","Wed Jul 08 13:53:45 UTC 2026","passed","Wed Jul 08 13:53:45 UTC 2026","","eu.esdihumboldt.util.orient.embedded.LocalDocumentTest","eu.esdihumboldt.util.orient.embedded.LocalDocumentTest","testSqlQuery"
"","1","testDisabled","","Wed Jul 08 13:41:56 UTC 2026","passed","Wed Jul 08 13:41:56 UTC 2026","","eu.esdihumboldt.hale.common.schema.model.constraint.factory.property.NillableFlagFactoryTest","eu.esdihumboldt.hale.common.schema.model.constraint.factory.property.NillableFlagFactoryTest","testDisabled"
"","263","testWriteReadTypeSafeQName","","Wed Jul 08 13:53:21 UTC 2026","passed","Wed Jul 08 13:53:21 UTC 2026","","eu.esdihumboldt.util.groovy.xml.NSDOMBuilderTest","eu.esdihumboldt.util.groovy.xml.NSDOMBuilderTest","testWriteReadTypeSafeQName"
"","29","testRead_definitive_all","","Wed Jul 08 13:52:35 UTC 2026","passed","Wed Jul 08 13:52:35 UTC 2026","","eu.esdihumboldt.hale.io.xsd.reader.XmlSchemaReaderTest","eu.esdihumboldt.hale.io.xsd.reader.XmlSchemaReaderTest","testRead_definitive_all"
"","8","testSKOSFromRDF4_language_nl","","Wed Jul 08 13:44:52 UTC 2026","passed","Wed Jul 08 13:44:52 UTC 2026","","eu.esdihumboldt.hale.io.codelist.skos.test.SkosCodeListTest","eu.esdihumboldt.hale.io.codelist.skos.test.SkosCodeListTest","testSKOSFromRDF4_language_nl"
"","8","testMerge4","","Wed Jul 08 13:39:56 UTC 2026","passed","Wed Jul 08 13:39:56 UTC 2026","","eu.esdihumboldt.hale.common.core.report.util.StatsMergeTest","eu.esdihumboldt.hale.common.core.report.util.StatsMergeTest","testMerge4"
"","121","testClassification1","","Wed Jul 08 13:43:23 UTC 2026","passed","Wed Jul 08 13:43:23 UTC 2026","","eu.esdihumboldt.cst.internal.ConceptualSchemaTransformerTest","eu.esdihumboldt.cst.internal.ConceptualSchemaTransformerTest","testClassification1"
"","0","testSubfolder3","","Wed Jul 08 13:39:44 UTC 2026","passed","Wed Jul 08 13:39:44 UTC 2026","","eu.esdihumboldt.hale.common.core.io.PathUpdateTest","eu.esdihumboldt.hale.common.core.io.PathUpdateTest","testSubfolder3"
"","7","testReadPoint","","Wed Jul 08 13:50:11 UTC 2026","passed","Wed Jul 08 13:50:11 UTC 2026","","eu.esdihumboldt.hale.io.json.test.JsonToInstanceTest","eu.esdihumboldt.hale.io.json.test.JsonToInstanceTest","testReadPoint"
"","2661","testCellDisableSaveLoad","","Wed Jul 08 13:38:09 UTC 2026","passed","Wed Jul 08 13:38:12 UTC 2026","","eu.esdihumboldt.hale.common.align.io.CastorAlignmentIOTest","eu.esdihumboldt.hale.common.align.io.CastorAlignmentIOTest","testCellDisableSaveLoad"
"","935","testWfsPaginationPageSizeEqualsTotal","","Wed Jul 08 13:46:49 UTC 2026","passed","Wed Jul 08 13:46:50 UTC 2026","","eu.esdihumboldt.hale.io.gml.reader.internal.StreamGmlReaderTest","eu.esdihumboldt.hale.io.gml.reader.internal.StreamGmlReaderTest","testWfsPaginationPageSizeEqualsTotal"
"","0","testInnerJoinNasIndexBased","","Wed Jul 08 13:43:13 UTC 2026","skipped","Wed Jul 08 13:43:13 UTC 2026","","eu.esdihumboldt.cst.internal.ConceptualSchemaTransformerTest","eu.esdihumboldt.cst.internal.ConceptualSchemaTransformerTest","testInnerJoinNasIndexBased"
"","211","testTypeFilter6","","Wed Jul 08 13:39:10 UTC 2026","passed","Wed Jul 08 13:39:11 UTC 2026","","eu.esdihumboldt.hale.common.align.merge.test.impl.DefaultMergeCellMigratorTest","eu.esdihumboldt.hale.common.align.merge.test.impl.DefaultMergeCellMigratorTest","testTypeFilter6"
"","14","testInstanceNullSchema","","Wed Jul 08 13:40:12 UTC 2026","passed","Wed Jul 08 13:40:12 UTC 2026","","eu.esdihumboldt.hale.common.filter.CQLFilterTest","eu.esdihumboldt.hale.common.filter.CQLFilterTest","testInstanceNullSchema"
"","12","testReadVersion4","","Wed Jul 08 13:49:49 UTC 2026","passed","Wed Jul 08 13:49:49 UTC 2026","","eu.esdihumboldt.hale.io.jdbc.spatialite.reader.internal.SpatiaLiteInstanceReaderTest","eu.esdihumboldt.hale.io.jdbc.spatialite.reader.internal.SpatiaLiteInstanceReaderTest","testReadVersion4"
"","199","mergeRenameFormattedString","","Wed Jul 08 13:44:45 UTC 2026","passed","Wed Jul 08 13:44:46 UTC 2026","","eu.esdihumboldt.hale.adv.merge.test.AdVMeasurementMergeTest","eu.esdihumboldt.hale.adv.merge.test.AdVMeasurementMergeTest","mergeRenameFormattedString"
"","10","testLoadWFS11Capabilities","","Wed Jul 08 13:51:54 UTC 2026","passed","Wed Jul 08 13:51:54 UTC 2026","","eu.esdihumboldt.hale.io.wfs.test.capabilities.CapabilitiesHelperTest","eu.esdihumboldt.hale.io.wfs.test.capabilities.CapabilitiesHelperTest","testLoadWFS11Capabilities"
"","3821","testConnection","","Wed Jul 08 13:49:02 UTC 2026","passed","Wed Jul 08 13:49:06 UTC 2026","","eu.esdihumboldt.hale.io.jdbc.postgresql.test.DatabaseIT","eu.esdihumboldt.hale.io.jdbc.postgresql.test.DatabaseIT","testConnection"
"","4","testPointGeometry","","Wed Jul 08 13:50:11 UTC 2026","passed","Wed Jul 08 13:50:11 UTC 2026","","eu.esdihumboldt.hale.io.json.test.JsonSchemaReaderTest","eu.esdihumboldt.hale.io.json.test.JsonSchemaReaderTest","testPointGeometry"
"","31","testRead","","Wed Jul 08 13:39:55 UTC 2026","passed","Wed Jul 08 13:39:55 UTC 2026","","eu.esdihumboldt.hale.common.core.io.impl.ValueListTypeTest","eu.esdihumboldt.hale.common.core.io.impl.ValueListTypeTest","testRead"
"","10","testSKOSFromRDF5_language_nl","","Wed Jul 08 13:44:52 UTC 2026","passed","Wed Jul 08 13:44:52 UTC 2026","","eu.esdihumboldt.hale.io.codelist.skos.test.SkosCodeListTest","eu.esdihumboldt.hale.io.codelist.skos.test.SkosCodeListTest","testSKOSFromRDF5_language_nl"
"","152","testFilterSame5","","Wed Jul 08 13:39:08 UTC 2026","passed","Wed Jul 08 13:39:08 UTC 2026","","eu.esdihumboldt.hale.common.align.merge.test.impl.DefaultMergeCellMigratorTest","eu.esdihumboldt.hale.common.align.merge.test.impl.DefaultMergeCellMigratorTest","testFilterSame5"
"","0","testGeometryPrimitive_3_Polygon","","Wed Jul 08 13:47:11 UTC 2026","skipped","Wed Jul 08 13:47:11 UTC 2026","","eu.esdihumboldt.hale.io.gml.writer.internal.StreamGmlWriterTest","eu.esdihumboldt.hale.io.gml.writer.internal.StreamGmlWriterTest","testGeometryPrimitive_3_Polygon"
"","181","testStringValueList","","Wed Jul 08 13:39:55 UTC 2026","passed","Wed Jul 08 13:39:55 UTC 2026","","eu.esdihumboldt.hale.common.core.io.impl.ValueListTypeTest","eu.esdihumboldt.hale.common.core.io.impl.ValueListTypeTest","testStringValueList"
"","364","testWfsPaginationWithCountLimit","","Wed Jul 08 13:46:52 UTC 2026","passed","Wed Jul 08 13:46:52 UTC 2026","","eu.esdihumboldt.hale.io.gml.reader.internal.StreamGmlReaderTest","eu.esdihumboldt.hale.io.gml.reader.internal.StreamGmlReaderTest","testWfsPaginationWithCountLimit"
"","140","testLarge","","Wed Jul 08 13:53:04 UTC 2026","passed","Wed Jul 08 13:53:04 UTC 2026","","eu.esdihumboldt.util.geometry.interpolation.grid.GridInterpolationTest","eu.esdihumboldt.util.geometry.interpolation.grid.GridInterpolationTest","testLarge"
"","6","testLikeSchema","","Wed Jul 08 13:40:13 UTC 2026","passed","Wed Jul 08 13:40:13 UTC 2026","","eu.esdihumboldt.hale.common.filter.ECQLFilterTest","eu.esdihumboldt.hale.common.filter.ECQLFilterTest","testLikeSchema"
"","4","testLoopArray","","Wed Jul 08 13:53:21 UTC 2026","passed","Wed Jul 08 13:53:21 UTC 2026","","eu.esdihumboldt.util.groovy.json.JsonStreamBuilderTest","eu.esdihumboldt.util.groovy.json.JsonStreamBuilderTest","testLoopArray"
"","184","testBaseAlignmentSaveLoad","","Wed Jul 08 13:38:14 UTC 2026","passed","Wed Jul 08 13:38:14 UTC 2026","","eu.esdihumboldt.hale.common.align.io.CastorAlignmentIOTest","eu.esdihumboldt.hale.common.align.io.CastorAlignmentIOTest","testBaseAlignmentSaveLoad"
"","11","testNotEqualSimple","","Wed Jul 08 13:40:12 UTC 2026","passed","Wed Jul 08 13:40:12 UTC 2026","","eu.esdihumboldt.hale.common.filter.CQLFilterTest","eu.esdihumboldt.hale.common.filter.CQLFilterTest","testNotEqualSimple"
"","12873","testSha256_String","","Wed Jul 08 13:44:13 UTC 2026","passed","Wed Jul 08 13:44:26 UTC 2026","","eu.esdihumboldt.cst.functions.groovy.helpers.CryptoHelpersTest","eu.esdihumboldt.cst.functions.groovy.helpers.CryptoHelpersTest","testSha256_String"
"","23","testGmlNoId","","Wed Jul 08 13:40:45 UTC 2026","passed","Wed Jul 08 13:40:45 UTC 2026","","eu.esdihumboldt.hale.common.instance.graph.test.ReferenceGraphTest","eu.esdihumboldt.hale.common.instance.graph.test.ReferenceGraphTest","testGmlNoId"
"","839","testSkipFeatureCollection","","Wed Jul 08 13:50:09 UTC 2026","passed","Wed Jul 08 13:50:10 UTC 2026","","eu.esdihumboldt.hale.io.json.test.JsonInstanceCollectionTest","eu.esdihumboldt.hale.io.json.test.JsonInstanceCollectionTest","testSkipFeatureCollection"
