"DESCRIPTION","DURATION IN MS","NAME","PARENT SUITE","START TIME","STATUS","STOP TIME","SUB SUITE","SUITE","TEST CLASS","TEST METHOD"
"","119","testStructuralRetype1","","Wed Jul 08 14:52:22 UTC 2026","passed","Wed Jul 08 14:52:22 UTC 2026","","eu.esdihumboldt.cst.internal.ConceptualSchemaTransformerTest","eu.esdihumboldt.cst.internal.ConceptualSchemaTransformerTest","testStructuralRetype1"
"","2","testPrimitiveArray","","Wed Jul 08 14:50:43 UTC 2026","passed","Wed Jul 08 14:50:43 UTC 2026","","eu.esdihumboldt.hale.common.schema.model.constraint.factory.type.BindingFactoryTest","eu.esdihumboldt.hale.common.schema.model.constraint.factory.type.BindingFactoryTest","testPrimitiveArray"
"","1","testHttpAbsoluteOtherHttp","","Wed Jul 08 15:02:00 UTC 2026","passed","Wed Jul 08 15:02:00 UTC 2026","","eu.esdihumboldt.hale.io.xsd.reader.HumboldtURIResolverTest","eu.esdihumboldt.hale.io.xsd.reader.HumboldtURIResolverTest","testHttpAbsoluteOtherHttp"
"","2","testTrueFalse","","Wed Jul 08 14:51:01 UTC 2026","passed","Wed Jul 08 14:51:01 UTC 2026","","eu.esdihumboldt.hale.common.schema.groovy.constraints.NillableFactoryTest","eu.esdihumboldt.hale.common.schema.groovy.constraints.NillableFactoryTest","testTrueFalse"
"","319","testGeometryAggregate_32_Point","","Wed Jul 08 14:56:16 UTC 2026","passed","Wed Jul 08 14:56:16 UTC 2026","","eu.esdihumboldt.hale.io.gml.writer.internal.StreamGmlWriterTest","eu.esdihumboldt.hale.io.gml.writer.internal.StreamGmlWriterTest","testGeometryAggregate_32_Point"
"","1143","simpleSchemaTestCQL","","Wed Jul 08 14:48:57 UTC 2026","passed","Wed Jul 08 14:48:58 UTC 2026","","eu.esdihumboldt.hale.common.filter.FilterTest","eu.esdihumboldt.hale.common.filter.FilterTest","simpleSchemaTestCQL"
"","26","testGmlNoId","","Wed Jul 08 14:49:26 UTC 2026","passed","Wed Jul 08 14:49:26 UTC 2026","","eu.esdihumboldt.hale.common.instance.graph.test.ReferenceGraphTest","eu.esdihumboldt.hale.common.instance.graph.test.ReferenceGraphTest","testGmlNoId"
"","13909","testWriteSimpleSchemaDelimiter","","Wed Jul 08 14:54:05 UTC 2026","passed","Wed Jul 08 14:54:18 UTC 2026","","eu.esdihumboldt.hale.io.csv.writer.CSVInstanceWriterTest","eu.esdihumboldt.hale.io.csv.writer.CSVInstanceWriterTest","testWriteSimpleSchemaDelimiter"
"","1843","testRequestCache","","Wed Jul 08 14:48:00 UTC 2026","passed","Wed Jul 08 14:48:02 UTC 2026","","eu.esdihumboldt.hale.common.cache.RequestTest","eu.esdihumboldt.hale.common.cache.RequestTest","testRequestCache"
"","3","testFormatter[7]","","Wed Jul 08 15:02:31 UTC 2026","passed","Wed Jul 08 15:02:31 UTC 2026","","eu.esdihumboldt.util.geometry.DecimalFormatUtilTest","eu.esdihumboldt.util.geometry.DecimalFormatUtilTest","testFormatter[7]"
"","4618","testTransformXmlInline","","Wed Jul 08 14:45:55 UTC 2026","passed","Wed Jul 08 14:45:59 UTC 2026","","eu.esdihumboldt.hale.app.transform.test.ExecuteTest","eu.esdihumboldt.hale.app.transform.test.ExecuteTest","testTransformXmlInline"
"","0","testCRSFlipped","","Wed Jul 08 15:02:35 UTC 2026","passed","Wed Jul 08 15:02:35 UTC 2026","","eu.esdihumboldt.util.geometry.WindingOrderTest","eu.esdihumboldt.util.geometry.WindingOrderTest","testCRSFlipped"
"","3253","testEpsgCrsAxisOrder","","Wed Jul 08 14:49:03 UTC 2026","passed","Wed Jul 08 14:49:06 UTC 2026","","eu.esdihumboldt.hale.common.instance.geometry.CRSDefinitionUtilTest","eu.esdihumboldt.hale.common.instance.geometry.CRSDefinitionUtilTest","testEpsgCrsAxisOrder"
"","11","testStringCompare","","Wed Jul 08 14:48:53 UTC 2026","passed","Wed Jul 08 14:48:53 UTC 2026","","eu.esdihumboldt.hale.common.filter.CQLFilterTest","eu.esdihumboldt.hale.common.filter.CQLFilterTest","testStringCompare"
"","296","testPropertyJoinNonMatchingTypes","","Wed Jul 08 14:52:07 UTC 2026","passed","Wed Jul 08 14:52:07 UTC 2026","","eu.esdihumboldt.cst.internal.ConceptualSchemaTransformerTest","eu.esdihumboldt.cst.internal.ConceptualSchemaTransformerTest","testPropertyJoinNonMatchingTypes"
"","533","testReadXsdInstancesTypenameWithNamespace","","Wed Jul 08 15:00:31 UTC 2026","passed","Wed Jul 08 15:00:32 UTC 2026","","eu.esdihumboldt.hale.io.shp.ShapeInstanceReaderTest","eu.esdihumboldt.hale.io.shp.ShapeInstanceReaderTest","testReadXsdInstancesTypenameWithNamespace"
"","7","testLikeSchema","","Wed Jul 08 14:48:54 UTC 2026","passed","Wed Jul 08 14:48:54 UTC 2026","","eu.esdihumboldt.hale.common.filter.ECQLFilterTest","eu.esdihumboldt.hale.common.filter.ECQLFilterTest","testLikeSchema"
"","11880","testFromWKT","","Wed Jul 08 14:52:44 UTC 2026","passed","Wed Jul 08 14:52:56 UTC 2026","","eu.esdihumboldt.cst.functions.geometric.test.CRSHelperFunctionsTest","eu.esdihumboldt.cst.functions.geometric.test.CRSHelperFunctionsTest","testFromWKT"
"","2","testDefault","","Wed Jul 08 14:50:43 UTC 2026","passed","Wed Jul 08 14:50:43 UTC 2026","","eu.esdihumboldt.hale.common.schema.model.constraint.factory.type.MappableFlagFactoryTest","eu.esdihumboldt.hale.common.schema.model.constraint.factory.type.MappableFlagFactoryTest","testDefault"
"","48","testRead_shiporder_types_reverse","","Wed Jul 08 15:02:02 UTC 2026","passed","Wed Jul 08 15:02:03 UTC 2026","","eu.esdihumboldt.hale.io.xsd.reader.XmlSchemaReaderTest","eu.esdihumboldt.hale.io.xsd.reader.XmlSchemaReaderTest","testRead_shiporder_types_reverse"
"","5145","testReproject","","Wed Jul 08 14:53:01 UTC 2026","passed","Wed Jul 08 14:53:07 UTC 2026","","eu.esdihumboldt.cst.functions.geometric.test.reprojectgeometry.ReprojectGeometryTest","eu.esdihumboldt.cst.functions.geometric.test.reprojectgeometry.ReprojectGeometryTest","testReproject"
"","95","testWriteFeatures","","Wed Jul 08 14:54:58 UTC 2026","passed","Wed Jul 08 14:54:58 UTC 2026","","eu.esdihumboldt.hale.io.geopackage.GeopackageInstanceWriterTest","eu.esdihumboldt.hale.io.geopackage.GeopackageInstanceWriterTest","testWriteFeatures"
"","1","testNoGeom","","Wed Jul 08 14:50:43 UTC 2026","passed","Wed Jul 08 14:50:43 UTC 2026","","eu.esdihumboldt.hale.common.schema.model.constraint.factory.type.GeometryTypeFactoryTest","eu.esdihumboldt.hale.common.schema.model.constraint.factory.type.GeometryTypeFactoryTest","testNoGeom"
"","93","testAfter","","Wed Jul 08 14:48:53 UTC 2026","passed","Wed Jul 08 14:48:53 UTC 2026","","eu.esdihumboldt.hale.common.filter.CQLFilterTest","eu.esdihumboldt.hale.common.filter.CQLFilterTest","testAfter"
"","31","testRead_definitive_attributegroup","","Wed Jul 08 15:02:03 UTC 2026","passed","Wed Jul 08 15:02:03 UTC 2026","","eu.esdihumboldt.hale.io.xsd.reader.XmlSchemaReaderTest","eu.esdihumboldt.hale.io.xsd.reader.XmlSchemaReaderTest","testRead_definitive_attributegroup"
"","68","testLikeSchema","","Wed Jul 08 14:48:53 UTC 2026","passed","Wed Jul 08 14:48:53 UTC 2026","","eu.esdihumboldt.hale.common.filter.CQLFilterTest","eu.esdihumboldt.hale.common.filter.CQLFilterTest","testLikeSchema"
"","1","simpleFilterTestCQL","","Wed Jul 08 14:48:57 UTC 2026","passed","Wed Jul 08 14:48:57 UTC 2026","","eu.esdihumboldt.hale.common.filter.FilterTest","eu.esdihumboldt.hale.common.filter.FilterTest","simpleFilterTestCQL"
"","8","testLoopStartArray","","Wed Jul 08 15:02:52 UTC 2026","passed","Wed Jul 08 15:02:52 UTC 2026","","eu.esdihumboldt.util.groovy.json.JsonStreamBuilderTest","eu.esdihumboldt.util.groovy.json.JsonStreamBuilderTest","testLoopStartArray"
"","0","testInstanceReader","","Wed Jul 08 14:57:23 UTC 2026","skipped","Wed Jul 08 14:57:23 UTC 2026","","eu.esdihumboldt.hale.io.jdbc.mssql.test.MsSqlDataReaderTest","eu.esdihumboldt.hale.io.jdbc.mssql.test.MsSqlDataReaderTest","testInstanceReader"
"","32","testCallMethod","","Wed Jul 08 14:56:36 UTC 2026","passed","Wed Jul 08 14:56:36 UTC 2026","","eu.esdihumboldt.hale.io.groovy.snippets.GroovySnippetsTest","eu.esdihumboldt.hale.io.groovy.snippets.GroovySnippetsTest","testCallMethod"
"","67","testIDSaveLoad","","Wed Jul 08 14:47:00 UTC 2026","passed","Wed Jul 08 14:47:00 UTC 2026","","eu.esdihumboldt.hale.common.align.io.JaxbAlignmentIOTest","eu.esdihumboldt.hale.common.align.io.JaxbAlignmentIOTest","testIDSaveLoad"
"","15","testSKOSFromRDF5_language_en","","Wed Jul 08 14:53:50 UTC 2026","passed","Wed Jul 08 14:53:50 UTC 2026","","eu.esdihumboldt.hale.io.codelist.skos.test.SkosCodeListTest","eu.esdihumboldt.hale.io.codelist.skos.test.SkosCodeListTest","testSKOSFromRDF5_language_en"
"","2","testOptional","","Wed Jul 08 14:50:42 UTC 2026","passed","Wed Jul 08 14:50:42 UTC 2026","","eu.esdihumboldt.hale.common.schema.model.constraint.factory.property.CardinalityFactoryTest","eu.esdihumboldt.hale.common.schema.model.constraint.factory.property.CardinalityFactoryTest","testOptional"
"","10576","testSimpleAll","","Wed Jul 08 14:47:08 UTC 2026","passed","Wed Jul 08 14:47:19 UTC 2026","","eu.esdihumboldt.hale.common.align.groovy.accessor.EntityAccessorTest","eu.esdihumboldt.hale.common.align.groovy.accessor.EntityAccessorTest","testSimpleAll"
"","3100","testFiltersForMultiType3","","Wed Jul 08 14:46:03 UTC 2026","passed","Wed Jul 08 14:46:06 UTC 2026","","eu.esdihumboldt.hale.app.transform.test.ExecuteTest","eu.esdihumboldt.hale.app.transform.test.ExecuteTest","testFiltersForMultiType3"
"","168","testFilterSame3","","Wed Jul 08 14:47:47 UTC 2026","passed","Wed Jul 08 14:47:47 UTC 2026","","eu.esdihumboldt.hale.common.align.merge.test.impl.DefaultMergeCellMigratorTest","eu.esdihumboldt.hale.common.align.merge.test.impl.DefaultMergeCellMigratorTest","testFilterSame3"
"","0","testMulti1","","Wed Jul 08 14:53:00 UTC 2026","passed","Wed Jul 08 14:53:00 UTC 2026","","eu.esdihumboldt.cst.functions.geometric.test.InteriorPointTest","eu.esdihumboldt.cst.functions.geometric.test.InteriorPointTest","testMulti1"
"","5","testNumberString","","Wed Jul 08 14:48:54 UTC 2026","passed","Wed Jul 08 14:48:54 UTC 2026","","eu.esdihumboldt.hale.common.filter.CQLFilterTest","eu.esdihumboldt.hale.common.filter.CQLFilterTest","testNumberString"
"","5","testVirtualRootPrettyPrint","","Wed Jul 08 15:02:52 UTC 2026","passed","Wed Jul 08 15:02:52 UTC 2026","","eu.esdihumboldt.util.groovy.json.JsonStreamBuilderTest","eu.esdihumboldt.util.groovy.json.JsonStreamBuilderTest","testVirtualRootPrettyPrint"
"","0","testUnifyHoles","","Wed Jul 08 15:02:35 UTC 2026","passed","Wed Jul 08 15:02:35 UTC 2026","","eu.esdihumboldt.util.geometry.WindingOrderTest","eu.esdihumboldt.util.geometry.WindingOrderTest","testUnifyHoles"
"","85","testTemplate","","Wed Jul 08 14:47:03 UTC 2026","passed","Wed Jul 08 14:47:03 UTC 2026","","eu.esdihumboldt.hale.common.align.model.impl.mdexpl.MarkdownCellExplanationTest","eu.esdihumboldt.hale.common.align.model.impl.mdexpl.MarkdownCellExplanationTest","testTemplate"
"","37","testWriteRead","","Wed Jul 08 15:02:52 UTC 2026","passed","Wed Jul 08 15:02:52 UTC 2026","","eu.esdihumboldt.util.groovy.xml.NSDOMBuilderTest","eu.esdihumboldt.util.groovy.xml.NSDOMBuilderTest","testWriteRead"
"","1","testPrimitiveArray2","","Wed Jul 08 14:50:43 UTC 2026","passed","Wed Jul 08 14:50:43 UTC 2026","","eu.esdihumboldt.hale.common.schema.model.constraint.factory.type.BindingFactoryTest","eu.esdihumboldt.hale.common.schema.model.constraint.factory.type.BindingFactoryTest","testPrimitiveArray2"
"","1","testSimpleOverride","","Wed Jul 08 15:02:26 UTC 2026","passed","Wed Jul 08 15:02:26 UTC 2026","","eu.esdihumboldt.util.config.ConfigMergerTest","eu.esdihumboldt.util.config.ConfigMergerTest","testSimpleOverride"
"","6","testAfter","","Wed Jul 08 14:48:54 UTC 2026","passed","Wed Jul 08 14:48:54 UTC 2026","","eu.esdihumboldt.hale.common.filter.ECQLFilterTest","eu.esdihumboldt.hale.common.filter.ECQLFilterTest","testAfter"
"","107","testClassification2","","Wed Jul 08 14:52:19 UTC 2026","passed","Wed Jul 08 14:52:19 UTC 2026","","eu.esdihumboldt.cst.internal.ConceptualSchemaTransformerTest","eu.esdihumboldt.cst.internal.ConceptualSchemaTransformerTest","testClassification2"
"","7","testNestedListMap","","Wed Jul 08 15:02:52 UTC 2026","passed","Wed Jul 08 15:02:52 UTC 2026","","eu.esdihumboldt.util.groovy.json.JsonStreamBuilderTest","eu.esdihumboldt.util.groovy.json.JsonStreamBuilderTest","testNestedListMap"
"","336","testGeometryPrimitive_32_MultiLineString_Curve1","","Wed Jul 08 14:56:14 UTC 2026","passed","Wed Jul 08 14:56:14 UTC 2026","","eu.esdihumboldt.hale.io.gml.writer.internal.StreamGmlWriterTest","eu.esdihumboldt.hale.io.gml.writer.internal.StreamGmlWriterTest","testGeometryPrimitive_32_MultiLineString_Curve1"
"","10873","testParentBindung","","Wed Jul 08 14:56:24 UTC 2026","passed","Wed Jul 08 14:56:35 UTC 2026","","eu.esdihumboldt.hale.io.groovy.snippets.GroovySnippetsTest","eu.esdihumboldt.hale.io.groovy.snippets.GroovySnippetsTest","testParentBindung"
"","4","testNumberString","","Wed Jul 08 14:48:54 UTC 2026","passed","Wed Jul 08 14:48:54 UTC 2026","","eu.esdihumboldt.hale.common.filter.ECQLFilterTest","eu.esdihumboldt.hale.common.filter.ECQLFilterTest","testNumberString"
"","4","testNullNotExistsNoSchema","","Wed Jul 08 14:48:54 UTC 2026","passed","Wed Jul 08 14:48:54 UTC 2026","","eu.esdihumboldt.hale.common.filter.ECQLFilterTest","eu.esdihumboldt.hale.common.filter.ECQLFilterTest","testNullNotExistsNoSchema"
"","79","testRun","","Wed Jul 08 14:56:36 UTC 2026","passed","Wed Jul 08 14:56:36 UTC 2026","","eu.esdihumboldt.hale.io.groovy.snippets.GroovySnippetsTest","eu.esdihumboldt.hale.io.groovy.snippets.GroovySnippetsTest","testRun"
"","23","testGeoJsonSimpleMoreThan_14","","Wed Jul 08 14:59:21 UTC 2026","passed","Wed Jul 08 14:59:21 UTC 2026","","eu.esdihumboldt.hale.io.json.test.InstanceToJsonTest","eu.esdihumboldt.hale.io.json.test.InstanceToJsonTest","testGeoJsonSimpleMoreThan_14"
"","46","testWriteMultipleGeometries","","Wed Jul 08 15:00:38 UTC 2026","passed","Wed Jul 08 15:00:38 UTC 2026","","eu.esdihumboldt.hale.io.shp.ShapefileInstanceWriterTest","eu.esdihumboldt.hale.io.shp.ShapefileInstanceWriterTest","testWriteMultipleGeometries"
"","8","testNumberList","","Wed Jul 08 14:48:54 UTC 2026","passed","Wed Jul 08 14:48:54 UTC 2026","","eu.esdihumboldt.hale.common.filter.ECQLFilterTest","eu.esdihumboldt.hale.common.filter.ECQLFilterTest","testNumberList"
"","3","testCW3","","Wed Jul 08 15:02:36 UTC 2026","passed","Wed Jul 08 15:02:36 UTC 2026","","eu.esdihumboldt.util.geometry.interpolation.model.impl.ArcByCenterPointImplTest","eu.esdihumboldt.util.geometry.interpolation.model.impl.ArcByCenterPointImplTest","testCW3"
"","43","testRead_definitive_annotated","","Wed Jul 08 15:02:02 UTC 2026","passed","Wed Jul 08 15:02:02 UTC 2026","","eu.esdihumboldt.hale.io.xsd.reader.XmlSchemaReaderTest","eu.esdihumboldt.hale.io.xsd.reader.XmlSchemaReaderTest","testRead_definitive_annotated"
"","9","testReadSimple","","Wed Jul 08 14:54:04 UTC 2026","passed","Wed Jul 08 14:54:04 UTC 2026","","eu.esdihumboldt.hale.io.csv.CSVInstanceReaderTest","eu.esdihumboldt.hale.io.csv.CSVInstanceReaderTest","testReadSimple"
"","7","testHalfCircle","","Wed Jul 08 15:02:35 UTC 2026","passed","Wed Jul 08 15:02:35 UTC 2026","","eu.esdihumboldt.util.geometry.interpolation.grid.GridInterpolationTest","eu.esdihumboldt.util.geometry.interpolation.grid.GridInterpolationTest","testHalfCircle"
"","61","checkCyclicTypes","","Wed Jul 08 14:58:10 UTC 2026","passed","Wed Jul 08 14:58:10 UTC 2026","","eu.esdihumboldt.hale.io.jdbc.postgresql.test.CheckSortingForCyclicTypesTest","eu.esdihumboldt.hale.io.jdbc.postgresql.test.CheckSortingForCyclicTypesTest","checkCyclicTypes"
"","1","testLookupAndConsumeMark","","Wed Jul 08 14:48:37 UTC 2026","passed","Wed Jul 08 14:48:37 UTC 2026","","eu.esdihumboldt.hale.common.core.io.supplier.LookupStreamResourceTest","eu.esdihumboldt.hale.common.core.io.supplier.LookupStreamResourceTest","testLookupAndConsumeMark"
"","734","testInspireCodespaceNoAutoAdd","","Wed Jul 08 14:56:05 UTC 2026","passed","Wed Jul 08 14:56:06 UTC 2026","","eu.esdihumboldt.hale.io.gml.writer.internal.StreamGmlWriter2Test","eu.esdihumboldt.hale.io.gml.writer.internal.StreamGmlWriter2Test","testInspireCodespaceNoAutoAdd"
"","0","testPropertiesMix2","","Wed Jul 08 14:52:09 UTC 2026","skipped","Wed Jul 08 14:52:09 UTC 2026","","eu.esdihumboldt.cst.internal.ConceptualSchemaTransformerTest","eu.esdihumboldt.cst.internal.ConceptualSchemaTransformerTest","testPropertiesMix2"
"","4","testNested","","Wed Jul 08 14:59:24 UTC 2026","passed","Wed Jul 08 14:59:24 UTC 2026","","eu.esdihumboldt.hale.io.json.test.JsonSchemaReaderTest","eu.esdihumboldt.hale.io.json.test.JsonSchemaReaderTest","testNested"
"","1966","testMerge","","Wed Jul 08 14:52:04 UTC 2026","passed","Wed Jul 08 14:52:06 UTC 2026","","eu.esdihumboldt.cst.internal.ConceptualSchemaTransformerTest","eu.esdihumboldt.cst.internal.ConceptualSchemaTransformerTest","testMerge"
"","133","testSinglePolyGeometryWithLongAttributeNamesWithSingleInstance","","Wed Jul 08 15:00:34 UTC 2026","passed","Wed Jul 08 15:00:34 UTC 2026","","eu.esdihumboldt.hale.io.shp.ShapefileInstanceWriterTest","eu.esdihumboldt.hale.io.shp.ShapefileInstanceWriterTest","testSinglePolyGeometryWithLongAttributeNamesWithSingleInstance"
"","0","testPropertiesMix","","Wed Jul 08 14:52:09 UTC 2026","skipped","Wed Jul 08 14:52:09 UTC 2026","","eu.esdihumboldt.cst.internal.ConceptualSchemaTransformerTest","eu.esdihumboldt.cst.internal.ConceptualSchemaTransformerTest","testPropertiesMix"
"","0","testGeoIntersect","","Wed Jul 08 14:48:54 UTC 2026","skipped","Wed Jul 08 14:48:54 UTC 2026","","eu.esdihumboldt.hale.common.filter.ECQLFilterTest","eu.esdihumboldt.hale.common.filter.ECQLFilterTest","testGeoIntersect"
"","17","testFormatter[0]","","Wed Jul 08 15:02:31 UTC 2026","passed","Wed Jul 08 15:02:31 UTC 2026","","eu.esdihumboldt.util.geometry.DecimalFormatUtilTest","eu.esdihumboldt.util.geometry.DecimalFormatUtilTest","testFormatter[0]"
"","176","testMultiResult2","","Wed Jul 08 14:52:09 UTC 2026","passed","Wed Jul 08 14:52:09 UTC 2026","","eu.esdihumboldt.cst.internal.ConceptualSchemaTransformerTest","eu.esdihumboldt.cst.internal.ConceptualSchemaTransformerTest","testMultiResult2"
"","0","testFormatter[11]","","Wed Jul 08 15:02:31 UTC 2026","passed","Wed Jul 08 15:02:31 UTC 2026","","eu.esdihumboldt.util.geometry.DecimalFormatUtilTest","eu.esdihumboldt.util.geometry.DecimalFormatUtilTest","testFormatter[11]"
"","64","groovyStuffDisallowed","","Wed Jul 08 15:03:10 UTC 2026","passed","Wed Jul 08 15:03:10 UTC 2026","","eu.esdihumboldt.util.groovy.sandbox.test.internal.GroovySandboxTest","eu.esdihumboldt.util.groovy.sandbox.test.internal.GroovySandboxTest","groovyStuffDisallowed"
"","184","mergeJoinsWithJoin_abstract1","","Wed Jul 08 14:47:54 UTC 2026","passed","Wed Jul 08 14:47:54 UTC 2026","","eu.esdihumboldt.hale.common.align.merge.test.impl.JoinMergeTest","eu.esdihumboldt.hale.common.align.merge.test.impl.JoinMergeTest","mergeJoinsWithJoin_abstract1"
"","201","testInnerJoinFirstLevel","","Wed Jul 08 14:52:18 UTC 2026","passed","Wed Jul 08 14:52:18 UTC 2026","","eu.esdihumboldt.cst.internal.ConceptualSchemaTransformerTest","eu.esdihumboldt.cst.internal.ConceptualSchemaTransformerTest","testInnerJoinFirstLevel"
"","61","testGeoBbox","","Wed Jul 08 14:48:53 UTC 2026","passed","Wed Jul 08 14:48:53 UTC 2026","","eu.esdihumboldt.hale.common.filter.CQLFilterTest","eu.esdihumboldt.hale.common.filter.CQLFilterTest","testGeoBbox"
"","13","testReadSingleObject","","Wed Jul 08 14:59:23 UTC 2026","passed","Wed Jul 08 14:59:23 UTC 2026","","eu.esdihumboldt.hale.io.json.test.JsonInstanceCollectionTest","eu.esdihumboldt.hale.io.json.test.JsonInstanceCollectionTest","testReadSingleObject"
"","214","testMergeWithoutAdditionalProp","","Wed Jul 08 14:52:17 UTC 2026","passed","Wed Jul 08 14:52:17 UTC 2026","","eu.esdihumboldt.cst.internal.ConceptualSchemaTransformerTest","eu.esdihumboldt.cst.internal.ConceptualSchemaTransformerTest","testMergeWithoutAdditionalProp"
"","0","testSimpleContentAttribute","","Wed Jul 08 14:52:17 UTC 2026","skipped","Wed Jul 08 14:52:17 UTC 2026","","eu.esdihumboldt.cst.internal.ConceptualSchemaTransformerTest","eu.esdihumboldt.cst.internal.ConceptualSchemaTransformerTest","testSimpleContentAttribute"
"","1","testSimple","","Wed Jul 08 15:02:00 UTC 2026","passed","Wed Jul 08 15:02:00 UTC 2026","","eu.esdihumboldt.hale.io.xsd.anytype.valuetypes.CustomTypeContentTypeTest","eu.esdihumboldt.hale.io.xsd.anytype.valuetypes.CustomTypeContentTypeTest","testSimple"
"","3","testFormatter[6]","","Wed Jul 08 15:02:31 UTC 2026","passed","Wed Jul 08 15:02:31 UTC 2026","","eu.esdihumboldt.util.geometry.DecimalFormatUtilTest","eu.esdihumboldt.util.geometry.DecimalFormatUtilTest","testFormatter[6]"
"","7","testLoadWFS11Capabilities","","Wed Jul 08 15:01:16 UTC 2026","passed","Wed Jul 08 15:01:16 UTC 2026","","eu.esdihumboldt.hale.io.wfs.test.capabilities.CapabilitiesHelperTest","eu.esdihumboldt.hale.io.wfs.test.capabilities.CapabilitiesHelperTest","testLoadWFS11Capabilities"
"","111","testReadFromFolder","","Wed Jul 08 15:00:32 UTC 2026","passed","Wed Jul 08 15:00:32 UTC 2026","","eu.esdihumboldt.hale.io.shp.ShapeInstanceReaderTest","eu.esdihumboldt.hale.io.shp.ShapeInstanceReaderTest","testReadFromFolder"
"","9","testReadEmptySheet","","Wed Jul 08 15:01:40 UTC 2026","passed","Wed Jul 08 15:01:40 UTC 2026","","eu.esdihumboldt.hale.io.xls.test.reader.XLSReaderTest","eu.esdihumboldt.hale.io.xls.test.reader.XLSReaderTest","testReadEmptySheet"
"","0","testSimple","","Wed Jul 08 14:48:25 UTC 2026","passed","Wed Jul 08 14:48:25 UTC 2026","","eu.esdihumboldt.hale.common.core.io.PathUpdateTest","eu.esdihumboldt.hale.common.core.io.PathUpdateTest","testSimple"
"","5","testInstanceNoValueNullSchema","","Wed Jul 08 14:48:54 UTC 2026","passed","Wed Jul 08 14:48:54 UTC 2026","","eu.esdihumboldt.hale.common.filter.ECQLFilterTest","eu.esdihumboldt.hale.common.filter.ECQLFilterTest","testInstanceNoValueNullSchema"
"","570","testSaveLoad","","Wed Jul 08 14:48:37 UTC 2026","passed","Wed Jul 08 14:48:37 UTC 2026","","eu.esdihumboldt.hale.common.core.io.project.ProjectTest","eu.esdihumboldt.hale.common.core.io.project.ProjectTest","testSaveLoad"
"","73","testOffsetBig","","Wed Jul 08 15:02:36 UTC 2026","passed","Wed Jul 08 15:02:36 UTC 2026","","eu.esdihumboldt.util.geometry.interpolation.split.SplitInterpolationTest","eu.esdihumboldt.util.geometry.interpolation.split.SplitInterpolationTest","testOffsetBig"
"","1","testGetVersion","","Wed Jul 08 14:48:24 UTC 2026","skipped","Wed Jul 08 14:48:24 UTC 2026","","eu.esdihumboldt.hale.common.core.HalePlatformTest","eu.esdihumboldt.hale.common.core.HalePlatformTest","testGetVersion"
"","101","testReadGeoJsonArray","","Wed Jul 08 14:59:23 UTC 2026","passed","Wed Jul 08 14:59:23 UTC 2026","","eu.esdihumboldt.hale.io.json.test.JsonInstanceCollectionTest","eu.esdihumboldt.hale.io.json.test.JsonInstanceCollectionTest","testReadGeoJsonArray"
"","1","testInstanceReader","","Wed Jul 08 14:57:23 UTC 2026","skipped","Wed Jul 08 14:57:23 UTC 2026","","eu.esdihumboldt.hale.io.jdbc.mssql.test.MsSQLServer14Test","eu.esdihumboldt.hale.io.jdbc.mssql.test.MsSQLServer14Test","testInstanceReader"
"","2","testCMNested1","","Wed Jul 08 14:51:46 UTC 2026","skipped","Wed Jul 08 14:51:46 UTC 2026","","eu.esdihumboldt.cst.internal.ConceptualSchemaTransformerTest","eu.esdihumboldt.cst.internal.ConceptualSchemaTransformerTest","testCMNested1"
"","14","testMerge4","","Wed Jul 08 14:48:38 UTC 2026","passed","Wed Jul 08 14:48:38 UTC 2026","","eu.esdihumboldt.hale.common.core.report.util.StatsMergeTest","eu.esdihumboldt.hale.common.core.report.util.StatsMergeTest","testMerge4"
"","3","testNamespaceIndexChildContext","","Wed Jul 08 14:47:20 UTC 2026","passed","Wed Jul 08 14:47:20 UTC 2026","","eu.esdihumboldt.hale.common.align.groovy.accessor.EntityAccessorTest","eu.esdihumboldt.hale.common.align.groovy.accessor.EntityAccessorTest","testNamespaceIndexChildContext"
"","75","testWriteSimpleSchemaWithByteArrayOutputStream","","Wed Jul 08 14:54:19 UTC 2026","passed","Wed Jul 08 14:54:19 UTC 2026","","eu.esdihumboldt.hale.io.csv.writer.CSVInstanceWriterTest","eu.esdihumboldt.hale.io.csv.writer.CSVInstanceWriterTest","testWriteSimpleSchemaWithByteArrayOutputStream"
"","10159","testConvert","","Wed Jul 08 14:48:09 UTC 2026","passed","Wed Jul 08 14:48:19 UTC 2026","","eu.esdihumboldt.hale.common.config.ConfigValueTest","eu.esdihumboldt.hale.common.config.ConfigValueTest","testConvert"
"","12","testNotEqualSimple","","Wed Jul 08 14:48:53 UTC 2026","passed","Wed Jul 08 14:48:53 UTC 2026","","eu.esdihumboldt.hale.common.filter.CQLFilterTest","eu.esdihumboldt.hale.common.filter.CQLFilterTest","testNotEqualSimple"
"","140","testOverwriteFailsWhenFileCannotBeDeleted","","Wed Jul 08 14:54:58 UTC 2026","passed","Wed Jul 08 14:54:58 UTC 2026","","eu.esdihumboldt.hale.io.geopackage.GeopackageInstanceWriterTest","eu.esdihumboldt.hale.io.geopackage.GeopackageInstanceWriterTest","testOverwriteFailsWhenFileCannotBeDeleted"
"","3","testMultipleProperties","","Wed Jul 08 14:59:24 UTC 2026","passed","Wed Jul 08 14:59:24 UTC 2026","","eu.esdihumboldt.hale.io.json.test.JsonSchemaReaderTest","eu.esdihumboldt.hale.io.json.test.JsonSchemaReaderTest","testMultipleProperties"
"","0","testHasNext2","","Wed Jul 08 15:03:16 UTC 2026","skipped","Wed Jul 08 15:03:16 UTC 2026","","eu.esdihumboldt.util.orient.embedded.BrowseClassIterateTest","eu.esdihumboldt.util.orient.embedded.BrowseClassIterateTest","testHasNext2"
"","0","testFileRelative2","","Wed Jul 08 15:02:00 UTC 2026","passed","Wed Jul 08 15:02:00 UTC 2026","","eu.esdihumboldt.hale.io.xsd.reader.HumboldtURIResolverTest","eu.esdihumboldt.hale.io.xsd.reader.HumboldtURIResolverTest","testFileRelative2"
"","218","testBaseAlignmentSaveLoad","","Wed Jul 08 14:46:50 UTC 2026","passed","Wed Jul 08 14:46:50 UTC 2026","","eu.esdihumboldt.hale.common.align.io.CastorAlignmentIOTest","eu.esdihumboldt.hale.common.align.io.CastorAlignmentIOTest","testBaseAlignmentSaveLoad"
"","1935","testLoadFile","","Wed Jul 08 14:54:29 UTC 2026","passed","Wed Jul 08 14:54:31 UTC 2026","","eu.esdihumboldt.hale.io.geopackage.GeopackageApiTest","eu.esdihumboldt.hale.io.geopackage.GeopackageApiTest","testLoadFile"
"","6","testHalfCircleAllGrid","","Wed Jul 08 15:02:35 UTC 2026","passed","Wed Jul 08 15:02:35 UTC 2026","","eu.esdihumboldt.util.geometry.interpolation.grid.GridInterpolationTest","eu.esdihumboldt.util.geometry.interpolation.grid.GridInterpolationTest","testHalfCircleAllGrid"
"","6","testStringBetween","","Wed Jul 08 14:48:54 UTC 2026","passed","Wed Jul 08 14:48:54 UTC 2026","","eu.esdihumboldt.hale.common.filter.CQLFilterTest","eu.esdihumboldt.hale.common.filter.CQLFilterTest","testStringBetween"
"","147","testGroovyWarningScript","","Wed Jul 08 14:47:52 UTC 2026","passed","Wed Jul 08 14:47:52 UTC 2026","","eu.esdihumboldt.hale.common.align.merge.test.impl.DefaultMergeCellMigratorTest","eu.esdihumboldt.hale.common.align.merge.test.impl.DefaultMergeCellMigratorTest","testGroovyWarningScript"
"","21","testOffsetCircle","","Wed Jul 08 15:02:35 UTC 2026","passed","Wed Jul 08 15:02:35 UTC 2026","","eu.esdihumboldt.util.geometry.interpolation.grid.GridInterpolationTest","eu.esdihumboldt.util.geometry.interpolation.grid.GridInterpolationTest","testOffsetCircle"
"","265","testMsAccessSchemaReaderForMdbTest","","Wed Jul 08 14:57:18 UTC 2026","passed","Wed Jul 08 14:57:18 UTC 2026","","eu.esdihumboldt.hale.io.jdbc.msaccess.reader.MsAccessSchemaReaderTest","eu.esdihumboldt.hale.io.jdbc.msaccess.reader.MsAccessSchemaReaderTest","testMsAccessSchemaReaderForMdbTest"
"","1","testSample1","","Wed Jul 08 15:02:36 UTC 2026","passed","Wed Jul 08 15:02:36 UTC 2026","","eu.esdihumboldt.util.geometry.interpolation.grid.GridUtilTest","eu.esdihumboldt.util.geometry.interpolation.grid.GridUtilTest","testSample1"
"","91","testConsumeList","","Wed Jul 08 14:53:22 UTC 2026","passed","Wed Jul 08 14:53:22 UTC 2026","","eu.esdihumboldt.cst.functions.groovy.helpers.util.CollectorTest","eu.esdihumboldt.cst.functions.groovy.helpers.util.CollectorTest","testConsumeList"
"","14","testDefinedTypeReference","","Wed Jul 08 14:51:01 UTC 2026","passed","Wed Jul 08 14:51:01 UTC 2026","","eu.esdihumboldt.hale.common.schema.groovy.SchemaBuilderTest","eu.esdihumboldt.hale.common.schema.groovy.SchemaBuilderTest","testDefinedTypeReference"
"","320","testWfsPaginationIgnoreNumberMatched","","Wed Jul 08 14:56:00 UTC 2026","passed","Wed Jul 08 14:56:00 UTC 2026","","eu.esdihumboldt.hale.io.gml.reader.internal.StreamGmlReaderTest","eu.esdihumboldt.hale.io.gml.reader.internal.StreamGmlReaderTest","testWfsPaginationIgnoreNumberMatched"
"","2","testElements","","Wed Jul 08 15:02:00 UTC 2026","passed","Wed Jul 08 15:02:00 UTC 2026","","eu.esdihumboldt.hale.io.xsd.anytype.valuetypes.CustomTypeContentTypeTest","eu.esdihumboldt.hale.io.xsd.anytype.valuetypes.CustomTypeContentTypeTest","testElements"
"","2994","simpleSchemaWriteTest","","Wed Jul 08 15:00:34 UTC 2026","passed","Wed Jul 08 15:00:37 UTC 2026","","eu.esdihumboldt.hale.io.shp.ShapefileInstanceWriterTest","eu.esdihumboldt.hale.io.shp.ShapefileInstanceWriterTest","simpleSchemaWriteTest"
"","14","testInstanceNullSchema","","Wed Jul 08 14:48:53 UTC 2026","passed","Wed Jul 08 14:48:53 UTC 2026","","eu.esdihumboldt.hale.common.filter.CQLFilterTest","eu.esdihumboldt.hale.common.filter.CQLFilterTest","testInstanceNullSchema"
"","6","testSimpleAll","","Wed Jul 08 14:51:01 UTC 2026","passed","Wed Jul 08 14:51:01 UTC 2026","","eu.esdihumboldt.hale.common.schema.groovy.DefinitionAccessorTest","eu.esdihumboldt.hale.common.schema.groovy.DefinitionAccessorTest","testSimpleAll"
"","0","testGeometry_2_MultiLineString","","Wed Jul 08 14:56:13 UTC 2026","skipped","Wed Jul 08 14:56:13 UTC 2026","","eu.esdihumboldt.hale.io.gml.writer.internal.StreamGmlWriterTest","eu.esdihumboldt.hale.io.gml.writer.internal.StreamGmlWriterTest","testGeometry_2_MultiLineString"
"","15","testJsonBuilderTypeSafe","","Wed Jul 08 15:02:52 UTC 2026","passed","Wed Jul 08 15:02:52 UTC 2026","","eu.esdihumboldt.util.groovy.json.JsonStreamBuilderTest","eu.esdihumboldt.util.groovy.json.JsonStreamBuilderTest","testJsonBuilderTypeSafe"
"","229","mergeJoinWithRetype","","Wed Jul 08 14:47:50 UTC 2026","passed","Wed Jul 08 14:47:51 UTC 2026","","eu.esdihumboldt.hale.common.align.merge.test.impl.DefaultMergeCellMigratorTest","eu.esdihumboldt.hale.common.align.merge.test.impl.DefaultMergeCellMigratorTest","mergeJoinWithRetype"
"","2","testNotOrigin","","Wed Jul 08 15:02:36 UTC 2026","passed","Wed Jul 08 15:02:36 UTC 2026","","eu.esdihumboldt.util.geometry.interpolation.model.impl.ArcByPointsImplTest","eu.esdihumboldt.util.geometry.interpolation.model.impl.ArcByPointsImplTest","testNotOrigin"
"","39","testRead_definitive_chapter03","","Wed Jul 08 15:02:02 UTC 2026","passed","Wed Jul 08 15:02:02 UTC 2026","","eu.esdihumboldt.hale.io.xsd.reader.XmlSchemaReaderTest","eu.esdihumboldt.hale.io.xsd.reader.XmlSchemaReaderTest","testRead_definitive_chapter03"
"","197","testFilterSame1","","Wed Jul 08 14:47:47 UTC 2026","passed","Wed Jul 08 14:47:47 UTC 2026","","eu.esdihumboldt.hale.common.align.merge.test.impl.DefaultMergeCellMigratorTest","eu.esdihumboldt.hale.common.align.merge.test.impl.DefaultMergeCellMigratorTest","testFilterSame1"
"","356","testReadXsdInstancesTypenameWithoutNamespace","","Wed Jul 08 15:00:32 UTC 2026","passed","Wed Jul 08 15:00:32 UTC 2026","","eu.esdihumboldt.hale.io.shp.ShapeInstanceReaderTest","eu.esdihumboldt.hale.io.shp.ShapeInstanceReaderTest","testReadXsdInstancesTypenameWithoutNamespace"
"","5","testReadWithPointDecimal","","Wed Jul 08 14:54:04 UTC 2026","passed","Wed Jul 08 14:54:04 UTC 2026","","eu.esdihumboldt.hale.io.csv.CSVInstanceReaderTest","eu.esdihumboldt.hale.io.csv.CSVInstanceReaderTest","testReadWithPointDecimal"
"","58","testReadMultiSheetTypeSettingsNamed","","Wed Jul 08 15:01:40 UTC 2026","passed","Wed Jul 08 15:01:40 UTC 2026","","eu.esdihumboldt.hale.io.xls.test.reader.XLSReaderTest","eu.esdihumboldt.hale.io.xls.test.reader.XLSReaderTest","testReadMultiSheetTypeSettingsNamed"
"","4415","checkComplexOrder","","Wed Jul 08 14:58:06 UTC 2026","passed","Wed Jul 08 14:58:10 UTC 2026","","eu.esdihumboldt.hale.io.jdbc.postgresql.test.CheckComplexTypeOrderIT","eu.esdihumboldt.hale.io.jdbc.postgresql.test.CheckComplexTypeOrderIT","checkComplexOrder"
"","0","testSchemaReader","","Wed Jul 08 14:57:23 UTC 2026","skipped","Wed Jul 08 14:57:23 UTC 2026","","eu.esdihumboldt.hale.io.jdbc.mssql.test.MsSqlDataReaderTest","eu.esdihumboldt.hale.io.jdbc.mssql.test.MsSqlDataReaderTest","testSchemaReader"
"","204","testTypeFilter3","","Wed Jul 08 14:47:49 UTC 2026","passed","Wed Jul 08 14:47:49 UTC 2026","","eu.esdihumboldt.hale.common.align.merge.test.impl.DefaultMergeCellMigratorTest","eu.esdihumboldt.hale.common.align.merge.test.impl.DefaultMergeCellMigratorTest","testTypeFilter3"
"","276","mergeJoinsWithJoin_sample_hydro","","Wed Jul 08 14:47:54 UTC 2026","passed","Wed Jul 08 14:47:54 UTC 2026","","eu.esdihumboldt.hale.common.align.merge.test.impl.JoinMergeTest","eu.esdihumboldt.hale.common.align.merge.test.impl.JoinMergeTest","mergeJoinsWithJoin_sample_hydro"
"","22","testGeoJsonSimple_14","","Wed Jul 08 14:59:21 UTC 2026","passed","Wed Jul 08 14:59:21 UTC 2026","","eu.esdihumboldt.hale.io.json.test.InstanceToJsonTest","eu.esdihumboldt.hale.io.json.test.InstanceToJsonTest","testGeoJsonSimple_14"
"","106","testStructuralRename3","","Wed Jul 08 14:52:22 UTC 2026","passed","Wed Jul 08 14:52:22 UTC 2026","","eu.esdihumboldt.cst.internal.ConceptualSchemaTransformerTest","eu.esdihumboldt.cst.internal.ConceptualSchemaTransformerTest","testStructuralRename3"
"","102","testWriteMultiSchemasWithDifferentGeometryTypes","","Wed Jul 08 15:00:38 UTC 2026","passed","Wed Jul 08 15:00:38 UTC 2026","","eu.esdihumboldt.hale.io.shp.ShapefileInstanceWriterTest","eu.esdihumboldt.hale.io.shp.ShapefileInstanceWriterTest","testWriteMultiSchemasWithDifferentGeometryTypes"
"","9262","testEqualitySimple","","Wed Jul 08 14:48:43 UTC 2026","passed","Wed Jul 08 14:48:52 UTC 2026","","eu.esdihumboldt.hale.common.filter.CQLFilterTest","eu.esdihumboldt.hale.common.filter.CQLFilterTest","testEqualitySimple"
"","0","testChoice","","Wed Jul 08 14:52:21 UTC 2026","skipped","Wed Jul 08 14:52:21 UTC 2026","","eu.esdihumboldt.cst.internal.ConceptualSchemaTransformerTest","eu.esdihumboldt.cst.internal.ConceptualSchemaTransformerTest","testChoice"
"","2","testMerge3","","Wed Jul 08 14:48:37 UTC 2026","passed","Wed Jul 08 14:48:38 UTC 2026","","eu.esdihumboldt.hale.common.core.report.util.StatsMergeTest","eu.esdihumboldt.hale.common.core.report.util.StatsMergeTest","testMerge3"
"","4075","testLoadFilterNoDuplicates","","Wed Jul 08 14:55:12 UTC 2026","passed","Wed Jul 08 14:55:16 UTC 2026","","eu.esdihumboldt.hale.io.gml.reader.internal.GmlInstanceCollectionTest","eu.esdihumboldt.hale.io.gml.reader.internal.GmlInstanceCollectionTest","testLoadFilterNoDuplicates"
"","488","testReadInstancesXsdGmlConflict","","Wed Jul 08 14:54:55 UTC 2026","passed","Wed Jul 08 14:54:56 UTC 2026","","eu.esdihumboldt.hale.io.geopackage.GeopackageInstanceReaderTest","eu.esdihumboldt.hale.io.geopackage.GeopackageInstanceReaderTest","testReadInstancesXsdGmlConflict"
"","65","testLoadShiporder","","Wed Jul 08 14:49:10 UTC 2026","passed","Wed Jul 08 14:49:10 UTC 2026","","eu.esdihumboldt.hale.common.instance.helper.PropertyResolverTest","eu.esdihumboldt.hale.common.instance.helper.PropertyResolverTest","testLoadShiporder"
"","0","testGeometry_2_Polygon","","Wed Jul 08 14:56:15 UTC 2026","skipped","Wed Jul 08 14:56:15 UTC 2026","","eu.esdihumboldt.hale.io.gml.writer.internal.StreamGmlWriterTest","eu.esdihumboldt.hale.io.gml.writer.internal.StreamGmlWriterTest","testGeometry_2_Polygon"
"","1","testHalfmoonThin","","Wed Jul 08 14:53:00 UTC 2026","passed","Wed Jul 08 14:53:00 UTC 2026","","eu.esdihumboldt.cst.functions.geometric.test.InteriorPointTest","eu.esdihumboldt.cst.functions.geometric.test.InteriorPointTest","testHalfmoonThin"
"","217","testRef","","Wed Jul 08 14:50:42 UTC 2026","passed","Wed Jul 08 14:50:43 UTC 2026","","eu.esdihumboldt.hale.common.schema.model.constraint.factory.property.ReferenceFactoryTest","eu.esdihumboldt.hale.common.schema.model.constraint.factory.property.ReferenceFactoryTest","testRef"
"","162","testRetypeConditionRenameTypeFiltered","","Wed Jul 08 14:47:55 UTC 2026","passed","Wed Jul 08 14:47:56 UTC 2026","","eu.esdihumboldt.hale.common.align.merge.test.impl.JoinRetainConditionsTest","eu.esdihumboldt.hale.common.align.merge.test.impl.JoinRetainConditionsTest","testRetypeConditionRenameTypeFiltered"
"","14","testReadFirstArray","","Wed Jul 08 14:59:23 UTC 2026","passed","Wed Jul 08 14:59:23 UTC 2026","","eu.esdihumboldt.hale.io.json.test.JsonInstanceCollectionTest","eu.esdihumboldt.hale.io.json.test.JsonInstanceCollectionTest","testReadFirstArray"
"","85","testLoadWVAIgnoreNamespace","","Wed Jul 08 14:55:12 UTC 2026","passed","Wed Jul 08 14:55:12 UTC 2026","","eu.esdihumboldt.hale.io.gml.reader.internal.GmlInstanceCollectionTest","eu.esdihumboldt.hale.io.gml.reader.internal.GmlInstanceCollectionTest","testLoadWVAIgnoreNamespace"
"","1","testLoadShiporderECQL","","Wed Jul 08 14:48:58 UTC 2026","skipped","Wed Jul 08 14:48:58 UTC 2026","","eu.esdihumboldt.hale.common.filter.FilterTest","eu.esdihumboldt.hale.common.filter.FilterTest","testLoadShiporderECQL"
"","16","testEnabled","","Wed Jul 08 14:50:43 UTC 2026","passed","Wed Jul 08 14:50:43 UTC 2026","","eu.esdihumboldt.hale.common.schema.model.constraint.factory.type.HasValueFlagFactoryTest","eu.esdihumboldt.hale.common.schema.model.constraint.factory.type.HasValueFlagFactoryTest","testEnabled"
"","2","testDefault","","Wed Jul 08 14:50:42 UTC 2026","passed","Wed Jul 08 14:50:42 UTC 2026","","eu.esdihumboldt.hale.common.schema.model.constraint.factory.property.NillableFlagFactoryTest","eu.esdihumboldt.hale.common.schema.model.constraint.factory.property.NillableFlagFactoryTest","testDefault"
"","40","testSKOSFromRDF4_language_de","","Wed Jul 08 14:53:50 UTC 2026","passed","Wed Jul 08 14:53:50 UTC 2026","","eu.esdihumboldt.hale.io.codelist.skos.test.SkosCodeListTest","eu.esdihumboldt.hale.io.codelist.skos.test.SkosCodeListTest","testSKOSFromRDF4_language_de"
"","1","testFormatter[5]","","Wed Jul 08 15:02:31 UTC 2026","passed","Wed Jul 08 15:02:31 UTC 2026","","eu.esdihumboldt.util.geometry.DecimalFormatUtilTest","eu.esdihumboldt.util.geometry.DecimalFormatUtilTest","testFormatter[5]"
"","6","testLoopArrayTypeSafe","","Wed Jul 08 15:02:52 UTC 2026","passed","Wed Jul 08 15:02:52 UTC 2026","","eu.esdihumboldt.util.groovy.json.JsonStreamBuilderTest","eu.esdihumboldt.util.groovy.json.JsonStreamBuilderTest","testLoopArrayTypeSafe"
"","326","testGeometryPrimitive_32_MultiPolygon_WindingOrder","","Wed Jul 08 14:56:16 UTC 2026","passed","Wed Jul 08 14:56:16 UTC 2026","","eu.esdihumboldt.hale.io.gml.writer.internal.StreamGmlWriterTest","eu.esdihumboldt.hale.io.gml.writer.internal.StreamGmlWriterTest","testGeometryPrimitive_32_MultiPolygon_WindingOrder"
"","77","testTriangle","","Wed Jul 08 14:53:00 UTC 2026","passed","Wed Jul 08 14:53:00 UTC 2026","","eu.esdihumboldt.cst.functions.geometric.test.InteriorPointTest","eu.esdihumboldt.cst.functions.geometric.test.InteriorPointTest","testTriangle"
"","208","testDuplicateRule","","Wed Jul 08 14:59:39 UTC 2026","passed","Wed Jul 08 14:59:39 UTC 2026","","eu.esdihumboldt.hale.io.schematron.SchematronInstanceValidatorTest","eu.esdihumboldt.hale.io.schematron.SchematronInstanceValidatorTest","testDuplicateRule"
"","166","testCMMulti1","","Wed Jul 08 14:52:19 UTC 2026","passed","Wed Jul 08 14:52:19 UTC 2026","","eu.esdihumboldt.cst.internal.ConceptualSchemaTransformerTest","eu.esdihumboldt.cst.internal.ConceptualSchemaTransformerTest","testCMMulti1"
"","372","testWfsPaginationBasinFeatures","","Wed Jul 08 14:55:55 UTC 2026","passed","Wed Jul 08 14:55:56 UTC 2026","","eu.esdihumboldt.hale.io.gml.reader.internal.StreamGmlReaderTest","eu.esdihumboldt.hale.io.gml.reader.internal.StreamGmlReaderTest","testWfsPaginationBasinFeatures"
"","10","testDoubleObject2","","Wed Jul 08 15:02:52 UTC 2026","passed","Wed Jul 08 15:02:52 UTC 2026","","eu.esdihumboldt.util.groovy.json.JsonStreamBuilderTest","eu.esdihumboldt.util.groovy.json.JsonStreamBuilderTest","testDoubleObject2"
"","21","testInvalidKey1","","Wed Jul 08 15:02:26 UTC 2026","passed","Wed Jul 08 15:02:26 UTC 2026","","eu.esdihumboldt.util.config.ConfigTest","eu.esdihumboldt.util.config.ConfigTest","testInvalidKey1"
"","11","testNullNoSchema","","Wed Jul 08 14:48:54 UTC 2026","passed","Wed Jul 08 14:48:54 UTC 2026","","eu.esdihumboldt.hale.common.filter.CQLFilterTest","eu.esdihumboldt.hale.common.filter.CQLFilterTest","testNullNoSchema"
"","4226","testArrayTypes","","Wed Jul 08 14:58:14 UTC 2026","passed","Wed Jul 08 14:58:19 UTC 2026","","eu.esdihumboldt.hale.io.jdbc.postgresql.test.MultiDimensionalArraysIT","eu.esdihumboldt.hale.io.jdbc.postgresql.test.MultiDimensionalArraysIT","testArrayTypes"
"","7771","testDataTypes","","Wed Jul 08 14:58:31 UTC 2026","passed","Wed Jul 08 14:58:39 UTC 2026","","eu.esdihumboldt.hale.io.jdbc.postgresql.test.PostDataTypesIT","eu.esdihumboldt.hale.io.jdbc.postgresql.test.PostDataTypesIT","testDataTypes"
"","0","testRange","","Wed Jul 08 14:51:01 UTC 2026","passed","Wed Jul 08 14:51:01 UTC 2026","","eu.esdihumboldt.hale.common.schema.groovy.constraints.CardinalityFactoryTest","eu.esdihumboldt.hale.common.schema.groovy.constraints.CardinalityFactoryTest","testRange"
"","6","testReadModeDefault","","Wed Jul 08 14:59:24 UTC 2026","passed","Wed Jul 08 14:59:24 UTC 2026","","eu.esdihumboldt.hale.io.json.test.JsonInstanceReaderTest","eu.esdihumboldt.hale.io.json.test.JsonInstanceReaderTest","testReadModeDefault"
"","200","testTypeFilter2","","Wed Jul 08 14:47:49 UTC 2026","passed","Wed Jul 08 14:47:49 UTC 2026","","eu.esdihumboldt.hale.common.align.merge.test.impl.DefaultMergeCellMigratorTest","eu.esdihumboldt.hale.common.align.merge.test.impl.DefaultMergeCellMigratorTest","testTypeFilter2"
"","10675","testToFrom","","Wed Jul 08 14:48:25 UTC 2026","passed","Wed Jul 08 14:48:36 UTC 2026","","eu.esdihumboldt.hale.common.core.io.impl.TextTypeJsonTest","eu.esdihumboldt.hale.common.core.io.impl.TextTypeJsonTest","testToFrom"
"","3119","testArgsFileWOFilterForMultiTypesSource","","Wed Jul 08 14:45:52 UTC 2026","passed","Wed Jul 08 14:45:55 UTC 2026","","eu.esdihumboldt.hale.app.transform.test.ExecuteTest","eu.esdihumboldt.hale.app.transform.test.ExecuteTest","testArgsFileWOFilterForMultiTypesSource"
"","25","testRead_shiporder_types_cycle","","Wed Jul 08 15:02:03 UTC 2026","passed","Wed Jul 08 15:02:03 UTC 2026","","eu.esdihumboldt.hale.io.xsd.reader.XmlSchemaReaderTest","eu.esdihumboldt.hale.io.xsd.reader.XmlSchemaReaderTest","testRead_shiporder_types_cycle"
"","3","testCCW2","","Wed Jul 08 15:02:36 UTC 2026","passed","Wed Jul 08 15:02:36 UTC 2026","","eu.esdihumboldt.util.geometry.interpolation.model.impl.ArcByCenterPointImplTest","eu.esdihumboldt.util.geometry.interpolation.model.impl.ArcByCenterPointImplTest","testCCW2"
"","2","simpleFilterTestECQL","","Wed Jul 08 14:48:58 UTC 2026","passed","Wed Jul 08 14:48:58 UTC 2026","","eu.esdihumboldt.hale.common.filter.FilterTest","eu.esdihumboldt.hale.common.filter.FilterTest","simpleFilterTestECQL"
"","5","testInstanceNullSchema","","Wed Jul 08 14:48:54 UTC 2026","passed","Wed Jul 08 14:48:54 UTC 2026","","eu.esdihumboldt.hale.common.filter.ECQLFilterTest","eu.esdihumboldt.hale.common.filter.ECQLFilterTest","testInstanceNullSchema"
"","4","testNullNotExistsSchema","","Wed Jul 08 14:48:54 UTC 2026","passed","Wed Jul 08 14:48:54 UTC 2026","","eu.esdihumboldt.hale.common.filter.CQLFilterTest","eu.esdihumboldt.hale.common.filter.CQLFilterTest","testNullNotExistsSchema"
"","141","testWriteDocument","","Wed Jul 08 15:03:17 UTC 2026","passed","Wed Jul 08 15:03:17 UTC 2026","","eu.esdihumboldt.util.orient.embedded.LocalDocumentTest","eu.esdihumboldt.util.orient.embedded.LocalDocumentTest","testWriteDocument"
"","74","testNoSpatialIndexCreation","","Wed Jul 08 14:54:58 UTC 2026","passed","Wed Jul 08 14:54:58 UTC 2026","","eu.esdihumboldt.hale.io.geopackage.GeopackageInstanceWriterTest","eu.esdihumboldt.hale.io.geopackage.GeopackageInstanceWriterTest","testNoSpatialIndexCreation"
"","114","test2","","Wed Jul 08 14:51:39 UTC 2026","passed","Wed Jul 08 14:51:39 UTC 2026","","eu.esdihumboldt.hale.common.service.helper.test.PopulationCountTest","eu.esdihumboldt.hale.common.service.helper.test.PopulationCountTest","test2"
"","2963","testReadInstances","","Wed Jul 08 14:54:52 UTC 2026","passed","Wed Jul 08 14:54:55 UTC 2026","","eu.esdihumboldt.hale.io.geopackage.GeopackageInstanceReaderTest","eu.esdihumboldt.hale.io.geopackage.GeopackageInstanceReaderTest","testReadInstances"
"","344","testWfsPaginationWithCountLimit","","Wed Jul 08 14:55:57 UTC 2026","passed","Wed Jul 08 14:55:57 UTC 2026","","eu.esdihumboldt.hale.io.gml.reader.internal.StreamGmlReaderTest","eu.esdihumboldt.hale.io.gml.reader.internal.StreamGmlReaderTest","testWfsPaginationWithCountLimit"
"","66","testWriteSimpleSchemaColOrder","","Wed Jul 08 14:54:19 UTC 2026","passed","Wed Jul 08 14:54:19 UTC 2026","","eu.esdihumboldt.hale.io.csv.writer.CSVInstanceWriterTest","eu.esdihumboldt.hale.io.csv.writer.CSVInstanceWriterTest","testWriteSimpleSchemaColOrder"
"","23","testRead_definitive_choice","","Wed Jul 08 15:02:03 UTC 2026","passed","Wed Jul 08 15:02:03 UTC 2026","","eu.esdihumboldt.hale.io.xsd.reader.XmlSchemaReaderTest","eu.esdihumboldt.hale.io.xsd.reader.XmlSchemaReaderTest","testRead_definitive_choice"
"","3","testValues","","Wed Jul 08 14:50:43 UTC 2026","passed","Wed Jul 08 14:50:43 UTC 2026","","eu.esdihumboldt.hale.common.schema.model.constraint.factory.type.EnumerationFactoryTest","eu.esdihumboldt.hale.common.schema.model.constraint.factory.type.EnumerationFactoryTest","testValues"
"","0","testDefault","","Wed Jul 08 14:50:43 UTC 2026","passed","Wed Jul 08 14:50:43 UTC 2026","","eu.esdihumboldt.hale.common.schema.model.constraint.factory.type.PrimaryKeyFactoryTest","eu.esdihumboldt.hale.common.schema.model.constraint.factory.type.PrimaryKeyFactoryTest","testDefault"
"","0","testFormatter[12]","","Wed Jul 08 15:02:31 UTC 2026","passed","Wed Jul 08 15:02:31 UTC 2026","","eu.esdihumboldt.util.geometry.DecimalFormatUtilTest","eu.esdihumboldt.util.geometry.DecimalFormatUtilTest","testFormatter[12]"
"","0","testDuringList","","Wed Jul 08 14:48:54 UTC 2026","skipped","Wed Jul 08 14:48:54 UTC 2026","","eu.esdihumboldt.hale.common.filter.ECQLFilterTest","eu.esdihumboldt.hale.common.filter.ECQLFilterTest","testDuringList"
"","169","testGeometryPrimitive_32_MultiLineString","","Wed Jul 08 14:56:18 UTC 2026","passed","Wed Jul 08 14:56:18 UTC 2026","","eu.esdihumboldt.hale.io.gml.writer.internal.StreamGmlWriterTest","eu.esdihumboldt.hale.io.gml.writer.internal.StreamGmlWriterTest","testGeometryPrimitive_32_MultiLineString"
"","167","testGroovyWarningRetypeTarget","","Wed Jul 08 14:47:50 UTC 2026","passed","Wed Jul 08 14:47:50 UTC 2026","","eu.esdihumboldt.hale.common.align.merge.test.impl.DefaultMergeCellMigratorTest","eu.esdihumboldt.hale.common.align.merge.test.impl.DefaultMergeCellMigratorTest","testGroovyWarningRetypeTarget"
"","31","testShapefileInstanceFromFile","","Wed Jul 08 15:00:27 UTC 2026","passed","Wed Jul 08 15:00:27 UTC 2026","","eu.esdihumboldt.hale.io.shp.ShapeInstanceReaderTest","eu.esdihumboldt.hale.io.shp.ShapeInstanceReaderTest","testShapefileInstanceFromFile"
"","127","testNonNullValuesUnaffectedByNullEntry","","Wed Jul 08 14:50:06 UTC 2026","passed","Wed Jul 08 14:50:06 UTC 2026","","eu.esdihumboldt.hale.common.lookup.impl.LookupTableImplTest","eu.esdihumboldt.hale.common.lookup.impl.LookupTableImplTest","testNonNullValuesUnaffectedByNullEntry"
"","680","testExportPropertyJoin","","Wed Jul 08 14:57:01 UTC 2026","passed","Wed Jul 08 14:57:01 UTC 2026","","eu.esdihumboldt.hale.io.html.svg.json.JsonMappingExporterTest","eu.esdihumboldt.hale.io.html.svg.json.JsonMappingExporterTest","testExportPropertyJoin"
"","29","testArcStringAllGrid","","Wed Jul 08 15:02:35 UTC 2026","passed","Wed Jul 08 15:02:35 UTC 2026","","eu.esdihumboldt.util.geometry.interpolation.grid.GridInterpolationTest","eu.esdihumboldt.util.geometry.interpolation.grid.GridInterpolationTest","testArcStringAllGrid"
"","90","testWriteComplexSchema","","Wed Jul 08 15:01:43 UTC 2026","passed","Wed Jul 08 15:01:43 UTC 2026","","eu.esdihumboldt.hale.io.xls.test.writer.XLSInstanceWriterTest","eu.esdihumboldt.hale.io.xls.test.writer.XLSInstanceWriterTest","testWriteComplexSchema"
"","1316","testShapefileInstanceFromNginxUrlWithoutFixFile","","Wed Jul 08 15:00:30 UTC 2026","passed","Wed Jul 08 15:00:31 UTC 2026","","eu.esdihumboldt.hale.io.shp.ShapeInstanceReaderTest","eu.esdihumboldt.hale.io.shp.ShapeInstanceReaderTest","testShapefileInstanceFromNginxUrlWithoutFixFile"
"","4181","testInstanceWriteOrder","","Wed Jul 08 14:58:48 UTC 2026","passed","Wed Jul 08 14:58:52 UTC 2026","","eu.esdihumboldt.hale.io.jdbc.postgresql.test.WriteInstanceOrderIT","eu.esdihumboldt.hale.io.jdbc.postgresql.test.WriteInstanceOrderIT","testInstanceWriteOrder"
"","0","testInstanceNoValueExistsSchema","","Wed Jul 08 14:48:54 UTC 2026","skipped","Wed Jul 08 14:48:54 UTC 2026","","eu.esdihumboldt.hale.common.filter.ECQLFilterTest","eu.esdihumboldt.hale.common.filter.ECQLFilterTest","testInstanceNoValueExistsSchema"
"","9","testInstanceNoValueNullSchema","","Wed Jul 08 14:48:53 UTC 2026","passed","Wed Jul 08 14:48:53 UTC 2026","","eu.esdihumboldt.hale.common.filter.CQLFilterTest","eu.esdihumboldt.hale.common.filter.CQLFilterTest","testInstanceNoValueNullSchema"
"","7","testLoopArray","","Wed Jul 08 15:02:52 UTC 2026","passed","Wed Jul 08 15:02:52 UTC 2026","","eu.esdihumboldt.util.groovy.json.JsonStreamBuilderTest","eu.esdihumboldt.util.groovy.json.JsonStreamBuilderTest","testLoopArray"
"","13671","test","","Wed Jul 08 15:01:23 UTC 2026","passed","Wed Jul 08 15:01:36 UTC 2026","","eu.esdihumboldt.hale.io.xls.test.XLSInstanceIOTest","eu.esdihumboldt.hale.io.xls.test.XLSInstanceIOTest","test"
"","9663","testLists","","Wed Jul 08 15:02:16 UTC 2026","passed","Wed Jul 08 15:02:26 UTC 2026","","eu.esdihumboldt.util.config.ConfigMergerTest","eu.esdihumboldt.util.config.ConfigMergerTest","testLists"
"","51","testGeoIntersects","","Wed Jul 08 14:48:54 UTC 2026","passed","Wed Jul 08 14:48:54 UTC 2026","","eu.esdihumboldt.hale.common.filter.CQLFilterTest","eu.esdihumboldt.hale.common.filter.CQLFilterTest","testGeoIntersects"
"","9838","testWriteRead","","Wed Jul 08 14:52:28 UTC 2026","passed","Wed Jul 08 14:52:38 UTC 2026","","eu.esdihumboldt.cst.functions.custom.test.internal.DefaultCustomPropertyFunctionTypeTest","eu.esdihumboldt.cst.functions.custom.test.internal.DefaultCustomPropertyFunctionTypeTest","testWriteRead"
"","728","testWriteRead","","Wed Jul 08 14:51:19 UTC 2026","passed","Wed Jul 08 14:51:20 UTC 2026","","eu.esdihumboldt.hale.common.schema.persist.hsd.test.HaleSchemaWriterTest","eu.esdihumboldt.hale.common.schema.persist.hsd.test.HaleSchemaWriterTest","testWriteRead"
"","2770","testWriteNotNestedProperties","","Wed Jul 08 15:01:40 UTC 2026","passed","Wed Jul 08 15:01:43 UTC 2026","","eu.esdihumboldt.hale.io.xls.test.writer.XLSInstanceWriterTest","eu.esdihumboldt.hale.io.xls.test.writer.XLSInstanceWriterTest","testWriteNotNestedProperties"
"","9","testReadSimplePolygon","","Wed Jul 08 14:59:24 UTC 2026","passed","Wed Jul 08 14:59:24 UTC 2026","","eu.esdihumboldt.hale.io.json.test.JsonToInstanceTest","eu.esdihumboldt.hale.io.json.test.JsonToInstanceTest","testReadSimplePolygon"
"","8","testGeoContains","","Wed Jul 08 14:48:54 UTC 2026","passed","Wed Jul 08 14:48:54 UTC 2026","","eu.esdihumboldt.hale.common.filter.CQLFilterTest","eu.esdihumboldt.hale.common.filter.CQLFilterTest","testGeoContains"
"","1","testQ4","","Wed Jul 08 15:02:36 UTC 2026","passed","Wed Jul 08 15:02:36 UTC 2026","","eu.esdihumboldt.util.geometry.interpolation.grid.GridUtilTest","eu.esdihumboldt.util.geometry.interpolation.grid.GridUtilTest","testQ4"
"","172","testNotes2","","Wed Jul 08 14:47:51 UTC 2026","passed","Wed Jul 08 14:47:51 UTC 2026","","eu.esdihumboldt.hale.common.align.merge.test.impl.DefaultMergeCellMigratorTest","eu.esdihumboldt.hale.common.align.merge.test.impl.DefaultMergeCellMigratorTest","testNotes2"
"","85","testBaseAlignmentSaveLoad","","Wed Jul 08 14:47:00 UTC 2026","passed","Wed Jul 08 14:47:00 UTC 2026","","eu.esdihumboldt.hale.common.align.io.JaxbAlignmentIOTest","eu.esdihumboldt.hale.common.align.io.JaxbAlignmentIOTest","testBaseAlignmentSaveLoad"
"","1","testGeometryNormalOnCRS","","Wed Jul 08 15:02:35 UTC 2026","passed","Wed Jul 08 15:02:35 UTC 2026","","eu.esdihumboldt.util.geometry.WindingOrderTest","eu.esdihumboldt.util.geometry.WindingOrderTest","testGeometryNormalOnCRS"
"","89","testSimpleRename","","Wed Jul 08 14:52:20 UTC 2026","passed","Wed Jul 08 14:52:20 UTC 2026","","eu.esdihumboldt.cst.internal.ConceptualSchemaTransformerTest","eu.esdihumboldt.cst.internal.ConceptualSchemaTransformerTest","testSimpleRename"
"","10","testNestedObjectsPrettyPrint","","Wed Jul 08 15:02:52 UTC 2026","passed","Wed Jul 08 15:02:52 UTC 2026","","eu.esdihumboldt.util.groovy.json.JsonStreamBuilderTest","eu.esdihumboldt.util.groovy.json.JsonStreamBuilderTest","testNestedObjectsPrettyPrint"
"","0","testPropertiesUnMix","","Wed Jul 08 14:52:04 UTC 2026","skipped","Wed Jul 08 14:52:04 UTC 2026","","eu.esdihumboldt.cst.internal.ConceptualSchemaTransformerTest","eu.esdihumboldt.cst.internal.ConceptualSchemaTransformerTest","testPropertiesUnMix"
"","1","testFormatter[2]","","Wed Jul 08 15:02:31 UTC 2026","passed","Wed Jul 08 15:02:31 UTC 2026","","eu.esdihumboldt.util.geometry.DecimalFormatUtilTest","eu.esdihumboldt.util.geometry.DecimalFormatUtilTest","testFormatter[2]"
"","152","testSplitMulti_Singles","","Wed Jul 08 14:52:59 UTC 2026","passed","Wed Jul 08 14:53:00 UTC 2026","","eu.esdihumboldt.cst.functions.geometric.test.GeometryHelperFunctionsTest","eu.esdihumboldt.cst.functions.geometric.test.GeometryHelperFunctionsTest","testSplitMulti_Singles"
"","10","testSKOSFromRDF4_language_nl","","Wed Jul 08 14:53:50 UTC 2026","passed","Wed Jul 08 14:53:50 UTC 2026","","eu.esdihumboldt.hale.io.codelist.skos.test.SkosCodeListTest","eu.esdihumboldt.hale.io.codelist.skos.test.SkosCodeListTest","testSKOSFromRDF4_language_nl"
"","1","testStreetHole","","Wed Jul 08 14:53:00 UTC 2026","passed","Wed Jul 08 14:53:00 UTC 2026","","eu.esdihumboldt.cst.functions.geometric.test.InteriorPointTest","eu.esdihumboldt.cst.functions.geometric.test.InteriorPointTest","testStreetHole"
"","368","testGeometryPrimitive_32_Curve_LineString","","Wed Jul 08 14:56:06 UTC 2026","passed","Wed Jul 08 14:56:06 UTC 2026","","eu.esdihumboldt.hale.io.gml.writer.internal.StreamGmlWriter2Test","eu.esdihumboldt.hale.io.gml.writer.internal.StreamGmlWriter2Test","testGeometryPrimitive_32_Curve_LineString"
"","168","testGroovyWarningMergeTarget","","Wed Jul 08 14:47:51 UTC 2026","passed","Wed Jul 08 14:47:51 UTC 2026","","eu.esdihumboldt.hale.common.align.merge.test.impl.DefaultMergeCellMigratorTest","eu.esdihumboldt.hale.common.align.merge.test.impl.DefaultMergeCellMigratorTest","testGroovyWarningMergeTarget"
"","0","testHttpAbsolute1","","Wed Jul 08 15:02:00 UTC 2026","passed","Wed Jul 08 15:02:00 UTC 2026","","eu.esdihumboldt.hale.io.xsd.reader.HumboldtURIResolverTest","eu.esdihumboldt.hale.io.xsd.reader.HumboldtURIResolverTest","testHttpAbsolute1"
"","59","testPolygon","","Wed Jul 08 14:51:01 UTC 2026","passed","Wed Jul 08 14:51:01 UTC 2026","","eu.esdihumboldt.hale.common.schema.groovy.constraints.GeometryFactoryTest","eu.esdihumboldt.hale.common.schema.groovy.constraints.GeometryFactoryTest","testPolygon"
"","215","testValueMapJson","","Wed Jul 08 14:48:37 UTC 2026","passed","Wed Jul 08 14:48:37 UTC 2026","","eu.esdihumboldt.hale.common.core.io.impl.ValueMapTypeTest","eu.esdihumboldt.hale.common.core.io.impl.ValueMapTypeTest","testValueMapJson"
"","89","testSqlQuery","","Wed Jul 08 15:03:17 UTC 2026","passed","Wed Jul 08 15:03:17 UTC 2026","","eu.esdihumboldt.util.orient.embedded.MemoryDocumentTest","eu.esdihumboldt.util.orient.embedded.MemoryDocumentTest","testSqlQuery"
"","94","testSimpleComplex","","Wed Jul 08 14:52:21 UTC 2026","passed","Wed Jul 08 14:52:21 UTC 2026","","eu.esdihumboldt.cst.internal.ConceptualSchemaTransformerTest","eu.esdihumboldt.cst.internal.ConceptualSchemaTransformerTest","testSimpleComplex"
"","0","testDuringList","","Wed Jul 08 14:48:53 UTC 2026","skipped","Wed Jul 08 14:48:53 UTC 2026","","eu.esdihumboldt.hale.common.filter.CQLFilterTest","eu.esdihumboldt.hale.common.filter.CQLFilterTest","testDuringList"
"","1","testNullTargetValueIsPreserved","","Wed Jul 08 14:50:07 UTC 2026","passed","Wed Jul 08 14:50:07 UTC 2026","","eu.esdihumboldt.hale.common.lookup.impl.LookupTableImplTest","eu.esdihumboldt.hale.common.lookup.impl.LookupTableImplTest","testNullTargetValueIsPreserved"
"","0","testFormatter[3]","","Wed Jul 08 15:02:31 UTC 2026","passed","Wed Jul 08 15:02:31 UTC 2026","","eu.esdihumboldt.util.geometry.DecimalFormatUtilTest","eu.esdihumboldt.util.geometry.DecimalFormatUtilTest","testFormatter[3]"
"","3689","testTypedFilterForHydro","","Wed Jul 08 14:46:12 UTC 2026","passed","Wed Jul 08 14:46:16 UTC 2026","","eu.esdihumboldt.hale.app.transform.test.ExecuteTest","eu.esdihumboldt.hale.app.transform.test.ExecuteTest","testTypedFilterForHydro"
"","11171","testPersonWriteValidate","","Wed Jul 08 14:51:07 UTC 2026","passed","Wed Jul 08 14:51:18 UTC 2026","","eu.esdihumboldt.hale.common.schema.persist.hsd.test.HaleSchemaWriterTest","eu.esdihumboldt.hale.common.schema.persist.hsd.test.HaleSchemaWriterTest","testPersonWriteValidate"
"","10","testDuring","","Wed Jul 08 14:48:54 UTC 2026","passed","Wed Jul 08 14:48:54 UTC 2026","","eu.esdihumboldt.hale.common.filter.CQLFilterTest","eu.esdihumboldt.hale.common.filter.CQLFilterTest","testDuring"
"","0","testDirect","","Wed Jul 08 14:56:19 UTC 2026","skipped","Wed Jul 08 14:56:19 UTC 2026","","eu.esdihumboldt.hale.io.gml.writer.internal.geometry.writers.PatternTest","eu.esdihumboldt.hale.io.gml.writer.internal.geometry.writers.PatternTest","testDirect"
"","0","testCMUnion6","","Wed Jul 08 14:52:20 UTC 2026","skipped","Wed Jul 08 14:52:20 UTC 2026","","eu.esdihumboldt.cst.internal.ConceptualSchemaTransformerTest","eu.esdihumboldt.cst.internal.ConceptualSchemaTransformerTest","testCMUnion6"
"","42","testMetaClass","","Wed Jul 08 14:47:19 UTC 2026","passed","Wed Jul 08 14:47:20 UTC 2026","","eu.esdihumboldt.hale.common.align.groovy.accessor.EntityAccessorTest","eu.esdihumboldt.hale.common.align.groovy.accessor.EntityAccessorTest","testMetaClass"
"","158","testFilterSame6","","Wed Jul 08 14:47:48 UTC 2026","passed","Wed Jul 08 14:47:48 UTC 2026","","eu.esdihumboldt.hale.common.align.merge.test.impl.DefaultMergeCellMigratorTest","eu.esdihumboldt.hale.common.align.merge.test.impl.DefaultMergeCellMigratorTest","testFilterSame6"
"","58","testRunsInHale","","Wed Jul 08 14:56:36 UTC 2026","passed","Wed Jul 08 14:56:36 UTC 2026","","eu.esdihumboldt.hale.io.groovy.snippets.GroovySnippetsTest","eu.esdihumboldt.hale.io.groovy.snippets.GroovySnippetsTest","testRunsInHale"
"","1","testFormatter[8]","","Wed Jul 08 15:02:31 UTC 2026","passed","Wed Jul 08 15:02:31 UTC 2026","","eu.esdihumboldt.util.geometry.DecimalFormatUtilTest","eu.esdihumboldt.util.geometry.DecimalFormatUtilTest","testFormatter[8]"
"","2","testFixed","","Wed Jul 08 14:51:01 UTC 2026","passed","Wed Jul 08 14:51:01 UTC 2026","","eu.esdihumboldt.hale.common.schema.groovy.constraints.CardinalityFactoryTest","eu.esdihumboldt.hale.common.schema.groovy.constraints.CardinalityFactoryTest","testFixed"
"","7","testLoad","","Wed Jul 08 15:02:00 UTC 2026","passed","Wed Jul 08 15:02:00 UTC 2026","","eu.esdihumboldt.hale.io.xsd.anytype.valuetypes.CustomTypeContentConfigurationTypeTest","eu.esdihumboldt.hale.io.xsd.anytype.valuetypes.CustomTypeContentConfigurationTypeTest","testLoad"
"","1","testDefault","","Wed Jul 08 14:50:43 UTC 2026","passed","Wed Jul 08 14:50:43 UTC 2026","","eu.esdihumboldt.hale.common.schema.model.constraint.factory.type.HasValueFlagFactoryTest","eu.esdihumboldt.hale.common.schema.model.constraint.factory.type.HasValueFlagFactoryTest","testDefault"
"","51","testNamespaceIndexChildContextType","","Wed Jul 08 14:47:20 UTC 2026","passed","Wed Jul 08 14:47:20 UTC 2026","","eu.esdihumboldt.hale.common.align.groovy.accessor.EntityAccessorTest","eu.esdihumboldt.hale.common.align.groovy.accessor.EntityAccessorTest","testNamespaceIndexChildContextType"
"","4","testNullList","","Wed Jul 08 14:48:54 UTC 2026","passed","Wed Jul 08 14:48:54 UTC 2026","","eu.esdihumboldt.hale.common.filter.ECQLFilterTest","eu.esdihumboldt.hale.common.filter.ECQLFilterTest","testNullList"
"","11","testList","","Wed Jul 08 14:53:22 UTC 2026","passed","Wed Jul 08 14:53:22 UTC 2026","","eu.esdihumboldt.cst.functions.groovy.helpers.util.CollectorTest","eu.esdihumboldt.cst.functions.groovy.helpers.util.CollectorTest","testList"
"","385","testReadJsonArray","","Wed Jul 08 14:59:23 UTC 2026","passed","Wed Jul 08 14:59:23 UTC 2026","","eu.esdihumboldt.hale.io.json.test.JsonInstanceCollectionTest","eu.esdihumboldt.hale.io.json.test.JsonInstanceCollectionTest","testReadJsonArray"
"","0","testSubfolder","","Wed Jul 08 14:48:25 UTC 2026","passed","Wed Jul 08 14:48:25 UTC 2026","","eu.esdihumboldt.hale.common.core.io.PathUpdateTest","eu.esdihumboldt.hale.common.core.io.PathUpdateTest","testSubfolder"
"","6","testRootArrayObjects","","Wed Jul 08 15:02:52 UTC 2026","passed","Wed Jul 08 15:02:52 UTC 2026","","eu.esdihumboldt.util.groovy.json.JsonStreamBuilderTest","eu.esdihumboldt.util.groovy.json.JsonStreamBuilderTest","testRootArrayObjects"
"","1","testDefault","","Wed Jul 08 14:50:43 UTC 2026","passed","Wed Jul 08 14:50:43 UTC 2026","","eu.esdihumboldt.hale.common.schema.model.constraint.factory.type.AbstractFlagFactoryTest","eu.esdihumboldt.hale.common.schema.model.constraint.factory.type.AbstractFlagFactoryTest","testDefault"
"","15","testGeoJsonSimple_7_andLess","","Wed Jul 08 14:59:21 UTC 2026","passed","Wed Jul 08 14:59:21 UTC 2026","","eu.esdihumboldt.hale.io.json.test.InstanceToJsonTest","eu.esdihumboldt.hale.io.json.test.InstanceToJsonTest","testGeoJsonSimple_7_andLess"
"","0","testFootprint2","","Wed Jul 08 14:53:00 UTC 2026","passed","Wed Jul 08 14:53:00 UTC 2026","","eu.esdihumboldt.cst.functions.geometric.test.InteriorPointTest","eu.esdihumboldt.cst.functions.geometric.test.InteriorPointTest","testFootprint2"
"","11693","gstringIntercepted","","Wed Jul 08 15:02:56 UTC 2026","passed","Wed Jul 08 15:03:08 UTC 2026","","eu.esdihumboldt.util.groovy.sandbox.test.internal.GroovySandboxTest","eu.esdihumboldt.util.groovy.sandbox.test.internal.GroovySandboxTest","gstringIntercepted"
"","21","testBackwardCompatibilityRead","","Wed Jul 08 15:01:40 UTC 2026","passed","Wed Jul 08 15:01:40 UTC 2026","","eu.esdihumboldt.hale.io.xls.test.reader.XLSReaderTest","eu.esdihumboldt.hale.io.xls.test.reader.XLSReaderTest","testBackwardCompatibilityRead"
"","4","testNoRef","","Wed Jul 08 14:50:43 UTC 2026","passed","Wed Jul 08 14:50:43 UTC 2026","","eu.esdihumboldt.hale.common.schema.model.constraint.factory.property.ReferenceFactoryTest","eu.esdihumboldt.hale.common.schema.model.constraint.factory.property.ReferenceFactoryTest","testNoRef"
"","19","testNamespace","","Wed Jul 08 14:51:01 UTC 2026","passed","Wed Jul 08 14:51:01 UTC 2026","","eu.esdihumboldt.hale.common.schema.groovy.DefinitionAccessorTest","eu.esdihumboldt.hale.common.schema.groovy.DefinitionAccessorTest","testNamespace"
"","162","testLarge","","Wed Jul 08 15:02:35 UTC 2026","passed","Wed Jul 08 15:02:35 UTC 2026","","eu.esdihumboldt.util.geometry.interpolation.grid.GridInterpolationTest","eu.esdihumboldt.util.geometry.interpolation.grid.GridInterpolationTest","testLarge"
"","316","testWriteReadTypeSafeQName","","Wed Jul 08 15:02:52 UTC 2026","passed","Wed Jul 08 15:02:52 UTC 2026","","eu.esdihumboldt.util.groovy.xml.NSDOMBuilderTest","eu.esdihumboldt.util.groovy.xml.NSDOMBuilderTest","testWriteReadTypeSafeQName"
"","931","testWriteFeaturesTargetCRS","","Wed Jul 08 14:54:56 UTC 2026","passed","Wed Jul 08 14:54:57 UTC 2026","","eu.esdihumboldt.hale.io.geopackage.GeopackageInstanceWriterTest","eu.esdihumboldt.hale.io.geopackage.GeopackageInstanceWriterTest","testWriteFeaturesTargetCRS"
"","21","testEnabled","","Wed Jul 08 14:50:43 UTC 2026","passed","Wed Jul 08 14:50:43 UTC 2026","","eu.esdihumboldt.hale.common.schema.model.constraint.factory.type.AugmentedValueFlagFactoryTest","eu.esdihumboldt.hale.common.schema.model.constraint.factory.type.AugmentedValueFlagFactoryTest","testEnabled"
"","800","testGroovy1","","Wed Jul 08 14:52:07 UTC 2026","passed","Wed Jul 08 14:52:08 UTC 2026","","eu.esdihumboldt.cst.internal.ConceptualSchemaTransformerTest","eu.esdihumboldt.cst.internal.ConceptualSchemaTransformerTest","testGroovy1"
"","1907","testSKOSFromRDF5_language_de","","Wed Jul 08 14:53:47 UTC 2026","passed","Wed Jul 08 14:53:49 UTC 2026","","eu.esdihumboldt.hale.io.codelist.skos.test.SkosCodeListTest","eu.esdihumboldt.hale.io.codelist.skos.test.SkosCodeListTest","testSKOSFromRDF5_language_de"
"","105","testWriteFeaturesPrimaryKey","","Wed Jul 08 14:54:58 UTC 2026","passed","Wed Jul 08 14:54:58 UTC 2026","","eu.esdihumboldt.hale.io.geopackage.GeopackageInstanceWriterTest","eu.esdihumboldt.hale.io.geopackage.GeopackageInstanceWriterTest","testWriteFeaturesPrimaryKey"
"","3","testTrueFalse","","Wed Jul 08 14:51:01 UTC 2026","passed","Wed Jul 08 14:51:01 UTC 2026","","eu.esdihumboldt.hale.common.schema.groovy.constraints.ChoiceFactoryTest","eu.esdihumboldt.hale.common.schema.groovy.constraints.ChoiceFactoryTest","testTrueFalse"
"","5","testNumber","","Wed Jul 08 14:48:54 UTC 2026","passed","Wed Jul 08 14:48:54 UTC 2026","","eu.esdihumboldt.hale.common.filter.ECQLFilterTest","eu.esdihumboldt.hale.common.filter.ECQLFilterTest","testNumber"
"","114","testStructuralRename1","","Wed Jul 08 14:52:21 UTC 2026","passed","Wed Jul 08 14:52:21 UTC 2026","","eu.esdihumboldt.cst.internal.ConceptualSchemaTransformerTest","eu.esdihumboldt.cst.internal.ConceptualSchemaTransformerTest","testStructuralRename1"
"","77","testWriteMultiSchemasWithMultiGeom","","Wed Jul 08 15:00:38 UTC 2026","passed","Wed Jul 08 15:00:38 UTC 2026","","eu.esdihumboldt.hale.io.shp.ShapefileInstanceWriterTest","eu.esdihumboldt.hale.io.shp.ShapefileInstanceWriterTest","testWriteMultiSchemasWithMultiGeom"
"","43","testGmlOverflow","","Wed Jul 08 14:49:26 UTC 2026","passed","Wed Jul 08 14:49:26 UTC 2026","","eu.esdihumboldt.hale.common.instance.graph.test.ReferenceGraphTest","eu.esdihumboldt.hale.common.instance.graph.test.ReferenceGraphTest","testGmlOverflow"
"","900","testSkipFeatureCollection","","Wed Jul 08 14:59:22 UTC 2026","passed","Wed Jul 08 14:59:23 UTC 2026","","eu.esdihumboldt.hale.io.json.test.JsonInstanceCollectionTest","eu.esdihumboldt.hale.io.json.test.JsonInstanceCollectionTest","testSkipFeatureCollection"
"","1","testValueProperties","","Wed Jul 08 14:48:37 UTC 2026","passed","Wed Jul 08 14:48:37 UTC 2026","","eu.esdihumboldt.hale.common.core.io.impl.ValuePropertiesTypeTest","eu.esdihumboldt.hale.common.core.io.impl.ValuePropertiesTypeTest","testValueProperties"
"","634","testNesting","","Wed Jul 08 14:47:20 UTC 2026","passed","Wed Jul 08 14:47:20 UTC 2026","","eu.esdihumboldt.hale.common.align.groovy.accessor.EntityAccessorTest","eu.esdihumboldt.hale.common.align.groovy.accessor.EntityAccessorTest","testNesting"
"","37","notAllowedClassesDisallowed","","Wed Jul 08 15:03:10 UTC 2026","passed","Wed Jul 08 15:03:10 UTC 2026","","eu.esdihumboldt.util.groovy.sandbox.test.internal.GroovySandboxTest","eu.esdihumboldt.util.groovy.sandbox.test.internal.GroovySandboxTest","notAllowedClassesDisallowed"
"","4174","testEvaluateSuccess1","","Wed Jul 08 14:46:20 UTC 2026","passed","Wed Jul 08 14:46:25 UTC 2026","","eu.esdihumboldt.hale.app.transform.test.ExecuteTest","eu.esdihumboldt.hale.app.transform.test.ExecuteTest","testEvaluateSuccess1"
"","33","testValueMap","","Wed Jul 08 14:48:37 UTC 2026","passed","Wed Jul 08 14:48:37 UTC 2026","","eu.esdihumboldt.hale.common.core.io.impl.ValueMapTypeTest","eu.esdihumboldt.hale.common.core.io.impl.ValueMapTypeTest","testValueMap"
"","4","testRootArrayEmpty","","Wed Jul 08 15:02:51 UTC 2026","passed","Wed Jul 08 15:02:51 UTC 2026","","eu.esdihumboldt.util.groovy.json.JsonStreamBuilderTest","eu.esdihumboldt.util.groovy.json.JsonStreamBuilderTest","testRootArrayEmpty"
"","12","testComplexStructureFromTheGuardian","","Wed Jul 08 15:02:52 UTC 2026","passed","Wed Jul 08 15:02:52 UTC 2026","","eu.esdihumboldt.util.groovy.json.JsonStreamBuilderTest","eu.esdihumboldt.util.groovy.json.JsonStreamBuilderTest","testComplexStructureFromTheGuardian"
"","569","testReadVersion3","","Wed Jul 08 14:58:59 UTC 2026","passed","Wed Jul 08 14:58:59 UTC 2026","","eu.esdihumboldt.hale.io.jdbc.spatialite.reader.internal.SpatiaLiteInstanceReaderTest","eu.esdihumboldt.hale.io.jdbc.spatialite.reader.internal.SpatiaLiteInstanceReaderTest","testReadVersion3"
"","53","testReadDouble","","Wed Jul 08 14:59:24 UTC 2026","passed","Wed Jul 08 14:59:24 UTC 2026","","eu.esdihumboldt.hale.io.json.test.JsonToInstanceTest","eu.esdihumboldt.hale.io.json.test.JsonToInstanceTest","testReadDouble"
"","9","testNestedListMap2","","Wed Jul 08 15:02:52 UTC 2026","passed","Wed Jul 08 15:02:52 UTC 2026","","eu.esdihumboldt.util.groovy.json.JsonStreamBuilderTest","eu.esdihumboldt.util.groovy.json.JsonStreamBuilderTest","testNestedListMap2"
"","8","testGeoBboxList","","Wed Jul 08 14:48:54 UTC 2026","passed","Wed Jul 08 14:48:54 UTC 2026","","eu.esdihumboldt.hale.common.filter.CQLFilterTest","eu.esdihumboldt.hale.common.filter.CQLFilterTest","testGeoBboxList"
"","106","testSimpleAttribute","","Wed Jul 08 14:52:18 UTC 2026","passed","Wed Jul 08 14:52:18 UTC 2026","","eu.esdihumboldt.cst.internal.ConceptualSchemaTransformerTest","eu.esdihumboldt.cst.internal.ConceptualSchemaTransformerTest","testSimpleAttribute"
"","18999","testReadInstancesXSDQualified","","Wed Jul 08 14:54:33 UTC 2026","passed","Wed Jul 08 14:54:52 UTC 2026","","eu.esdihumboldt.hale.io.geopackage.GeopackageInstanceReaderTest","eu.esdihumboldt.hale.io.geopackage.GeopackageInstanceReaderTest","testReadInstancesXSDQualified"
"","36","testGmlReferencesMultiPart","","Wed Jul 08 14:49:26 UTC 2026","passed","Wed Jul 08 14:49:26 UTC 2026","","eu.esdihumboldt.hale.common.instance.graph.test.ReferenceGraphTest","eu.esdihumboldt.hale.common.instance.graph.test.ReferenceGraphTest","testGmlReferencesMultiPart"
"","22","testConstraints","","Wed Jul 08 14:51:01 UTC 2026","passed","Wed Jul 08 14:51:01 UTC 2026","","eu.esdihumboldt.hale.common.schema.groovy.SchemaBuilderTest","eu.esdihumboldt.hale.common.schema.groovy.SchemaBuilderTest","testConstraints"
"","0","testGeometryFlippedOnCRS","","Wed Jul 08 15:02:35 UTC 2026","passed","Wed Jul 08 15:02:35 UTC 2026","","eu.esdihumboldt.util.geometry.WindingOrderTest","eu.esdihumboldt.util.geometry.WindingOrderTest","testGeometryFlippedOnCRS"
"","2793","testCellDisableSaveLoad","","Wed Jul 08 14:46:46 UTC 2026","passed","Wed Jul 08 14:46:49 UTC 2026","","eu.esdihumboldt.hale.common.align.io.CastorAlignmentIOTest","eu.esdihumboldt.hale.common.align.io.CastorAlignmentIOTest","testCellDisableSaveLoad"
"","4","testStandardBuilderStyle","","Wed Jul 08 15:02:52 UTC 2026","passed","Wed Jul 08 15:02:52 UTC 2026","","eu.esdihumboldt.util.groovy.json.JsonStreamBuilderTest","eu.esdihumboldt.util.groovy.json.JsonStreamBuilderTest","testStandardBuilderStyle"
"","4","testLikeList","","Wed Jul 08 14:48:54 UTC 2026","passed","Wed Jul 08 14:48:54 UTC 2026","","eu.esdihumboldt.hale.common.filter.ECQLFilterTest","eu.esdihumboldt.hale.common.filter.ECQLFilterTest","testLikeList"
"","3","testEqualitySimpleNoSchema","","Wed Jul 08 14:48:54 UTC 2026","passed","Wed Jul 08 14:48:54 UTC 2026","","eu.esdihumboldt.hale.common.filter.ECQLFilterTest","eu.esdihumboldt.hale.common.filter.ECQLFilterTest","testEqualitySimpleNoSchema"
"","3622","testGroovyFilterForHydro","","Wed Jul 08 14:46:09 UTC 2026","passed","Wed Jul 08 14:46:12 UTC 2026","","eu.esdihumboldt.hale.app.transform.test.ExecuteTest","eu.esdihumboldt.hale.app.transform.test.ExecuteTest","testGroovyFilterForHydro"
"","6","testReadBlankCells","","Wed Jul 08 15:01:40 UTC 2026","passed","Wed Jul 08 15:01:40 UTC 2026","","eu.esdihumboldt.hale.io.xls.test.reader.XLSReaderTest","eu.esdihumboldt.hale.io.xls.test.reader.XLSReaderTest","testReadBlankCells"
"","109","testSchemaCollection","","Wed Jul 08 14:49:43 UTC 2026","passed","Wed Jul 08 14:49:43 UTC 2026","","eu.esdihumboldt.hale.common.instance.groovy.InstanceBuilderTest","eu.esdihumboldt.hale.common.instance.groovy.InstanceBuilderTest","testSchemaCollection"
"","3092","testFiltersForMultiType","","Wed Jul 08 14:46:32 UTC 2026","passed","Wed Jul 08 14:46:35 UTC 2026","","eu.esdihumboldt.hale.app.transform.test.ExecuteTest","eu.esdihumboldt.hale.app.transform.test.ExecuteTest","testFiltersForMultiType"
"","109","testPriority","","Wed Jul 08 14:52:20 UTC 2026","passed","Wed Jul 08 14:52:20 UTC 2026","","eu.esdihumboldt.cst.internal.ConceptualSchemaTransformerTest","eu.esdihumboldt.cst.internal.ConceptualSchemaTransformerTest","testPriority"
"","77","testMerge","","Wed Jul 08 14:48:37 UTC 2026","passed","Wed Jul 08 14:48:37 UTC 2026","","eu.esdihumboldt.hale.common.core.report.util.StatsMergeTest","eu.esdihumboldt.hale.common.core.report.util.StatsMergeTest","testMerge"
"","91","simpleSchemaTestECQL","","Wed Jul 08 14:48:58 UTC 2026","passed","Wed Jul 08 14:48:58 UTC 2026","","eu.esdihumboldt.hale.common.filter.FilterTest","eu.esdihumboldt.hale.common.filter.FilterTest","simpleSchemaTestECQL"
"","4","testStringLookup","","Wed Jul 08 14:50:16 UTC 2026","passed","Wed Jul 08 14:50:16 UTC 2026","","eu.esdihumboldt.hale.common.lookup.internal.LookupTableTypeTest","eu.esdihumboldt.hale.common.lookup.internal.LookupTableTypeTest","testStringLookup"
"","65","testWriteMultiSchemas","","Wed Jul 08 15:00:34 UTC 2026","passed","Wed Jul 08 15:00:34 UTC 2026","","eu.esdihumboldt.hale.io.shp.ShapefileInstanceWriterTest","eu.esdihumboldt.hale.io.shp.ShapefileInstanceWriterTest","testWriteMultiSchemas"
"","33","testAllChildren","","Wed Jul 08 14:49:42 UTC 2026","passed","Wed Jul 08 14:49:42 UTC 2026","","eu.esdihumboldt.hale.common.instance.groovy.InstanceAccessorTest","eu.esdihumboldt.hale.common.instance.groovy.InstanceAccessorTest","testAllChildren"
"","485","testSchema","","Wed Jul 08 14:49:42 UTC 2026","passed","Wed Jul 08 14:49:43 UTC 2026","","eu.esdihumboldt.hale.common.instance.groovy.InstanceAccessorTest","eu.esdihumboldt.hale.common.instance.groovy.InstanceAccessorTest","testSchema"
"","5","testNumberBetween","","Wed Jul 08 14:48:54 UTC 2026","passed","Wed Jul 08 14:48:54 UTC 2026","","eu.esdihumboldt.hale.common.filter.CQLFilterTest","eu.esdihumboldt.hale.common.filter.CQLFilterTest","testNumberBetween"
"","0","testQ1","","Wed Jul 08 15:02:36 UTC 2026","passed","Wed Jul 08 15:02:36 UTC 2026","","eu.esdihumboldt.util.geometry.interpolation.grid.GridUtilTest","eu.esdihumboldt.util.geometry.interpolation.grid.GridUtilTest","testQ1"
"","91","testGenerateUID","","Wed Jul 08 14:52:21 UTC 2026","passed","Wed Jul 08 14:52:21 UTC 2026","","eu.esdihumboldt.cst.internal.ConceptualSchemaTransformerTest","eu.esdihumboldt.cst.internal.ConceptualSchemaTransformerTest","testGenerateUID"
"","137","testPropertyCondition2","","Wed Jul 08 14:52:21 UTC 2026","passed","Wed Jul 08 14:52:21 UTC 2026","","eu.esdihumboldt.cst.internal.ConceptualSchemaTransformerTest","eu.esdihumboldt.cst.internal.ConceptualSchemaTransformerTest","testPropertyCondition2"
"","829","testWfsPaginationWithResolvedepth","","Wed Jul 08 14:55:58 UTC 2026","passed","Wed Jul 08 14:55:59 UTC 2026","","eu.esdihumboldt.hale.io.gml.reader.internal.StreamGmlReaderTest","eu.esdihumboldt.hale.io.gml.reader.internal.StreamGmlReaderTest","testWfsPaginationWithResolvedepth"
"","5","testGeoCrosses","","Wed Jul 08 14:48:54 UTC 2026","passed","Wed Jul 08 14:48:54 UTC 2026","","eu.esdihumboldt.hale.common.filter.ECQLFilterTest","eu.esdihumboldt.hale.common.filter.ECQLFilterTest","testGeoCrosses"
"","17526","testUnconditionalFilterForHydro","","Wed Jul 08 14:45:09 UTC 2026","passed","Wed Jul 08 14:45:27 UTC 2026","","eu.esdihumboldt.hale.app.transform.test.ExecuteTest","eu.esdihumboldt.hale.app.transform.test.ExecuteTest","testUnconditionalFilterForHydro"
"","4073","testArrayTypes","","Wed Jul 08 14:58:23 UTC 2026","passed","Wed Jul 08 14:58:27 UTC 2026","","eu.esdihumboldt.hale.io.jdbc.postgresql.test.OneDimensionalArraysIT","eu.esdihumboldt.hale.io.jdbc.postgresql.test.OneDimensionalArraysIT","testArrayTypes"
"","29","testRead_shiporder_unqualified","","Wed Jul 08 15:02:03 UTC 2026","passed","Wed Jul 08 15:02:03 UTC 2026","","eu.esdihumboldt.hale.io.xsd.reader.XmlSchemaReaderTest","eu.esdihumboldt.hale.io.xsd.reader.XmlSchemaReaderTest","testRead_shiporder_unqualified"
"","0","testInstanceValueExistsSchema","","Wed Jul 08 14:48:54 UTC 2026","skipped","Wed Jul 08 14:48:54 UTC 2026","","eu.esdihumboldt.hale.common.filter.ECQLFilterTest","eu.esdihumboldt.hale.common.filter.ECQLFilterTest","testInstanceValueExistsSchema"
"","1","testListAndValue","","Wed Jul 08 15:02:26 UTC 2026","passed","Wed Jul 08 15:02:26 UTC 2026","","eu.esdihumboldt.util.config.ConfigMergerTest","eu.esdihumboldt.util.config.ConfigMergerTest","testListAndValue"
"","14576","migrateRenameFormattedString","","Wed Jul 08 14:53:28 UTC 2026","passed","Wed Jul 08 14:53:42 UTC 2026","","eu.esdihumboldt.hale.adv.merge.test.AdVMeasurementMergeTest","eu.esdihumboldt.hale.adv.merge.test.AdVMeasurementMergeTest","migrateRenameFormattedString"
"","750","testBadEnvelope","","Wed Jul 08 15:02:37 UTC 2026","passed","Wed Jul 08 15:02:38 UTC 2026","","eu.esdihumboldt.util.geometry.quadtree.QuadtreeTest","eu.esdihumboldt.util.geometry.quadtree.QuadtreeTest","testBadEnvelope"
"","5","test90Deegrees","","Wed Jul 08 15:02:36 UTC 2026","passed","Wed Jul 08 15:02:36 UTC 2026","","eu.esdihumboldt.util.geometry.interpolation.split.SplitInterpolationTest","eu.esdihumboldt.util.geometry.interpolation.split.SplitInterpolationTest","test90Deegrees"
"","10","testSKOSFromRDF3","","Wed Jul 08 14:53:50 UTC 2026","passed","Wed Jul 08 14:53:50 UTC 2026","","eu.esdihumboldt.hale.io.codelist.skos.test.SkosCodeListTest","eu.esdihumboldt.hale.io.codelist.skos.test.SkosCodeListTest","testSKOSFromRDF3"
"","69","testReadXsdInstancesTypenameAmbiguousLocalName","","Wed Jul 08 15:00:27 UTC 2026","passed","Wed Jul 08 15:00:27 UTC 2026","","eu.esdihumboldt.hale.io.shp.ShapeInstanceReaderTest","eu.esdihumboldt.hale.io.shp.ShapeInstanceReaderTest","testReadXsdInstancesTypenameAmbiguousLocalName"
"","5","testEqualitySimpleNoSchema","","Wed Jul 08 14:48:54 UTC 2026","passed","Wed Jul 08 14:48:54 UTC 2026","","eu.esdihumboldt.hale.common.filter.CQLFilterTest","eu.esdihumboldt.hale.common.filter.CQLFilterTest","testEqualitySimpleNoSchema"
"","9342","testAccessNullProperties","","Wed Jul 08 14:49:32 UTC 2026","passed","Wed Jul 08 14:49:41 UTC 2026","","eu.esdihumboldt.hale.common.instance.groovy.InstanceAccessorTest","eu.esdihumboldt.hale.common.instance.groovy.InstanceAccessorTest","testAccessNullProperties"
"","4","testTypeBinding","","Wed Jul 08 14:50:43 UTC 2026","passed","Wed Jul 08 14:50:43 UTC 2026","","eu.esdihumboldt.hale.common.schema.model.constraint.factory.type.ElementTypeFactoryTest","eu.esdihumboldt.hale.common.schema.model.constraint.factory.type.ElementTypeFactoryTest","testTypeBinding"
"","9","testCycle","","Wed Jul 08 15:02:07 UTC 2026","passed","Wed Jul 08 15:02:07 UTC 2026","","eu.esdihumboldt.util.DependencyOrderedListTest","eu.esdihumboldt.util.DependencyOrderedListTest","testCycle"
"","672","testInspireCodespaceAutoAdd","","Wed Jul 08 14:56:04 UTC 2026","passed","Wed Jul 08 14:56:04 UTC 2026","","eu.esdihumboldt.hale.io.gml.writer.internal.StreamGmlWriter2Test","eu.esdihumboldt.hale.io.gml.writer.internal.StreamGmlWriter2Test","testInspireCodespaceAutoAdd"
"","16801","testWriteTopoJson","","Wed Jul 08 15:00:43 UTC 2026","passed","Wed Jul 08 15:01:00 UTC 2026","","eu.esdihumboldt.hale.io.topojson.test.TopoJsonInstanceWriterTest","eu.esdihumboldt.hale.io.topojson.test.TopoJsonInstanceWriterTest","testWriteTopoJson"
"","0","testFootprint3","","Wed Jul 08 14:53:00 UTC 2026","passed","Wed Jul 08 14:53:00 UTC 2026","","eu.esdihumboldt.cst.functions.geometric.test.InteriorPointTest","eu.esdihumboldt.cst.functions.geometric.test.InteriorPointTest","testFootprint3"
"","8754","testComplexLookupJsonGroovy","","Wed Jul 08 14:50:07 UTC 2026","passed","Wed Jul 08 14:50:15 UTC 2026","","eu.esdihumboldt.hale.common.lookup.internal.LookupTableTypeTest","eu.esdihumboldt.hale.common.lookup.internal.LookupTableTypeTest","testComplexLookupJsonGroovy"
"","0","testInstanceExistsSchema","","Wed Jul 08 14:48:54 UTC 2026","skipped","Wed Jul 08 14:48:54 UTC 2026","","eu.esdihumboldt.hale.common.filter.CQLFilterTest","eu.esdihumboldt.hale.common.filter.CQLFilterTest","testInstanceExistsSchema"
"","36","testConflict","","Wed Jul 08 15:02:26 UTC 2026","passed","Wed Jul 08 15:02:26 UTC 2026","","eu.esdihumboldt.util.config.ConfigTest","eu.esdihumboldt.util.config.ConfigTest","testConflict"
"","83","testWriteSimpleSchema","","Wed Jul 08 14:54:19 UTC 2026","passed","Wed Jul 08 14:54:19 UTC 2026","","eu.esdihumboldt.hale.io.csv.writer.CSVInstanceWriterTest","eu.esdihumboldt.hale.io.csv.writer.CSVInstanceWriterTest","testWriteSimpleSchema"
"","2","testCircle","","Wed Jul 08 15:02:36 UTC 2026","passed","Wed Jul 08 15:02:36 UTC 2026","","eu.esdihumboldt.util.geometry.interpolation.model.impl.ArcByPointsImplTest","eu.esdihumboldt.util.geometry.interpolation.model.impl.ArcByPointsImplTest","testCircle"
"","7","testExampleFromTheGep7Page","","Wed Jul 08 15:02:52 UTC 2026","passed","Wed Jul 08 15:02:52 UTC 2026","","eu.esdihumboldt.util.groovy.json.JsonStreamBuilderTest","eu.esdihumboldt.util.groovy.json.JsonStreamBuilderTest","testExampleFromTheGep7Page"
"","25","testRead_shiporder_divided","","Wed Jul 08 15:02:03 UTC 2026","passed","Wed Jul 08 15:02:03 UTC 2026","","eu.esdihumboldt.hale.io.xsd.reader.XmlSchemaReaderTest","eu.esdihumboldt.hale.io.xsd.reader.XmlSchemaReaderTest","testRead_shiporder_divided"
"","4","testJsonBuilderSameNameFail2","","Wed Jul 08 15:02:51 UTC 2026","passed","Wed Jul 08 15:02:51 UTC 2026","","eu.esdihumboldt.util.groovy.json.JsonStreamBuilderTest","eu.esdihumboldt.util.groovy.json.JsonStreamBuilderTest","testJsonBuilderSameNameFail2"
"","3","testExportNullTargetValue","","Wed Jul 08 14:54:19 UTC 2026","passed","Wed Jul 08 14:54:19 UTC 2026","","eu.esdihumboldt.hale.io.csv.writer.CSVLookupWriterTest","eu.esdihumboldt.hale.io.csv.writer.CSVLookupWriterTest","testExportNullTargetValue"
"","11","testSKOSFromRDF4_language_en","","Wed Jul 08 14:53:50 UTC 2026","passed","Wed Jul 08 14:53:50 UTC 2026","","eu.esdihumboldt.hale.io.codelist.skos.test.SkosCodeListTest","eu.esdihumboldt.hale.io.codelist.skos.test.SkosCodeListTest","testSKOSFromRDF4_language_en"
"","1964","testAppInfo","","Wed Jul 08 15:02:00 UTC 2026","passed","Wed Jul 08 15:02:02 UTC 2026","","eu.esdihumboldt.hale.io.xsd.reader.XmlSchemaReaderMoreTest","eu.esdihumboldt.hale.io.xsd.reader.XmlSchemaReaderMoreTest","testAppInfo"
"","121","testCMUnion5","","Wed Jul 08 14:52:20 UTC 2026","passed","Wed Jul 08 14:52:20 UTC 2026","","eu.esdihumboldt.cst.internal.ConceptualSchemaTransformerTest","eu.esdihumboldt.cst.internal.ConceptualSchemaTransformerTest","testCMUnion5"
"","268","testSaveLoad","","Wed Jul 08 14:47:00 UTC 2026","passed","Wed Jul 08 14:47:00 UTC 2026","","eu.esdihumboldt.hale.common.align.io.JaxbAlignmentIOTest","eu.esdihumboldt.hale.common.align.io.JaxbAlignmentIOTest","testSaveLoad"
"","0","testExistsNoSchema","","Wed Jul 08 14:48:54 UTC 2026","skipped","Wed Jul 08 14:48:54 UTC 2026","","eu.esdihumboldt.hale.common.filter.CQLFilterTest","eu.esdihumboldt.hale.common.filter.CQLFilterTest","testExistsNoSchema"
"","5","testByPoints3AllGrid","","Wed Jul 08 15:02:35 UTC 2026","passed","Wed Jul 08 15:02:35 UTC 2026","","eu.esdihumboldt.util.geometry.interpolation.grid.GridInterpolationTest","eu.esdihumboldt.util.geometry.interpolation.grid.GridInterpolationTest","testByPoints3AllGrid"
"","2563","testReadXsdInstances","","Wed Jul 08 15:00:17 UTC 2026","passed","Wed Jul 08 15:00:19 UTC 2026","","eu.esdihumboldt.hale.io.shp.ShapeInstanceReaderTest","eu.esdihumboldt.hale.io.shp.ShapeInstanceReaderTest","testReadXsdInstances"
"","1","testUnifyWOHoles","","Wed Jul 08 15:02:35 UTC 2026","passed","Wed Jul 08 15:02:35 UTC 2026","","eu.esdihumboldt.util.geometry.WindingOrderTest","eu.esdihumboldt.util.geometry.WindingOrderTest","testUnifyWOHoles"
"","132","testGroovyWarningCreateTarget","","Wed Jul 08 14:47:52 UTC 2026","passed","Wed Jul 08 14:47:52 UTC 2026","","eu.esdihumboldt.hale.common.align.merge.test.impl.DefaultMergeCellMigratorTest","eu.esdihumboldt.hale.common.align.merge.test.impl.DefaultMergeCellMigratorTest","testGroovyWarningCreateTarget"
"","1","testGeometryFlippedOnNULLCRS","","Wed Jul 08 15:02:35 UTC 2026","passed","Wed Jul 08 15:02:35 UTC 2026","","eu.esdihumboldt.util.geometry.WindingOrderTest","eu.esdihumboldt.util.geometry.WindingOrderTest","testGeometryFlippedOnNULLCRS"
"","250","testWriteRead","","Wed Jul 08 14:51:20 UTC 2026","passed","Wed Jul 08 14:51:20 UTC 2026","","eu.esdihumboldt.hale.common.schema.persist.hsd.test.json.HaleSchemaWriterJsonTest","eu.esdihumboldt.hale.common.schema.persist.hsd.test.json.HaleSchemaWriterJsonTest","testWriteRead"
"","9","testHalfCircle","","Wed Jul 08 15:02:36 UTC 2026","passed","Wed Jul 08 15:02:36 UTC 2026","","eu.esdihumboldt.util.geometry.interpolation.split.SplitInterpolationTest","eu.esdihumboldt.util.geometry.interpolation.split.SplitInterpolationTest","testHalfCircle"
"","6","testNumberBetweenList","","Wed Jul 08 14:48:54 UTC 2026","passed","Wed Jul 08 14:48:54 UTC 2026","","eu.esdihumboldt.hale.common.filter.ECQLFilterTest","eu.esdihumboldt.hale.common.filter.ECQLFilterTest","testNumberBetweenList"
"","286","closureStuffDisallowed","","Wed Jul 08 15:03:09 UTC 2026","passed","Wed Jul 08 15:03:09 UTC 2026","","eu.esdihumboldt.util.groovy.sandbox.test.internal.GroovySandboxTest","eu.esdihumboldt.util.groovy.sandbox.test.internal.GroovySandboxTest","closureStuffDisallowed"
"","461","testByPointsToCenterAllGrid","","Wed Jul 08 15:02:35 UTC 2026","passed","Wed Jul 08 15:02:35 UTC 2026","","eu.esdihumboldt.util.geometry.interpolation.grid.GridInterpolationTest","eu.esdihumboldt.util.geometry.interpolation.grid.GridInterpolationTest","testByPointsToCenterAllGrid"
"","0","testGeoCross","","Wed Jul 08 14:48:54 UTC 2026","skipped","Wed Jul 08 14:48:54 UTC 2026","","eu.esdihumboldt.hale.common.filter.ECQLFilterTest","eu.esdihumboldt.hale.common.filter.ECQLFilterTest","testGeoCross"
"","15","testArray","","Wed Jul 08 14:50:43 UTC 2026","passed","Wed Jul 08 14:50:43 UTC 2026","","eu.esdihumboldt.hale.common.schema.model.constraint.factory.type.BindingFactoryTest","eu.esdihumboldt.hale.common.schema.model.constraint.factory.type.BindingFactoryTest","testArray"
"","236","testGroovyRetypeCondition","","Wed Jul 08 14:47:54 UTC 2026","passed","Wed Jul 08 14:47:54 UTC 2026","","eu.esdihumboldt.hale.common.align.merge.test.impl.JoinFocusRetainConditionTest","eu.esdihumboldt.hale.common.align.merge.test.impl.JoinFocusRetainConditionTest","testGroovyRetypeCondition"
"","38","testNullMixed","","Wed Jul 08 14:49:42 UTC 2026","passed","Wed Jul 08 14:49:42 UTC 2026","","eu.esdihumboldt.hale.common.instance.groovy.InstanceAccessorTest","eu.esdihumboldt.hale.common.instance.groovy.InstanceAccessorTest","testNullMixed"
"","19","testRootArrayObjectNested","","Wed Jul 08 15:02:52 UTC 2026","passed","Wed Jul 08 15:02:52 UTC 2026","","eu.esdihumboldt.util.groovy.json.JsonStreamBuilderTest","eu.esdihumboldt.util.groovy.json.JsonStreamBuilderTest","testRootArrayObjectNested"
"","3","testGetReferencesNested","","Wed Jul 08 14:48:54 UTC 2026","passed","Wed Jul 08 14:48:54 UTC 2026","","eu.esdihumboldt.hale.common.filter.ECQLFilterTest","eu.esdihumboldt.hale.common.filter.ECQLFilterTest","testGetReferencesNested"
"","417","testToFrom","","Wed Jul 08 14:47:00 UTC 2026","passed","Wed Jul 08 14:47:01 UTC 2026","","eu.esdihumboldt.hale.common.align.model.functions.join.JoinParameterTest","eu.esdihumboldt.hale.common.align.model.functions.join.JoinParameterTest","testToFrom"
"","4132","testWriteRead","","Wed Jul 08 14:58:27 UTC 2026","passed","Wed Jul 08 14:58:31 UTC 2026","","eu.esdihumboldt.hale.io.jdbc.postgresql.test.OneDimensionalArraysIT","eu.esdihumboldt.hale.io.jdbc.postgresql.test.OneDimensionalArraysIT","testWriteRead"
"","101","testCardinalityMerge_1","","Wed Jul 08 14:52:18 UTC 2026","passed","Wed Jul 08 14:52:19 UTC 2026","","eu.esdihumboldt.cst.internal.ConceptualSchemaTransformerTest","eu.esdihumboldt.cst.internal.ConceptualSchemaTransformerTest","testCardinalityMerge_1"
"","269","mergeJoinGroovyRetype","","Wed Jul 08 14:47:52 UTC 2026","passed","Wed Jul 08 14:47:53 UTC 2026","","eu.esdihumboldt.hale.common.align.merge.test.impl.GroovyRetypeMergeTest","eu.esdihumboldt.hale.common.align.merge.test.impl.GroovyRetypeMergeTest","mergeJoinGroovyRetype"
"","1","testSimple","","Wed Jul 08 15:02:26 UTC 2026","passed","Wed Jul 08 15:02:26 UTC 2026","","eu.esdihumboldt.util.config.ConfigMergerTest","eu.esdihumboldt.util.config.ConfigMergerTest","testSimple"
"","114","mergeRenameFormattedString","","Wed Jul 08 14:47:52 UTC 2026","passed","Wed Jul 08 14:47:52 UTC 2026","","eu.esdihumboldt.hale.common.align.merge.test.impl.FormattedStringMergeTest","eu.esdihumboldt.hale.common.align.merge.test.impl.FormattedStringMergeTest","mergeRenameFormattedString"
"","7463","testShapefileInstanceFromNginxUrl","","Wed Jul 08 15:00:19 UTC 2026","passed","Wed Jul 08 15:00:27 UTC 2026","","eu.esdihumboldt.hale.io.shp.ShapeInstanceReaderTest","eu.esdihumboldt.hale.io.shp.ShapeInstanceReaderTest","testShapefileInstanceFromNginxUrl"
"","29","testSingleGeometry","","Wed Jul 08 15:00:38 UTC 2026","passed","Wed Jul 08 15:00:38 UTC 2026","","eu.esdihumboldt.hale.io.shp.ShapefileInstanceWriterTest","eu.esdihumboldt.hale.io.shp.ShapefileInstanceWriterTest","testSingleGeometry"
"","316","testGeometryAggregate_32_MultiLineString","","Wed Jul 08 14:56:17 UTC 2026","passed","Wed Jul 08 14:56:18 UTC 2026","","eu.esdihumboldt.hale.io.gml.writer.internal.StreamGmlWriterTest","eu.esdihumboldt.hale.io.gml.writer.internal.StreamGmlWriterTest","testGeometryAggregate_32_MultiLineString"
"","2","testIterateEven","","Wed Jul 08 14:49:10 UTC 2026","passed","Wed Jul 08 14:49:10 UTC 2026","","eu.esdihumboldt.hale.common.instance.tools.impl.SimplePartitionerTest","eu.esdihumboldt.hale.common.instance.tools.impl.SimplePartitionerTest","testIterateEven"
"","1278","testToFrom","","Wed Jul 08 14:53:00 UTC 2026","passed","Wed Jul 08 14:53:01 UTC 2026","","eu.esdihumboldt.cst.functions.geometric.test.join.SpatialJoinParameterTest","eu.esdihumboldt.cst.functions.geometric.test.join.SpatialJoinParameterTest","testToFrom"
"","228","testMergeMultiPropKeyWithComplexAtt","","Wed Jul 08 14:52:07 UTC 2026","passed","Wed Jul 08 14:52:07 UTC 2026","","eu.esdihumboldt.cst.internal.ConceptualSchemaTransformerTest","eu.esdihumboldt.cst.internal.ConceptualSchemaTransformerTest","testMergeMultiPropKeyWithComplexAtt"
"","379","testWfsPagination","","Wed Jul 08 14:55:57 UTC 2026","passed","Wed Jul 08 14:55:58 UTC 2026","","eu.esdihumboldt.hale.io.gml.reader.internal.StreamGmlReaderTest","eu.esdihumboldt.hale.io.gml.reader.internal.StreamGmlReaderTest","testWfsPagination"
"","4305","testWriteRead","","Wed Jul 08 14:58:19 UTC 2026","passed","Wed Jul 08 14:58:23 UTC 2026","","eu.esdihumboldt.hale.io.jdbc.postgresql.test.MultiDimensionalArraysIT","eu.esdihumboldt.hale.io.jdbc.postgresql.test.MultiDimensionalArraysIT","testWriteRead"
"","162","testParentMappingGeometry","","Wed Jul 08 14:47:48 UTC 2026","passed","Wed Jul 08 14:47:48 UTC 2026","","eu.esdihumboldt.hale.common.align.merge.test.impl.DefaultMergeCellMigratorTest","eu.esdihumboldt.hale.common.align.merge.test.impl.DefaultMergeCellMigratorTest","testParentMappingGeometry"
"","175","testRetypeConditionRenameTypeFilteredTranslated","","Wed Jul 08 14:47:56 UTC 2026","passed","Wed Jul 08 14:47:56 UTC 2026","","eu.esdihumboldt.hale.common.align.merge.test.impl.JoinRetainConditionsTest","eu.esdihumboldt.hale.common.align.merge.test.impl.JoinRetainConditionsTest","testRetypeConditionRenameTypeFilteredTranslated"
"","1","testRead4","","Wed Jul 08 14:54:05 UTC 2026","passed","Wed Jul 08 14:54:05 UTC 2026","","eu.esdihumboldt.hale.io.csv.CSVSchemaReaderTest","eu.esdihumboldt.hale.io.csv.CSVSchemaReaderTest","testRead4"
"","241","mergeRenameFormattedString","","Wed Jul 08 14:53:43 UTC 2026","passed","Wed Jul 08 14:53:43 UTC 2026","","eu.esdihumboldt.hale.adv.merge.test.AdVMeasurementMergeTest","eu.esdihumboldt.hale.adv.merge.test.AdVMeasurementMergeTest","mergeRenameFormattedString"
"","15","testNestedDefaultProperties","","Wed Jul 08 14:51:01 UTC 2026","passed","Wed Jul 08 14:51:01 UTC 2026","","eu.esdihumboldt.hale.common.schema.groovy.SchemaBuilderTest","eu.esdihumboldt.hale.common.schema.groovy.SchemaBuilderTest","testNestedDefaultProperties"
"","3","testNumberProperty","","Wed Jul 08 14:59:24 UTC 2026","passed","Wed Jul 08 14:59:24 UTC 2026","","eu.esdihumboldt.hale.io.json.test.JsonSchemaReaderTest","eu.esdihumboldt.hale.io.json.test.JsonSchemaReaderTest","testNumberProperty"
"","5","testUnbounded","","Wed Jul 08 14:50:42 UTC 2026","passed","Wed Jul 08 14:50:42 UTC 2026","","eu.esdihumboldt.hale.common.schema.model.constraint.factory.property.CardinalityFactoryTest","eu.esdihumboldt.hale.common.schema.model.constraint.factory.property.CardinalityFactoryTest","testUnbounded"
"","100","testCardinalityMerge_2","","Wed Jul 08 14:52:19 UTC 2026","passed","Wed Jul 08 14:52:19 UTC 2026","","eu.esdihumboldt.cst.internal.ConceptualSchemaTransformerTest","eu.esdihumboldt.cst.internal.ConceptualSchemaTransformerTest","testCardinalityMerge_2"
"","0","testTriangleHole","","Wed Jul 08 14:53:00 UTC 2026","passed","Wed Jul 08 14:53:00 UTC 2026","","eu.esdihumboldt.cst.functions.geometric.test.InteriorPointTest","eu.esdihumboldt.cst.functions.geometric.test.InteriorPointTest","testTriangleHole"
"","89","testWfsResolvedepthResponseStructure","","Wed Jul 08 14:55:58 UTC 2026","passed","Wed Jul 08 14:55:58 UTC 2026","","eu.esdihumboldt.hale.io.gml.reader.internal.StreamGmlReaderTest","eu.esdihumboldt.hale.io.gml.reader.internal.StreamGmlReaderTest","testWfsResolvedepthResponseStructure"
"","29","testRead_definitive_sequencegroup","","Wed Jul 08 15:02:03 UTC 2026","passed","Wed Jul 08 15:02:03 UTC 2026","","eu.esdihumboldt.hale.io.xsd.reader.XmlSchemaReaderTest","eu.esdihumboldt.hale.io.xsd.reader.XmlSchemaReaderTest","testRead_definitive_sequencegroup"
"","56","testNativeQuery","","Wed Jul 08 15:03:17 UTC 2026","passed","Wed Jul 08 15:03:17 UTC 2026","","eu.esdihumboldt.util.orient.embedded.MemoryDocumentTest","eu.esdihumboldt.util.orient.embedded.MemoryDocumentTest","testNativeQuery"
"","10","testEqualityListNoSchema","","Wed Jul 08 14:48:53 UTC 2026","passed","Wed Jul 08 14:48:53 UTC 2026","","eu.esdihumboldt.hale.common.filter.CQLFilterTest","eu.esdihumboldt.hale.common.filter.CQLFilterTest","testEqualityListNoSchema"
"","0","testGeometryPrimitive_32_Curve_MultiLineString","","Wed Jul 08 14:56:06 UTC 2026","skipped","Wed Jul 08 14:56:06 UTC 2026","","eu.esdihumboldt.hale.io.gml.writer.internal.StreamGmlWriter2Test","eu.esdihumboldt.hale.io.gml.writer.internal.StreamGmlWriter2Test","testGeometryPrimitive_32_Curve_MultiLineString"
"","30","testWriteReadDateTime","","Wed Jul 08 15:00:38 UTC 2026","passed","Wed Jul 08 15:00:38 UTC 2026","","eu.esdihumboldt.hale.io.shp.ShapefileInstanceWriterTest","eu.esdihumboldt.hale.io.shp.ShapefileInstanceWriterTest","testWriteReadDateTime"
"","93","testRTreeSpatialIndexCreation","","Wed Jul 08 14:54:58 UTC 2026","passed","Wed Jul 08 14:54:58 UTC 2026","","eu.esdihumboldt.hale.io.geopackage.GeopackageInstanceWriterTest","eu.esdihumboldt.hale.io.geopackage.GeopackageInstanceWriterTest","testRTreeSpatialIndexCreation"
"","25","testLoadMixed","","Wed Jul 08 14:55:16 UTC 2026","passed","Wed Jul 08 14:55:16 UTC 2026","","eu.esdihumboldt.hale.io.gml.reader.internal.GmlInstanceCollectionTest","eu.esdihumboldt.hale.io.gml.reader.internal.GmlInstanceCollectionTest","testLoadMixed"
"","9","testTrendsFromTwitter","","Wed Jul 08 15:02:52 UTC 2026","passed","Wed Jul 08 15:02:52 UTC 2026","","eu.esdihumboldt.util.groovy.json.JsonStreamBuilderTest","eu.esdihumboldt.util.groovy.json.JsonStreamBuilderTest","testTrendsFromTwitter"
"","118","testRegexAnalysis","","Wed Jul 08 14:52:21 UTC 2026","passed","Wed Jul 08 14:52:21 UTC 2026","","eu.esdihumboldt.cst.internal.ConceptualSchemaTransformerTest","eu.esdihumboldt.cst.internal.ConceptualSchemaTransformerTest","testRegexAnalysis"
"","0","testGeometry_2_LineString","","Wed Jul 08 14:56:13 UTC 2026","skipped","Wed Jul 08 14:56:13 UTC 2026","","eu.esdihumboldt.hale.io.gml.writer.internal.StreamGmlWriterTest","eu.esdihumboldt.hale.io.gml.writer.internal.StreamGmlWriterTest","testGeometry_2_LineString"
"","7363","testInnerJoinNas","","Wed Jul 08 14:52:09 UTC 2026","passed","Wed Jul 08 14:52:17 UTC 2026","","eu.esdihumboldt.cst.internal.ConceptualSchemaTransformerTest","eu.esdihumboldt.cst.internal.ConceptualSchemaTransformerTest","testInnerJoinNas"
"","2","testNestedKey","","Wed Jul 08 15:02:26 UTC 2026","passed","Wed Jul 08 15:02:26 UTC 2026","","eu.esdihumboldt.util.config.ConfigTest","eu.esdihumboldt.util.config.ConfigTest","testNestedKey"
"","8","testSpecifyTypeGeojson","","Wed Jul 08 14:59:24 UTC 2026","passed","Wed Jul 08 14:59:24 UTC 2026","","eu.esdihumboldt.hale.io.json.test.JsonToInstanceTest","eu.esdihumboldt.hale.io.json.test.JsonToInstanceTest","testSpecifyTypeGeojson"
"","4","testEmptyObject","","Wed Jul 08 15:02:52 UTC 2026","passed","Wed Jul 08 15:02:52 UTC 2026","","eu.esdihumboldt.util.groovy.json.JsonStreamBuilderTest","eu.esdihumboldt.util.groovy.json.JsonStreamBuilderTest","testEmptyObject"
"","172","migrateJoinGroovyRetype","","Wed Jul 08 14:47:53 UTC 2026","passed","Wed Jul 08 14:47:53 UTC 2026","","eu.esdihumboldt.hale.common.align.merge.test.impl.GroovyRetypeMergeTest","eu.esdihumboldt.hale.common.align.merge.test.impl.GroovyRetypeMergeTest","migrateJoinGroovyRetype"
"","2","testRead","","Wed Jul 08 14:54:05 UTC 2026","passed","Wed Jul 08 14:54:05 UTC 2026","","eu.esdihumboldt.hale.io.csv.CSVSchemaReaderTest","eu.esdihumboldt.hale.io.csv.CSVSchemaReaderTest","testRead"
"","3962","testTransform","","Wed Jul 08 14:46:35 UTC 2026","passed","Wed Jul 08 14:46:39 UTC 2026","","eu.esdihumboldt.hale.app.transform.test.ExecuteTest","eu.esdihumboldt.hale.app.transform.test.ExecuteTest","testTransform"
"","3","testSerializeCompact","","Wed Jul 08 15:02:51 UTC 2026","passed","Wed Jul 08 15:02:51 UTC 2026","","eu.esdihumboldt.util.groovy.collector.StatsCollectorTest","eu.esdihumboldt.util.groovy.collector.StatsCollectorTest","testSerializeCompact"
"","6","testJsonBuilderPrettyPrint","","Wed Jul 08 15:02:51 UTC 2026","passed","Wed Jul 08 15:02:51 UTC 2026","","eu.esdihumboldt.util.groovy.json.JsonStreamBuilderTest","eu.esdihumboldt.util.groovy.json.JsonStreamBuilderTest","testJsonBuilderPrettyPrint"
"","1601","testLoadChoice","","Wed Jul 08 14:55:05 UTC 2026","passed","Wed Jul 08 14:55:06 UTC 2026","","eu.esdihumboldt.hale.io.gml.reader.internal.GmlInstanceCollectionTest","eu.esdihumboldt.hale.io.gml.reader.internal.GmlInstanceCollectionTest","testLoadChoice"
"","118","testIDSaveLoad","","Wed Jul 08 14:46:50 UTC 2026","passed","Wed Jul 08 14:46:50 UTC 2026","","eu.esdihumboldt.hale.common.align.io.CastorAlignmentIOTest","eu.esdihumboldt.hale.common.align.io.CastorAlignmentIOTest","testIDSaveLoad"
"","135","testWriteMultiSchemasWithOneMissingGeom","","Wed Jul 08 15:00:34 UTC 2026","passed","Wed Jul 08 15:00:34 UTC 2026","","eu.esdihumboldt.hale.io.shp.ShapefileInstanceWriterTest","eu.esdihumboldt.hale.io.shp.ShapefileInstanceWriterTest","testWriteMultiSchemasWithOneMissingGeom"
"","5","testRange","","Wed Jul 08 14:51:01 UTC 2026","passed","Wed Jul 08 14:51:01 UTC 2026","","eu.esdihumboldt.hale.common.schema.groovy.constraints.EnumerationFactoryTest","eu.esdihumboldt.hale.common.schema.groovy.constraints.EnumerationFactoryTest","testRange"
"","2","testTrueFalse","","Wed Jul 08 14:51:01 UTC 2026","passed","Wed Jul 08 14:51:01 UTC 2026","","eu.esdihumboldt.hale.common.schema.groovy.constraints.TypeAbstractFactoryTest","eu.esdihumboldt.hale.common.schema.groovy.constraints.TypeAbstractFactoryTest","testTrueFalse"
"","6","testReadDefaultType","","Wed Jul 08 14:59:24 UTC 2026","passed","Wed Jul 08 14:59:24 UTC 2026","","eu.esdihumboldt.hale.io.json.test.JsonInstanceReaderTest","eu.esdihumboldt.hale.io.json.test.JsonInstanceReaderTest","testReadDefaultType"
"","1","testUnifyMultiPolygon","","Wed Jul 08 15:02:35 UTC 2026","passed","Wed Jul 08 15:02:35 UTC 2026","","eu.esdihumboldt.util.geometry.WindingOrderTest","eu.esdihumboldt.util.geometry.WindingOrderTest","testUnifyMultiPolygon"
"","7","testGeoJson","","Wed Jul 08 14:59:24 UTC 2026","passed","Wed Jul 08 14:59:24 UTC 2026","","eu.esdihumboldt.hale.io.json.test.JsonSchemaReaderTest","eu.esdihumboldt.hale.io.json.test.JsonSchemaReaderTest","testGeoJson"
"","1","testSubfolder3","","Wed Jul 08 14:48:25 UTC 2026","passed","Wed Jul 08 14:48:25 UTC 2026","","eu.esdihumboldt.hale.common.core.io.PathUpdateTest","eu.esdihumboldt.hale.common.core.io.PathUpdateTest","testSubfolder3"
"","5","testEnabled","","Wed Jul 08 14:50:43 UTC 2026","passed","Wed Jul 08 14:50:43 UTC 2026","","eu.esdihumboldt.hale.common.schema.model.constraint.factory.property.UniqueConstraintFactoryTest","eu.esdihumboldt.hale.common.schema.model.constraint.factory.property.UniqueConstraintFactoryTest","testEnabled"
"","13","testUnifyCCWWithHoles","","Wed Jul 08 15:02:35 UTC 2026","passed","Wed Jul 08 15:02:35 UTC 2026","","eu.esdihumboldt.util.geometry.WindingOrderTest","eu.esdihumboldt.util.geometry.WindingOrderTest","testUnifyCCWWithHoles"
"","22","testReadSchema","","Wed Jul 08 14:54:58 UTC 2026","passed","Wed Jul 08 14:54:58 UTC 2026","","eu.esdihumboldt.hale.io.geopackage.GeopackageSchemaReaderTest","eu.esdihumboldt.hale.io.geopackage.GeopackageSchemaReaderTest","testReadSchema"
"","6","testPointGeometry","","Wed Jul 08 14:59:24 UTC 2026","passed","Wed Jul 08 14:59:24 UTC 2026","","eu.esdihumboldt.hale.io.json.test.JsonSchemaReaderTest","eu.esdihumboldt.hale.io.json.test.JsonSchemaReaderTest","testPointGeometry"
"","2","testName","","Wed Jul 08 14:51:01 UTC 2026","passed","Wed Jul 08 14:51:01 UTC 2026","","eu.esdihumboldt.hale.common.schema.groovy.constraints.DisplayNameFactoryTest","eu.esdihumboldt.hale.common.schema.groovy.constraints.DisplayNameFactoryTest","testName"
"","0","testFormatter[9]","","Wed Jul 08 15:02:31 UTC 2026","passed","Wed Jul 08 15:02:31 UTC 2026","","eu.esdihumboldt.util.geometry.DecimalFormatUtilTest","eu.esdihumboldt.util.geometry.DecimalFormatUtilTest","testFormatter[9]"
"","12","testEnabled","","Wed Jul 08 14:50:43 UTC 2026","passed","Wed Jul 08 14:50:43 UTC 2026","","eu.esdihumboldt.hale.common.schema.model.constraint.factory.type.MappingRelevantFlagFactoryTest","eu.esdihumboldt.hale.common.schema.model.constraint.factory.type.MappingRelevantFlagFactoryTest","testEnabled"
"","5","testWith","","Wed Jul 08 14:53:00 UTC 2026","passed","Wed Jul 08 14:53:00 UTC 2026","","eu.esdihumboldt.cst.functions.geometric.test.GeometryHelperFunctionsTest","eu.esdihumboldt.cst.functions.geometric.test.GeometryHelperFunctionsTest","testWith"
"","4","testPath2","","Wed Jul 08 14:50:43 UTC 2026","passed","Wed Jul 08 14:50:43 UTC 2026","","eu.esdihumboldt.hale.common.schema.model.constraint.factory.type.PrimaryKeyFactoryTest","eu.esdihumboldt.hale.common.schema.model.constraint.factory.type.PrimaryKeyFactoryTest","testPath2"
"","12","testEdgeCases","","Wed Jul 08 15:02:52 UTC 2026","passed","Wed Jul 08 15:02:52 UTC 2026","","eu.esdihumboldt.util.groovy.json.JsonStreamBuilderTest","eu.esdihumboldt.util.groovy.json.JsonStreamBuilderTest","testEdgeCases"
"","14","testEnabled","","Wed Jul 08 14:50:43 UTC 2026","passed","Wed Jul 08 14:50:43 UTC 2026","","eu.esdihumboldt.hale.common.schema.model.constraint.factory.type.AbstractFlagFactoryTest","eu.esdihumboldt.hale.common.schema.model.constraint.factory.type.AbstractFlagFactoryTest","testEnabled"
"","0","testInstanceValueExistsSchema","","Wed Jul 08 14:48:53 UTC 2026","skipped","Wed Jul 08 14:48:53 UTC 2026","","eu.esdihumboldt.hale.common.filter.CQLFilterTest","eu.esdihumboldt.hale.common.filter.CQLFilterTest","testInstanceValueExistsSchema"
"","4055","testAdvCrsFactories","","Wed Jul 08 14:50:19 UTC 2026","passed","Wed Jul 08 14:50:23 UTC 2026","","eu.esdihumboldt.hale.common.referencing.factory.CrsAuthorityFactoryTest","eu.esdihumboldt.hale.common.referencing.factory.CrsAuthorityFactoryTest","testAdvCrsFactories"
"","1402","testConvertJson2PB","","Wed Jul 08 14:59:28 UTC 2026","passed","Wed Jul 08 14:59:30 UTC 2026","","eu.esdihumboldt.hale.io.pb.test.ProtocolBufferInstanceWriterTest","eu.esdihumboldt.hale.io.pb.test.ProtocolBufferInstanceWriterTest","testConvertJson2PB"
"","8","testGeoBbox","","Wed Jul 08 14:48:54 UTC 2026","passed","Wed Jul 08 14:48:54 UTC 2026","","eu.esdihumboldt.hale.common.filter.ECQLFilterTest","eu.esdihumboldt.hale.common.filter.ECQLFilterTest","testGeoBbox"
"","6","testByPoints2","","Wed Jul 08 15:02:36 UTC 2026","passed","Wed Jul 08 15:02:36 UTC 2026","","eu.esdihumboldt.util.geometry.interpolation.split.SplitInterpolationTest","eu.esdihumboldt.util.geometry.interpolation.split.SplitInterpolationTest","testByPoints2"
"","5","test90Deegrees","","Wed Jul 08 15:02:35 UTC 2026","passed","Wed Jul 08 15:02:35 UTC 2026","","eu.esdihumboldt.util.geometry.interpolation.grid.GridInterpolationTest","eu.esdihumboldt.util.geometry.interpolation.grid.GridInterpolationTest","test90Deegrees"
"","0","testUnifyEmpty","","Wed Jul 08 15:02:35 UTC 2026","passed","Wed Jul 08 15:02:35 UTC 2026","","eu.esdihumboldt.util.geometry.WindingOrderTest","eu.esdihumboldt.util.geometry.WindingOrderTest","testUnifyEmpty"
"","5","testRootArrayObjectsFail","","Wed Jul 08 15:02:52 UTC 2026","passed","Wed Jul 08 15:02:52 UTC 2026","","eu.esdihumboldt.util.groovy.json.JsonStreamBuilderTest","eu.esdihumboldt.util.groovy.json.JsonStreamBuilderTest","testRootArrayObjectsFail"
"","4","testMixedKeys","","Wed Jul 08 14:53:22 UTC 2026","passed","Wed Jul 08 14:53:22 UTC 2026","","eu.esdihumboldt.cst.functions.groovy.helpers.util.CollectorTest","eu.esdihumboldt.cst.functions.groovy.helpers.util.CollectorTest","testMixedKeys"
"","27","testOffsetCircle","","Wed Jul 08 15:02:36 UTC 2026","passed","Wed Jul 08 15:02:36 UTC 2026","","eu.esdihumboldt.util.geometry.interpolation.split.SplitInterpolationTest","eu.esdihumboldt.util.geometry.interpolation.split.SplitInterpolationTest","testOffsetCircle"
"","4111","testEvaluateSuccess2","","Wed Jul 08 14:46:25 UTC 2026","passed","Wed Jul 08 14:46:29 UTC 2026","","eu.esdihumboldt.hale.app.transform.test.ExecuteTest","eu.esdihumboldt.hale.app.transform.test.ExecuteTest","testEvaluateSuccess2"
"","9","testSize","","Wed Jul 08 14:49:10 UTC 2026","passed","Wed Jul 08 14:49:10 UTC 2026","","eu.esdihumboldt.hale.common.instance.tools.impl.SimplePartitionerTest","eu.esdihumboldt.hale.common.instance.tools.impl.SimplePartitionerTest","testSize"
"","4","testProblemCase","","Wed Jul 08 14:53:00 UTC 2026","passed","Wed Jul 08 14:53:00 UTC 2026","","eu.esdihumboldt.cst.functions.geometric.test.InteriorPointTest","eu.esdihumboldt.cst.functions.geometric.test.InteriorPointTest","testProblemCase"
"","48","testWriteSingleCorrectSchemasWithOneMissingGeom","","Wed Jul 08 15:00:38 UTC 2026","passed","Wed Jul 08 15:00:38 UTC 2026","","eu.esdihumboldt.hale.io.shp.ShapefileInstanceWriterTest","eu.esdihumboldt.hale.io.shp.ShapefileInstanceWriterTest","testWriteSingleCorrectSchemasWithOneMissingGeom"
"","19","testGmlReferences","","Wed Jul 08 14:49:26 UTC 2026","passed","Wed Jul 08 14:49:26 UTC 2026","","eu.esdihumboldt.hale.common.instance.graph.test.ReferenceGraphTest","eu.esdihumboldt.hale.common.instance.graph.test.ReferenceGraphTest","testGmlReferences"
"","1","testRead2","","Wed Jul 08 14:54:04 UTC 2026","passed","Wed Jul 08 14:54:04 UTC 2026","","eu.esdihumboldt.hale.io.csv.CSVSchemaReaderTest","eu.esdihumboldt.hale.io.csv.CSVSchemaReaderTest","testRead2"
"","247","mergeJoinWithRetypeDef","","Wed Jul 08 14:47:50 UTC 2026","passed","Wed Jul 08 14:47:50 UTC 2026","","eu.esdihumboldt.hale.common.align.merge.test.impl.DefaultMergeCellMigratorTest","eu.esdihumboldt.hale.common.align.merge.test.impl.DefaultMergeCellMigratorTest","mergeJoinWithRetypeDef"
"","9142","testLoadWFS2Capabilities","","Wed Jul 08 15:01:06 UTC 2026","passed","Wed Jul 08 15:01:15 UTC 2026","","eu.esdihumboldt.hale.io.wfs.test.capabilities.CapabilitiesHelperTest","eu.esdihumboldt.hale.io.wfs.test.capabilities.CapabilitiesHelperTest","testLoadWFS2Capabilities"
"","11","testReadFeatureCollection","","Wed Jul 08 14:59:23 UTC 2026","passed","Wed Jul 08 14:59:23 UTC 2026","","eu.esdihumboldt.hale.io.json.test.JsonInstanceCollectionTest","eu.esdihumboldt.hale.io.json.test.JsonInstanceCollectionTest","testReadFeatureCollection"
"","31","testWriteVersion4","","Wed Jul 08 14:59:00 UTC 2026","passed","Wed Jul 08 14:59:00 UTC 2026","","eu.esdihumboldt.hale.io.jdbc.spatialite.writer.internal.SpatiaLiteInstanceWriterTest","eu.esdihumboldt.hale.io.jdbc.spatialite.writer.internal.SpatiaLiteInstanceWriterTest","testWriteVersion4"
"","2","testNoBinding","","Wed Jul 08 14:50:43 UTC 2026","passed","Wed Jul 08 14:50:43 UTC 2026","","eu.esdihumboldt.hale.common.schema.model.constraint.factory.type.ElementTypeFactoryTest","eu.esdihumboldt.hale.common.schema.model.constraint.factory.type.ElementTypeFactoryTest","testNoBinding"
"","18737","testTypeFilter2Property","","Wed Jul 08 14:47:27 UTC 2026","passed","Wed Jul 08 14:47:45 UTC 2026","","eu.esdihumboldt.hale.common.align.merge.test.impl.DefaultMergeCellMigratorTest","eu.esdihumboldt.hale.common.align.merge.test.impl.DefaultMergeCellMigratorTest","testTypeFilter2Property"
"","137","migrateRenameFormattedString","","Wed Jul 08 14:47:52 UTC 2026","passed","Wed Jul 08 14:47:52 UTC 2026","","eu.esdihumboldt.hale.common.align.merge.test.impl.FormattedStringMergeTest","eu.esdihumboldt.hale.common.align.merge.test.impl.FormattedStringMergeTest","migrateRenameFormattedString"
"","6","testEqualityList","","Wed Jul 08 14:48:54 UTC 2026","passed","Wed Jul 08 14:48:54 UTC 2026","","eu.esdihumboldt.hale.common.filter.CQLFilterTest","eu.esdihumboldt.hale.common.filter.CQLFilterTest","testEqualityList"
"","222","testPersonWriteValidate","","Wed Jul 08 14:51:20 UTC 2026","passed","Wed Jul 08 14:51:20 UTC 2026","","eu.esdihumboldt.hale.common.schema.persist.hsd.test.json.HaleSchemaWriterJsonTest","eu.esdihumboldt.hale.common.schema.persist.hsd.test.json.HaleSchemaWriterJsonTest","testPersonWriteValidate"
"","149","testMethodCallWithNamedArguments","","Wed Jul 08 15:02:51 UTC 2026","passed","Wed Jul 08 15:02:51 UTC 2026","","eu.esdihumboldt.util.groovy.json.JsonStreamBuilderTest","eu.esdihumboldt.util.groovy.json.JsonStreamBuilderTest","testMethodCallWithNamedArguments"
"","239","testTypeFilter2PropertyPresent","","Wed Jul 08 14:47:51 UTC 2026","passed","Wed Jul 08 14:47:51 UTC 2026","","eu.esdihumboldt.hale.common.align.merge.test.impl.DefaultMergeCellMigratorTest","eu.esdihumboldt.hale.common.align.merge.test.impl.DefaultMergeCellMigratorTest","testTypeFilter2PropertyPresent"
"","29","testSinglePolyGeometryWithLongAlphanumericNamesWithMultipleInstances","","Wed Jul 08 15:00:38 UTC 2026","passed","Wed Jul 08 15:00:38 UTC 2026","","eu.esdihumboldt.hale.io.shp.ShapefileInstanceWriterTest","eu.esdihumboldt.hale.io.shp.ShapefileInstanceWriterTest","testSinglePolyGeometryWithLongAlphanumericNamesWithMultipleInstances"
"","0","testReverseGroupsKeysBySharedValue","","Wed Jul 08 14:50:07 UTC 2026","passed","Wed Jul 08 14:50:07 UTC 2026","","eu.esdihumboldt.hale.common.lookup.impl.LookupTableImplTest","eu.esdihumboldt.hale.common.lookup.impl.LookupTableImplTest","testReverseGroupsKeysBySharedValue"
"","347","testMatchCondition1","","Wed Jul 08 14:47:46 UTC 2026","passed","Wed Jul 08 14:47:46 UTC 2026","","eu.esdihumboldt.hale.common.align.merge.test.impl.DefaultMergeCellMigratorTest","eu.esdihumboldt.hale.common.align.merge.test.impl.DefaultMergeCellMigratorTest","testMatchCondition1"
"","92","testBaseNameFromFile","","Wed Jul 08 15:00:17 UTC 2026","passed","Wed Jul 08 15:00:17 UTC 2026","","eu.esdihumboldt.hale.io.shp.ShapeInstanceReaderTest","eu.esdihumboldt.hale.io.shp.ShapeInstanceReaderTest","testBaseNameFromFile"
"","164","testSqlQuery","","Wed Jul 08 15:03:17 UTC 2026","passed","Wed Jul 08 15:03:17 UTC 2026","","eu.esdihumboldt.util.orient.embedded.LocalDocumentTest","eu.esdihumboldt.util.orient.embedded.LocalDocumentTest","testSqlQuery"
"","4","testElementHasListOfObjects","","Wed Jul 08 15:02:52 UTC 2026","passed","Wed Jul 08 15:02:52 UTC 2026","","eu.esdihumboldt.util.groovy.json.JsonStreamBuilderTest","eu.esdihumboldt.util.groovy.json.JsonStreamBuilderTest","testElementHasListOfObjects"
"","838","testInspireCodespaceAutoAddNoOverride","","Wed Jul 08 14:56:03 UTC 2026","passed","Wed Jul 08 14:56:04 UTC 2026","","eu.esdihumboldt.hale.io.gml.writer.internal.StreamGmlWriter2Test","eu.esdihumboldt.hale.io.gml.writer.internal.StreamGmlWriter2Test","testInspireCodespaceAutoAddNoOverride"
"","0","testGeometry_2_Point","","Wed Jul 08 14:56:18 UTC 2026","skipped","Wed Jul 08 14:56:18 UTC 2026","","eu.esdihumboldt.hale.io.gml.writer.internal.StreamGmlWriterTest","eu.esdihumboldt.hale.io.gml.writer.internal.StreamGmlWriterTest","testGeometry_2_Point"
"","31","testReadSimpleChoice","","Wed Jul 08 14:59:24 UTC 2026","passed","Wed Jul 08 14:59:24 UTC 2026","","eu.esdihumboldt.hale.io.json.test.JsonToInstanceTest","eu.esdihumboldt.hale.io.json.test.JsonToInstanceTest","testReadSimpleChoice"
"","6","testEqualityListNoSchema","","Wed Jul 08 14:48:54 UTC 2026","passed","Wed Jul 08 14:48:54 UTC 2026","","eu.esdihumboldt.hale.common.filter.ECQLFilterTest","eu.esdihumboldt.hale.common.filter.ECQLFilterTest","testEqualityListNoSchema"
"","0","testPropertyMerge","","Wed Jul 08 14:52:17 UTC 2026","skipped","Wed Jul 08 14:52:17 UTC 2026","","eu.esdihumboldt.cst.internal.ConceptualSchemaTransformerTest","eu.esdihumboldt.cst.internal.ConceptualSchemaTransformerTest","testPropertyMerge"
"","13","testValuesAllowOthers","","Wed Jul 08 14:50:43 UTC 2026","passed","Wed Jul 08 14:50:43 UTC 2026","","eu.esdihumboldt.hale.common.schema.model.constraint.factory.type.EnumerationFactoryTest","eu.esdihumboldt.hale.common.schema.model.constraint.factory.type.EnumerationFactoryTest","testValuesAllowOthers"
"","6","testNullSchema","","Wed Jul 08 14:48:54 UTC 2026","passed","Wed Jul 08 14:48:54 UTC 2026","","eu.esdihumboldt.hale.common.filter.CQLFilterTest","eu.esdihumboldt.hale.common.filter.CQLFilterTest","testNullSchema"
"","5","testEqualityList","","Wed Jul 08 14:48:54 UTC 2026","passed","Wed Jul 08 14:48:54 UTC 2026","","eu.esdihumboldt.hale.common.filter.ECQLFilterTest","eu.esdihumboldt.hale.common.filter.ECQLFilterTest","testEqualityList"
"","1","testDisabled","","Wed Jul 08 14:50:43 UTC 2026","passed","Wed Jul 08 14:50:43 UTC 2026","","eu.esdihumboldt.hale.common.schema.model.constraint.factory.type.AugmentedValueFlagFactoryTest","eu.esdihumboldt.hale.common.schema.model.constraint.factory.type.AugmentedValueFlagFactoryTest","testDisabled"
"","133","testRetypeConditionRenameTypeInherited","","Wed Jul 08 14:47:55 UTC 2026","passed","Wed Jul 08 14:47:55 UTC 2026","","eu.esdihumboldt.hale.common.align.merge.test.impl.JoinRetainConditionsTest","eu.esdihumboldt.hale.common.align.merge.test.impl.JoinRetainConditionsTest","testRetypeConditionRenameTypeInherited"
"","0","testProjectSubfolder","","Wed Jul 08 14:48:25 UTC 2026","passed","Wed Jul 08 14:48:25 UTC 2026","","eu.esdihumboldt.hale.common.core.io.PathUpdateTest","eu.esdihumboldt.hale.common.core.io.PathUpdateTest","testProjectSubfolder"
"","32","testSinglePolyGeometryWithLongAlphanumericNamesWithMultipleInstancesWithMissingData","","Wed Jul 08 15:00:37 UTC 2026","passed","Wed Jul 08 15:00:38 UTC 2026","","eu.esdihumboldt.hale.io.shp.ShapefileInstanceWriterTest","eu.esdihumboldt.hale.io.shp.ShapefileInstanceWriterTest","testSinglePolyGeometryWithLongAlphanumericNamesWithMultipleInstancesWithMissingData"
"","1","testFormatter[1]","","Wed Jul 08 15:02:31 UTC 2026","passed","Wed Jul 08 15:02:31 UTC 2026","","eu.esdihumboldt.util.geometry.DecimalFormatUtilTest","eu.esdihumboldt.util.geometry.DecimalFormatUtilTest","testFormatter[1]"
"","1","testDisabled","","Wed Jul 08 14:50:43 UTC 2026","passed","Wed Jul 08 14:50:43 UTC 2026","","eu.esdihumboldt.hale.common.schema.model.constraint.factory.type.MappableFlagFactoryTest","eu.esdihumboldt.hale.common.schema.model.constraint.factory.type.MappableFlagFactoryTest","testDisabled"
"","0","testGroup","","Wed Jul 08 14:52:04 UTC 2026","skipped","Wed Jul 08 14:52:04 UTC 2026","","eu.esdihumboldt.cst.internal.ConceptualSchemaTransformerTest","eu.esdihumboldt.cst.internal.ConceptualSchemaTransformerTest","testGroup"
"","59","testOffsetBig","","Wed Jul 08 15:02:35 UTC 2026","passed","Wed Jul 08 15:02:35 UTC 2026","","eu.esdihumboldt.util.geometry.interpolation.grid.GridInterpolationTest","eu.esdihumboldt.util.geometry.interpolation.grid.GridInterpolationTest","testOffsetBig"
"","7","testGetReferencesSimple","","Wed Jul 08 14:48:54 UTC 2026","passed","Wed Jul 08 14:48:54 UTC 2026","","eu.esdihumboldt.hale.common.filter.CQLFilterTest","eu.esdihumboldt.hale.common.filter.CQLFilterTest","testGetReferencesSimple"
"","18","testArcString","","Wed Jul 08 15:02:35 UTC 2026","passed","Wed Jul 08 15:02:35 UTC 2026","","eu.esdihumboldt.util.geometry.interpolation.grid.GridInterpolationTest","eu.esdihumboldt.util.geometry.interpolation.grid.GridInterpolationTest","testArcString"
"","1","testOrigin","","Wed Jul 08 15:02:36 UTC 2026","passed","Wed Jul 08 15:02:36 UTC 2026","","eu.esdihumboldt.util.geometry.interpolation.grid.GridUtilTest","eu.esdihumboldt.util.geometry.interpolation.grid.GridUtilTest","testOrigin"
"","1","testIterate2","","Wed Jul 08 14:49:10 UTC 2026","passed","Wed Jul 08 14:49:10 UTC 2026","","eu.esdihumboldt.hale.common.instance.tools.impl.SimplePartitionerTest","eu.esdihumboldt.hale.common.instance.tools.impl.SimplePartitionerTest","testIterate2"
"","0","testComplexWrite","","Wed Jul 08 15:03:17 UTC 2026","skipped","Wed Jul 08 15:03:17 UTC 2026","","eu.esdihumboldt.util.orient.embedded.LocalDocumentTest","eu.esdihumboldt.util.orient.embedded.LocalDocumentTest","testComplexWrite"
"","2","testDisabled","","Wed Jul 08 14:50:42 UTC 2026","passed","Wed Jul 08 14:50:42 UTC 2026","","eu.esdihumboldt.hale.common.schema.model.constraint.factory.property.NillableFlagFactoryTest","eu.esdihumboldt.hale.common.schema.model.constraint.factory.property.NillableFlagFactoryTest","testDisabled"
"","1","testCenter","","Wed Jul 08 15:02:36 UTC 2026","passed","Wed Jul 08 15:02:36 UTC 2026","","eu.esdihumboldt.util.geometry.interpolation.grid.GridUtilTest","eu.esdihumboldt.util.geometry.interpolation.grid.GridUtilTest","testCenter"
"","0","testIterateLess","","Wed Jul 08 14:49:10 UTC 2026","passed","Wed Jul 08 14:49:10 UTC 2026","","eu.esdihumboldt.hale.common.instance.tools.impl.SimplePartitionerTest","eu.esdihumboldt.hale.common.instance.tools.impl.SimplePartitionerTest","testIterateLess"
"","6","testByPoints1AllGrid","","Wed Jul 08 15:02:35 UTC 2026","passed","Wed Jul 08 15:02:35 UTC 2026","","eu.esdihumboldt.util.geometry.interpolation.grid.GridInterpolationTest","eu.esdihumboldt.util.geometry.interpolation.grid.GridInterpolationTest","testByPoints1AllGrid"
"","128","testImplicitAssign","","Wed Jul 08 14:52:18 UTC 2026","passed","Wed Jul 08 14:52:18 UTC 2026","","eu.esdihumboldt.cst.internal.ConceptualSchemaTransformerTest","eu.esdihumboldt.cst.internal.ConceptualSchemaTransformerTest","testImplicitAssign"
"","4301","writeRead","","Wed Jul 08 14:58:43 UTC 2026","passed","Wed Jul 08 14:58:48 UTC 2026","","eu.esdihumboldt.hale.io.jdbc.postgresql.test.ReadWriteIT","eu.esdihumboldt.hale.io.jdbc.postgresql.test.ReadWriteIT","writeRead"
"","0","testLocalING4479","","Wed Jul 08 14:46:32 UTC 2026","skipped","Wed Jul 08 14:46:32 UTC 2026","","eu.esdihumboldt.hale.app.transform.test.ExecuteTest","eu.esdihumboldt.hale.app.transform.test.ExecuteTest","testLocalING4479"
"","7","testDefaultPropertyTypes","","Wed Jul 08 14:51:01 UTC 2026","passed","Wed Jul 08 14:51:01 UTC 2026","","eu.esdihumboldt.hale.common.schema.groovy.SchemaBuilderTest","eu.esdihumboldt.hale.common.schema.groovy.SchemaBuilderTest","testDefaultPropertyTypes"
"","97","testCMUnion3","","Wed Jul 08 14:52:20 UTC 2026","passed","Wed Jul 08 14:52:20 UTC 2026","","eu.esdihumboldt.cst.internal.ConceptualSchemaTransformerTest","eu.esdihumboldt.cst.internal.ConceptualSchemaTransformerTest","testCMUnion3"
"","1","testCurve2","","Wed Jul 08 14:53:00 UTC 2026","passed","Wed Jul 08 14:53:00 UTC 2026","","eu.esdihumboldt.cst.functions.geometric.test.InteriorPointTest","eu.esdihumboldt.cst.functions.geometric.test.InteriorPointTest","testCurve2"
"","0","testDirectFail","","Wed Jul 08 14:56:19 UTC 2026","passed","Wed Jul 08 14:56:19 UTC 2026","","eu.esdihumboldt.hale.io.gml.writer.internal.geometry.writers.PatternTest","eu.esdihumboldt.hale.io.gml.writer.internal.geometry.writers.PatternTest","testDirectFail"
"","752","testInvalidMaxNodes","","Wed Jul 08 15:02:36 UTC 2026","passed","Wed Jul 08 15:02:37 UTC 2026","","eu.esdihumboldt.util.geometry.quadtree.QuadtreeTest","eu.esdihumboldt.util.geometry.quadtree.QuadtreeTest","testInvalidMaxNodes"
"","253","testComplexLookup","","Wed Jul 08 14:50:16 UTC 2026","passed","Wed Jul 08 14:50:16 UTC 2026","","eu.esdihumboldt.hale.common.lookup.internal.LookupTableTypeTest","eu.esdihumboldt.hale.common.lookup.internal.LookupTableTypeTest","testComplexLookup"
"","336","testWfsPaginationWithStartIndex","","Wed Jul 08 14:55:57 UTC 2026","passed","Wed Jul 08 14:55:57 UTC 2026","","eu.esdihumboldt.hale.io.gml.reader.internal.StreamGmlReaderTest","eu.esdihumboldt.hale.io.gml.reader.internal.StreamGmlReaderTest","testWfsPaginationWithStartIndex"
"","3","testCircle1","","Wed Jul 08 15:02:36 UTC 2026","passed","Wed Jul 08 15:02:36 UTC 2026","","eu.esdihumboldt.util.geometry.interpolation.model.impl.ArcByCenterPointImplTest","eu.esdihumboldt.util.geometry.interpolation.model.impl.ArcByCenterPointImplTest","testCircle1"
"","16057","testGeoJsonSimpleMixed_7_and_14","","Wed Jul 08 14:59:05 UTC 2026","passed","Wed Jul 08 14:59:21 UTC 2026","","eu.esdihumboldt.hale.io.json.test.InstanceToJsonTest","eu.esdihumboldt.hale.io.json.test.InstanceToJsonTest","testGeoJsonSimpleMixed_7_and_14"
"","14","testSchemaLessSafeAPI","","Wed Jul 08 14:49:43 UTC 2026","passed","Wed Jul 08 14:49:43 UTC 2026","","eu.esdihumboldt.hale.common.instance.groovy.InstanceBuilderTest","eu.esdihumboldt.hale.common.instance.groovy.InstanceBuilderTest","testSchemaLessSafeAPI"
"","4","testNamespaceIndex","","Wed Jul 08 14:47:20 UTC 2026","passed","Wed Jul 08 14:47:20 UTC 2026","","eu.esdihumboldt.hale.common.align.groovy.accessor.EntityAccessorTest","eu.esdihumboldt.hale.common.align.groovy.accessor.EntityAccessorTest","testNamespaceIndex"
"","212","testGroovyWarningMerge","","Wed Jul 08 14:47:48 UTC 2026","passed","Wed Jul 08 14:47:48 UTC 2026","","eu.esdihumboldt.hale.common.align.merge.test.impl.DefaultMergeCellMigratorTest","eu.esdihumboldt.hale.common.align.merge.test.impl.DefaultMergeCellMigratorTest","testGroovyWarningMerge"
"","545","testGmlIndependent","","Wed Jul 08 14:49:25 UTC 2026","passed","Wed Jul 08 14:49:25 UTC 2026","","eu.esdihumboldt.hale.common.instance.graph.test.ReferenceGraphTest","eu.esdihumboldt.hale.common.instance.graph.test.ReferenceGraphTest","testGmlIndependent"
"","11807","testNestingAll","","Wed Jul 08 14:50:48 UTC 2026","passed","Wed Jul 08 14:51:00 UTC 2026","","eu.esdihumboldt.hale.common.schema.groovy.DefinitionAccessorTest","eu.esdihumboldt.hale.common.schema.groovy.DefinitionAccessorTest","testNestingAll"
"","35","testGeoJsonSimple_2","","Wed Jul 08 14:59:21 UTC 2026","passed","Wed Jul 08 14:59:21 UTC 2026","","eu.esdihumboldt.hale.io.json.test.InstanceToJsonTest","eu.esdihumboldt.hale.io.json.test.InstanceToJsonTest","testGeoJsonSimple_2"
"","9","testTimeEquals","","Wed Jul 08 14:48:53 UTC 2026","passed","Wed Jul 08 14:48:53 UTC 2026","","eu.esdihumboldt.hale.common.filter.CQLFilterTest","eu.esdihumboldt.hale.common.filter.CQLFilterTest","testTimeEquals"
"","404","testGeometryAggregate_32_LineString","","Wed Jul 08 14:56:15 UTC 2026","passed","Wed Jul 08 14:56:16 UTC 2026","","eu.esdihumboldt.hale.io.gml.writer.internal.StreamGmlWriterTest","eu.esdihumboldt.hale.io.gml.writer.internal.StreamGmlWriterTest","testGeometryAggregate_32_LineString"
"","275","testTypeFilter5","","Wed Jul 08 14:47:49 UTC 2026","passed","Wed Jul 08 14:47:49 UTC 2026","","eu.esdihumboldt.hale.common.align.merge.test.impl.DefaultMergeCellMigratorTest","eu.esdihumboldt.hale.common.align.merge.test.impl.DefaultMergeCellMigratorTest","testTypeFilter5"
"","1","testLoadShiporderCQL","","Wed Jul 08 14:48:58 UTC 2026","skipped","Wed Jul 08 14:48:58 UTC 2026","","eu.esdihumboldt.hale.common.filter.FilterTest","eu.esdihumboldt.hale.common.filter.FilterTest","testLoadShiporderCQL"
"","0","testInstanceExistsSchema","","Wed Jul 08 14:48:54 UTC 2026","skipped","Wed Jul 08 14:48:54 UTC 2026","","eu.esdihumboldt.hale.common.filter.ECQLFilterTest","eu.esdihumboldt.hale.common.filter.ECQLFilterTest","testInstanceExistsSchema"
"","0","testFileRelative1","","Wed Jul 08 15:02:00 UTC 2026","passed","Wed Jul 08 15:02:00 UTC 2026","","eu.esdihumboldt.hale.io.xsd.reader.HumboldtURIResolverTest","eu.esdihumboldt.hale.io.xsd.reader.HumboldtURIResolverTest","testFileRelative1"
"","1930","testCount","","Wed Jul 08 15:03:14 UTC 2026","passed","Wed Jul 08 15:03:16 UTC 2026","","eu.esdihumboldt.util.orient.embedded.BrowseClassIterateTest","eu.esdihumboldt.util.orient.embedded.BrowseClassIterateTest","testCount"
"","98","testWriteComplexSchema","","Wed Jul 08 14:54:18 UTC 2026","passed","Wed Jul 08 14:54:19 UTC 2026","","eu.esdihumboldt.hale.io.csv.writer.CSVInstanceWriterTest","eu.esdihumboldt.hale.io.csv.writer.CSVInstanceWriterTest","testWriteComplexSchema"
"","2","testLargeArc","","Wed Jul 08 15:02:36 UTC 2026","passed","Wed Jul 08 15:02:36 UTC 2026","","eu.esdihumboldt.util.geometry.interpolation.model.impl.ArcByPointsImplTest","eu.esdihumboldt.util.geometry.interpolation.model.impl.ArcByPointsImplTest","testLargeArc"
"","143","testNullValue","","Wed Jul 08 14:52:22 UTC 2026","passed","Wed Jul 08 14:52:22 UTC 2026","","eu.esdihumboldt.cst.internal.ConceptualSchemaTransformerTest","eu.esdihumboldt.cst.internal.ConceptualSchemaTransformerTest","testNullValue"
"","19","testNumberList","","Wed Jul 08 14:48:53 UTC 2026","passed","Wed Jul 08 14:48:53 UTC 2026","","eu.esdihumboldt.hale.common.filter.CQLFilterTest","eu.esdihumboldt.hale.common.filter.CQLFilterTest","testNumberList"
"","56","testValidators","","Wed Jul 08 14:50:43 UTC 2026","passed","Wed Jul 08 14:50:43 UTC 2026","","eu.esdihumboldt.hale.common.schema.model.constraint.factory.type.ValidationConstraintFactoryTest","eu.esdihumboldt.hale.common.schema.model.constraint.factory.type.ValidationConstraintFactoryTest","testValidators"
"","95","testPreparedQuery","","Wed Jul 08 15:03:17 UTC 2026","passed","Wed Jul 08 15:03:17 UTC 2026","","eu.esdihumboldt.util.orient.embedded.MemoryDocumentTest","eu.esdihumboldt.util.orient.embedded.MemoryDocumentTest","testPreparedQuery"
"","1","testQ3","","Wed Jul 08 15:02:36 UTC 2026","passed","Wed Jul 08 15:02:36 UTC 2026","","eu.esdihumboldt.util.geometry.interpolation.grid.GridUtilTest","eu.esdihumboldt.util.geometry.interpolation.grid.GridUtilTest","testQ3"
"","17","testReadComplexNested","","Wed Jul 08 14:59:24 UTC 2026","passed","Wed Jul 08 14:59:24 UTC 2026","","eu.esdihumboldt.hale.io.json.test.JsonToInstanceTest","eu.esdihumboldt.hale.io.json.test.JsonToInstanceTest","testReadComplexNested"
"","24","testReadSimple","","Wed Jul 08 15:01:40 UTC 2026","passed","Wed Jul 08 15:01:40 UTC 2026","","eu.esdihumboldt.hale.io.xls.test.reader.XLSReaderTest","eu.esdihumboldt.hale.io.xls.test.reader.XLSReaderTest","testReadSimple"
"","16","testComplexInstancesCQL","","Wed Jul 08 14:48:58 UTC 2026","passed","Wed Jul 08 14:48:58 UTC 2026","","eu.esdihumboldt.hale.common.filter.FilterTest","eu.esdihumboldt.hale.common.filter.FilterTest","testComplexInstancesCQL"
"","6","testByPoints3","","Wed Jul 08 15:02:35 UTC 2026","passed","Wed Jul 08 15:02:35 UTC 2026","","eu.esdihumboldt.util.geometry.interpolation.grid.GridInterpolationTest","eu.esdihumboldt.util.geometry.interpolation.grid.GridInterpolationTest","testByPoints3"
"","5","testSimpleSingleLax","","Wed Jul 08 14:51:01 UTC 2026","passed","Wed Jul 08 14:51:01 UTC 2026","","eu.esdihumboldt.hale.common.schema.groovy.DefinitionAccessorTest","eu.esdihumboldt.hale.common.schema.groovy.DefinitionAccessorTest","testSimpleSingleLax"
"","0","testSuccessSaveDDL","","Wed Jul 08 14:54:24 UTC 2026","skipped","Wed Jul 08 14:54:24 UTC 2026","","eu.esdihumboldt.hale.io.deegree.mapping.MappingWriterTest","eu.esdihumboldt.hale.io.deegree.mapping.MappingWriterTest","testSuccessSaveDDL"
"","1","testExistsSchema","","Wed Jul 08 14:48:54 UTC 2026","skipped","Wed Jul 08 14:48:54 UTC 2026","","eu.esdihumboldt.hale.common.filter.CQLFilterTest","eu.esdihumboldt.hale.common.filter.CQLFilterTest","testExistsSchema"
"","1","testUnifyGeometryCollection","","Wed Jul 08 15:02:35 UTC 2026","passed","Wed Jul 08 15:02:35 UTC 2026","","eu.esdihumboldt.util.geometry.WindingOrderTest","eu.esdihumboldt.util.geometry.WindingOrderTest","testUnifyGeometryCollection"
"","57","testReadMultiSheetTypeSkipSettings","","Wed Jul 08 15:01:40 UTC 2026","passed","Wed Jul 08 15:01:40 UTC 2026","","eu.esdihumboldt.hale.io.xls.test.reader.XLSReaderTest","eu.esdihumboldt.hale.io.xls.test.reader.XLSReaderTest","testReadMultiSheetTypeSkipSettings"
"","369","testInspireReferenceAppInfo","","Wed Jul 08 15:02:02 UTC 2026","passed","Wed Jul 08 15:02:02 UTC 2026","","eu.esdihumboldt.hale.io.xsd.reader.XmlSchemaReaderMoreTest","eu.esdihumboldt.hale.io.xsd.reader.XmlSchemaReaderMoreTest","testInspireReferenceAppInfo"
"","4","testHttpRelative1","","Wed Jul 08 15:02:00 UTC 2026","passed","Wed Jul 08 15:02:00 UTC 2026","","eu.esdihumboldt.hale.io.xsd.reader.HumboldtURIResolverTest","eu.esdihumboldt.hale.io.xsd.reader.HumboldtURIResolverTest","testHttpRelative1"
"","30","testSinglePolyGeometry","","Wed Jul 08 15:00:38 UTC 2026","passed","Wed Jul 08 15:00:38 UTC 2026","","eu.esdihumboldt.hale.io.shp.ShapefileInstanceWriterTest","eu.esdihumboldt.hale.io.shp.ShapefileInstanceWriterTest","testSinglePolyGeometry"
"","104","testPropertyFilter","","Wed Jul 08 14:52:21 UTC 2026","passed","Wed Jul 08 14:52:21 UTC 2026","","eu.esdihumboldt.cst.internal.ConceptualSchemaTransformerTest","eu.esdihumboldt.cst.internal.ConceptualSchemaTransformerTest","testPropertyFilter"
"","83","testBuilder","","Wed Jul 08 15:02:38 UTC 2026","passed","Wed Jul 08 15:02:38 UTC 2026","","eu.esdihumboldt.util.geometry.quadtree.QuadtreeTest","eu.esdihumboldt.util.geometry.quadtree.QuadtreeTest","testBuilder"
"","6","testValuePropertiesList","","Wed Jul 08 14:48:37 UTC 2026","passed","Wed Jul 08 14:48:37 UTC 2026","","eu.esdihumboldt.hale.common.core.io.impl.ValuePropertiesTypeTest","eu.esdihumboldt.hale.common.core.io.impl.ValuePropertiesTypeTest","testValuePropertiesList"
"","10","testPropertyType","","Wed Jul 08 15:01:40 UTC 2026","passed","Wed Jul 08 15:01:40 UTC 2026","","eu.esdihumboldt.hale.io.xls.test.reader.XLSReaderTest","eu.esdihumboldt.hale.io.xls.test.reader.XLSReaderTest","testPropertyType"
"","0","testLocales2","","Wed Jul 08 14:47:03 UTC 2026","skipped","Wed Jul 08 14:47:03 UTC 2026","","eu.esdihumboldt.hale.common.align.model.impl.mdexpl.MarkdownCellExplanationTest","eu.esdihumboldt.hale.common.align.model.impl.mdexpl.MarkdownCellExplanationTest","testLocales2"
"","209","testInnerJoin","","Wed Jul 08 14:52:09 UTC 2026","passed","Wed Jul 08 14:52:09 UTC 2026","","eu.esdihumboldt.cst.internal.ConceptualSchemaTransformerTest","eu.esdihumboldt.cst.internal.ConceptualSchemaTransformerTest","testInnerJoin"
"","2","testOrigin","","Wed Jul 08 15:02:36 UTC 2026","passed","Wed Jul 08 15:02:36 UTC 2026","","eu.esdihumboldt.util.geometry.interpolation.model.impl.ArcByPointsImplTest","eu.esdihumboldt.util.geometry.interpolation.model.impl.ArcByPointsImplTest","testOrigin"
"","271","testJoinMultiCond_1","","Wed Jul 08 14:52:22 UTC 2026","passed","Wed Jul 08 14:52:22 UTC 2026","","eu.esdihumboldt.cst.internal.ConceptualSchemaTransformerTest","eu.esdihumboldt.cst.internal.ConceptualSchemaTransformerTest","testJoinMultiCond_1"
"","0","testDescent","","Wed Jul 08 14:56:19 UTC 2026","skipped","Wed Jul 08 14:56:19 UTC 2026","","eu.esdihumboldt.hale.io.gml.writer.internal.geometry.writers.PatternTest","eu.esdihumboldt.hale.io.gml.writer.internal.geometry.writers.PatternTest","testDescent"
"","260","testReadForceDefaultType","","Wed Jul 08 14:59:23 UTC 2026","passed","Wed Jul 08 14:59:24 UTC 2026","","eu.esdihumboldt.hale.io.json.test.JsonInstanceReaderTest","eu.esdihumboldt.hale.io.json.test.JsonInstanceReaderTest","testReadForceDefaultType"
"","370","testGeometryAggregate_32_MultiPolygon","","Wed Jul 08 14:56:14 UTC 2026","passed","Wed Jul 08 14:56:15 UTC 2026","","eu.esdihumboldt.hale.io.gml.writer.internal.StreamGmlWriterTest","eu.esdihumboldt.hale.io.gml.writer.internal.StreamGmlWriterTest","testGeometryAggregate_32_MultiPolygon"
"","12","testSKOSFromRDF5_language_nl","","Wed Jul 08 14:53:50 UTC 2026","passed","Wed Jul 08 14:53:50 UTC 2026","","eu.esdihumboldt.hale.io.codelist.skos.test.SkosCodeListTest","eu.esdihumboldt.hale.io.codelist.skos.test.SkosCodeListTest","testSKOSFromRDF5_language_nl"
"","9","testReadDefaultTypeOverride","","Wed Jul 08 14:59:24 UTC 2026","passed","Wed Jul 08 14:59:24 UTC 2026","","eu.esdihumboldt.hale.io.json.test.JsonInstanceReaderTest","eu.esdihumboldt.hale.io.json.test.JsonInstanceReaderTest","testReadDefaultTypeOverride"
"","249","testLarge","","Wed Jul 08 15:02:36 UTC 2026","passed","Wed Jul 08 15:02:36 UTC 2026","","eu.esdihumboldt.util.geometry.interpolation.split.SplitInterpolationTest","eu.esdihumboldt.util.geometry.interpolation.split.SplitInterpolationTest","testLarge"
"","14","testEnabled","","Wed Jul 08 14:50:43 UTC 2026","passed","Wed Jul 08 14:50:43 UTC 2026","","eu.esdihumboldt.hale.common.schema.model.constraint.factory.type.MappableFlagFactoryTest","eu.esdihumboldt.hale.common.schema.model.constraint.factory.type.MappableFlagFactoryTest","testEnabled"
"","4","testDoesNotExistSchema","","Wed Jul 08 14:48:54 UTC 2026","passed","Wed Jul 08 14:48:54 UTC 2026","","eu.esdihumboldt.hale.common.filter.ECQLFilterTest","eu.esdihumboldt.hale.common.filter.ECQLFilterTest","testDoesNotExistSchema"
"","0","testCurve","","Wed Jul 08 14:53:00 UTC 2026","passed","Wed Jul 08 14:53:00 UTC 2026","","eu.esdihumboldt.cst.functions.geometric.test.InteriorPointTest","eu.esdihumboldt.cst.functions.geometric.test.InteriorPointTest","testCurve"
"","0","testGeometryPrimitive_3_Polygon","","Wed Jul 08 14:56:17 UTC 2026","skipped","Wed Jul 08 14:56:17 UTC 2026","","eu.esdihumboldt.hale.io.gml.writer.internal.StreamGmlWriterTest","eu.esdihumboldt.hale.io.gml.writer.internal.StreamGmlWriterTest","testGeometryPrimitive_3_Polygon"
"","11","testNumber","","Wed Jul 08 14:48:54 UTC 2026","passed","Wed Jul 08 14:48:54 UTC 2026","","eu.esdihumboldt.hale.common.filter.CQLFilterTest","eu.esdihumboldt.hale.common.filter.CQLFilterTest","testNumber"
"","21","testValueListValueList","","Wed Jul 08 14:48:36 UTC 2026","passed","Wed Jul 08 14:48:36 UTC 2026","","eu.esdihumboldt.hale.common.core.io.impl.ValueListTypeTest","eu.esdihumboldt.hale.common.core.io.impl.ValueListTypeTest","testValueListValueList"
"","1","testIterateRest","","Wed Jul 08 14:49:10 UTC 2026","passed","Wed Jul 08 14:49:10 UTC 2026","","eu.esdihumboldt.hale.common.instance.tools.impl.SimplePartitionerTest","eu.esdihumboldt.hale.common.instance.tools.impl.SimplePartitionerTest","testIterateRest"
"","329","testGroovy2","","Wed Jul 08 14:52:08 UTC 2026","passed","Wed Jul 08 14:52:08 UTC 2026","","eu.esdihumboldt.cst.internal.ConceptualSchemaTransformerTest","eu.esdihumboldt.cst.internal.ConceptualSchemaTransformerTest","testGroovy2"
"","5","testNullProperties","","Wed Jul 08 14:49:42 UTC 2026","passed","Wed Jul 08 14:49:42 UTC 2026","","eu.esdihumboldt.hale.common.instance.groovy.InstanceAccessorTest","eu.esdihumboldt.hale.common.instance.groovy.InstanceAccessorTest","testNullProperties"
"","4","testStringProperty","","Wed Jul 08 14:59:24 UTC 2026","passed","Wed Jul 08 14:59:24 UTC 2026","","eu.esdihumboldt.hale.io.json.test.JsonSchemaReaderTest","eu.esdihumboldt.hale.io.json.test.JsonSchemaReaderTest","testStringProperty"
"","14","testReadMultiPoint","","Wed Jul 08 14:59:24 UTC 2026","passed","Wed Jul 08 14:59:24 UTC 2026","","eu.esdihumboldt.hale.io.json.test.JsonToInstanceTest","eu.esdihumboldt.hale.io.json.test.JsonToInstanceTest","testReadMultiPoint"
"","22","testRead_shiporder_types","","Wed Jul 08 15:02:03 UTC 2026","passed","Wed Jul 08 15:02:03 UTC 2026","","eu.esdihumboldt.hale.io.xsd.reader.XmlSchemaReaderTest","eu.esdihumboldt.hale.io.xsd.reader.XmlSchemaReaderTest","testRead_shiporder_types"
"","1","testInputLookupAndConsume","","Wed Jul 08 14:48:37 UTC 2026","passed","Wed Jul 08 14:48:37 UTC 2026","","eu.esdihumboldt.hale.common.core.io.supplier.LookupStreamResourceTest","eu.esdihumboldt.hale.common.core.io.supplier.LookupStreamResourceTest","testInputLookupAndConsume"
"","17794","testExportPropertyJoin","","Wed Jul 08 14:56:42 UTC 2026","passed","Wed Jul 08 14:57:00 UTC 2026","","eu.esdihumboldt.hale.io.html.svg.MappingExporterTest","eu.esdihumboldt.hale.io.html.svg.MappingExporterTest","testExportPropertyJoin"
"","4","failTest2","","Wed Jul 08 14:54:05 UTC 2026","passed","Wed Jul 08 14:54:05 UTC 2026","","eu.esdihumboldt.hale.io.csv.CSVSchemaReaderTest","eu.esdihumboldt.hale.io.csv.CSVSchemaReaderTest","failTest2"
"","9","testComplexStructureFromTheGuardianTypeSafe","","Wed Jul 08 15:02:52 UTC 2026","passed","Wed Jul 08 15:02:52 UTC 2026","","eu.esdihumboldt.util.groovy.json.JsonStreamBuilderTest","eu.esdihumboldt.util.groovy.json.JsonStreamBuilderTest","testComplexStructureFromTheGuardianTypeSafe"
"","112","testCMMulti2","","Wed Jul 08 14:52:19 UTC 2026","passed","Wed Jul 08 14:52:19 UTC 2026","","eu.esdihumboldt.cst.internal.ConceptualSchemaTransformerTest","eu.esdihumboldt.cst.internal.ConceptualSchemaTransformerTest","testCMMulti2"
"","595","testInnerJoinConditions","","Wed Jul 08 14:52:17 UTC 2026","passed","Wed Jul 08 14:52:17 UTC 2026","","eu.esdihumboldt.cst.internal.ConceptualSchemaTransformerTest","eu.esdihumboldt.cst.internal.ConceptualSchemaTransformerTest","testInnerJoinConditions"
"","64","testGetReferencesNested","","Wed Jul 08 14:48:53 UTC 2026","passed","Wed Jul 08 14:48:54 UTC 2026","","eu.esdihumboldt.hale.common.filter.CQLFilterTest","eu.esdihumboldt.hale.common.filter.CQLFilterTest","testGetReferencesNested"
"","0","testMsAccessSchemaReaderForAccdbTest","","Wed Jul 08 14:57:18 UTC 2026","skipped","Wed Jul 08 14:57:18 UTC 2026","","eu.esdihumboldt.hale.io.jdbc.msaccess.reader.MsAccessSchemaReaderTest","eu.esdihumboldt.hale.io.jdbc.msaccess.reader.MsAccessSchemaReaderTest","testMsAccessSchemaReaderForAccdbTest"
"","169","testMultiResult1","","Wed Jul 08 14:52:09 UTC 2026","passed","Wed Jul 08 14:52:09 UTC 2026","","eu.esdihumboldt.cst.internal.ConceptualSchemaTransformerTest","eu.esdihumboldt.cst.internal.ConceptualSchemaTransformerTest","testMultiResult1"
"","7","testReadSameFileDiffSheet","","Wed Jul 08 15:01:40 UTC 2026","passed","Wed Jul 08 15:01:40 UTC 2026","","eu.esdihumboldt.hale.io.xls.test.reader.XLSReaderTest","eu.esdihumboldt.hale.io.xls.test.reader.XLSReaderTest","testReadSameFileDiffSheet"
"","362","testWfsPaginationPageSizeLargerThanTotal","","Wed Jul 08 14:55:59 UTC 2026","passed","Wed Jul 08 14:55:59 UTC 2026","","eu.esdihumboldt.hale.io.gml.reader.internal.StreamGmlReaderTest","eu.esdihumboldt.hale.io.gml.reader.internal.StreamGmlReaderTest","testWfsPaginationPageSizeLargerThanTotal"
"","21","testGString","","Wed Jul 08 14:53:22 UTC 2026","passed","Wed Jul 08 14:53:22 UTC 2026","","eu.esdihumboldt.cst.functions.groovy.helpers.util.CollectorTest","eu.esdihumboldt.cst.functions.groovy.helpers.util.CollectorTest","testGString"
"","5","testLikeNoSchema","","Wed Jul 08 14:48:54 UTC 2026","passed","Wed Jul 08 14:48:54 UTC 2026","","eu.esdihumboldt.hale.common.filter.CQLFilterTest","eu.esdihumboldt.hale.common.filter.CQLFilterTest","testLikeNoSchema"
"","0","testBeforeList","","Wed Jul 08 14:48:54 UTC 2026","skipped","Wed Jul 08 14:48:54 UTC 2026","","eu.esdihumboldt.hale.common.filter.ECQLFilterTest","eu.esdihumboldt.hale.common.filter.ECQLFilterTest","testBeforeList"
"","8","testStringLookupJson","","Wed Jul 08 14:50:16 UTC 2026","passed","Wed Jul 08 14:50:16 UTC 2026","","eu.esdihumboldt.hale.common.lookup.internal.LookupTableTypeTest","eu.esdihumboldt.hale.common.lookup.internal.LookupTableTypeTest","testStringLookupJson"
"","4604","testTransformXml","","Wed Jul 08 14:45:42 UTC 2026","passed","Wed Jul 08 14:45:47 UTC 2026","","eu.esdihumboldt.hale.app.transform.test.ExecuteTest","eu.esdihumboldt.hale.app.transform.test.ExecuteTest","testTransformXml"
"","15","testReadVersion4","","Wed Jul 08 14:59:00 UTC 2026","passed","Wed Jul 08 14:59:00 UTC 2026","","eu.esdihumboldt.hale.io.jdbc.spatialite.reader.internal.SpatiaLiteSchemaReaderTest","eu.esdihumboldt.hale.io.jdbc.spatialite.reader.internal.SpatiaLiteSchemaReaderTest","testReadVersion4"
"","376","testJoinsCondition","","Wed Jul 08 14:47:53 UTC 2026","passed","Wed Jul 08 14:47:53 UTC 2026","","eu.esdihumboldt.hale.common.align.merge.test.impl.JoinFocusRetainConditionTest","eu.esdihumboldt.hale.common.align.merge.test.impl.JoinFocusRetainConditionTest","testJoinsCondition"
"","35","testRead_definitive_all","","Wed Jul 08 15:02:02 UTC 2026","passed","Wed Jul 08 15:02:02 UTC 2026","","eu.esdihumboldt.hale.io.xsd.reader.XmlSchemaReaderTest","eu.esdihumboldt.hale.io.xsd.reader.XmlSchemaReaderTest","testRead_definitive_all"
"","17","testReadNestedGeometryGeoJson","","Wed Jul 08 14:59:24 UTC 2026","passed","Wed Jul 08 14:59:24 UTC 2026","","eu.esdihumboldt.hale.io.json.test.JsonToInstanceTest","eu.esdihumboldt.hale.io.json.test.JsonToInstanceTest","testReadNestedGeometryGeoJson"
"","202","testTypeFilter2Present","","Wed Jul 08 14:47:51 UTC 2026","passed","Wed Jul 08 14:47:51 UTC 2026","","eu.esdihumboldt.hale.common.align.merge.test.impl.DefaultMergeCellMigratorTest","eu.esdihumboldt.hale.common.align.merge.test.impl.DefaultMergeCellMigratorTest","testTypeFilter2Present"
"","6","testByPoints1","","Wed Jul 08 15:02:35 UTC 2026","passed","Wed Jul 08 15:02:35 UTC 2026","","eu.esdihumboldt.util.geometry.interpolation.grid.GridInterpolationTest","eu.esdihumboldt.util.geometry.interpolation.grid.GridInterpolationTest","testByPoints1"
"","163","testWriteReadDateTime","","Wed Jul 08 14:54:57 UTC 2026","passed","Wed Jul 08 14:54:58 UTC 2026","","eu.esdihumboldt.hale.io.geopackage.GeopackageInstanceWriterTest","eu.esdihumboldt.hale.io.geopackage.GeopackageInstanceWriterTest","testWriteReadDateTime"
"","0","testOrderHolesCCW","","Wed Jul 08 15:02:35 UTC 2026","passed","Wed Jul 08 15:02:35 UTC 2026","","eu.esdihumboldt.util.geometry.WindingOrderTest","eu.esdihumboldt.util.geometry.WindingOrderTest","testOrderHolesCCW"
"","254","testCondition1","","Wed Jul 08 14:47:46 UTC 2026","passed","Wed Jul 08 14:47:47 UTC 2026","","eu.esdihumboldt.hale.common.align.merge.test.impl.DefaultMergeCellMigratorTest","eu.esdihumboldt.hale.common.align.merge.test.impl.DefaultMergeCellMigratorTest","testCondition1"
"","166","testReadSimpleArray","","Wed Jul 08 14:59:24 UTC 2026","passed","Wed Jul 08 14:59:24 UTC 2026","","eu.esdihumboldt.hale.io.json.test.JsonToInstanceTest","eu.esdihumboldt.hale.io.json.test.JsonToInstanceTest","testReadSimpleArray"
"","708","testNotInspireCodespaceNotAdd","","Wed Jul 08 14:56:04 UTC 2026","passed","Wed Jul 08 14:56:05 UTC 2026","","eu.esdihumboldt.hale.io.gml.writer.internal.StreamGmlWriter2Test","eu.esdihumboldt.hale.io.gml.writer.internal.StreamGmlWriter2Test","testNotInspireCodespaceNotAdd"
"","567","testGeometryPrimitive_32_CompositeCurve_LineString","","Wed Jul 08 14:56:02 UTC 2026","passed","Wed Jul 08 14:56:03 UTC 2026","","eu.esdihumboldt.hale.io.gml.writer.internal.StreamGmlWriter2Test","eu.esdihumboldt.hale.io.gml.writer.internal.StreamGmlWriter2Test","testGeometryPrimitive_32_CompositeCurve_LineString"
"","339","testWfsPaginationCountWithFeaturesPerRequest","","Wed Jul 08 14:55:58 UTC 2026","passed","Wed Jul 08 14:55:58 UTC 2026","","eu.esdihumboldt.hale.io.gml.reader.internal.StreamGmlReaderTest","eu.esdihumboldt.hale.io.gml.reader.internal.StreamGmlReaderTest","testWfsPaginationCountWithFeaturesPerRequest"
"","10722","testDimensionRule","","Wed Jul 08 14:59:39 UTC 2026","passed","Wed Jul 08 14:59:50 UTC 2026","","eu.esdihumboldt.hale.io.schematron.SchematronInstanceValidatorTest","eu.esdihumboldt.hale.io.schematron.SchematronInstanceValidatorTest","testDimensionRule"
"","0","testLimit2","","Wed Jul 08 14:48:37 UTC 2026","passed","Wed Jul 08 14:48:37 UTC 2026","","eu.esdihumboldt.hale.common.core.io.supplier.LookupStreamResourceTest","eu.esdihumboldt.hale.common.core.io.supplier.LookupStreamResourceTest","testLimit2"
"","665","testStoreRestoreCustomName","","Wed Jul 08 14:50:42 UTC 2026","passed","Wed Jul 08 14:50:42 UTC 2026","","eu.esdihumboldt.hale.common.schema.model.constraint.factory.DisplayNameFactoryTest","eu.esdihumboldt.hale.common.schema.model.constraint.factory.DisplayNameFactoryTest","testStoreRestoreCustomName"
"","10","testBasicObject","","Wed Jul 08 15:02:51 UTC 2026","passed","Wed Jul 08 15:02:51 UTC 2026","","eu.esdihumboldt.util.groovy.json.JsonStreamBuilderTest","eu.esdihumboldt.util.groovy.json.JsonStreamBuilderTest","testBasicObject"
"","0","testStoreRestoreDefault","","Wed Jul 08 14:50:42 UTC 2026","passed","Wed Jul 08 14:50:42 UTC 2026","","eu.esdihumboldt.hale.common.schema.model.constraint.factory.DisplayNameFactoryTest","eu.esdihumboldt.hale.common.schema.model.constraint.factory.DisplayNameFactoryTest","testStoreRestoreDefault"
"","8","testConsumeMap","","Wed Jul 08 14:53:22 UTC 2026","passed","Wed Jul 08 14:53:22 UTC 2026","","eu.esdihumboldt.cst.functions.groovy.helpers.util.CollectorTest","eu.esdihumboldt.cst.functions.groovy.helpers.util.CollectorTest","testConsumeMap"
"","197","testFilterSame2","","Wed Jul 08 14:47:47 UTC 2026","passed","Wed Jul 08 14:47:47 UTC 2026","","eu.esdihumboldt.hale.common.align.merge.test.impl.DefaultMergeCellMigratorTest","eu.esdihumboldt.hale.common.align.merge.test.impl.DefaultMergeCellMigratorTest","testFilterSame2"
"","101","testFormatstring","","Wed Jul 08 14:52:20 UTC 2026","passed","Wed Jul 08 14:52:20 UTC 2026","","eu.esdihumboldt.cst.internal.ConceptualSchemaTransformerTest","eu.esdihumboldt.cst.internal.ConceptualSchemaTransformerTest","testFormatstring"
"","71","testGmlOverflow2","","Wed Jul 08 14:49:26 UTC 2026","passed","Wed Jul 08 14:49:26 UTC 2026","","eu.esdihumboldt.hale.common.instance.graph.test.ReferenceGraphTest","eu.esdihumboldt.hale.common.instance.graph.test.ReferenceGraphTest","testGmlOverflow2"
"","203","testGroovy3","","Wed Jul 08 14:52:08 UTC 2026","passed","Wed Jul 08 14:52:08 UTC 2026","","eu.esdihumboldt.cst.internal.ConceptualSchemaTransformerTest","eu.esdihumboldt.cst.internal.ConceptualSchemaTransformerTest","testGroovy3"
"","135","testPropertyCondition1","","Wed Jul 08 14:52:21 UTC 2026","passed","Wed Jul 08 14:52:21 UTC 2026","","eu.esdihumboldt.cst.internal.ConceptualSchemaTransformerTest","eu.esdihumboldt.cst.internal.ConceptualSchemaTransformerTest","testPropertyCondition1"
"","4","testDefault","","Wed Jul 08 14:50:43 UTC 2026","passed","Wed Jul 08 14:50:43 UTC 2026","","eu.esdihumboldt.hale.common.schema.model.constraint.factory.type.SkipValidationFactoryTest","eu.esdihumboldt.hale.common.schema.model.constraint.factory.type.SkipValidationFactoryTest","testDefault"
"","62","testNestedObjects","","Wed Jul 08 15:02:51 UTC 2026","passed","Wed Jul 08 15:02:51 UTC 2026","","eu.esdihumboldt.util.groovy.json.JsonStreamBuilderTest","eu.esdihumboldt.util.groovy.json.JsonStreamBuilderTest","testNestedObjects"
"","3","testMixedProperty","","Wed Jul 08 14:59:24 UTC 2026","passed","Wed Jul 08 14:59:24 UTC 2026","","eu.esdihumboldt.hale.io.json.test.JsonSchemaReaderTest","eu.esdihumboldt.hale.io.json.test.JsonSchemaReaderTest","testMixedProperty"
"","127","testGmlReferencesMultiPartFill","","Wed Jul 08 14:49:26 UTC 2026","passed","Wed Jul 08 14:49:26 UTC 2026","","eu.esdihumboldt.hale.common.instance.graph.test.ReferenceGraphTest","eu.esdihumboldt.hale.common.instance.graph.test.ReferenceGraphTest","testGmlReferencesMultiPartFill"
"","20","testArcString","","Wed Jul 08 15:02:36 UTC 2026","passed","Wed Jul 08 15:02:36 UTC 2026","","eu.esdihumboldt.util.geometry.interpolation.split.SplitInterpolationTest","eu.esdihumboldt.util.geometry.interpolation.split.SplitInterpolationTest","testArcString"
"","0","testJarURI","","Wed Jul 08 15:02:00 UTC 2026","passed","Wed Jul 08 15:02:00 UTC 2026","","eu.esdihumboldt.hale.io.xsd.reader.HumboldtURIResolverTest","eu.esdihumboldt.hale.io.xsd.reader.HumboldtURIResolverTest","testJarURI"
"","57","testWriteDocument","","Wed Jul 08 15:03:17 UTC 2026","passed","Wed Jul 08 15:03:17 UTC 2026","","eu.esdihumboldt.util.orient.embedded.MemoryDocumentTest","eu.esdihumboldt.util.orient.embedded.MemoryDocumentTest","testWriteDocument"
"","91","testSimpleAssign","","Wed Jul 08 14:52:20 UTC 2026","passed","Wed Jul 08 14:52:20 UTC 2026","","eu.esdihumboldt.cst.internal.ConceptualSchemaTransformerTest","eu.esdihumboldt.cst.internal.ConceptualSchemaTransformerTest","testSimpleAssign"
"","0","testFormatter[10]","","Wed Jul 08 15:02:31 UTC 2026","passed","Wed Jul 08 15:02:31 UTC 2026","","eu.esdihumboldt.util.geometry.DecimalFormatUtilTest","eu.esdihumboldt.util.geometry.DecimalFormatUtilTest","testFormatter[10]"
"","7","testByPoints2","","Wed Jul 08 15:02:35 UTC 2026","passed","Wed Jul 08 15:02:35 UTC 2026","","eu.esdihumboldt.util.geometry.interpolation.grid.GridInterpolationTest","eu.esdihumboldt.util.geometry.interpolation.grid.GridInterpolationTest","testByPoints2"
"","4407","testGroovyContextFilterExclusionForHydro","","Wed Jul 08 14:45:38 UTC 2026","passed","Wed Jul 08 14:45:42 UTC 2026","","eu.esdihumboldt.hale.app.transform.test.ExecuteTest","eu.esdihumboldt.hale.app.transform.test.ExecuteTest","testGroovyContextFilterExclusionForHydro"
"","11196","testFindPropertyIgnoreNamespace","","Wed Jul 08 14:50:29 UTC 2026","passed","Wed Jul 08 14:50:40 UTC 2026","","eu.esdihumboldt.hale.common.schema.helper.DefinitionResolverTest","eu.esdihumboldt.hale.common.schema.helper.DefinitionResolverTest","testFindPropertyIgnoreNamespace"
"","157","testArray","","Wed Jul 08 14:59:24 UTC 2026","passed","Wed Jul 08 14:59:24 UTC 2026","","eu.esdihumboldt.hale.io.json.test.JsonSchemaReaderTest","eu.esdihumboldt.hale.io.json.test.JsonSchemaReaderTest","testArray"
"","113","testClassification3","","Wed Jul 08 14:52:19 UTC 2026","passed","Wed Jul 08 14:52:19 UTC 2026","","eu.esdihumboldt.cst.internal.ConceptualSchemaTransformerTest","eu.esdihumboldt.cst.internal.ConceptualSchemaTransformerTest","testClassification3"
"","140","testMergeAdditionalProp","","Wed Jul 08 14:52:18 UTC 2026","passed","Wed Jul 08 14:52:18 UTC 2026","","eu.esdihumboldt.cst.internal.ConceptualSchemaTransformerTest","eu.esdihumboldt.cst.internal.ConceptualSchemaTransformerTest","testMergeAdditionalProp"
"","8","testSchemaLessInstance","","Wed Jul 08 14:49:43 UTC 2026","passed","Wed Jul 08 14:49:43 UTC 2026","","eu.esdihumboldt.hale.common.instance.groovy.InstanceBuilderTest","eu.esdihumboldt.hale.common.instance.groovy.InstanceBuilderTest","testSchemaLessInstance"
"","54","testLoadChoice2","","Wed Jul 08 14:55:11 UTC 2026","passed","Wed Jul 08 14:55:11 UTC 2026","","eu.esdihumboldt.hale.io.gml.reader.internal.GmlInstanceCollectionTest","eu.esdihumboldt.hale.io.gml.reader.internal.GmlInstanceCollectionTest","testLoadChoice2"
"","1","testSubfolder2","","Wed Jul 08 14:48:25 UTC 2026","passed","Wed Jul 08 14:48:25 UTC 2026","","eu.esdihumboldt.hale.common.core.io.PathUpdateTest","eu.esdihumboldt.hale.common.core.io.PathUpdateTest","testSubfolder2"
"","0","testHttpAbsoluteOtherJar","","Wed Jul 08 15:02:00 UTC 2026","passed","Wed Jul 08 15:02:00 UTC 2026","","eu.esdihumboldt.hale.io.xsd.reader.HumboldtURIResolverTest","eu.esdihumboldt.hale.io.xsd.reader.HumboldtURIResolverTest","testHttpAbsoluteOtherJar"
"","0","testInnerJoinNasIndexBased","","Wed Jul 08 14:52:07 UTC 2026","skipped","Wed Jul 08 14:52:07 UTC 2026","","eu.esdihumboldt.cst.internal.ConceptualSchemaTransformerTest","eu.esdihumboldt.cst.internal.ConceptualSchemaTransformerTest","testInnerJoinNasIndexBased"
"","0","testInstanceNoValueExistsSchema","","Wed Jul 08 14:48:54 UTC 2026","skipped","Wed Jul 08 14:48:54 UTC 2026","","eu.esdihumboldt.hale.common.filter.CQLFilterTest","eu.esdihumboldt.hale.common.filter.CQLFilterTest","testInstanceNoValueExistsSchema"
"","1310","testLoadShiporderWrapped","","Wed Jul 08 14:49:08 UTC 2026","passed","Wed Jul 08 14:49:10 UTC 2026","","eu.esdihumboldt.hale.common.instance.helper.PropertyResolverTest","eu.esdihumboldt.hale.common.instance.helper.PropertyResolverTest","testLoadShiporderWrapped"
"","1","testFootprint","","Wed Jul 08 14:53:00 UTC 2026","passed","Wed Jul 08 14:53:00 UTC 2026","","eu.esdihumboldt.cst.functions.geometric.test.InteriorPointTest","eu.esdihumboldt.cst.functions.geometric.test.InteriorPointTest","testFootprint"
"","1","testStreetOuter","","Wed Jul 08 14:53:00 UTC 2026","passed","Wed Jul 08 14:53:00 UTC 2026","","eu.esdihumboldt.cst.functions.geometric.test.InteriorPointTest","eu.esdihumboldt.cst.functions.geometric.test.InteriorPointTest","testStreetOuter"
"","178","testThread","","Wed Jul 08 15:03:16 UTC 2026","passed","Wed Jul 08 15:03:17 UTC 2026","","eu.esdihumboldt.util.orient.embedded.LocalDocumentTest","eu.esdihumboldt.util.orient.embedded.LocalDocumentTest","testThread"
"","0","testSplitMulti_Mixed","","Wed Jul 08 14:53:00 UTC 2026","passed","Wed Jul 08 14:53:00 UTC 2026","","eu.esdihumboldt.cst.functions.geometric.test.GeometryHelperFunctionsTest","eu.esdihumboldt.cst.functions.geometric.test.GeometryHelperFunctionsTest","testSplitMulti_Mixed"
"","4","testNullNoSchema","","Wed Jul 08 14:48:54 UTC 2026","passed","Wed Jul 08 14:48:54 UTC 2026","","eu.esdihumboldt.hale.common.filter.ECQLFilterTest","eu.esdihumboldt.hale.common.filter.ECQLFilterTest","testNullNoSchema"
"","146","testExportMultiFeatureToExcel","","Wed Jul 08 15:01:43 UTC 2026","passed","Wed Jul 08 15:01:43 UTC 2026","","eu.esdihumboldt.hale.io.xls.test.writer.XLSInstanceWriterTest","eu.esdihumboldt.hale.io.xls.test.writer.XLSInstanceWriterTest","testExportMultiFeatureToExcel"
"","16","testEnabled","","Wed Jul 08 14:50:42 UTC 2026","passed","Wed Jul 08 14:50:42 UTC 2026","","eu.esdihumboldt.hale.common.schema.model.constraint.factory.property.NillableFlagFactoryTest","eu.esdihumboldt.hale.common.schema.model.constraint.factory.property.NillableFlagFactoryTest","testEnabled"
"","736","testWfsPaginationPageSizeEqualsTotal","","Wed Jul 08 14:55:55 UTC 2026","passed","Wed Jul 08 14:55:55 UTC 2026","","eu.esdihumboldt.hale.io.gml.reader.internal.StreamGmlReaderTest","eu.esdihumboldt.hale.io.gml.reader.internal.StreamGmlReaderTest","testWfsPaginationPageSizeEqualsTotal"
"","35","testAlias","","Wed Jul 08 14:57:07 UTC 2026","passed","Wed Jul 08 14:57:07 UTC 2026","","eu.esdihumboldt.hale.io.jdbc.test.constraints.factory.GeometryMetadataFactoryTest","eu.esdihumboldt.hale.io.jdbc.test.constraints.factory.GeometryMetadataFactoryTest","testAlias"
"","655","testSaveLoad","","Wed Jul 08 14:46:49 UTC 2026","passed","Wed Jul 08 14:46:50 UTC 2026","","eu.esdihumboldt.hale.common.align.io.CastorAlignmentIOTest","eu.esdihumboldt.hale.common.align.io.CastorAlignmentIOTest","testSaveLoad"
"","5","testElementHasListOfObjects2","","Wed Jul 08 15:02:52 UTC 2026","passed","Wed Jul 08 15:02:52 UTC 2026","","eu.esdihumboldt.util.groovy.json.JsonStreamBuilderTest","eu.esdihumboldt.util.groovy.json.JsonStreamBuilderTest","testElementHasListOfObjects2"
"","1","testStringValueListJson","","Wed Jul 08 14:48:36 UTC 2026","passed","Wed Jul 08 14:48:36 UTC 2026","","eu.esdihumboldt.hale.common.core.io.impl.ValueListTypeTest","eu.esdihumboldt.hale.common.core.io.impl.ValueListTypeTest","testStringValueListJson"
"","2","testCCW","","Wed Jul 08 15:02:36 UTC 2026","passed","Wed Jul 08 15:02:36 UTC 2026","","eu.esdihumboldt.util.geometry.interpolation.model.impl.ArcByPointsImplTest","eu.esdihumboldt.util.geometry.interpolation.model.impl.ArcByPointsImplTest","testCCW"
"","3","testCCW1","","Wed Jul 08 15:02:36 UTC 2026","passed","Wed Jul 08 15:02:36 UTC 2026","","eu.esdihumboldt.util.geometry.interpolation.model.impl.ArcByCenterPointImplTest","eu.esdihumboldt.util.geometry.interpolation.model.impl.ArcByCenterPointImplTest","testCCW1"
"","151","testReadMultiSheetDetectType","","Wed Jul 08 15:01:39 UTC 2026","passed","Wed Jul 08 15:01:40 UTC 2026","","eu.esdihumboldt.hale.io.xls.test.reader.XLSReaderTest","eu.esdihumboldt.hale.io.xls.test.reader.XLSReaderTest","testReadMultiSheetDetectType"
"","14","testReadNestedGeometry","","Wed Jul 08 14:59:24 UTC 2026","passed","Wed Jul 08 14:59:24 UTC 2026","","eu.esdihumboldt.hale.io.json.test.JsonToInstanceTest","eu.esdihumboldt.hale.io.json.test.JsonToInstanceTest","testReadNestedGeometry"
"","15","testDefault","","Wed Jul 08 14:50:42 UTC 2026","passed","Wed Jul 08 14:50:42 UTC 2026","","eu.esdihumboldt.hale.common.schema.model.constraint.factory.property.ChoiceFlagFactoryTest","eu.esdihumboldt.hale.common.schema.model.constraint.factory.property.ChoiceFlagFactoryTest","testDefault"
"","92","testStructuralRename2","","Wed Jul 08 14:52:21 UTC 2026","passed","Wed Jul 08 14:52:22 UTC 2026","","eu.esdihumboldt.cst.internal.ConceptualSchemaTransformerTest","eu.esdihumboldt.cst.internal.ConceptualSchemaTransformerTest","testStructuralRename2"
"","1","testMerge6","","Wed Jul 08 14:48:38 UTC 2026","passed","Wed Jul 08 14:48:38 UTC 2026","","eu.esdihumboldt.hale.common.core.report.util.StatsMergeTest","eu.esdihumboldt.hale.common.core.report.util.StatsMergeTest","testMerge6"
"","4","testMerge5","","Wed Jul 08 14:48:38 UTC 2026","passed","Wed Jul 08 14:48:38 UTC 2026","","eu.esdihumboldt.hale.common.core.report.util.StatsMergeTest","eu.esdihumboldt.hale.common.core.report.util.StatsMergeTest","testMerge5"
"","1","testFootprint2Hole","","Wed Jul 08 14:53:00 UTC 2026","passed","Wed Jul 08 14:53:00 UTC 2026","","eu.esdihumboldt.cst.functions.geometric.test.InteriorPointTest","eu.esdihumboldt.cst.functions.geometric.test.InteriorPointTest","testFootprint2Hole"
"","10","testByPoints2AllGrid","","Wed Jul 08 15:02:35 UTC 2026","passed","Wed Jul 08 15:02:36 UTC 2026","","eu.esdihumboldt.util.geometry.interpolation.grid.GridInterpolationTest","eu.esdihumboldt.util.geometry.interpolation.grid.GridInterpolationTest","testByPoints2AllGrid"
"","5","testBefore","","Wed Jul 08 14:48:54 UTC 2026","passed","Wed Jul 08 14:48:54 UTC 2026","","eu.esdihumboldt.hale.common.filter.ECQLFilterTest","eu.esdihumboldt.hale.common.filter.ECQLFilterTest","testBefore"
"","1","eu.esdihumboldt.util.blueprints.entities.test.VertexEntityTransformationTest","","Wed Jul 08 15:02:11 UTC 2026","skipped","Wed Jul 08 15:02:11 UTC 2026","","eu.esdihumboldt.util.blueprints.entities.test.VertexEntityTransformationTest","eu.esdihumboldt.util.blueprints.entities.test.VertexEntityTransformationTest","eu.esdihumboldt.util.blueprints.entities.test.VertexEntityTransformationTest"
"","6","testExportNullTargetValue","","Wed Jul 08 15:01:43 UTC 2026","passed","Wed Jul 08 15:01:43 UTC 2026","","eu.esdihumboldt.hale.io.xls.test.writer.XLSLookupTableWriterTest","eu.esdihumboldt.hale.io.xls.test.writer.XLSLookupTableWriterTest","testExportNullTargetValue"
"","39","testGeoCrosses","","Wed Jul 08 14:48:54 UTC 2026","passed","Wed Jul 08 14:48:54 UTC 2026","","eu.esdihumboldt.hale.common.filter.CQLFilterTest","eu.esdihumboldt.hale.common.filter.CQLFilterTest","testGeoCrosses"
"","343","testGeometryAggregate_32_MultiPoint","","Wed Jul 08 14:56:18 UTC 2026","passed","Wed Jul 08 14:56:19 UTC 2026","","eu.esdihumboldt.hale.io.gml.writer.internal.StreamGmlWriterTest","eu.esdihumboldt.hale.io.gml.writer.internal.StreamGmlWriterTest","testGeometryAggregate_32_MultiPoint"
"","0","testText","","Wed Jul 08 14:51:01 UTC 2026","passed","Wed Jul 08 14:51:01 UTC 2026","","eu.esdihumboldt.hale.common.schema.groovy.constraints.CardinalityFactoryTest","eu.esdihumboldt.hale.common.schema.groovy.constraints.CardinalityFactoryTest","testText"
"","4","testStringBetween","","Wed Jul 08 14:48:54 UTC 2026","passed","Wed Jul 08 14:48:54 UTC 2026","","eu.esdihumboldt.hale.common.filter.ECQLFilterTest","eu.esdihumboldt.hale.common.filter.ECQLFilterTest","testStringBetween"
"","56","testLoadAllGroup","","Wed Jul 08 14:55:11 UTC 2026","passed","Wed Jul 08 14:55:11 UTC 2026","","eu.esdihumboldt.hale.io.gml.reader.internal.GmlInstanceCollectionTest","eu.esdihumboldt.hale.io.gml.reader.internal.GmlInstanceCollectionTest","testLoadAllGroup"
"","9","testNullList","","Wed Jul 08 14:48:53 UTC 2026","passed","Wed Jul 08 14:48:53 UTC 2026","","eu.esdihumboldt.hale.common.filter.CQLFilterTest","eu.esdihumboldt.hale.common.filter.CQLFilterTest","testNullList"
"","204","testTypeFilter1","","Wed Jul 08 14:47:48 UTC 2026","passed","Wed Jul 08 14:47:49 UTC 2026","","eu.esdihumboldt.hale.common.align.merge.test.impl.DefaultMergeCellMigratorTest","eu.esdihumboldt.hale.common.align.merge.test.impl.DefaultMergeCellMigratorTest","testTypeFilter1"
"","66","testReadMultiSheetTypeSettingsIndex","","Wed Jul 08 15:01:40 UTC 2026","passed","Wed Jul 08 15:01:40 UTC 2026","","eu.esdihumboldt.hale.io.xls.test.reader.XLSReaderTest","eu.esdihumboldt.hale.io.xls.test.reader.XLSReaderTest","testReadMultiSheetTypeSettingsIndex"
"","125","testMergeComplexPropKey","","Wed Jul 08 14:52:18 UTC 2026","passed","Wed Jul 08 14:52:18 UTC 2026","","eu.esdihumboldt.cst.internal.ConceptualSchemaTransformerTest","eu.esdihumboldt.cst.internal.ConceptualSchemaTransformerTest","testMergeComplexPropKey"
"","1","testDisabled","","Wed Jul 08 14:50:43 UTC 2026","passed","Wed Jul 08 14:50:43 UTC 2026","","eu.esdihumboldt.hale.common.schema.model.constraint.factory.type.HasValueFlagFactoryTest","eu.esdihumboldt.hale.common.schema.model.constraint.factory.type.HasValueFlagFactoryTest","testDisabled"
"","5","testNotEqualSimple","","Wed Jul 08 14:48:54 UTC 2026","passed","Wed Jul 08 14:48:54 UTC 2026","","eu.esdihumboldt.hale.common.filter.ECQLFilterTest","eu.esdihumboldt.hale.common.filter.ECQLFilterTest","testNotEqualSimple"
"","1","testQ2","","Wed Jul 08 15:02:36 UTC 2026","passed","Wed Jul 08 15:02:36 UTC 2026","","eu.esdihumboldt.util.geometry.interpolation.grid.GridUtilTest","eu.esdihumboldt.util.geometry.interpolation.grid.GridUtilTest","testQ2"
"","51","testReuse","","Wed Jul 08 14:48:25 UTC 2026","passed","Wed Jul 08 14:48:25 UTC 2026","","eu.esdihumboldt.hale.common.core.io.PathUpdateTest","eu.esdihumboldt.hale.common.core.io.PathUpdateTest","testReuse"
"","24","testReadPointGeoJson","","Wed Jul 08 14:59:24 UTC 2026","passed","Wed Jul 08 14:59:24 UTC 2026","","eu.esdihumboldt.hale.io.json.test.JsonToInstanceTest","eu.esdihumboldt.hale.io.json.test.JsonToInstanceTest","testReadPointGeoJson"
"","0","testGeoJsonSimple","","Wed Jul 08 14:59:21 UTC 2026","skipped","Wed Jul 08 14:59:21 UTC 2026","","eu.esdihumboldt.hale.io.json.test.InstanceToJsonTest","eu.esdihumboldt.hale.io.json.test.InstanceToJsonTest","testGeoJsonSimple"
"","0","testTimeEqualsList","","Wed Jul 08 14:48:54 UTC 2026","skipped","Wed Jul 08 14:48:54 UTC 2026","","eu.esdihumboldt.hale.common.filter.ECQLFilterTest","eu.esdihumboldt.hale.common.filter.ECQLFilterTest","testTimeEqualsList"
"","8","testPath1","","Wed Jul 08 14:50:43 UTC 2026","passed","Wed Jul 08 14:50:43 UTC 2026","","eu.esdihumboldt.hale.common.schema.model.constraint.factory.type.PrimaryKeyFactoryTest","eu.esdihumboldt.hale.common.schema.model.constraint.factory.type.PrimaryKeyFactoryTest","testPath1"
"","5","testNullSchema","","Wed Jul 08 14:48:54 UTC 2026","passed","Wed Jul 08 14:48:54 UTC 2026","","eu.esdihumboldt.hale.common.filter.ECQLFilterTest","eu.esdihumboldt.hale.common.filter.ECQLFilterTest","testNullSchema"
"","8","testMultiType","","Wed Jul 08 14:59:24 UTC 2026","passed","Wed Jul 08 14:59:24 UTC 2026","","eu.esdihumboldt.hale.io.json.test.JsonSchemaReaderTest","eu.esdihumboldt.hale.io.json.test.JsonSchemaReaderTest","testMultiType"
"","9","testSimpleSingleStrictFail","","Wed Jul 08 14:47:20 UTC 2026","passed","Wed Jul 08 14:47:20 UTC 2026","","eu.esdihumboldt.hale.common.align.groovy.accessor.EntityAccessorTest","eu.esdihumboldt.hale.common.align.groovy.accessor.EntityAccessorTest","testSimpleSingleStrictFail"
"","11","testReadSimpleWithDate","","Wed Jul 08 15:01:40 UTC 2026","passed","Wed Jul 08 15:01:40 UTC 2026","","eu.esdihumboldt.hale.io.xls.test.reader.XLSReaderTest","eu.esdihumboldt.hale.io.xls.test.reader.XLSReaderTest","testReadSimpleWithDate"
"","0","testGeoIntersect","","Wed Jul 08 14:48:53 UTC 2026","skipped","Wed Jul 08 14:48:53 UTC 2026","","eu.esdihumboldt.hale.common.filter.CQLFilterTest","eu.esdihumboldt.hale.common.filter.CQLFilterTest","testGeoIntersect"
"","3","testBooleanProperty","","Wed Jul 08 14:59:24 UTC 2026","passed","Wed Jul 08 14:59:24 UTC 2026","","eu.esdihumboldt.hale.io.json.test.JsonSchemaReaderTest","eu.esdihumboldt.hale.io.json.test.JsonSchemaReaderTest","testBooleanProperty"
"","76","testWriteAttributes","","Wed Jul 08 14:54:58 UTC 2026","passed","Wed Jul 08 14:54:58 UTC 2026","","eu.esdihumboldt.hale.io.geopackage.GeopackageInstanceWriterTest","eu.esdihumboldt.hale.io.geopackage.GeopackageInstanceWriterTest","testWriteAttributes"
"","35507","testReferenceWriting","","Wed Jul 08 14:57:30 UTC 2026","passed","Wed Jul 08 14:58:05 UTC 2026","","eu.esdihumboldt.hale.io.jdbc.postgresql.test.AutoGenKeyReferenceIT","eu.esdihumboldt.hale.io.jdbc.postgresql.test.AutoGenKeyReferenceIT","testReferenceWriting"
"","3","testIntKeys","","Wed Jul 08 14:53:22 UTC 2026","passed","Wed Jul 08 14:53:22 UTC 2026","","eu.esdihumboldt.cst.functions.groovy.helpers.util.CollectorTest","eu.esdihumboldt.cst.functions.groovy.helpers.util.CollectorTest","testIntKeys"
"","57","testWriteDates","","Wed Jul 08 15:00:34 UTC 2026","passed","Wed Jul 08 15:00:34 UTC 2026","","eu.esdihumboldt.hale.io.shp.ShapefileInstanceWriterTest","eu.esdihumboldt.hale.io.shp.ShapefileInstanceWriterTest","testWriteDates"
"","2403","testValid","","Wed Jul 08 14:59:36 UTC 2026","passed","Wed Jul 08 14:59:39 UTC 2026","","eu.esdihumboldt.hale.io.schematron.SchematronInstanceValidatorTest","eu.esdihumboldt.hale.io.schematron.SchematronInstanceValidatorTest","testValid"
"","2","testCircle2","","Wed Jul 08 15:02:36 UTC 2026","passed","Wed Jul 08 15:02:36 UTC 2026","","eu.esdihumboldt.util.geometry.interpolation.model.impl.ArcByCenterPointImplTest","eu.esdihumboldt.util.geometry.interpolation.model.impl.ArcByCenterPointImplTest","testCircle2"
"","29","testReadXsdInstancesTypenameAmbiguousLocalNameWithNamespace","","Wed Jul 08 15:00:32 UTC 2026","passed","Wed Jul 08 15:00:32 UTC 2026","","eu.esdihumboldt.hale.io.shp.ShapeInstanceReaderTest","eu.esdihumboldt.hale.io.shp.ShapeInstanceReaderTest","testReadXsdInstancesTypenameAmbiguousLocalNameWithNamespace"
"","5","testStringCompare","","Wed Jul 08 14:48:54 UTC 2026","passed","Wed Jul 08 14:48:54 UTC 2026","","eu.esdihumboldt.hale.common.filter.ECQLFilterTest","eu.esdihumboldt.hale.common.filter.ECQLFilterTest","testStringCompare"
"","0","testFormatter[4]","","Wed Jul 08 15:02:31 UTC 2026","passed","Wed Jul 08 15:02:31 UTC 2026","","eu.esdihumboldt.util.geometry.DecimalFormatUtilTest","eu.esdihumboldt.util.geometry.DecimalFormatUtilTest","testFormatter[4]"
"","0","testDefault","","Wed Jul 08 14:50:43 UTC 2026","passed","Wed Jul 08 14:50:43 UTC 2026","","eu.esdihumboldt.hale.common.schema.model.constraint.factory.property.UniqueConstraintFactoryTest","eu.esdihumboldt.hale.common.schema.model.constraint.factory.property.UniqueConstraintFactoryTest","testDefault"
"","3112","testFiltersForMultiType4","","Wed Jul 08 14:46:06 UTC 2026","passed","Wed Jul 08 14:46:09 UTC 2026","","eu.esdihumboldt.hale.app.transform.test.ExecuteTest","eu.esdihumboldt.hale.app.transform.test.ExecuteTest","testFiltersForMultiType4"
"","4","testCW1","","Wed Jul 08 15:02:36 UTC 2026","passed","Wed Jul 08 15:02:36 UTC 2026","","eu.esdihumboldt.util.geometry.interpolation.model.impl.ArcByCenterPointImplTest","eu.esdihumboldt.util.geometry.interpolation.model.impl.ArcByCenterPointImplTest","testCW1"
"","6","testReadString","","Wed Jul 08 14:59:24 UTC 2026","passed","Wed Jul 08 14:59:24 UTC 2026","","eu.esdihumboldt.hale.io.json.test.JsonToInstanceTest","eu.esdihumboldt.hale.io.json.test.JsonToInstanceTest","testReadString"
"","2086","testComplexInstancesECQL","","Wed Jul 08 14:48:54 UTC 2026","passed","Wed Jul 08 14:48:57 UTC 2026","","eu.esdihumboldt.hale.common.filter.FilterTest","eu.esdihumboldt.hale.common.filter.FilterTest","testComplexInstancesECQL"
"","2","testDefault","","Wed Jul 08 14:50:43 UTC 2026","passed","Wed Jul 08 14:50:43 UTC 2026","","eu.esdihumboldt.hale.common.schema.model.constraint.factory.type.AugmentedValueFlagFactoryTest","eu.esdihumboldt.hale.common.schema.model.constraint.factory.type.AugmentedValueFlagFactoryTest","testDefault"
"","18821","testReadShapeInstances","","Wed Jul 08 14:59:57 UTC 2026","passed","Wed Jul 08 15:00:16 UTC 2026","","eu.esdihumboldt.hale.io.shp.ShapeInstanceReaderTest","eu.esdihumboldt.hale.io.shp.ShapeInstanceReaderTest","testReadShapeInstances"
"","9783","testCellDisableSaveLoad","","Wed Jul 08 14:46:50 UTC 2026","passed","Wed Jul 08 14:47:00 UTC 2026","","eu.esdihumboldt.hale.common.align.io.JaxbAlignmentIOTest","eu.esdihumboldt.hale.common.align.io.JaxbAlignmentIOTest","testCellDisableSaveLoad"
"","338","mergeJoinsWithJoin_abstract2","","Wed Jul 08 14:47:54 UTC 2026","passed","Wed Jul 08 14:47:55 UTC 2026","","eu.esdihumboldt.hale.common.align.merge.test.impl.JoinMergeTest","eu.esdihumboldt.hale.common.align.merge.test.impl.JoinMergeTest","mergeJoinsWithJoin_abstract2"
"","42","testSKOSFromRDF2","","Wed Jul 08 14:53:50 UTC 2026","passed","Wed Jul 08 14:53:50 UTC 2026","","eu.esdihumboldt.hale.io.codelist.skos.test.SkosCodeListTest","eu.esdihumboldt.hale.io.codelist.skos.test.SkosCodeListTest","testSKOSFromRDF2"
"","7458","testGroovyContextFilterForHydro","","Wed Jul 08 14:45:31 UTC 2026","passed","Wed Jul 08 14:45:38 UTC 2026","","eu.esdihumboldt.hale.app.transform.test.ExecuteTest","eu.esdihumboldt.hale.app.transform.test.ExecuteTest","testGroovyContextFilterForHydro"
"","3","testStraight","","Wed Jul 08 15:02:36 UTC 2026","passed","Wed Jul 08 15:02:36 UTC 2026","","eu.esdihumboldt.util.geometry.interpolation.model.impl.ArcByPointsImplTest","eu.esdihumboldt.util.geometry.interpolation.model.impl.ArcByPointsImplTest","testStraight"
"","2","testString","","Wed Jul 08 14:50:43 UTC 2026","passed","Wed Jul 08 14:50:43 UTC 2026","","eu.esdihumboldt.hale.common.schema.model.constraint.factory.type.BindingFactoryTest","eu.esdihumboldt.hale.common.schema.model.constraint.factory.type.BindingFactoryTest","testString"
"","139","testPropertyJoin","","Wed Jul 08 14:52:20 UTC 2026","passed","Wed Jul 08 14:52:20 UTC 2026","","eu.esdihumboldt.cst.internal.ConceptualSchemaTransformerTest","eu.esdihumboldt.cst.internal.ConceptualSchemaTransformerTest","testPropertyJoin"
"","4627","testDataTypesSql","","Wed Jul 08 14:58:39 UTC 2026","passed","Wed Jul 08 14:58:43 UTC 2026","","eu.esdihumboldt.hale.io.jdbc.postgresql.test.PostDataTypesIT","eu.esdihumboldt.hale.io.jdbc.postgresql.test.PostDataTypesIT","testDataTypesSql"
"","99","testSrs","","Wed Jul 08 14:55:56 UTC 2026","passed","Wed Jul 08 14:55:56 UTC 2026","","eu.esdihumboldt.hale.io.gml.reader.internal.StreamGmlReaderTest","eu.esdihumboldt.hale.io.gml.reader.internal.StreamGmlReaderTest","testSrs"
"","4","testBackwardCompatibilityRead","","Wed Jul 08 14:54:04 UTC 2026","passed","Wed Jul 08 14:54:04 UTC 2026","","eu.esdihumboldt.hale.io.csv.CSVInstanceReaderTest","eu.esdihumboldt.hale.io.csv.CSVInstanceReaderTest","testBackwardCompatibilityRead"
"","252","testTypeFilter3Present","","Wed Jul 08 14:47:48 UTC 2026","passed","Wed Jul 08 14:47:48 UTC 2026","","eu.esdihumboldt.hale.common.align.merge.test.impl.DefaultMergeCellMigratorTest","eu.esdihumboldt.hale.common.align.merge.test.impl.DefaultMergeCellMigratorTest","testTypeFilter3Present"
"","200","testTypeFilter5Present","","Wed Jul 08 14:47:52 UTC 2026","passed","Wed Jul 08 14:47:52 UTC 2026","","eu.esdihumboldt.hale.common.align.merge.test.impl.DefaultMergeCellMigratorTest","eu.esdihumboldt.hale.common.align.merge.test.impl.DefaultMergeCellMigratorTest","testTypeFilter5Present"
"","772","testWriteFeaturesTargetCRS","","Wed Jul 08 15:00:33 UTC 2026","passed","Wed Jul 08 15:00:34 UTC 2026","","eu.esdihumboldt.hale.io.shp.ShapefileInstanceWriterTest","eu.esdihumboldt.hale.io.shp.ShapefileInstanceWriterTest","testWriteFeaturesTargetCRS"
"","270","testReadMultipleValues","","Wed Jul 08 15:01:40 UTC 2026","passed","Wed Jul 08 15:01:40 UTC 2026","","eu.esdihumboldt.hale.io.xls.test.reader.XLSReaderTest","eu.esdihumboldt.hale.io.xls.test.reader.XLSReaderTest","testReadMultipleValues"
"","192","testPropertyJoinIntFloat","","Wed Jul 08 14:52:08 UTC 2026","passed","Wed Jul 08 14:52:09 UTC 2026","","eu.esdihumboldt.cst.internal.ConceptualSchemaTransformerTest","eu.esdihumboldt.cst.internal.ConceptualSchemaTransformerTest","testPropertyJoinIntFloat"
"","0","testLookupAndConsume","","Wed Jul 08 14:48:37 UTC 2026","passed","Wed Jul 08 14:48:37 UTC 2026","","eu.esdihumboldt.hale.common.core.io.supplier.LookupStreamResourceTest","eu.esdihumboldt.hale.common.core.io.supplier.LookupStreamResourceTest","testLookupAndConsume"
"","5","testGeoContains","","Wed Jul 08 14:48:54 UTC 2026","passed","Wed Jul 08 14:48:54 UTC 2026","","eu.esdihumboldt.hale.common.filter.ECQLFilterTest","eu.esdihumboldt.hale.common.filter.ECQLFilterTest","testGeoContains"
"","5","testByPoints3","","Wed Jul 08 15:02:36 UTC 2026","passed","Wed Jul 08 15:02:36 UTC 2026","","eu.esdihumboldt.util.geometry.interpolation.split.SplitInterpolationTest","eu.esdihumboldt.util.geometry.interpolation.split.SplitInterpolationTest","testByPoints3"
"","2","testCW2","","Wed Jul 08 15:02:36 UTC 2026","passed","Wed Jul 08 15:02:36 UTC 2026","","eu.esdihumboldt.util.geometry.interpolation.model.impl.ArcByCenterPointImplTest","eu.esdihumboldt.util.geometry.interpolation.model.impl.ArcByCenterPointImplTest","testCW2"
"","0","testComplexWrite","","Wed Jul 08 15:03:17 UTC 2026","skipped","Wed Jul 08 15:03:17 UTC 2026","","eu.esdihumboldt.util.orient.embedded.MemoryDocumentTest","eu.esdihumboldt.util.orient.embedded.MemoryDocumentTest","testComplexWrite"
"","8706","testSerialize","","Wed Jul 08 15:02:42 UTC 2026","passed","Wed Jul 08 15:02:50 UTC 2026","","eu.esdihumboldt.util.groovy.collector.StatsCollectorTest","eu.esdihumboldt.util.groovy.collector.StatsCollectorTest","testSerialize"
"","1244","testBaseNameFromURL","","Wed Jul 08 15:00:32 UTC 2026","passed","Wed Jul 08 15:00:33 UTC 2026","","eu.esdihumboldt.hale.io.shp.ShapeInstanceReaderTest","eu.esdihumboldt.hale.io.shp.ShapeInstanceReaderTest","testBaseNameFromURL"
"","2","testNested","","Wed Jul 08 15:02:26 UTC 2026","passed","Wed Jul 08 15:02:26 UTC 2026","","eu.esdihumboldt.util.config.ConfigMergerTest","eu.esdihumboldt.util.config.ConfigMergerTest","testNested"
"","0","testHasNext","","Wed Jul 08 15:03:16 UTC 2026","skipped","Wed Jul 08 15:03:16 UTC 2026","","eu.esdihumboldt.util.orient.embedded.BrowseClassIterateTest","eu.esdihumboldt.util.orient.embedded.BrowseClassIterateTest","testHasNext"
"","40","testSingleGeometryWithMissingProperties","","Wed Jul 08 15:00:34 UTC 2026","passed","Wed Jul 08 15:00:34 UTC 2026","","eu.esdihumboldt.hale.io.shp.ShapefileInstanceWriterTest","eu.esdihumboldt.hale.io.shp.ShapefileInstanceWriterTest","testSingleGeometryWithMissingProperties"
"","48","testGmlOverflow3","","Wed Jul 08 14:49:26 UTC 2026","passed","Wed Jul 08 14:49:26 UTC 2026","","eu.esdihumboldt.hale.common.instance.graph.test.ReferenceGraphTest","eu.esdihumboldt.hale.common.instance.graph.test.ReferenceGraphTest","testGmlOverflow3"
"","26","testReadXsdInstancesTypenameAmbiguousLocalNameWithNamespace2","","Wed Jul 08 15:00:30 UTC 2026","passed","Wed Jul 08 15:00:30 UTC 2026","","eu.esdihumboldt.hale.io.shp.ShapeInstanceReaderTest","eu.esdihumboldt.hale.io.shp.ShapeInstanceReaderTest","testReadXsdInstancesTypenameAmbiguousLocalNameWithNamespace2"
"","111","testCMMulti4","","Wed Jul 08 14:52:19 UTC 2026","passed","Wed Jul 08 14:52:19 UTC 2026","","eu.esdihumboldt.cst.internal.ConceptualSchemaTransformerTest","eu.esdihumboldt.cst.internal.ConceptualSchemaTransformerTest","testCMMulti4"
"","1160","testReadNoNames","","Wed Jul 08 14:53:54 UTC 2026","passed","Wed Jul 08 14:53:55 UTC 2026","","eu.esdihumboldt.hale.io.codelist.xml.reader.XmlCodeListTest","eu.esdihumboldt.hale.io.codelist.xml.reader.XmlCodeListTest","testReadNoNames"
"","14","testValuePropertiesJson","","Wed Jul 08 14:48:37 UTC 2026","passed","Wed Jul 08 14:48:37 UTC 2026","","eu.esdihumboldt.hale.common.core.io.impl.ValuePropertiesTypeTest","eu.esdihumboldt.hale.common.core.io.impl.ValuePropertiesTypeTest","testValuePropertiesJson"
"","13","testJsonSimple","","Wed Jul 08 14:59:21 UTC 2026","passed","Wed Jul 08 14:59:21 UTC 2026","","eu.esdihumboldt.hale.io.json.test.InstanceToJsonTest","eu.esdihumboldt.hale.io.json.test.InstanceToJsonTest","testJsonSimple"
"","58","testCustomClass","","Wed Jul 08 14:56:36 UTC 2026","passed","Wed Jul 08 14:56:36 UTC 2026","","eu.esdihumboldt.hale.io.groovy.snippets.GroovySnippetsTest","eu.esdihumboldt.hale.io.groovy.snippets.GroovySnippetsTest","testCustomClass"
"","10","testReadBoolean","","Wed Jul 08 14:59:24 UTC 2026","passed","Wed Jul 08 14:59:24 UTC 2026","","eu.esdihumboldt.hale.io.json.test.JsonToInstanceTest","eu.esdihumboldt.hale.io.json.test.JsonToInstanceTest","testReadBoolean"
"","0","testGeometry_2_MultiPolygon","","Wed Jul 08 14:56:17 UTC 2026","skipped","Wed Jul 08 14:56:17 UTC 2026","","eu.esdihumboldt.hale.io.gml.writer.internal.StreamGmlWriterTest","eu.esdihumboldt.hale.io.gml.writer.internal.StreamGmlWriterTest","testGeometry_2_MultiPolygon"
"","136","testNativeQuery","","Wed Jul 08 15:03:17 UTC 2026","passed","Wed Jul 08 15:03:17 UTC 2026","","eu.esdihumboldt.util.orient.embedded.LocalDocumentTest","eu.esdihumboldt.util.orient.embedded.LocalDocumentTest","testNativeQuery"
"","3352","testArgsFileForMultiTypesSource","","Wed Jul 08 14:45:27 UTC 2026","passed","Wed Jul 08 14:45:31 UTC 2026","","eu.esdihumboldt.hale.app.transform.test.ExecuteTest","eu.esdihumboldt.hale.app.transform.test.ExecuteTest","testArgsFileForMultiTypesSource"
"","5","testReadSimpleWithDate","","Wed Jul 08 14:54:04 UTC 2026","passed","Wed Jul 08 14:54:04 UTC 2026","","eu.esdihumboldt.hale.io.csv.CSVInstanceReaderTest","eu.esdihumboldt.hale.io.csv.CSVInstanceReaderTest","testReadSimpleWithDate"
"","2","testDisabled","","Wed Jul 08 14:50:43 UTC 2026","passed","Wed Jul 08 14:50:43 UTC 2026","","eu.esdihumboldt.hale.common.schema.model.constraint.factory.type.AbstractFlagFactoryTest","eu.esdihumboldt.hale.common.schema.model.constraint.factory.type.AbstractFlagFactoryTest","testDisabled"
"","25","testRead_definitive_groups","","Wed Jul 08 15:02:03 UTC 2026","passed","Wed Jul 08 15:02:03 UTC 2026","","eu.esdihumboldt.hale.io.xsd.reader.XmlSchemaReaderTest","eu.esdihumboldt.hale.io.xsd.reader.XmlSchemaReaderTest","testRead_definitive_groups"
"","175","testPreparedQuery","","Wed Jul 08 15:03:17 UTC 2026","passed","Wed Jul 08 15:03:17 UTC 2026","","eu.esdihumboldt.util.orient.embedded.LocalDocumentTest","eu.esdihumboldt.util.orient.embedded.LocalDocumentTest","testPreparedQuery"
"","50","testEmpty","","Wed Jul 08 14:50:43 UTC 2026","passed","Wed Jul 08 14:50:43 UTC 2026","","eu.esdihumboldt.hale.common.schema.model.constraint.factory.type.ValidationConstraintFactoryTest","eu.esdihumboldt.hale.common.schema.model.constraint.factory.type.ValidationConstraintFactoryTest","testEmpty"
"","48","testGroup","","Wed Jul 08 14:51:01 UTC 2026","passed","Wed Jul 08 14:51:01 UTC 2026","","eu.esdihumboldt.hale.common.schema.groovy.SchemaBuilderTest","eu.esdihumboldt.hale.common.schema.groovy.SchemaBuilderTest","testGroup"
"","6","testNotEqualList","","Wed Jul 08 14:48:54 UTC 2026","passed","Wed Jul 08 14:48:54 UTC 2026","","eu.esdihumboldt.hale.common.filter.CQLFilterTest","eu.esdihumboldt.hale.common.filter.CQLFilterTest","testNotEqualList"
"","8","testGeoIntersects","","Wed Jul 08 14:48:54 UTC 2026","passed","Wed Jul 08 14:48:54 UTC 2026","","eu.esdihumboldt.hale.common.filter.ECQLFilterTest","eu.esdihumboldt.hale.common.filter.ECQLFilterTest","testGeoIntersects"
"","40","testGeom","","Wed Jul 08 14:50:43 UTC 2026","passed","Wed Jul 08 14:50:43 UTC 2026","","eu.esdihumboldt.hale.common.schema.model.constraint.factory.type.GeometryTypeFactoryTest","eu.esdihumboldt.hale.common.schema.model.constraint.factory.type.GeometryTypeFactoryTest","testGeom"
"","207","testRetypeCondition","","Wed Jul 08 14:47:55 UTC 2026","passed","Wed Jul 08 14:47:55 UTC 2026","","eu.esdihumboldt.hale.common.align.merge.test.impl.JoinRetainConditionsTest","eu.esdihumboldt.hale.common.align.merge.test.impl.JoinRetainConditionsTest","testRetypeCondition"
"","368","testValueListValueListJson","","Wed Jul 08 14:48:36 UTC 2026","passed","Wed Jul 08 14:48:36 UTC 2026","","eu.esdihumboldt.hale.common.core.io.impl.ValueListTypeTest","eu.esdihumboldt.hale.common.core.io.impl.ValueListTypeTest","testValueListValueListJson"
"","490","testReadXsdInstancesName","","Wed Jul 08 15:00:27 UTC 2026","passed","Wed Jul 08 15:00:27 UTC 2026","","eu.esdihumboldt.hale.io.shp.ShapeInstanceReaderTest","eu.esdihumboldt.hale.io.shp.ShapeInstanceReaderTest","testReadXsdInstancesName"
"","219","testJoinCondition","","Wed Jul 08 14:47:55 UTC 2026","passed","Wed Jul 08 14:47:55 UTC 2026","","eu.esdihumboldt.hale.common.align.merge.test.impl.JoinRetainConditionsTest","eu.esdihumboldt.hale.common.align.merge.test.impl.JoinRetainConditionsTest","testJoinCondition"
"","3848","testConnection","","Wed Jul 08 14:58:10 UTC 2026","passed","Wed Jul 08 14:58:14 UTC 2026","","eu.esdihumboldt.hale.io.jdbc.postgresql.test.DatabaseIT","eu.esdihumboldt.hale.io.jdbc.postgresql.test.DatabaseIT","testConnection"
"","214","testGroovyWarningRetype","","Wed Jul 08 14:47:51 UTC 2026","passed","Wed Jul 08 14:47:52 UTC 2026","","eu.esdihumboldt.hale.common.align.merge.test.impl.DefaultMergeCellMigratorTest","eu.esdihumboldt.hale.common.align.merge.test.impl.DefaultMergeCellMigratorTest","testGroovyWarningRetype"
"","0","testGeometry_2_MultiPoint","","Wed Jul 08 14:56:17 UTC 2026","skipped","Wed Jul 08 14:56:17 UTC 2026","","eu.esdihumboldt.hale.io.gml.writer.internal.StreamGmlWriterTest","eu.esdihumboldt.hale.io.gml.writer.internal.StreamGmlWriterTest","testGeometry_2_MultiPoint"
"","1","testFindPolygons","","Wed Jul 08 14:53:00 UTC 2026","passed","Wed Jul 08 14:53:00 UTC 2026","","eu.esdihumboldt.cst.functions.geometric.test.GeometryHelperFunctionsTest","eu.esdihumboldt.cst.functions.geometric.test.GeometryHelperFunctionsTest","testFindPolygons"
"","103","testMathExpression","","Wed Jul 08 14:52:21 UTC 2026","passed","Wed Jul 08 14:52:21 UTC 2026","","eu.esdihumboldt.cst.internal.ConceptualSchemaTransformerTest","eu.esdihumboldt.cst.internal.ConceptualSchemaTransformerTest","testMathExpression"
"","24","testOverrideBindung","","Wed Jul 08 14:56:36 UTC 2026","passed","Wed Jul 08 14:56:36 UTC 2026","","eu.esdihumboldt.hale.io.groovy.snippets.GroovySnippetsTest","eu.esdihumboldt.hale.io.groovy.snippets.GroovySnippetsTest","testOverrideBindung"
"","6932","testNumbers","","Wed Jul 08 14:56:06 UTC 2026","passed","Wed Jul 08 14:56:13 UTC 2026","","eu.esdihumboldt.hale.io.gml.writer.internal.StreamGmlWriter2Test","eu.esdihumboldt.hale.io.gml.writer.internal.StreamGmlWriter2Test","testNumbers"
"","5","testSKOSFromRDF1","","Wed Jul 08 14:53:50 UTC 2026","passed","Wed Jul 08 14:53:50 UTC 2026","","eu.esdihumboldt.hale.io.codelist.skos.test.SkosCodeListTest","eu.esdihumboldt.hale.io.codelist.skos.test.SkosCodeListTest","testSKOSFromRDF1"
"","5","testByPoints1","","Wed Jul 08 15:02:36 UTC 2026","passed","Wed Jul 08 15:02:36 UTC 2026","","eu.esdihumboldt.util.geometry.interpolation.split.SplitInterpolationTest","eu.esdihumboldt.util.geometry.interpolation.split.SplitInterpolationTest","testByPoints1"
"","420","testReadInstancesXSD","","Wed Jul 08 14:54:56 UTC 2026","passed","Wed Jul 08 14:54:56 UTC 2026","","eu.esdihumboldt.hale.io.geopackage.GeopackageInstanceReaderTest","eu.esdihumboldt.hale.io.geopackage.GeopackageInstanceReaderTest","testReadInstancesXSD"
"","0","testCopyISOTC211","","Wed Jul 08 14:48:37 UTC 2026","skipped","Wed Jul 08 14:48:37 UTC 2026","","eu.esdihumboldt.hale.common.core.io.project.util.XMLPathUpdaterTest","eu.esdihumboldt.hale.common.core.io.project.util.XMLPathUpdaterTest","testCopyISOTC211"
"","18","testReadVersion4","","Wed Jul 08 14:59:00 UTC 2026","passed","Wed Jul 08 14:59:00 UTC 2026","","eu.esdihumboldt.hale.io.jdbc.spatialite.reader.internal.SpatiaLiteInstanceReaderTest","eu.esdihumboldt.hale.io.jdbc.spatialite.reader.internal.SpatiaLiteInstanceReaderTest","testReadVersion4"
"","39","testWriteBigNumbers","","Wed Jul 08 15:00:38 UTC 2026","passed","Wed Jul 08 15:00:38 UTC 2026","","eu.esdihumboldt.hale.io.shp.ShapefileInstanceWriterTest","eu.esdihumboldt.hale.io.shp.ShapefileInstanceWriterTest","testWriteBigNumbers"
"","1","testMethodCallWithNamedArgumentsTypeSafe","","Wed Jul 08 15:02:52 UTC 2026","passed","Wed Jul 08 15:02:52 UTC 2026","","eu.esdihumboldt.util.groovy.json.JsonStreamBuilderTest","eu.esdihumboldt.util.groovy.json.JsonStreamBuilderTest","testMethodCallWithNamedArgumentsTypeSafe"
"","0","testAschemaReader","","Wed Jul 08 14:57:23 UTC 2026","skipped","Wed Jul 08 14:57:23 UTC 2026","","eu.esdihumboldt.hale.io.jdbc.mssql.test.MsSQLServer14Test","eu.esdihumboldt.hale.io.jdbc.mssql.test.MsSQLServer14Test","testAschemaReader"
"","117","testCMMulti3","","Wed Jul 08 14:52:19 UTC 2026","passed","Wed Jul 08 14:52:19 UTC 2026","","eu.esdihumboldt.cst.internal.ConceptualSchemaTransformerTest","eu.esdihumboldt.cst.internal.ConceptualSchemaTransformerTest","testCMMulti3"
"","0","testTimeEqualsList","","Wed Jul 08 14:48:54 UTC 2026","skipped","Wed Jul 08 14:48:54 UTC 2026","","eu.esdihumboldt.hale.common.filter.CQLFilterTest","eu.esdihumboldt.hale.common.filter.CQLFilterTest","testTimeEqualsList"
"","1167","testReadXsdInstancesResultPrefix2","","Wed Jul 08 15:00:28 UTC 2026","passed","Wed Jul 08 15:00:30 UTC 2026","","eu.esdihumboldt.hale.io.shp.ShapeInstanceReaderTest","eu.esdihumboldt.hale.io.shp.ShapeInstanceReaderTest","testReadXsdInstancesResultPrefix2"
"","47","testEqualitySimple","","Wed Jul 08 14:48:54 UTC 2026","passed","Wed Jul 08 14:48:54 UTC 2026","","eu.esdihumboldt.hale.common.filter.ECQLFilterTest","eu.esdihumboldt.hale.common.filter.ECQLFilterTest","testEqualitySimple"
"","233","testTypeFilter6","","Wed Jul 08 14:47:49 UTC 2026","passed","Wed Jul 08 14:47:50 UTC 2026","","eu.esdihumboldt.hale.common.align.merge.test.impl.DefaultMergeCellMigratorTest","eu.esdihumboldt.hale.common.align.merge.test.impl.DefaultMergeCellMigratorTest","testTypeFilter6"
"","8","testSpecifyType","","Wed Jul 08 14:59:24 UTC 2026","passed","Wed Jul 08 14:59:24 UTC 2026","","eu.esdihumboldt.hale.io.json.test.JsonToInstanceTest","eu.esdihumboldt.hale.io.json.test.JsonToInstanceTest","testSpecifyType"
"","93","testDupeAssign","","Wed Jul 08 14:52:19 UTC 2026","passed","Wed Jul 08 14:52:20 UTC 2026","","eu.esdihumboldt.cst.internal.ConceptualSchemaTransformerTest","eu.esdihumboldt.cst.internal.ConceptualSchemaTransformerTest","testDupeAssign"
"","4296","testExcludeTypeForHydro","","Wed Jul 08 14:46:16 UTC 2026","passed","Wed Jul 08 14:46:20 UTC 2026","","eu.esdihumboldt.hale.app.transform.test.ExecuteTest","eu.esdihumboldt.hale.app.transform.test.ExecuteTest","testExcludeTypeForHydro"
"","5","testDuring","","Wed Jul 08 14:48:54 UTC 2026","passed","Wed Jul 08 14:48:54 UTC 2026","","eu.esdihumboldt.hale.common.filter.ECQLFilterTest","eu.esdihumboldt.hale.common.filter.ECQLFilterTest","testDuring"
"","6","testNullNotExistsNoSchema","","Wed Jul 08 14:48:54 UTC 2026","passed","Wed Jul 08 14:48:54 UTC 2026","","eu.esdihumboldt.hale.common.filter.CQLFilterTest","eu.esdihumboldt.hale.common.filter.CQLFilterTest","testNullNotExistsNoSchema"
"","4","testRefTypes","","Wed Jul 08 14:50:43 UTC 2026","passed","Wed Jul 08 14:50:43 UTC 2026","","eu.esdihumboldt.hale.common.schema.model.constraint.factory.property.ReferenceFactoryTest","eu.esdihumboldt.hale.common.schema.model.constraint.factory.property.ReferenceFactoryTest","testRefTypes"
"","147","testStringValueList","","Wed Jul 08 14:48:36 UTC 2026","passed","Wed Jul 08 14:48:36 UTC 2026","","eu.esdihumboldt.hale.common.core.io.impl.ValueListTypeTest","eu.esdihumboldt.hale.common.core.io.impl.ValueListTypeTest","testStringValueList"
"","2","testOrder","","Wed Jul 08 15:02:07 UTC 2026","passed","Wed Jul 08 15:02:07 UTC 2026","","eu.esdihumboldt.util.DependencyOrderedListTest","eu.esdihumboldt.util.DependencyOrderedListTest","testOrder"
"","10","testReadLineString","","Wed Jul 08 14:59:24 UTC 2026","passed","Wed Jul 08 14:59:24 UTC 2026","","eu.esdihumboldt.hale.io.json.test.JsonToInstanceTest","eu.esdihumboldt.hale.io.json.test.JsonToInstanceTest","testReadLineString"
"","6","testUsage","","Wed Jul 08 14:45:31 UTC 2026","passed","Wed Jul 08 14:45:31 UTC 2026","","eu.esdihumboldt.hale.app.transform.test.ExecuteTest","eu.esdihumboldt.hale.app.transform.test.ExecuteTest","testUsage"
"","7","testLikeList","","Wed Jul 08 14:48:54 UTC 2026","passed","Wed Jul 08 14:48:54 UTC 2026","","eu.esdihumboldt.hale.common.filter.CQLFilterTest","eu.esdihumboldt.hale.common.filter.CQLFilterTest","testLikeList"
"","233","testComplexLookupJson","","Wed Jul 08 14:50:15 UTC 2026","passed","Wed Jul 08 14:50:16 UTC 2026","","eu.esdihumboldt.hale.common.lookup.internal.LookupTableTypeTest","eu.esdihumboldt.hale.common.lookup.internal.LookupTableTypeTest","testComplexLookupJson"
"","14","testReadArrayNested","","Wed Jul 08 14:59:24 UTC 2026","passed","Wed Jul 08 14:59:24 UTC 2026","","eu.esdihumboldt.hale.io.json.test.JsonToInstanceTest","eu.esdihumboldt.hale.io.json.test.JsonToInstanceTest","testReadArrayNested"
"","351","testWfsNonPaginated","","Wed Jul 08 14:55:59 UTC 2026","passed","Wed Jul 08 14:56:00 UTC 2026","","eu.esdihumboldt.hale.io.gml.reader.internal.StreamGmlReaderTest","eu.esdihumboldt.hale.io.gml.reader.internal.StreamGmlReaderTest","testWfsNonPaginated"
"","29","testRead_definitive_substitution","","Wed Jul 08 15:02:03 UTC 2026","passed","Wed Jul 08 15:02:03 UTC 2026","","eu.esdihumboldt.hale.io.xsd.reader.XmlSchemaReaderTest","eu.esdihumboldt.hale.io.xsd.reader.XmlSchemaReaderTest","testRead_definitive_substitution"
"","4","testInstanceValueNullSchema","","Wed Jul 08 14:48:54 UTC 2026","passed","Wed Jul 08 14:48:54 UTC 2026","","eu.esdihumboldt.hale.common.filter.ECQLFilterTest","eu.esdihumboldt.hale.common.filter.ECQLFilterTest","testInstanceValueNullSchema"
"","11","testRootArrayObjectNestedPrettyPrint","","Wed Jul 08 15:02:52 UTC 2026","passed","Wed Jul 08 15:02:52 UTC 2026","","eu.esdihumboldt.util.groovy.json.JsonStreamBuilderTest","eu.esdihumboldt.util.groovy.json.JsonStreamBuilderTest","testRootArrayObjectNestedPrettyPrint"
"","1","testOrderClockwise","","Wed Jul 08 15:02:35 UTC 2026","passed","Wed Jul 08 15:02:35 UTC 2026","","eu.esdihumboldt.util.geometry.WindingOrderTest","eu.esdihumboldt.util.geometry.WindingOrderTest","testOrderClockwise"
"","2","testTrueFalse","","Wed Jul 08 14:51:01 UTC 2026","passed","Wed Jul 08 14:51:01 UTC 2026","","eu.esdihumboldt.hale.common.schema.groovy.constraints.AugmentedValueFactoryTest","eu.esdihumboldt.hale.common.schema.groovy.constraints.AugmentedValueFactoryTest","testTrueFalse"
"","16","testEnabled","","Wed Jul 08 14:50:43 UTC 2026","passed","Wed Jul 08 14:50:43 UTC 2026","","eu.esdihumboldt.hale.common.schema.model.constraint.factory.type.SkipValidationFactoryTest","eu.esdihumboldt.hale.common.schema.model.constraint.factory.type.SkipValidationFactoryTest","testEnabled"
"","1","testObject","","Wed Jul 08 14:50:43 UTC 2026","passed","Wed Jul 08 14:50:43 UTC 2026","","eu.esdihumboldt.hale.common.schema.model.constraint.factory.type.BindingFactoryTest","eu.esdihumboldt.hale.common.schema.model.constraint.factory.type.BindingFactoryTest","testObject"
"","0","testReverseSkipsNullValues","","Wed Jul 08 14:50:07 UTC 2026","passed","Wed Jul 08 14:50:07 UTC 2026","","eu.esdihumboldt.hale.common.lookup.impl.LookupTableImplTest","eu.esdihumboldt.hale.common.lookup.impl.LookupTableImplTest","testReverseSkipsNullValues"
"","446","testRequestNoCache","","Wed Jul 08 14:48:02 UTC 2026","passed","Wed Jul 08 14:48:03 UTC 2026","","eu.esdihumboldt.hale.common.cache.RequestTest","eu.esdihumboldt.hale.common.cache.RequestTest","testRequestNoCache"
"","3","testNested","","Wed Jul 08 14:53:22 UTC 2026","passed","Wed Jul 08 14:53:22 UTC 2026","","eu.esdihumboldt.cst.functions.groovy.helpers.util.CollectorTest","eu.esdihumboldt.cst.functions.groovy.helpers.util.CollectorTest","testNested"
"","3","testCreateType","","Wed Jul 08 14:51:01 UTC 2026","passed","Wed Jul 08 14:51:01 UTC 2026","","eu.esdihumboldt.hale.common.schema.groovy.SchemaBuilderTest","eu.esdihumboldt.hale.common.schema.groovy.SchemaBuilderTest","testCreateType"
"","0","testOrderCounterClockwise","","Wed Jul 08 15:02:35 UTC 2026","passed","Wed Jul 08 15:02:35 UTC 2026","","eu.esdihumboldt.util.geometry.WindingOrderTest","eu.esdihumboldt.util.geometry.WindingOrderTest","testOrderCounterClockwise"
"","4","testDisabled","","Wed Jul 08 14:50:43 UTC 2026","passed","Wed Jul 08 14:50:43 UTC 2026","","eu.esdihumboldt.hale.common.schema.model.constraint.factory.type.SkipValidationFactoryTest","eu.esdihumboldt.hale.common.schema.model.constraint.factory.type.SkipValidationFactoryTest","testDisabled"
"","9","testEmpty","","Wed Jul 08 14:50:43 UTC 2026","passed","Wed Jul 08 14:50:43 UTC 2026","","eu.esdihumboldt.hale.common.schema.model.constraint.factory.type.EnumerationFactoryTest","eu.esdihumboldt.hale.common.schema.model.constraint.factory.type.EnumerationFactoryTest","testEmpty"
"","2180","testInspireCodespaceAutoAddDefault","","Wed Jul 08 14:56:00 UTC 2026","passed","Wed Jul 08 14:56:02 UTC 2026","","eu.esdihumboldt.hale.io.gml.writer.internal.StreamGmlWriter2Test","eu.esdihumboldt.hale.io.gml.writer.internal.StreamGmlWriter2Test","testInspireCodespaceAutoAddDefault"
"","10228","testBothWays","","Wed Jul 08 15:01:49 UTC 2026","passed","Wed Jul 08 15:01:59 UTC 2026","","eu.esdihumboldt.hale.io.xsd.anytype.valuetypes.CustomTypeContentAssociationTypeTest","eu.esdihumboldt.hale.io.xsd.anytype.valuetypes.CustomTypeContentAssociationTypeTest","testBothWays"
"","324","testGeometryPrimitive_32_MultiLineString_Curve2","","Wed Jul 08 14:56:14 UTC 2026","passed","Wed Jul 08 14:56:14 UTC 2026","","eu.esdihumboldt.hale.io.gml.writer.internal.StreamGmlWriterTest","eu.esdihumboldt.hale.io.gml.writer.internal.StreamGmlWriterTest","testGeometryPrimitive_32_MultiLineString_Curve2"
"","428","testGeometryPrimitive_32_MultiPolygon_WindingOrder_CW","","Wed Jul 08 14:56:15 UTC 2026","passed","Wed Jul 08 14:56:15 UTC 2026","","eu.esdihumboldt.hale.io.gml.writer.internal.StreamGmlWriterTest","eu.esdihumboldt.hale.io.gml.writer.internal.StreamGmlWriterTest","testGeometryPrimitive_32_MultiPolygon_WindingOrder_CW"
"","1","testNull","","Wed Jul 08 14:49:42 UTC 2026","passed","Wed Jul 08 14:49:42 UTC 2026","","eu.esdihumboldt.hale.common.instance.groovy.InstanceAccessorTest","eu.esdihumboldt.hale.common.instance.groovy.InstanceAccessorTest","testNull"
"","3","testNestedOverride","","Wed Jul 08 15:02:26 UTC 2026","passed","Wed Jul 08 15:02:26 UTC 2026","","eu.esdihumboldt.util.config.ConfigMergerTest","eu.esdihumboldt.util.config.ConfigMergerTest","testNestedOverride"
"","6","testTimeEquals","","Wed Jul 08 14:48:54 UTC 2026","passed","Wed Jul 08 14:48:54 UTC 2026","","eu.esdihumboldt.hale.common.filter.ECQLFilterTest","eu.esdihumboldt.hale.common.filter.ECQLFilterTest","testTimeEquals"
"","4","testNumberBetween","","Wed Jul 08 14:48:54 UTC 2026","passed","Wed Jul 08 14:48:54 UTC 2026","","eu.esdihumboldt.hale.common.filter.ECQLFilterTest","eu.esdihumboldt.hale.common.filter.ECQLFilterTest","testNumberBetween"
"","26","testSimpleSchemaNames","","Wed Jul 08 14:51:01 UTC 2026","passed","Wed Jul 08 14:51:01 UTC 2026","","eu.esdihumboldt.hale.common.schema.groovy.SchemaBuilderTest","eu.esdihumboldt.hale.common.schema.groovy.SchemaBuilderTest","testSimpleSchemaNames"
"","35","testReadPolygonWithHole","","Wed Jul 08 14:59:24 UTC 2026","passed","Wed Jul 08 14:59:24 UTC 2026","","eu.esdihumboldt.hale.io.json.test.JsonToInstanceTest","eu.esdihumboldt.hale.io.json.test.JsonToInstanceTest","testReadPolygonWithHole"
"","5","testFindPropertyNamespace","","Wed Jul 08 14:50:41 UTC 2026","passed","Wed Jul 08 14:50:41 UTC 2026","","eu.esdihumboldt.hale.common.schema.helper.DefinitionResolverTest","eu.esdihumboldt.hale.common.schema.helper.DefinitionResolverTest","testFindPropertyNamespace"
"","338","testGeometryPrimitive_32_LineString","","Wed Jul 08 14:56:17 UTC 2026","passed","Wed Jul 08 14:56:17 UTC 2026","","eu.esdihumboldt.hale.io.gml.writer.internal.StreamGmlWriterTest","eu.esdihumboldt.hale.io.gml.writer.internal.StreamGmlWriterTest","testGeometryPrimitive_32_LineString"
"","0","testLocales1","","Wed Jul 08 14:47:03 UTC 2026","skipped","Wed Jul 08 14:47:03 UTC 2026","","eu.esdihumboldt.hale.common.align.model.impl.mdexpl.MarkdownCellExplanationTest","eu.esdihumboldt.hale.common.align.model.impl.mdexpl.MarkdownCellExplanationTest","testLocales1"
"","342","basicClassesAllowed","","Wed Jul 08 15:03:09 UTC 2026","passed","Wed Jul 08 15:03:10 UTC 2026","","eu.esdihumboldt.util.groovy.sandbox.test.internal.GroovySandboxTest","eu.esdihumboldt.util.groovy.sandbox.test.internal.GroovySandboxTest","basicClassesAllowed"
"","6","testInstanceNoValueNullNoSchema","","Wed Jul 08 14:48:54 UTC 2026","passed","Wed Jul 08 14:48:54 UTC 2026","","eu.esdihumboldt.hale.common.filter.CQLFilterTest","eu.esdihumboldt.hale.common.filter.CQLFilterTest","testInstanceNoValueNullNoSchema"
"","5","testNotEqualList","","Wed Jul 08 14:48:54 UTC 2026","passed","Wed Jul 08 14:48:54 UTC 2026","","eu.esdihumboldt.hale.common.filter.ECQLFilterTest","eu.esdihumboldt.hale.common.filter.ECQLFilterTest","testNotEqualList"
"","2819","testFromCode","","Wed Jul 08 14:52:57 UTC 2026","passed","Wed Jul 08 14:52:59 UTC 2026","","eu.esdihumboldt.cst.functions.geometric.test.CRSHelperFunctionsTest","eu.esdihumboldt.cst.functions.geometric.test.CRSHelperFunctionsTest","testFromCode"
"","24","testReadVersion3","","Wed Jul 08 14:59:00 UTC 2026","passed","Wed Jul 08 14:59:00 UTC 2026","","eu.esdihumboldt.hale.io.jdbc.spatialite.reader.internal.SpatiaLiteSchemaReaderTest","eu.esdihumboldt.hale.io.jdbc.spatialite.reader.internal.SpatiaLiteSchemaReaderTest","testReadVersion3"
"","22","testPrimitive2","","Wed Jul 08 14:50:43 UTC 2026","passed","Wed Jul 08 14:50:43 UTC 2026","","eu.esdihumboldt.hale.common.schema.model.constraint.factory.type.BindingFactoryTest","eu.esdihumboldt.hale.common.schema.model.constraint.factory.type.BindingFactoryTest","testPrimitive2"
"","341","testDoesNotExistSchema","","Wed Jul 08 14:48:54 UTC 2026","passed","Wed Jul 08 14:48:54 UTC 2026","","eu.esdihumboldt.hale.common.filter.CQLFilterTest","eu.esdihumboldt.hale.common.filter.CQLFilterTest","testDoesNotExistSchema"
"","95","testCMUnion4","","Wed Jul 08 14:52:20 UTC 2026","passed","Wed Jul 08 14:52:20 UTC 2026","","eu.esdihumboldt.cst.internal.ConceptualSchemaTransformerTest","eu.esdihumboldt.cst.internal.ConceptualSchemaTransformerTest","testCMUnion4"
"","29","testJsonBuilderSameNameFail","","Wed Jul 08 15:02:51 UTC 2026","passed","Wed Jul 08 15:02:51 UTC 2026","","eu.esdihumboldt.util.groovy.json.JsonStreamBuilderTest","eu.esdihumboldt.util.groovy.json.JsonStreamBuilderTest","testJsonBuilderSameNameFail"
"","7","testDescriptions","","Wed Jul 08 14:51:01 UTC 2026","passed","Wed Jul 08 14:51:01 UTC 2026","","eu.esdihumboldt.hale.common.schema.groovy.SchemaBuilderTest","eu.esdihumboldt.hale.common.schema.groovy.SchemaBuilderTest","testDescriptions"
"","1","testRead3","","Wed Jul 08 14:54:05 UTC 2026","passed","Wed Jul 08 14:54:05 UTC 2026","","eu.esdihumboldt.hale.io.csv.CSVSchemaReaderTest","eu.esdihumboldt.hale.io.csv.CSVSchemaReaderTest","testRead3"
"","4651","testStatistics","","Wed Jul 08 14:45:47 UTC 2026","passed","Wed Jul 08 14:45:52 UTC 2026","","eu.esdihumboldt.hale.app.transform.test.ExecuteTest","eu.esdihumboldt.hale.app.transform.test.ExecuteTest","testStatistics"
"","8","testJsonBuilderRawJson","","Wed Jul 08 15:02:51 UTC 2026","passed","Wed Jul 08 15:02:51 UTC 2026","","eu.esdihumboldt.util.groovy.json.JsonStreamBuilderTest","eu.esdihumboldt.util.groovy.json.JsonStreamBuilderTest","testJsonBuilderRawJson"
"","0","testGeometryPrimitive_32_CompositeCurve_MultiLineString","","Wed Jul 08 14:56:06 UTC 2026","skipped","Wed Jul 08 14:56:06 UTC 2026","","eu.esdihumboldt.hale.io.gml.writer.internal.StreamGmlWriter2Test","eu.esdihumboldt.hale.io.gml.writer.internal.StreamGmlWriter2Test","testGeometryPrimitive_32_CompositeCurve_MultiLineString"
"","40","testWriteSimpleSchemaColOrder","","Wed Jul 08 15:01:43 UTC 2026","passed","Wed Jul 08 15:01:43 UTC 2026","","eu.esdihumboldt.hale.io.xls.test.writer.XLSInstanceWriterTest","eu.esdihumboldt.hale.io.xls.test.writer.XLSInstanceWriterTest","testWriteSimpleSchemaColOrder"
"","454","testGeometryPrimitive_32_Polygon","","Wed Jul 08 14:56:13 UTC 2026","passed","Wed Jul 08 14:56:14 UTC 2026","","eu.esdihumboldt.hale.io.gml.writer.internal.StreamGmlWriterTest","eu.esdihumboldt.hale.io.gml.writer.internal.StreamGmlWriterTest","testGeometryPrimitive_32_Polygon"
"","12704","testAddRemoveMappingMultipleProperties","","Wed Jul 08 14:49:47 UTC 2026","passed","Wed Jul 08 14:50:00 UTC 2026","","eu.esdihumboldt.hale.common.instance.index.MultimapInstanceIndexTest","eu.esdihumboldt.hale.common.instance.index.MultimapInstanceIndexTest","testAddRemoveMappingMultipleProperties"
"","90","testTypeFilter","","Wed Jul 08 14:52:22 UTC 2026","passed","Wed Jul 08 14:52:22 UTC 2026","","eu.esdihumboldt.cst.internal.ConceptualSchemaTransformerTest","eu.esdihumboldt.cst.internal.ConceptualSchemaTransformerTest","testTypeFilter"
"","985","testReadWithCommaDecimal","","Wed Jul 08 14:54:03 UTC 2026","passed","Wed Jul 08 14:54:04 UTC 2026","","eu.esdihumboldt.hale.io.csv.CSVInstanceReaderTest","eu.esdihumboldt.hale.io.csv.CSVInstanceReaderTest","testReadWithCommaDecimal"
"","153","testFilterSame5","","Wed Jul 08 14:47:47 UTC 2026","passed","Wed Jul 08 14:47:48 UTC 2026","","eu.esdihumboldt.hale.common.align.merge.test.impl.DefaultMergeCellMigratorTest","eu.esdihumboldt.hale.common.align.merge.test.impl.DefaultMergeCellMigratorTest","testFilterSame5"
"","11","testDoubleConsume","","Wed Jul 08 14:48:37 UTC 2026","passed","Wed Jul 08 14:48:37 UTC 2026","","eu.esdihumboldt.hale.common.core.io.supplier.LookupStreamResourceTest","eu.esdihumboldt.hale.common.core.io.supplier.LookupStreamResourceTest","testDoubleConsume"
"","634","testWfsPaginationInstanceContent","","Wed Jul 08 14:55:56 UTC 2026","passed","Wed Jul 08 14:55:57 UTC 2026","","eu.esdihumboldt.hale.io.gml.reader.internal.StreamGmlReaderTest","eu.esdihumboldt.hale.io.gml.reader.internal.StreamGmlReaderTest","testWfsPaginationInstanceContent"
"","1","testHalfmoon","","Wed Jul 08 14:53:00 UTC 2026","passed","Wed Jul 08 14:53:00 UTC 2026","","eu.esdihumboldt.cst.functions.geometric.test.InteriorPointTest","eu.esdihumboldt.cst.functions.geometric.test.InteriorPointTest","testHalfmoon"
"","1","testSuccessSaveConfig","","Wed Jul 08 14:54:24 UTC 2026","skipped","Wed Jul 08 14:54:24 UTC 2026","","eu.esdihumboldt.hale.io.deegree.mapping.MappingWriterTest","eu.esdihumboldt.hale.io.deegree.mapping.MappingWriterTest","testSuccessSaveConfig"
"","183","testMergeMultiPropKey","","Wed Jul 08 14:52:17 UTC 2026","passed","Wed Jul 08 14:52:18 UTC 2026","","eu.esdihumboldt.cst.internal.ConceptualSchemaTransformerTest","eu.esdihumboldt.cst.internal.ConceptualSchemaTransformerTest","testMergeMultiPropKey"
"","1","testUnifyCCWSimple","","Wed Jul 08 15:02:35 UTC 2026","passed","Wed Jul 08 15:02:35 UTC 2026","","eu.esdihumboldt.util.geometry.WindingOrderTest","eu.esdihumboldt.util.geometry.WindingOrderTest","testUnifyCCWSimple"
"","0","testBeforeList","","Wed Jul 08 14:48:53 UTC 2026","skipped","Wed Jul 08 14:48:53 UTC 2026","","eu.esdihumboldt.hale.common.filter.CQLFilterTest","eu.esdihumboldt.hale.common.filter.CQLFilterTest","testBeforeList"
"","185","testLoadWVA","","Wed Jul 08 14:55:11 UTC 2026","passed","Wed Jul 08 14:55:12 UTC 2026","","eu.esdihumboldt.hale.io.gml.reader.internal.GmlInstanceCollectionTest","eu.esdihumboldt.hale.io.gml.reader.internal.GmlInstanceCollectionTest","testLoadWVA"
"","0","testGeoCross","","Wed Jul 08 14:48:53 UTC 2026","skipped","Wed Jul 08 14:48:53 UTC 2026","","eu.esdihumboldt.hale.common.filter.CQLFilterTest","eu.esdihumboldt.hale.common.filter.CQLFilterTest","testGeoCross"
"","61","testWriteBigNumbers","","Wed Jul 08 14:54:58 UTC 2026","passed","Wed Jul 08 14:54:58 UTC 2026","","eu.esdihumboldt.hale.io.geopackage.GeopackageInstanceWriterTest","eu.esdihumboldt.hale.io.geopackage.GeopackageInstanceWriterTest","testWriteBigNumbers"
"","1176","testReadXsdInstancesResultPrefix1","","Wed Jul 08 15:00:27 UTC 2026","passed","Wed Jul 08 15:00:28 UTC 2026","","eu.esdihumboldt.hale.io.shp.ShapeInstanceReaderTest","eu.esdihumboldt.hale.io.shp.ShapeInstanceReaderTest","testReadXsdInstancesResultPrefix1"
"","9","testReadComplex","","Wed Jul 08 14:59:24 UTC 2026","passed","Wed Jul 08 14:59:24 UTC 2026","","eu.esdihumboldt.hale.io.json.test.JsonToInstanceTest","eu.esdihumboldt.hale.io.json.test.JsonToInstanceTest","testReadComplex"
"","8","testReadModeSingleObject","","Wed Jul 08 14:59:24 UTC 2026","passed","Wed Jul 08 14:59:24 UTC 2026","","eu.esdihumboldt.hale.io.json.test.JsonInstanceReaderTest","eu.esdihumboldt.hale.io.json.test.JsonInstanceReaderTest","testReadModeSingleObject"
"","45","testEnabled","","Wed Jul 08 14:50:42 UTC 2026","passed","Wed Jul 08 14:50:42 UTC 2026","","eu.esdihumboldt.hale.common.schema.model.constraint.factory.property.ChoiceFlagFactoryTest","eu.esdihumboldt.hale.common.schema.model.constraint.factory.property.ChoiceFlagFactoryTest","testEnabled"
"","3117","testFiltersForMultiType2","","Wed Jul 08 14:45:59 UTC 2026","passed","Wed Jul 08 14:46:03 UTC 2026","","eu.esdihumboldt.hale.app.transform.test.ExecuteTest","eu.esdihumboldt.hale.app.transform.test.ExecuteTest","testFiltersForMultiType2"
"","7","testInstanceValueNullSchema","","Wed Jul 08 14:48:53 UTC 2026","passed","Wed Jul 08 14:48:53 UTC 2026","","eu.esdihumboldt.hale.common.filter.CQLFilterTest","eu.esdihumboldt.hale.common.filter.CQLFilterTest","testInstanceValueNullSchema"
"","24","testFindPropertyCached","","Wed Jul 08 14:50:41 UTC 2026","passed","Wed Jul 08 14:50:41 UTC 2026","","eu.esdihumboldt.hale.common.schema.helper.DefinitionResolverTest","eu.esdihumboldt.hale.common.schema.helper.DefinitionResolverTest","testFindPropertyCached"
"","13","testClass","","Wed Jul 08 14:51:01 UTC 2026","passed","Wed Jul 08 14:51:01 UTC 2026","","eu.esdihumboldt.hale.common.schema.groovy.constraints.BindingFactoryTest","eu.esdihumboldt.hale.common.schema.groovy.constraints.BindingFactoryTest","testClass"
"","29","testLoopArrayPrettyPrint","","Wed Jul 08 15:02:51 UTC 2026","passed","Wed Jul 08 15:02:51 UTC 2026","","eu.esdihumboldt.util.groovy.json.JsonStreamBuilderTest","eu.esdihumboldt.util.groovy.json.JsonStreamBuilderTest","testLoopArrayPrettyPrint"
"","332","testGeometryPrimitive_32_Point","","Wed Jul 08 14:56:16 UTC 2026","passed","Wed Jul 08 14:56:17 UTC 2026","","eu.esdihumboldt.hale.io.gml.writer.internal.StreamGmlWriterTest","eu.esdihumboldt.hale.io.gml.writer.internal.StreamGmlWriterTest","testGeometryPrimitive_32_Point"
"","1823","testExplanation","","Wed Jul 08 14:47:01 UTC 2026","passed","Wed Jul 08 14:47:03 UTC 2026","","eu.esdihumboldt.hale.common.align.model.impl.mdexpl.MarkdownCellExplanationTest","eu.esdihumboldt.hale.common.align.model.impl.mdexpl.MarkdownCellExplanationTest","testExplanation"
"","62","testReadMultiSheetTypeNames","","Wed Jul 08 15:01:40 UTC 2026","passed","Wed Jul 08 15:01:40 UTC 2026","","eu.esdihumboldt.hale.io.xls.test.reader.XLSReaderTest","eu.esdihumboldt.hale.io.xls.test.reader.XLSReaderTest","testReadMultiSheetTypeNames"
"","10235","testSha256_String","","Wed Jul 08 14:53:11 UTC 2026","passed","Wed Jul 08 14:53:21 UTC 2026","","eu.esdihumboldt.cst.functions.groovy.helpers.CryptoHelpersTest","eu.esdihumboldt.cst.functions.groovy.helpers.CryptoHelpersTest","testSha256_String"
"","598","testJoin","","Wed Jul 08 14:52:06 UTC 2026","passed","Wed Jul 08 14:52:07 UTC 2026","","eu.esdihumboldt.cst.internal.ConceptualSchemaTransformerTest","eu.esdihumboldt.cst.internal.ConceptualSchemaTransformerTest","testJoin"
"","10","testCreateTypeIndex","","Wed Jul 08 14:51:01 UTC 2026","passed","Wed Jul 08 14:51:01 UTC 2026","","eu.esdihumboldt.hale.common.schema.groovy.SchemaBuilderTest","eu.esdihumboldt.hale.common.schema.groovy.SchemaBuilderTest","testCreateTypeIndex"
"","4201","testLoadImgeo_Scheiding","","Wed Jul 08 14:55:07 UTC 2026","passed","Wed Jul 08 14:55:11 UTC 2026","","eu.esdihumboldt.hale.io.gml.reader.internal.GmlInstanceCollectionTest","eu.esdihumboldt.hale.io.gml.reader.internal.GmlInstanceCollectionTest","testLoadImgeo_Scheiding"
"","26","testRead","","Wed Jul 08 14:48:36 UTC 2026","passed","Wed Jul 08 14:48:36 UTC 2026","","eu.esdihumboldt.hale.common.core.io.impl.ValueListTypeTest","eu.esdihumboldt.hale.common.core.io.impl.ValueListTypeTest","testRead"
"","1","testBox","","Wed Jul 08 14:56:19 UTC 2026","passed","Wed Jul 08 14:56:19 UTC 2026","","eu.esdihumboldt.hale.io.gml.writer.internal.geometry.converters.PolygonToLineStringTest","eu.esdihumboldt.hale.io.gml.writer.internal.geometry.converters.PolygonToLineStringTest","testBox"
"","2460","testReadMultiSheetTypeSettingsNamedNoGeneralSkip","","Wed Jul 08 15:01:37 UTC 2026","passed","Wed Jul 08 15:01:39 UTC 2026","","eu.esdihumboldt.hale.io.xls.test.reader.XLSReaderTest","eu.esdihumboldt.hale.io.xls.test.reader.XLSReaderTest","testReadMultiSheetTypeSettingsNamedNoGeneralSkip"
"","7","testBefore","","Wed Jul 08 14:48:54 UTC 2026","passed","Wed Jul 08 14:48:54 UTC 2026","","eu.esdihumboldt.hale.common.filter.CQLFilterTest","eu.esdihumboldt.hale.common.filter.CQLFilterTest","testBefore"
"","49","testSchemaLess","","Wed Jul 08 14:49:42 UTC 2026","passed","Wed Jul 08 14:49:42 UTC 2026","","eu.esdihumboldt.hale.common.instance.groovy.InstanceAccessorTest","eu.esdihumboldt.hale.common.instance.groovy.InstanceAccessorTest","testSchemaLess"
"","60","testWriteVersion3","","Wed Jul 08 14:59:00 UTC 2026","passed","Wed Jul 08 14:59:00 UTC 2026","","eu.esdihumboldt.hale.io.jdbc.spatialite.writer.internal.SpatiaLiteInstanceWriterTest","eu.esdihumboldt.hale.io.jdbc.spatialite.writer.internal.SpatiaLiteInstanceWriterTest","testWriteVersion3"
"","155","testFilterSame4","","Wed Jul 08 14:47:47 UTC 2026","passed","Wed Jul 08 14:47:47 UTC 2026","","eu.esdihumboldt.hale.common.align.merge.test.impl.DefaultMergeCellMigratorTest","eu.esdihumboldt.hale.common.align.merge.test.impl.DefaultMergeCellMigratorTest","testFilterSame4"
"","0","testCMUnion1","","Wed Jul 08 14:52:07 UTC 2026","skipped","Wed Jul 08 14:52:07 UTC 2026","","eu.esdihumboldt.cst.internal.ConceptualSchemaTransformerTest","eu.esdihumboldt.cst.internal.ConceptualSchemaTransformerTest","testCMUnion1"
"","2","testInvalidKey2","","Wed Jul 08 15:02:26 UTC 2026","passed","Wed Jul 08 15:02:26 UTC 2026","","eu.esdihumboldt.util.config.ConfigTest","eu.esdihumboldt.util.config.ConfigTest","testInvalidKey2"
"","36","testCallClosure","","Wed Jul 08 14:56:36 UTC 2026","passed","Wed Jul 08 14:56:36 UTC 2026","","eu.esdihumboldt.hale.io.groovy.snippets.GroovySnippetsTest","eu.esdihumboldt.hale.io.groovy.snippets.GroovySnippetsTest","testCallClosure"
"","8","testNumberBetweenList","","Wed Jul 08 14:48:54 UTC 2026","passed","Wed Jul 08 14:48:54 UTC 2026","","eu.esdihumboldt.hale.common.filter.CQLFilterTest","eu.esdihumboldt.hale.common.filter.CQLFilterTest","testNumberBetweenList"
"","15","testGmlUnresolvableReferences","","Wed Jul 08 14:49:26 UTC 2026","passed","Wed Jul 08 14:49:26 UTC 2026","","eu.esdihumboldt.hale.common.instance.graph.test.ReferenceGraphTest","eu.esdihumboldt.hale.common.instance.graph.test.ReferenceGraphTest","testGmlUnresolvableReferences"
"","3","testGetReferencesSimple","","Wed Jul 08 14:48:54 UTC 2026","passed","Wed Jul 08 14:48:54 UTC 2026","","eu.esdihumboldt.hale.common.filter.ECQLFilterTest","eu.esdihumboldt.hale.common.filter.ECQLFilterTest","testGetReferencesSimple"
"","6","testGeoBboxList","","Wed Jul 08 14:48:54 UTC 2026","passed","Wed Jul 08 14:48:54 UTC 2026","","eu.esdihumboldt.hale.common.filter.ECQLFilterTest","eu.esdihumboldt.hale.common.filter.ECQLFilterTest","testGeoBboxList"
"","0","testExistsSchema","","Wed Jul 08 14:48:54 UTC 2026","skipped","Wed Jul 08 14:48:54 UTC 2026","","eu.esdihumboldt.hale.common.filter.ECQLFilterTest","eu.esdihumboldt.hale.common.filter.ECQLFilterTest","testExistsSchema"
"","128","testWriteReadBoolean","","Wed Jul 08 14:54:57 UTC 2026","passed","Wed Jul 08 14:54:57 UTC 2026","","eu.esdihumboldt.hale.io.geopackage.GeopackageInstanceWriterTest","eu.esdihumboldt.hale.io.geopackage.GeopackageInstanceWriterTest","testWriteReadBoolean"
"","2","testFindPoints","","Wed Jul 08 14:53:00 UTC 2026","passed","Wed Jul 08 14:53:00 UTC 2026","","eu.esdihumboldt.cst.functions.geometric.test.GeometryHelperFunctionsTest","eu.esdihumboldt.cst.functions.geometric.test.GeometryHelperFunctionsTest","testFindPoints"
"","14","testBinding","","Wed Jul 08 14:50:43 UTC 2026","passed","Wed Jul 08 14:50:43 UTC 2026","","eu.esdihumboldt.hale.common.schema.model.constraint.factory.type.ElementTypeFactoryTest","eu.esdihumboldt.hale.common.schema.model.constraint.factory.type.ElementTypeFactoryTest","testBinding"
"","0","testIterateEmpty","","Wed Jul 08 14:49:10 UTC 2026","passed","Wed Jul 08 14:49:10 UTC 2026","","eu.esdihumboldt.hale.common.instance.tools.impl.SimplePartitionerTest","eu.esdihumboldt.hale.common.instance.tools.impl.SimplePartitionerTest","testIterateEmpty"
"","1","testDisabled","","Wed Jul 08 14:50:43 UTC 2026","passed","Wed Jul 08 14:50:43 UTC 2026","","eu.esdihumboldt.hale.common.schema.model.constraint.factory.type.MappingRelevantFlagFactoryTest","eu.esdihumboldt.hale.common.schema.model.constraint.factory.type.MappingRelevantFlagFactoryTest","testDisabled"
"","3462","testArgsFileForHydro","","Wed Jul 08 14:46:29 UTC 2026","passed","Wed Jul 08 14:46:32 UTC 2026","","eu.esdihumboldt.hale.app.transform.test.ExecuteTest","eu.esdihumboldt.hale.app.transform.test.ExecuteTest","testArgsFileForHydro"
"","1","testFindLines","","Wed Jul 08 14:53:00 UTC 2026","passed","Wed Jul 08 14:53:00 UTC 2026","","eu.esdihumboldt.cst.functions.geometric.test.GeometryHelperFunctionsTest","eu.esdihumboldt.cst.functions.geometric.test.GeometryHelperFunctionsTest","testFindLines"
"","2","testPrimitive","","Wed Jul 08 14:50:43 UTC 2026","passed","Wed Jul 08 14:50:43 UTC 2026","","eu.esdihumboldt.hale.common.schema.model.constraint.factory.type.BindingFactoryTest","eu.esdihumboldt.hale.common.schema.model.constraint.factory.type.BindingFactoryTest","testPrimitive"
"","165","testNotes1","","Wed Jul 08 14:47:51 UTC 2026","passed","Wed Jul 08 14:47:51 UTC 2026","","eu.esdihumboldt.hale.common.align.merge.test.impl.DefaultMergeCellMigratorTest","eu.esdihumboldt.hale.common.align.merge.test.impl.DefaultMergeCellMigratorTest","testNotes1"
"","90","testCardinalityMove","","Wed Jul 08 14:52:20 UTC 2026","passed","Wed Jul 08 14:52:21 UTC 2026","","eu.esdihumboldt.cst.internal.ConceptualSchemaTransformerTest","eu.esdihumboldt.cst.internal.ConceptualSchemaTransformerTest","testCardinalityMove"
"","8","testReadPoint","","Wed Jul 08 14:59:24 UTC 2026","passed","Wed Jul 08 14:59:24 UTC 2026","","eu.esdihumboldt.hale.io.json.test.JsonToInstanceTest","eu.esdihumboldt.hale.io.json.test.JsonToInstanceTest","testReadPoint"
"","185","testTypeFilter4","","Wed Jul 08 14:47:49 UTC 2026","passed","Wed Jul 08 14:47:49 UTC 2026","","eu.esdihumboldt.hale.common.align.merge.test.impl.DefaultMergeCellMigratorTest","eu.esdihumboldt.hale.common.align.merge.test.impl.DefaultMergeCellMigratorTest","testTypeFilter4"
"","10","testReadInteger","","Wed Jul 08 14:59:24 UTC 2026","passed","Wed Jul 08 14:59:24 UTC 2026","","eu.esdihumboldt.hale.io.json.test.JsonToInstanceTest","eu.esdihumboldt.hale.io.json.test.JsonToInstanceTest","testReadInteger"
"","12342","test1","","Wed Jul 08 14:51:26 UTC 2026","passed","Wed Jul 08 14:51:38 UTC 2026","","eu.esdihumboldt.hale.common.service.helper.test.PopulationCountTest","eu.esdihumboldt.hale.common.service.helper.test.PopulationCountTest","test1"
"","1","testSame","","Wed Jul 08 14:48:25 UTC 2026","passed","Wed Jul 08 14:48:25 UTC 2026","","eu.esdihumboldt.hale.common.core.io.PathUpdateTest","eu.esdihumboldt.hale.common.core.io.PathUpdateTest","testSame"
"","52","testLoadShiporder","","Wed Jul 08 14:55:11 UTC 2026","passed","Wed Jul 08 14:55:11 UTC 2026","","eu.esdihumboldt.hale.io.gml.reader.internal.GmlInstanceCollectionTest","eu.esdihumboldt.hale.io.gml.reader.internal.GmlInstanceCollectionTest","testLoadShiporder"
"","119","testClassification1","","Wed Jul 08 14:52:19 UTC 2026","passed","Wed Jul 08 14:52:19 UTC 2026","","eu.esdihumboldt.cst.internal.ConceptualSchemaTransformerTest","eu.esdihumboldt.cst.internal.ConceptualSchemaTransformerTest","testClassification1"
"","258","testTypeFilter6Present","","Wed Jul 08 14:47:50 UTC 2026","passed","Wed Jul 08 14:47:50 UTC 2026","","eu.esdihumboldt.hale.common.align.merge.test.impl.DefaultMergeCellMigratorTest","eu.esdihumboldt.hale.common.align.merge.test.impl.DefaultMergeCellMigratorTest","testTypeFilter6Present"
"","2","testValueListValueListJsonGroovy","","Wed Jul 08 14:48:36 UTC 2026","passed","Wed Jul 08 14:48:36 UTC 2026","","eu.esdihumboldt.hale.common.core.io.impl.ValueListTypeTest","eu.esdihumboldt.hale.common.core.io.impl.ValueListTypeTest","testValueListValueListJsonGroovy"
"","355","testGeometryPrimitive_32_MultiPolygon_WindingOrder_CCW","","Wed Jul 08 14:56:17 UTC 2026","passed","Wed Jul 08 14:56:17 UTC 2026","","eu.esdihumboldt.hale.io.gml.writer.internal.StreamGmlWriterTest","eu.esdihumboldt.hale.io.gml.writer.internal.StreamGmlWriterTest","testGeometryPrimitive_32_MultiPolygon_WindingOrder_CCW"
"","2","testValuePropertiesListJson","","Wed Jul 08 14:48:37 UTC 2026","passed","Wed Jul 08 14:48:37 UTC 2026","","eu.esdihumboldt.hale.common.core.io.impl.ValuePropertiesTypeTest","eu.esdihumboldt.hale.common.core.io.impl.ValuePropertiesTypeTest","testValuePropertiesListJson"
"","4","testMetaClass","","Wed Jul 08 14:51:01 UTC 2026","passed","Wed Jul 08 14:51:01 UTC 2026","","eu.esdihumboldt.hale.common.schema.groovy.DefinitionAccessorTest","eu.esdihumboldt.hale.common.schema.groovy.DefinitionAccessorTest","testMetaClass"
"","1","testDisabled","","Wed Jul 08 14:50:42 UTC 2026","passed","Wed Jul 08 14:50:42 UTC 2026","","eu.esdihumboldt.hale.common.schema.model.constraint.factory.property.ChoiceFlagFactoryTest","eu.esdihumboldt.hale.common.schema.model.constraint.factory.property.ChoiceFlagFactoryTest","testDisabled"
"","121","testCardinalityRename","","Wed Jul 08 14:52:22 UTC 2026","passed","Wed Jul 08 14:52:22 UTC 2026","","eu.esdihumboldt.cst.internal.ConceptualSchemaTransformerTest","eu.esdihumboldt.cst.internal.ConceptualSchemaTransformerTest","testCardinalityRename"
"","38","testCallBindung","","Wed Jul 08 14:56:36 UTC 2026","passed","Wed Jul 08 14:56:36 UTC 2026","","eu.esdihumboldt.hale.io.groovy.snippets.GroovySnippetsTest","eu.esdihumboldt.hale.io.groovy.snippets.GroovySnippetsTest","testCallBindung"
"","0","testLimit","","Wed Jul 08 14:48:37 UTC 2026","passed","Wed Jul 08 14:48:37 UTC 2026","","eu.esdihumboldt.hale.common.core.io.supplier.LookupStreamResourceTest","eu.esdihumboldt.hale.common.core.io.supplier.LookupStreamResourceTest","testLimit"
"","10","testWriteReadTypeSafe","","Wed Jul 08 15:02:52 UTC 2026","passed","Wed Jul 08 15:02:52 UTC 2026","","eu.esdihumboldt.util.groovy.xml.NSDOMBuilderTest","eu.esdihumboldt.util.groovy.xml.NSDOMBuilderTest","testWriteReadTypeSafe"
"","28","testRead_shiporder_one","","Wed Jul 08 15:02:03 UTC 2026","passed","Wed Jul 08 15:02:03 UTC 2026","","eu.esdihumboldt.hale.io.xsd.reader.XmlSchemaReaderTest","eu.esdihumboldt.hale.io.xsd.reader.XmlSchemaReaderTest","testRead_shiporder_one"
"","91","testSchema","","Wed Jul 08 14:49:43 UTC 2026","passed","Wed Jul 08 14:49:43 UTC 2026","","eu.esdihumboldt.hale.common.instance.groovy.InstanceFamilyAccessorTest","eu.esdihumboldt.hale.common.instance.groovy.InstanceFamilyAccessorTest","testSchema"
"","4","testLikeNoSchema","","Wed Jul 08 14:48:54 UTC 2026","passed","Wed Jul 08 14:48:54 UTC 2026","","eu.esdihumboldt.hale.common.filter.ECQLFilterTest","eu.esdihumboldt.hale.common.filter.ECQLFilterTest","testLikeNoSchema"
"","236","testNgaSpatialIndexCreation","","Wed Jul 08 14:54:57 UTC 2026","passed","Wed Jul 08 14:54:57 UTC 2026","","eu.esdihumboldt.hale.io.geopackage.GeopackageInstanceWriterTest","eu.esdihumboldt.hale.io.geopackage.GeopackageInstanceWriterTest","testNgaSpatialIndexCreation"
"","60","testDefaultSrs","","Wed Jul 08 14:55:57 UTC 2026","passed","Wed Jul 08 14:55:57 UTC 2026","","eu.esdihumboldt.hale.io.gml.reader.internal.StreamGmlReaderTest","eu.esdihumboldt.hale.io.gml.reader.internal.StreamGmlReaderTest","testDefaultSrs"
"","0","testExistsNoSchema","","Wed Jul 08 14:48:54 UTC 2026","skipped","Wed Jul 08 14:48:54 UTC 2026","","eu.esdihumboldt.hale.common.filter.ECQLFilterTest","eu.esdihumboldt.hale.common.filter.ECQLFilterTest","testExistsNoSchema"
"","40","testBothWays","","Wed Jul 08 15:02:00 UTC 2026","passed","Wed Jul 08 15:02:00 UTC 2026","","eu.esdihumboldt.hale.io.xsd.anytype.valuetypes.CustomTypeContentConfigurationTypeTest","eu.esdihumboldt.hale.io.xsd.anytype.valuetypes.CustomTypeContentConfigurationTypeTest","testBothWays"
"","1","testDefault","","Wed Jul 08 14:50:43 UTC 2026","passed","Wed Jul 08 14:50:43 UTC 2026","","eu.esdihumboldt.hale.common.schema.model.constraint.factory.type.MappingRelevantFlagFactoryTest","eu.esdihumboldt.hale.common.schema.model.constraint.factory.type.MappingRelevantFlagFactoryTest","testDefault"
"","4","testNullNotExistsSchema","","Wed Jul 08 14:48:54 UTC 2026","passed","Wed Jul 08 14:48:54 UTC 2026","","eu.esdihumboldt.hale.common.filter.ECQLFilterTest","eu.esdihumboldt.hale.common.filter.ECQLFilterTest","testNullNotExistsSchema"
"","1","testHttpAbsoluteOtherFile","","Wed Jul 08 15:02:00 UTC 2026","passed","Wed Jul 08 15:02:00 UTC 2026","","eu.esdihumboldt.hale.io.xsd.reader.HumboldtURIResolverTest","eu.esdihumboldt.hale.io.xsd.reader.HumboldtURIResolverTest","testHttpAbsoluteOtherFile"
"","12","testEachCollector","","Wed Jul 08 14:53:22 UTC 2026","passed","Wed Jul 08 14:53:22 UTC 2026","","eu.esdihumboldt.cst.functions.groovy.helpers.util.CollectorTest","eu.esdihumboldt.cst.functions.groovy.helpers.util.CollectorTest","testEachCollector"
"","9","testMerge2","","Wed Jul 08 14:48:37 UTC 2026","passed","Wed Jul 08 14:48:37 UTC 2026","","eu.esdihumboldt.hale.common.core.report.util.StatsMergeTest","eu.esdihumboldt.hale.common.core.report.util.StatsMergeTest","testMerge2"
"","333","testGeometryPrimitive_32_MultiPolygon","","Wed Jul 08 14:56:18 UTC 2026","passed","Wed Jul 08 14:56:18 UTC 2026","","eu.esdihumboldt.hale.io.gml.writer.internal.StreamGmlWriterTest","eu.esdihumboldt.hale.io.gml.writer.internal.StreamGmlWriterTest","testGeometryPrimitive_32_MultiPolygon"
"","264","testGeometryPrimitive_31_Polygon","","Wed Jul 08 14:56:18 UTC 2026","passed","Wed Jul 08 14:56:18 UTC 2026","","eu.esdihumboldt.hale.io.gml.writer.internal.StreamGmlWriterTest","eu.esdihumboldt.hale.io.gml.writer.internal.StreamGmlWriterTest","testGeometryPrimitive_31_Polygon"
"","193","testJoinFilter","","Wed Jul 08 14:47:55 UTC 2026","passed","Wed Jul 08 14:47:55 UTC 2026","","eu.esdihumboldt.hale.common.align.merge.test.impl.JoinMergeTest","eu.esdihumboldt.hale.common.align.merge.test.impl.JoinMergeTest","testJoinFilter"
"","5","testInstanceNoValueNullNoSchema","","Wed Jul 08 14:48:54 UTC 2026","passed","Wed Jul 08 14:48:54 UTC 2026","","eu.esdihumboldt.hale.common.filter.ECQLFilterTest","eu.esdihumboldt.hale.common.filter.ECQLFilterTest","testInstanceNoValueNullNoSchema"
"","4","testJsonBuilderConstructor","","Wed Jul 08 15:02:52 UTC 2026","passed","Wed Jul 08 15:02:52 UTC 2026","","eu.esdihumboldt.util.groovy.json.JsonStreamBuilderTest","eu.esdihumboldt.util.groovy.json.JsonStreamBuilderTest","testJsonBuilderConstructor"
"","326","testJoinCondition","","Wed Jul 08 14:47:53 UTC 2026","passed","Wed Jul 08 14:47:54 UTC 2026","","eu.esdihumboldt.hale.common.align.merge.test.impl.JoinFocusRetainConditionTest","eu.esdihumboldt.hale.common.align.merge.test.impl.JoinFocusRetainConditionTest","testJoinCondition"
"","11","testNestedArrayPrettyPrint","","Wed Jul 08 15:02:51 UTC 2026","passed","Wed Jul 08 15:02:51 UTC 2026","","eu.esdihumboldt.util.groovy.json.JsonStreamBuilderTest","eu.esdihumboldt.util.groovy.json.JsonStreamBuilderTest","testNestedArrayPrettyPrint"
"","3914","testMsAccessSchemaReaderForMdbTest","","Wed Jul 08 14:57:13 UTC 2026","passed","Wed Jul 08 14:57:17 UTC 2026","","eu.esdihumboldt.hale.io.jdbc.msaccess.reader.MsAccessInstanceReaderTest","eu.esdihumboldt.hale.io.jdbc.msaccess.reader.MsAccessInstanceReaderTest","testMsAccessSchemaReaderForMdbTest"
"","17447","testFormattingStringInstance","","Wed Jul 08 14:51:47 UTC 2026","passed","Wed Jul 08 14:52:04 UTC 2026","","eu.esdihumboldt.cst.internal.ConceptualSchemaTransformerTest","eu.esdihumboldt.cst.internal.ConceptualSchemaTransformerTest","testFormattingStringInstance"
"","98","testSimpleMerge","","Wed Jul 08 14:52:18 UTC 2026","passed","Wed Jul 08 14:52:18 UTC 2026","","eu.esdihumboldt.cst.internal.ConceptualSchemaTransformerTest","eu.esdihumboldt.cst.internal.ConceptualSchemaTransformerTest","testSimpleMerge"
"","9","testSimpleSingleStrictFail","","Wed Jul 08 14:51:01 UTC 2026","passed","Wed Jul 08 14:51:01 UTC 2026","","eu.esdihumboldt.hale.common.schema.groovy.DefinitionAccessorTest","eu.esdihumboldt.hale.common.schema.groovy.DefinitionAccessorTest","testSimpleSingleStrictFail"
"","9","testDoubleObject","","Wed Jul 08 15:02:52 UTC 2026","passed","Wed Jul 08 15:02:52 UTC 2026","","eu.esdihumboldt.util.groovy.json.JsonStreamBuilderTest","eu.esdihumboldt.util.groovy.json.JsonStreamBuilderTest","testDoubleObject"
"","0","testCMUnion2","","Wed Jul 08 14:52:07 UTC 2026","skipped","Wed Jul 08 14:52:07 UTC 2026","","eu.esdihumboldt.cst.internal.ConceptualSchemaTransformerTest","eu.esdihumboldt.cst.internal.ConceptualSchemaTransformerTest","testCMUnion2"
